programa_id;institucion;sede;programa;nbc;departamento;municipio;evaluados;puntaje_global;lectura_critica;razonamiento_cuantitativo;competencias_ciudadanas;comunicacion_escrita;ingles;desv_lectura_critica;desv_razonamiento_cuantitativo;desv_competencias_ciudadanas;desv_comunicacion_escrita;desv_ingles
9591;CENTRO DE EDUCACION MILITAR;CENTRO DE EDUCACION MILITAR-BOGOTÁ D.C.;INGENIERÍA AERONÁUTICA;INGENIERÍA MECÁNICA Y AFINES;BOGOTÁ;BOGOTÁ D.C.;21;161.0;165.0;173.0;142.0;153.0;174.0;27.0;28.0;36.0;24.0;26.0
884;COLEGIO DE ESTUDIOS SUPERIORES DE ADMINISTRACION-CESA-;COLEGIO DE ESTUDIOS SUPERIORES DE ADMINISTRACION-CESA-BOGOTÁ D.C.;ADMINISTRACION DE EMPRESAS;ADMINISTRACIÓN;BOGOTÁ;BOGOTÁ D.C.;259;182.0;178.0;172.0;173.0;170.0;217.0;19.0;22.0;27.0;27.0;34.0
5511;COLEGIO MAYOR DE ANTIOQUIA;COLEGIO MAYOR DE ANTIOQUIA-MEDELLIN;ADMINISTRACION DE EMPRESAS TURISTICAS;ADMINISTRACIÓN;ANTIOQUIA;MEDELLÍN;36;147.0;150.0;132.0;137.0;157.0;160.0;27.0;26.0;26.0;22.0;28.0
7781;COLEGIO MAYOR DE ANTIOQUIA;COLEGIO MAYOR DE ANTIOQUIA-MEDELLIN;ARQUITECTURA;ARQUITECTURA;ANTIOQUIA;MEDELLÍN;43;153.0;153.0;156.0;149.0;151.0;157.0;22.0;26.0;28.0;29.0;27.0
3625;COLEGIO MAYOR DE ANTIOQUIA;COLEGIO MAYOR DE ANTIOQUIA-MEDELLIN;BACTERIOLOGIA Y LABORATORIO CLINICO;BACTERIOLOGÍA;ANTIOQUIA;MEDELLÍN;61;160.0;163.0;151.0;154.0;165.0;165.0;25.0;28.0;34.0;48.0;32.0
2887;COLEGIO MAYOR DE ANTIOQUIA;COLEGIO MAYOR DE ANTIOQUIA-MEDELLIN;BIOTECNOLOGIA;MEDICINA;ANTIOQUIA;MEDELLÍN;21;166.0;171.0;153.0;168.0;152.0;186.0;19.0;29.0;24.0;24.0;34.0
1068;COLEGIO MAYOR DE ANTIOQUIA;COLEGIO MAYOR DE ANTIOQUIA-MEDELLIN;CONSTRUCCIONES CIVILES;ARQUITECTURA;ANTIOQUIA;MEDELLÍN;51;144.0;140.0;158.0;135.0;148.0;139.0;27.0;26.0;31.0;28.0;23.0
2957;COLEGIO MAYOR DE ANTIOQUIA;COLEGIO MAYOR DE ANTIOQUIA-MEDELLIN;INGENIERIA AMBIENTAL;INGENIERÍA AMBIENTAL, SANITARIA Y AFINES;ANTIOQUIA;MEDELLÍN;35;158.0;161.0;163.0;151.0;155.0;161.0;24.0;22.0;29.0;44.0;27.0
9654;COLEGIO MAYOR DE ANTIOQUIA;COLEGIO MAYOR DE ANTIOQUIA-MEDELLIN;INGENIERIA COMERCIAL;INGENIERÍA ADMINISTRATIVA Y AFINES;ANTIOQUIA;MEDELLÍN;18;151.0;153.0;147.0;146.0;143.0;163.0;29.0;27.0;32.0;30.0;21.0
4826;COLEGIO MAYOR DE ANTIOQUIA;COLEGIO MAYOR DE ANTIOQUIA-MEDELLIN;PLANEACION Y DESARROLLO SOCIAL;SOCIOLOGÍA, TRABAJO SOCIAL Y AFINES;ANTIOQUIA;MEDELLÍN;98;141.0;150.0;128.0;150.0;144.0;135.0;25.0;25.0;26.0;37.0;25.0
17042;COLEGIO MAYOR DE ANTIOQUIA;COLEGIO MAYOR DE ANTIOQUIA-MEDELLIN;PLANEACION Y DESARROLLO SOCIAL;SOCIOLOGÍA, TRABAJO SOCIAL Y AFINES;ANTIOQUIA;MEDELLÍN;1;136.0;161.0;147.0;121.0;120.0;130.0;0.0;0.0;0.0;0.0;0.0
20671;COLEGIO MAYOR DE ANTIOQUIA;COLEGIO MAYOR DE ANTIOQUIA-MEDELLIN;PROFESIONAL EN GASTRONOMÍA Y CULINARIA;ADMINISTRACIÓN;ANTIOQUIA;MEDELLÍN;59;153.0;153.0;147.0;144.0;156.0;165.0;28.0;31.0;34.0;40.0;30.0
1331;COLEGIO MAYOR DE NUESTRA SEÑORA DEL ROSARIO;COLEGIO MAYOR DE NUESTRA SEÑORA DEL ROSARIO-BOGOTÁ D.C.;ADMINISTRACION DE EMPRESAS;ADMINISTRACIÓN;BOGOTÁ;BOGOTÁ D.C.;33;180.0;180.0;176.0;177.0;165.0;202.0;27.0;26.0;34.0;19.0;41.0
6025;COLEGIO MAYOR DE NUESTRA SEÑORA DEL ROSARIO;COLEGIO MAYOR DE NUESTRA SEÑORA DEL ROSARIO-BOGOTÁ D.C.;ADMINISTRACION DE NEGOCIOS INTERNACIONALES;ADMINISTRACIÓN;BOGOTÁ;BOGOTÁ D.C.;114;177.0;174.0;167.0;173.0;170.0;202.0;27.0;29.0;28.0;45.0;26.0
2452;COLEGIO MAYOR DE NUESTRA SEÑORA DEL ROSARIO;COLEGIO MAYOR DE NUESTRA SEÑORA DEL ROSARIO-BOGOTÁ D.C.;ADMINISTRACION EN LOGISTICA Y PRODUCCION;ADMINISTRACIÓN;BOGOTÁ;BOGOTÁ D.C.;10;173.0;175.0;157.0;176.0;168.0;188.0;21.0;22.0;13.0;20.0;20.0
4350;COLEGIO MAYOR DE NUESTRA SEÑORA DEL ROSARIO;COLEGIO MAYOR DE NUESTRA SEÑORA DEL ROSARIO-BOGOTÁ D.C.;ANTROPOLOGIA;ANTROPOLOGÍA, ARTES LIBERALES;BOGOTÁ;BOGOTÁ D.C.;17;173.0;183.0;149.0;181.0;164.0;190.0;30.0;32.0;33.0;24.0;25.0
26348;COLEGIO MAYOR DE NUESTRA SEÑORA DEL ROSARIO;COLEGIO MAYOR DE NUESTRA SEÑORA DEL ROSARIO-BOGOTÁ D.C.;ARQUITECTURA;ARQUITECTURA;BOGOTÁ;BOGOTÁ D.C.;31;179.0;187.0;163.0;179.0;169.0;198.0;32.0;34.0;33.0;35.0;32.0
26421;COLEGIO MAYOR DE NUESTRA SEÑORA DEL ROSARIO;COLEGIO MAYOR DE NUESTRA SEÑORA DEL ROSARIO-BOGOTÁ D.C.;ARTES;OTROS PROGRAMAS ASOCIADOS A BELLAS ARTES;BOGOTÁ;BOGOTÁ D.C.;6;182.0;176.0;165.0;185.0;181.0;200.0;24.0;14.0;9.0;20.0;11.0
8228;COLEGIO MAYOR DE NUESTRA SEÑORA DEL ROSARIO;COLEGIO MAYOR DE NUESTRA SEÑORA DEL ROSARIO-BOGOTÁ D.C.;BIOLOGÍA;BIOLOGÍA, MICROBIOLOGÍA Y AFINES;BOGOTÁ;BOGOTÁ D.C.;26;187.0;198.0;180.0;184.0;164.0;207.0;16.0;22.0;24.0;25.0;31.0
3239;COLEGIO MAYOR DE NUESTRA SEÑORA DEL ROSARIO;COLEGIO MAYOR DE NUESTRA SEÑORA DEL ROSARIO-BOGOTÁ D.C.;CIENCIA POLITICA Y GOBIERNO;CIENCIA POLÍTICA, RELACIONES INTERNACIONALES;BOGOTÁ;BOGOTÁ D.C.;38;187.0;190.0;167.0;195.0;182.0;202.0;21.0;36.0;36.0;43.0;35.0
26174;COLEGIO MAYOR DE NUESTRA SEÑORA DEL ROSARIO;COLEGIO MAYOR DE NUESTRA SEÑORA DEL ROSARIO-BOGOTÁ D.C.;CIENCIAS DEL SISTEMA TIERRA;GEOLOGÍA, OTROS PROGRAMAS DE CIENCIAS NATURALES;BOGOTÁ;BOGOTÁ D.C.;8;180.0;186.0;182.0;174.0;166.0;195.0;28.0;20.0;29.0;18.0;15.0
26489;COLEGIO MAYOR DE NUESTRA SEÑORA DEL ROSARIO;COLEGIO MAYOR DE NUESTRA SEÑORA DEL ROSARIO-BOGOTÁ D.C.;CREACIÓN;OTROS PROGRAMAS ASOCIADOS A BELLAS ARTES;BOGOTÁ;BOGOTÁ D.C.;1;168.0;170.0;170.0;165.0;182.0;151.0;0.0;0.0;0.0;0.0;0.0
26233;COLEGIO MAYOR DE NUESTRA SEÑORA DEL ROSARIO;COLEGIO MAYOR DE NUESTRA SEÑORA DEL ROSARIO-BOGOTÁ D.C.;DISEÑO;DISEÑO;BOGOTÁ;BOGOTÁ D.C.;55;176.0;177.0;161.0;170.0;168.0;203.0;23.0;26.0;27.0;29.0;38.0
440;COLEGIO MAYOR DE NUESTRA SEÑORA DEL ROSARIO;COLEGIO MAYOR DE NUESTRA SEÑORA DEL ROSARIO-BOGOTÁ D.C.;ECONOMIA;ECONOMÍA;BOGOTÁ;BOGOTÁ D.C.;32;192.0;194.0;190.0;189.0;178.0;209.0;23.0;29.0;27.0;41.0;28.0
7266;COLEGIO MAYOR DE NUESTRA SEÑORA DEL ROSARIO;COLEGIO MAYOR DE NUESTRA SEÑORA DEL ROSARIO-BOGOTÁ D.C.;ENFERMERIA;ENFERMERÍA;BOGOTÁ;BOGOTÁ D.C.;40;160.0;161.0;152.0;161.0;164.0;162.0;27.0;26.0;32.0;34.0;28.0
6988;COLEGIO MAYOR DE NUESTRA SEÑORA DEL ROSARIO;COLEGIO MAYOR DE NUESTRA SEÑORA DEL ROSARIO-BOGOTÁ D.C.;ESTUDIOS DE ARTES LIBERALES EN CIENCIAS SOCIALES;ANTROPOLOGÍA, ARTES LIBERALES;BOGOTÁ;BOGOTÁ D.C.;7;187.0;190.0;167.0;199.0;175.0;202.0;27.0;26.0;11.0;11.0;15.0
5297;COLEGIO MAYOR DE NUESTRA SEÑORA DEL ROSARIO;COLEGIO MAYOR DE NUESTRA SEÑORA DEL ROSARIO-BOGOTÁ D.C.;FILOSOFIA;SOCIOLOGÍA, TRABAJO SOCIAL Y AFINES;BOGOTÁ;BOGOTÁ D.C.;3;192.0;217.0;172.0;230.0;137.0;206.0;13.0;5.0;62.0;30.0;17.0
4845;COLEGIO MAYOR DE NUESTRA SEÑORA DEL ROSARIO;COLEGIO MAYOR DE NUESTRA SEÑORA DEL ROSARIO-BOGOTÁ D.C.;FINANZAS Y COMERCIO INTERNACIONAL;ECONOMÍA;BOGOTÁ;BOGOTÁ D.C.;32;182.0;184.0;187.0;184.0;154.0;202.0;25.0;23.0;23.0;56.0;14.0
5072;COLEGIO MAYOR DE NUESTRA SEÑORA DEL ROSARIO;COLEGIO MAYOR DE NUESTRA SEÑORA DEL ROSARIO-BOGOTÁ D.C.;FISIOTERAPIA;TERAPIAS;BOGOTÁ;BOGOTÁ D.C.;95;167.0;170.0;158.0;167.0;163.0;178.0;20.0;22.0;23.0;27.0;20.0
36;COLEGIO MAYOR DE NUESTRA SEÑORA DEL ROSARIO;COLEGIO MAYOR DE NUESTRA SEÑORA DEL ROSARIO-BOGOTÁ D.C.;FONOAUDIOLOGIA;TERAPIAS;BOGOTÁ;BOGOTÁ D.C.;30;168.0;177.0;153.0;168.0;164.0;178.0;20.0;18.0;26.0;26.0;26.0
3240;COLEGIO MAYOR DE NUESTRA SEÑORA DEL ROSARIO;COLEGIO MAYOR DE NUESTRA SEÑORA DEL ROSARIO-BOGOTÁ D.C.;GESTION Y DESARROLLO URBANOS;ARQUITECTURA;BOGOTÁ;BOGOTÁ D.C.;13;181.0;175.0;170.0;186.0;173.0;202.0;33.0;17.0;30.0;20.0;37.0
4351;COLEGIO MAYOR DE NUESTRA SEÑORA DEL ROSARIO;COLEGIO MAYOR DE NUESTRA SEÑORA DEL ROSARIO-BOGOTÁ D.C.;HISTORIA;GEOGRAFÍA, HISTORIA;BOGOTÁ;BOGOTÁ D.C.;9;182.0;194.0;160.0;182.0;166.0;210.0;21.0;24.0;31.0;21.0;35.0
26547;COLEGIO MAYOR DE NUESTRA SEÑORA DEL ROSARIO;COLEGIO MAYOR DE NUESTRA SEÑORA DEL ROSARIO-BOGOTÁ D.C.;INGENIERÍA DE SISTEMAS ENERGÉTICOS;INGENIERÍA ELÉCTRICA Y AFINES;BOGOTÁ;BOGOTÁ D.C.;2;222.0;202.0;231.0;219.0;156.0;300.0;6.0;2.0;16.0;41.0;0.0
26422;COLEGIO MAYOR DE NUESTRA SEÑORA DEL ROSARIO;COLEGIO MAYOR DE NUESTRA SEÑORA DEL ROSARIO-BOGOTÁ D.C.;INGENIERÍA ELECTRÓNICA;SIN CLASIFICAR;BOGOTÁ;BOGOTÁ D.C.;3;193.0;192.0;200.0;204.0;168.0;205.0;6.0;16.0;22.0;12.0;5.0
26286;COLEGIO MAYOR DE NUESTRA SEÑORA DEL ROSARIO;COLEGIO MAYOR DE NUESTRA SEÑORA DEL ROSARIO-BOGOTÁ D.C.;INGENIERÍA INDUSTRIAL;INGENIERÍA INDUSTRIAL Y AFINES;BOGOTÁ;BOGOTÁ D.C.;5;184.0;182.0;188.0;173.0;181.0;193.0;23.0;25.0;28.0;20.0;18.0
6377;COLEGIO MAYOR DE NUESTRA SEÑORA DEL ROSARIO;COLEGIO MAYOR DE NUESTRA SEÑORA DEL ROSARIO-BOGOTÁ D.C.;JURISPRUDENCIA;DERECHO Y AFINES;BOGOTÁ;BOGOTÁ D.C.;227;184.0;190.0;162.0;193.0;172.0;205.0;27.0;31.0;28.0;29.0;34.0
9794;COLEGIO MAYOR DE NUESTRA SEÑORA DEL ROSARIO;COLEGIO MAYOR DE NUESTRA SEÑORA DEL ROSARIO-BOGOTÁ D.C.;LICENCIATURA EN CIENCIAS SOCIALES;EDUCACIÓN;BOGOTÁ;BOGOTÁ D.C.;14;171.0;173.0;144.0;191.0;173.0;176.0;27.0;19.0;16.0;42.0;23.0
16364;COLEGIO MAYOR DE NUESTRA SEÑORA DEL ROSARIO;COLEGIO MAYOR DE NUESTRA SEÑORA DEL ROSARIO-BOGOTÁ D.C.;LICENCIATURA EN FILOSOFIA;EDUCACIÓN;BOGOTÁ;BOGOTÁ D.C.;5;154.0;161.0;141.0;156.0;142.0;169.0;44.0;36.0;36.0;25.0;46.0
24811;COLEGIO MAYOR DE NUESTRA SEÑORA DEL ROSARIO;COLEGIO MAYOR DE NUESTRA SEÑORA DEL ROSARIO-BOGOTÁ D.C.;MARKETING Y NEGOCIOS DIGITALES;PUBLICIDAD Y AFINES;BOGOTÁ;BOGOTÁ D.C.;79;177.0;176.0;164.0;174.0;168.0;203.0;25.0;26.0;25.0;32.0;28.0
9781;COLEGIO MAYOR DE NUESTRA SEÑORA DEL ROSARIO;COLEGIO MAYOR DE NUESTRA SEÑORA DEL ROSARIO-BOGOTÁ D.C.;MATEMÁTICAS APLICADAS Y CIENCIAS DE LA COMPUTACIÓN;MATEMÁTICAS, ESTADÍSTICA Y AFINES;BOGOTÁ;BOGOTÁ D.C.;51;191.0;194.0;202.0;188.0;163.0;209.0;24.0;28.0;30.0;44.0;28.0
570;COLEGIO MAYOR DE NUESTRA SEÑORA DEL ROSARIO;COLEGIO MAYOR DE NUESTRA SEÑORA DEL ROSARIO-BOGOTÁ D.C.;MEDICINA;MEDICINA;BOGOTÁ;BOGOTÁ D.C.;264;187.0;187.0;175.0;184.0;172.0;216.0;20.0;23.0;24.0;27.0;34.0
551;COLEGIO MAYOR DE NUESTRA SEÑORA DEL ROSARIO;COLEGIO MAYOR DE NUESTRA SEÑORA DEL ROSARIO-BOGOTÁ D.C.;PERIODISMO Y OPINION PUBLICA;COMUNICACIÓN SOCIAL, PERIODISMO Y AFINES;BOGOTÁ;BOGOTÁ D.C.;43;178.0;186.0;155.0;183.0;169.0;196.0;19.0;26.0;25.0;37.0;37.0
28447;COLEGIO MAYOR DE NUESTRA SEÑORA DEL ROSARIO;COLEGIO MAYOR DE NUESTRA SEÑORA DEL ROSARIO-BOGOTÁ D.C.;PREGRADO EN EMPRENDIMIENTO;ADMINISTRACIÓN;BOGOTÁ;BOGOTÁ D.C.;6;175.0;178.0;153.0;159.0;195.0;193.0;20.0;27.0;34.0;53.0;16.0
1160;COLEGIO MAYOR DE NUESTRA SEÑORA DEL ROSARIO;COLEGIO MAYOR DE NUESTRA SEÑORA DEL ROSARIO-BOGOTÁ D.C.;PSICOLOGIA;PSICOLOGÍA;BOGOTÁ;BOGOTÁ D.C.;72;172.0;177.0;150.0;170.0;172.0;193.0;27.0;24.0;29.0;35.0;31.0
5309;COLEGIO MAYOR DE NUESTRA SEÑORA DEL ROSARIO;COLEGIO MAYOR DE NUESTRA SEÑORA DEL ROSARIO-BOGOTÁ D.C.;RELACIONES INTERNACIONALES;CIENCIA POLÍTICA, RELACIONES INTERNACIONALES;BOGOTÁ;BOGOTÁ D.C.;65;183.0;181.0;157.0;186.0;174.0;216.0;22.0;28.0;22.0;26.0;39.0
3839;COLEGIO MAYOR DE NUESTRA SEÑORA DEL ROSARIO;COLEGIO MAYOR DE NUESTRA SEÑORA DEL ROSARIO-BOGOTÁ D.C.;SOCIOLOGIA;SOCIOLOGÍA, TRABAJO SOCIAL Y AFINES;BOGOTÁ;BOGOTÁ D.C.;24;182.0;186.0;164.0;186.0;168.0;208.0;25.0;25.0;23.0;52.0;42.0
23454;COLEGIO MAYOR DE NUESTRA SEÑORA DEL ROSARIO;COLEGIO MAYOR DE NUESTRA SEÑORA DEL ROSARIO-BOGOTÁ D.C.;TEATRO MUSICAL;MÚSICA;BOGOTÁ;BOGOTÁ D.C.;31;173.0;179.0;151.0;171.0;166.0;200.0;20.0;25.0;24.0;22.0;27.0
2184;COLEGIO MAYOR DE NUESTRA SEÑORA DEL ROSARIO;COLEGIO MAYOR DE NUESTRA SEÑORA DEL ROSARIO-BOGOTÁ D.C.;TERAPIA OCUPACIONAL;TERAPIAS;BOGOTÁ;BOGOTÁ D.C.;10;163.0;157.0;155.0;165.0;173.0;166.0;30.0;24.0;37.0;51.0;33.0
737;COLEGIO MAYOR DEL CAUCA;COLEGIO MAYOR DEL CAUCA-POPAYAN;ADMINISTRACION DE EMPRESAS;ADMINISTRACIÓN;CAUCA;POPAYÁN;138;139.0;140.0;131.0;135.0;148.0;139.0;26.0;25.0;28.0;24.0;21.0
5895;COLEGIO MAYOR DEL CAUCA;COLEGIO MAYOR DEL CAUCA-POPAYAN;ADMINISTRACION FINANCIERA;ADMINISTRACIÓN;CAUCA;POPAYÁN;40;137.0;137.0;134.0;138.0;142.0;134.0;21.0;24.0;30.0;31.0;24.0
4944;COLEGIO MAYOR DEL CAUCA;COLEGIO MAYOR DEL CAUCA-POPAYAN;ARQUITECTURA;ARQUITECTURA;CAUCA;POPAYÁN;42;151.0;155.0;156.0;145.0;148.0;151.0;24.0;24.0;31.0;34.0;21.0
8110;COLEGIO MAYOR DEL CAUCA;COLEGIO MAYOR DEL CAUCA-POPAYAN;DISEÑO VISUAL;DISEÑO;CAUCA;POPAYÁN;36;151.0;154.0;140.0;149.0;146.0;166.0;24.0;28.0;29.0;43.0;19.0
6707;COLEGIO MAYOR DEL CAUCA;COLEGIO MAYOR DEL CAUCA-POPAYAN;INGENIERÍA INFORMÁTICA;INGENIERÍA DE SISTEMAS, TELEMÁTICA Y AFINES;CAUCA;POPAYÁN;40;140.0;138.0;145.0;126.0;143.0;146.0;26.0;29.0;27.0;26.0;24.0
7037;CONSERVATORIO DEL TOLIMA;CONSERVATORIO DEL TOLIMA-IBAGUE;LICENCIATURA EN MUSICA;EDUCACIÓN;TOLIMA;IBAGUÉ;27;151.0;160.0;148.0;147.0;147.0;153.0;22.0;29.0;31.0;30.0;28.0
1230;CONSERVATORIO DEL TOLIMA;CONSERVATORIO DEL TOLIMA-IBAGUE;MAESTRO EN MÚSICA;MÚSICA;TOLIMA;IBAGUÉ;17;151.0;160.0;146.0;136.0;147.0;163.0;25.0;19.0;32.0;20.0;27.0
4855;CORPORACION AUTONOMA DE NARIÑO -AUNAR-;CORPORACION UNIVERSITARIA AUTONOMA DE NARIÑO -AUNAR-PASTO;ADMINISTRACION DE EMPRESAS;ADMINISTRACIÓN;NARIÑO;PASTO;14;138.0;143.0;129.0;133.0;152.0;135.0;27.0;29.0;27.0;25.0;17.0
6329;CORPORACION AUTONOMA DE NARIÑO -AUNAR-;CORPORACION UNIVERSITARIA AUTONOMA DE NARIÑO -AUNAR-PASTO;ADMINISTRACIÓN DE EMPRESAS;ADMINISTRACIÓN;NARIÑO;PASTO;201;133.0;136.0;131.0;128.0;138.0;134.0;26.0;25.0;29.0;33.0;24.0
1523;CORPORACION AUTONOMA DE NARIÑO -AUNAR-;CORPORACION UNIVERSITARIA AUTONOMA DE NARIÑO -AUNAR-PASTO;CONTADURÍA PÚBLICA;CONTADURÍA PUBLICA;NARIÑO;PASTO;24;133.0;140.0;128.0;129.0;141.0;129.0;20.0;25.0;29.0;39.0;20.0
5040;CORPORACION AUTONOMA DE NARIÑO -AUNAR-;CORPORACION UNIVERSITARIA AUTONOMA DE NARIÑO -AUNAR-PASTO;CONTADURÍA PÚBLICA;INGENIERÍA DE SISTEMAS, TELEMÁTICA Y AFINES;NARIÑO;PASTO;370;134.0;137.0;134.0;127.0;137.0;133.0;23.0;24.0;28.0;37.0;22.0
25499;CORPORACION AUTONOMA DE NARIÑO -AUNAR-;CORPORACION UNIVERSITARIA AUTONOMA DE NARIÑO -AUNAR-PASTO;DISEÑO VISUAL;DISEÑO;NARIÑO;PASTO;38;144.0;150.0;138.0;136.0;139.0;157.0;26.0;24.0;34.0;29.0;28.0
6932;CORPORACION AUTONOMA DE NARIÑO -AUNAR-;CORPORACION UNIVERSITARIA AUTONOMA DE NARIÑO -AUNAR-PASTO;INGENIERIA ELECTRONICA;INGENIERÍA ELECTRÓNICA, TELECOMUNICACIONES Y AFINES;NARIÑO;PASTO;2;132.0;107.0;120.0;123.0;165.0;146.0;6.0;9.0;13.0;14.0;26.0
6076;CORPORACION AUTONOMA DE NARIÑO -AUNAR-;CORPORACION UNIVERSITARIA AUTONOMA DE NARIÑO -AUNAR-PASTO;INGENIERIA MECANICA;INGENIERÍA MECÁNICA Y AFINES;NARIÑO;PASTO;72;137.0;133.0;149.0;125.0;138.0;137.0;24.0;27.0;25.0;35.0;22.0
6340;CORPORACION AUTONOMA DE NARIÑO -AUNAR-;CORPORACION UNIVERSITARIA AUTONOMA DE NARIÑO -AUNAR-PASTO;INGENIERÌA INFORMÀTICA;INGENIERÍA DE SISTEMAS, TELEMÁTICA Y AFINES;NARIÑO;PASTO;68;146.0;145.0;142.0;141.0;145.0;155.0;27.0;26.0;29.0;36.0;28.0
4100;CORPORACION AUTONOMA DE NARIÑO -AUNAR-;CORPORACION UNIVERSITARIA AUTONOMA DE NARIÑO -AUNAR-PASTO;INGENIERÍA INFORMÁTICA;INGENIERÍA DE SISTEMAS, TELEMÁTICA Y AFINES;NARIÑO;PASTO;17;147.0;143.0;151.0;132.0;146.0;160.0;23.0;20.0;24.0;26.0;20.0
7626;CORPORACION AUTONOMA DE NARIÑO -AUNAR-;CORPORACION UNIVERSITARIA AUTONOMA DE NARIÑO -AUNAR-PASTO;SEGURIDAD Y SALUD EN EL TRABAJO;SALUD PUBLICA;NARIÑO;PASTO;48;131.0;132.0;127.0;127.0;138.0;131.0;24.0;25.0;28.0;21.0;23.0
6904;CORPORACION COLEGIATURA COLOMBIANA;CORPORACION COLEGIATURA COLOMBIANA-MEDELLIN;COMUNICACION ORGANIZACIONAL;COMUNICACIÓN SOCIAL, PERIODISMO Y AFINES;ANTIOQUIA;MEDELLÍN;2;172.0;172.0;148.0;182.0;161.0;197.0;21.0;17.0;26.0;28.0;35.0
8683;CORPORACION COLEGIATURA COLOMBIANA;CORPORACION COLEGIATURA COLOMBIANA-MEDELLIN;COMUNICACIÓN PUBLICITARIA;PUBLICIDAD Y AFINES;ANTIOQUIA;MEDELLÍN;17;152.0;152.0;130.0;130.0;153.0;194.0;36.0;27.0;34.0;48.0;42.0
4331;CORPORACION COLEGIATURA COLOMBIANA;CORPORACION COLEGIATURA COLOMBIANA-MEDELLIN;DISEÑO DE ESPACIOS - ESCENARIO;DISEÑO;ANTIOQUIA;MEDELLÍN;34;152.0;153.0;144.0;135.0;145.0;184.0;24.0;29.0;32.0;47.0;42.0
4330;CORPORACION COLEGIATURA COLOMBIANA;CORPORACION COLEGIATURA COLOMBIANA-MEDELLIN;DISEÑO DE MODAS;DISEÑO;ANTIOQUIA;MEDELLÍN;45;154.0;155.0;140.0;140.0;145.0;189.0;31.0;30.0;34.0;41.0;40.0
28479;CORPORACION COLEGIATURA COLOMBIANA;CORPORACION COLEGIATURA COLOMBIANA-MEDELLIN;DISEÑO ESTRATÉGICO;DISEÑO;ANTIOQUIA;MEDELLÍN;2;170.0;175.0;141.0;175.0;183.0;176.0;11.0;11.0;5.0;4.0;23.0
5267;CORPORACION COLEGIATURA COLOMBIANA;CORPORACION COLEGIATURA COLOMBIANA-MEDELLIN;DISEÑO GRAFICO;DISEÑO;ANTIOQUIA;MEDELLÍN;32;160.0;159.0;148.0;141.0;148.0;204.0;28.0;25.0;35.0;40.0;43.0
1492;CORPORACION COLEGIATURA COLOMBIANA;CORPORACION COLEGIATURA COLOMBIANA-MEDELLIN;GASTRONOMIA Y COCINA PROFESIONAL;OTROS PROGRAMAS ASOCIADOS A BELLAS ARTES;ANTIOQUIA;MEDELLÍN;15;155.0;155.0;135.0;139.0;152.0;192.0;30.0;37.0;25.0;65.0;35.0
28344;CORPORACION DE EDUCACION NACIONAL DE ADMINISTRACION-CENDA-;CORPORACION UNIVERSITARIA CENDA-BOGOTÁ D.C.;CREACIÓN ESCÉNICA;ARTES REPRESENTATIVAS;BOGOTÁ;BOGOTÁ D.C.;42;145.0;155.0;133.0;148.0;147.0;144.0;23.0;30.0;30.0;27.0;27.0
9634;CORPORACION DE EDUCACION NACIONAL DE ADMINISTRACION-CENDA-;CORPORACION UNIVERSITARIA CENDA-BOGOTÁ D.C.;DANZA Y DIRECCIÓN COREOGRÁFICA;OTROS PROGRAMAS ASOCIADOS A BELLAS ARTES;BOGOTÁ;BOGOTÁ D.C.;55;150.0;163.0;139.0;143.0;146.0;162.0;26.0;27.0;30.0;33.0;25.0
28067;CORPORACION DE EDUCACION NACIONAL DE ADMINISTRACION-CENDA-;CORPORACION UNIVERSITARIA CENDA-BOGOTÁ D.C.;INGENIERÍA ADMINISTRATIVA;INGENIERÍA ADMINISTRATIVA Y AFINES;BOGOTÁ;BOGOTÁ D.C.;41;139.0;143.0;134.0;137.0;146.0;133.0;25.0;23.0;33.0;25.0;24.0
4621;CORPORACION DE EDUCACION NACIONAL DE ADMINISTRACION-CENDA-;CORPORACION UNIVERSITARIA CENDA-BOGOTÁ D.C.;LICENCIATURA EN EDUCACION ARTISTICA Y ARTES ESCENICAS;EDUCACIÓN;BOGOTÁ;BOGOTÁ D.C.;5;146.0;164.0;121.0;158.0;134.0;153.0;23.0;27.0;34.0;23.0;32.0
7152;CORPORACION DE EDUCACION NACIONAL DE ADMINISTRACION-CENDA-;CORPORACION UNIVERSITARIA CENDA-BOGOTÁ D.C.;LICENCIATURA EN EDUCACION FISICA, RECREACION Y DEPORTES;EDUCACIÓN;BOGOTÁ;BOGOTÁ D.C.;135;135.0;138.0;130.0;129.0;147.0;131.0;25.0;26.0;26.0;31.0;26.0
20782;CORPORACION DE EDUCACION NACIONAL DE ADMINISTRACION-CENDA-;CORPORACION UNIVERSITARIA CENDA-BOGOTÁ D.C.;MARKETING Y NEGOCIOS INTERNACIONALES;ADMINISTRACIÓN;BOGOTÁ;BOGOTÁ D.C.;10;141.0;143.0;141.0;133.0;145.0;142.0;21.0;20.0;21.0;26.0;27.0
28433;CORPORACION DE EDUCACION NACIONAL DE ADMINISTRACION-CENDA-;CORPORACION UNIVERSITARIA CENDA-BOGOTÁ D.C.;TRABAJO SOCIAL;SOCIOLOGÍA, TRABAJO SOCIAL Y AFINES;BOGOTÁ;BOGOTÁ D.C.;343;125.0;129.0;112.0;125.0;138.0;122.0;25.0;23.0;27.0;32.0;20.0
28107;CORPORACION DE ESTUDIOS TECNOLOGICOS DEL NORTE DEL VALLE;CORPORACION DE ESTUDIOS TECNOLOGICOS DEL NORTE DEL VALLE-CARTAGO;ADMINISTRACION AGROPECUARIA;ADMINISTRACIÓN;VALLE;CARTAGO;14;123.0;127.0;116.0;108.0;136.0;126.0;23.0;33.0;24.0;24.0;32.0
32047;CORPORACION DE ESTUDIOS TECNOLOGICOS DEL NORTE DEL VALLE;CORPORACION DE ESTUDIOS TECNOLOGICOS DEL NORTE DEL VALLE-CARTAGO;ADMINISTRACION DE EMPRESAS;SIN CLASIFICAR;VALLE;CARTAGO;11;132.0;133.0;134.0;125.0;130.0;138.0;21.0;20.0;32.0;28.0;31.0
23456;CORPORACION DE ESTUDIOS TECNOLOGICOS DEL NORTE DEL VALLE;CORPORACION DE ESTUDIOS TECNOLOGICOS DEL NORTE DEL VALLE-CARTAGO;CONTADURÍA PÚBLICA;CONTADURÍA PUBLICA;VALLE;CARTAGO;21;132.0;136.0;131.0;115.0;137.0;139.0;27.0;21.0;27.0;21.0;27.0
7328;CORPORACION DE ESTUDIOS TECNOLOGICOS DEL NORTE DEL VALLE;CORPORACION DE ESTUDIOS TECNOLOGICOS DEL NORTE DEL VALLE-CARTAGO;INGENIERIA DE SISTEMAS;INGENIERÍA DE SISTEMAS, TELEMÁTICA Y AFINES;VALLE;CARTAGO;19;142.0;143.0;142.0;122.0;151.0;153.0;20.0;28.0;31.0;25.0;27.0
25267;CORPORACION EDUCATIVA TALLER 5 CENTRO DE DISEÑO;CORPORACION UNIVERSITARIA TALLER CINCO CENTRO DE DISEÑO-BOGOTÁ D.C.;ANIMACION;PUBLICIDAD Y AFINES;BOGOTÁ;BOGOTÁ D.C.;82;164.0;171.0;151.0;155.0;150.0;195.0;24.0;28.0;27.0;32.0;35.0
9763;CORPORACION EDUCATIVA TALLER 5 CENTRO DE DISEÑO;CORPORACION UNIVERSITARIA TALLER CINCO CENTRO DE DISEÑO-BOGOTÁ D.C.;PROFESIONAL EN DISEÑO DE ALTA COSTURA;DISEÑO;BOGOTÁ;BOGOTÁ D.C.;22;159.0;165.0;146.0;161.0;149.0;176.0;25.0;19.0;18.0;41.0;25.0
9482;CORPORACION EDUCATIVA TALLER 5 CENTRO DE DISEÑO;CORPORACION UNIVERSITARIA TALLER CINCO CENTRO DE DISEÑO-BOGOTÁ D.C.;PROFESIONAL EN DISEÑO DE INTERIORES;DISEÑO;BOGOTÁ;BOGOTÁ D.C.;35;150.0;155.0;147.0;140.0;145.0;163.0;22.0;22.0;26.0;33.0;25.0
9601;CORPORACION EDUCATIVA TALLER 5 CENTRO DE DISEÑO;CORPORACION UNIVERSITARIA TALLER CINCO CENTRO DE DISEÑO-BOGOTÁ D.C.;PROFESIONAL EN DISEÑO GRAFICO;DISEÑO;BOGOTÁ;BOGOTÁ D.C.;63;156.0;165.0;142.0;150.0;153.0;173.0;28.0;30.0;29.0;34.0;27.0
9575;CORPORACION EDUCATIVA TALLER 5 CENTRO DE DISEÑO;CORPORACION UNIVERSITARIA TALLER CINCO CENTRO DE DISEÑO-BOGOTÁ D.C.;PROFESIONAL UNIVERSITARIO EN FOTOGRAFÍA PARA MEDIOS;ARTES PLÁSTICAS, VISUALES Y AFINES;BOGOTÁ;BOGOTÁ D.C.;19;143.0;156.0;137.0;134.0;129.0;158.0;24.0;28.0;27.0;40.0;29.0
9742;CORPORACION ESCUELA DE ARTES Y LETRAS;CORPORACION ESCUELA DE ARTES Y LETRAS-BOGOTÁ D.C.;ADMINISTRACIÓN DE EMPRESAS AGROPECUARIAS;ADMINISTRACIÓN;BOGOTÁ;BOGOTÁ D.C.;5;138.0;147.0;139.0;148.0;119.0;137.0;16.0;16.0;25.0;72.0;18.0
5048;CORPORACION ESCUELA DE ARTES Y LETRAS;CORPORACION ESCUELA DE ARTES Y LETRAS-BOGOTÁ D.C.;ADMINISTRACIÓN DE OBRAS DE ARQUITECTURA;ADMINISTRACIÓN;BOGOTÁ;BOGOTÁ D.C.;1;163.0;143.0;162.0;163.0;183.0;166.0;0.0;0.0;0.0;0.0;0.0
318;CORPORACION ESCUELA DE ARTES Y LETRAS;CORPORACION ESCUELA DE ARTES Y LETRAS-BOGOTÁ D.C.;ARTE DRAMATICO;ARTES REPRESENTATIVAS;BOGOTÁ;BOGOTÁ D.C.;1;198.0;200.0;203.0;198.0;180.0;210.0;0.0;0.0;0.0;0.0;0.0
8485;CORPORACION ESCUELA DE ARTES Y LETRAS;CORPORACION ESCUELA DE ARTES Y LETRAS-BOGOTÁ D.C.;ARTES PLASTICAS;ARTES PLÁSTICAS, VISUALES Y AFINES;BOGOTÁ;BOGOTÁ D.C.;11;151.0;169.0;132.0;138.0;142.0;173.0;22.0;23.0;30.0;22.0;27.0
8277;CORPORACION ESCUELA DE ARTES Y LETRAS;CORPORACION ESCUELA DE ARTES Y LETRAS-BOGOTÁ D.C.;CINE Y TELEVISIÓN;ARTES PLÁSTICAS, VISUALES Y AFINES;BOGOTÁ;BOGOTÁ D.C.;9;161.0;167.0;148.0;153.0;150.0;188.0;29.0;36.0;36.0;26.0;66.0
20783;CORPORACION ESCUELA DE ARTES Y LETRAS;CORPORACION ESCUELA DE ARTES Y LETRAS-BOGOTÁ D.C.;DISEÑO DE MODAS;DISEÑO;BOGOTÁ;BOGOTÁ D.C.;3;162.0;171.0;140.0;159.0;160.0;179.0;26.0;27.0;7.0;32.0;20.0
6145;CORPORACION ESCUELA DE ARTES Y LETRAS;CORPORACION ESCUELA DE ARTES Y LETRAS-BOGOTÁ D.C.;DISEÑO GRAFICO;DISEÑO;BOGOTÁ;BOGOTÁ D.C.;30;152.0;160.0;139.0;140.0;154.0;167.0;22.0;26.0;24.0;22.0;22.0
4406;CORPORACION ESCUELA DE ARTES Y LETRAS;CORPORACION ESCUELA DE ARTES Y LETRAS-BOGOTÁ D.C.;DISEÑO INTERIOR;DISEÑO;BOGOTÁ;BOGOTÁ D.C.;16;150.0;154.0;144.0;140.0;150.0;164.0;32.0;31.0;37.0;32.0;24.0
8788;CORPORACION ESCUELA DE ARTES Y LETRAS;CORPORACION ESCUELA DE ARTES Y LETRAS-BOGOTÁ D.C.;INGENIERÍA DE LAS ARTES DIGITALES;OTRAS INGENIERÍAS;BOGOTÁ;BOGOTÁ D.C.;7;169.0;185.0;169.0;160.0;141.0;189.0;20.0;26.0;40.0;23.0;20.0
8552;CORPORACION ESCUELA DE ARTES Y LETRAS;CORPORACION ESCUELA DE ARTES Y LETRAS-BOGOTÁ D.C.;PUBLICIDAD Y MERCADEO;PUBLICIDAD Y AFINES;BOGOTÁ;BOGOTÁ D.C.;9;140.0;145.0;127.0;130.0;150.0;150.0;27.0;33.0;39.0;28.0;30.0
25435;CORPORACION ESCUELA TECNOLOGICA DEL ORIENTE;CORPORACION ESCUELA TECNOLOGICA DEL ORIENTE-BUCARAMANGA;ADMINISTRACION DE EMPRESAS;ADMINISTRACIÓN;SANTANDER;BUCARAMANGA;28;130.0;135.0;127.0;122.0;136.0;130.0;27.0;25.0;27.0;36.0;23.0
7747;CORPORACION ESCUELA TECNOLOGICA DEL ORIENTE;CORPORACION ESCUELA TECNOLOGICA DEL ORIENTE-BUCARAMANGA;LICENCIATURA EN PEDAGOGIA INFANTIL;EDUCACIÓN;SANTANDER;BUCARAMANGA;27;134.0;137.0;118.0;126.0;148.0;141.0;21.0;23.0;23.0;28.0;22.0
9612;CORPORACION ESCUELA TECNOLOGICA DEL ORIENTE;CORPORACION ESCUELA TECNOLOGICA DEL ORIENTE-BUCARAMANGA;SEGURIDAD Y SALUD EN EL TRABAJO;SALUD PUBLICA;SANTANDER;BUCARAMANGA;31;127.0;128.0;125.0;121.0;130.0;131.0;25.0;24.0;23.0;22.0;23.0
23504;CORPORACION INSTITUTO DE ADMINISTRACION Y FINANZAS;CORPORACION INSTITUTO DE ADMINISTRACION Y FINANZAS - C.I.A.F.-PEREIRA;ADMINISTRACIÓN DE EMPRESAS;ADMINISTRACIÓN;RISARALDA;PEREIRA;61;135.0;135.0;129.0;130.0;144.0;138.0;26.0;25.0;26.0;24.0;26.0
23505;CORPORACION INSTITUTO DE ADMINISTRACION Y FINANZAS;CORPORACION INSTITUTO DE ADMINISTRACION Y FINANZAS - C.I.A.F.-PEREIRA;INGENIERIA DE SOFTWARE;INGENIERÍA DE SISTEMAS, TELEMÁTICA Y AFINES;RISARALDA;PEREIRA;29;142.0;146.0;137.0;128.0;145.0;153.0;27.0;30.0;30.0;24.0;25.0
23506;CORPORACION INSTITUTO DE ADMINISTRACION Y FINANZAS;CORPORACION INSTITUTO DE ADMINISTRACION Y FINANZAS - C.I.A.F.-PEREIRA;PROFESIONAL SEGURIDAD Y SALUD EN EL TRABAJO;SALUD PUBLICA;RISARALDA;PEREIRA;38;128.0;126.0;116.0;121.0;144.0;131.0;27.0;26.0;26.0;23.0;24.0
24845;CORPORACION INTERNACIONAL PARA EL DESARROLLO EDUCATIVO -CIDE-;CORPORACION INTERNACIONAL PARA EL DESARROLLO EDUCATIVO -CIDE-BOGOTÁ D.C.;ADMINISTRACION DE EMPRESAS;ADMINISTRACIÓN;BOGOTÁ;BOGOTÁ D.C.;23;136.0;137.0;130.0;133.0;150.0;129.0;21.0;26.0;34.0;25.0;19.0
25185;CORPORACION INTERNACIONAL PARA EL DESARROLLO EDUCATIVO -CIDE-;CORPORACION INTERNACIONAL PARA EL DESARROLLO EDUCATIVO -CIDE-BOGOTÁ D.C.;ADMINISTRACION DE EMPRESAS;ADMINISTRACIÓN;BOGOTÁ;BOGOTÁ D.C.;2;152.0;152.0;146.0;168.0;150.0;146.0;24.0;13.0;45.0;2.0;14.0
25820;CORPORACION INTERNACIONAL PARA EL DESARROLLO EDUCATIVO -CIDE-;CORPORACION INTERNACIONAL PARA EL DESARROLLO EDUCATIVO -CIDE-BOGOTÁ D.C.;CONTADURIA PUBLICA;CONTADURÍA PUBLICA;BOGOTÁ;BOGOTÁ D.C.;15;132.0;133.0;125.0;131.0;130.0;141.0;33.0;31.0;28.0;46.0;23.0
18129;CORPORACION INTERNACIONAL PARA EL DESARROLLO EDUCATIVO -CIDE-;CORPORACION INTERNACIONAL PARA EL DESARROLLO EDUCATIVO -CIDE-BOGOTÁ D.C.;DISEÑO DE COMUNICACIÓN GRÁFICA;DISEÑO;BOGOTÁ;BOGOTÁ D.C.;19;146.0;154.0;137.0;140.0;146.0;155.0;24.0;32.0;35.0;21.0;29.0
24846;CORPORACION INTERNACIONAL PARA EL DESARROLLO EDUCATIVO -CIDE-;CORPORACION INTERNACIONAL PARA EL DESARROLLO EDUCATIVO -CIDE-BOGOTÁ D.C.;INGENIERIA INDUSTRIAL;INGENIERÍA INDUSTRIAL Y AFINES;BOGOTÁ;BOGOTÁ D.C.;19;137.0;135.0;140.0;128.0;149.0;135.0;29.0;28.0;26.0;22.0;26.0
25358;CORPORACION INTERNACIONAL PARA EL DESARROLLO EDUCATIVO -CIDE-;CORPORACION INTERNACIONAL PARA EL DESARROLLO EDUCATIVO -CIDE-BOGOTÁ D.C.;INGENIERIA MECATRONICA;INGENIERÍA ELECTRÓNICA, TELECOMUNICACIONES Y AFINES;BOGOTÁ;BOGOTÁ D.C.;2;144.0;151.0;150.0;150.0;113.0;155.0;18.0;25.0;32.0;0.0;18.0
25821;CORPORACION INTERNACIONAL PARA EL DESARROLLO EDUCATIVO -CIDE-;CORPORACION INTERNACIONAL PARA EL DESARROLLO EDUCATIVO -CIDE-BOGOTÁ D.C.;INGENIERÍA ELÉCTRICA;INGENIERÍA ELÉCTRICA Y AFINES;BOGOTÁ;BOGOTÁ D.C.;121;138.0;139.0;148.0;128.0;136.0;140.0;24.0;26.0;29.0;37.0;20.0
4310;CORPORACION POLITECNICO DE LA COSTA ATLANTICA;CORPORACION POLITECNICO DE LA COSTA ATLANTICA-BARRANQUILLA;ADMINISTRACION DE EMPRESAS;ADMINISTRACIÓN;ATLANTICO;BARRANQUILLA;96;132.0;134.0;128.0;126.0;135.0;136.0;25.0;26.0;29.0;35.0;24.0
5689;CORPORACION POLITECNICO DE LA COSTA ATLANTICA;CORPORACION POLITECNICO DE LA COSTA ATLANTICA-BARRANQUILLA;ADMINISTRACION DE MERCADEO;ADMINISTRACIÓN;ATLANTICO;BARRANQUILLA;46;134.0;141.0;129.0;123.0;144.0;134.0;26.0;26.0;30.0;22.0;22.0
2354;CORPORACION POLITECNICO DE LA COSTA ATLANTICA;CORPORACION POLITECNICO DE LA COSTA ATLANTICA-BARRANQUILLA;ADMINISTRACION DE NEGOCIOS INTERNACIONALES;ADMINISTRACIÓN;ATLANTICO;BARRANQUILLA;47;139.0;145.0;130.0;133.0;139.0;150.0;29.0;22.0;30.0;40.0;25.0
31211;CORPORACION POLITECNICO DE LA COSTA ATLANTICA;CORPORACION POLITECNICO DE LA COSTA ATLANTICA-BARRANQUILLA;ADMINISTRACION DE TALENTO HUMANO;SIN CLASIFICAR;ATLANTICO;BARRANQUILLA;3;127.0;129.0;111.0;106.0;158.0;128.0;31.0;18.0;29.0;29.0;28.0
18472;CORPORACION POLITECNICO DE LA COSTA ATLANTICA;CORPORACION POLITECNICO DE LA COSTA ATLANTICA-BARRANQUILLA;ADMINISTRACIÓN LOGÍSTICA;ADMINISTRACIÓN;ATLANTICO;BARRANQUILLA;74;130.0;133.0;127.0;125.0;136.0;130.0;24.0;25.0;27.0;29.0;25.0
4311;CORPORACION POLITECNICO DE LA COSTA ATLANTICA;CORPORACION POLITECNICO DE LA COSTA ATLANTICA-BARRANQUILLA;CONTADURIA PUBLICA;CONTADURÍA PUBLICA;ATLANTICO;BARRANQUILLA;60;136.0;135.0;134.0;126.0;143.0;139.0;28.0;23.0;28.0;41.0;23.0
6935;CORPORACION POLITECNICO DE LA COSTA ATLANTICA;CORPORACION POLITECNICO DE LA COSTA ATLANTICA-BARRANQUILLA;INGENIERIA DE SISTEMAS;INGENIERÍA DE SISTEMAS, TELEMÁTICA Y AFINES;ATLANTICO;BARRANQUILLA;55;144.0;141.0;142.0;132.0;144.0;159.0;28.0;32.0;34.0;29.0;31.0
6934;CORPORACION POLITECNICO DE LA COSTA ATLANTICA;CORPORACION POLITECNICO DE LA COSTA ATLANTICA-BARRANQUILLA;INGENIERIA ELECTRONICA;INGENIERÍA ELECTRÓNICA, TELECOMUNICACIONES Y AFINES;ATLANTICO;BARRANQUILLA;28;140.0;141.0;145.0;130.0;142.0;144.0;29.0;29.0;25.0;29.0;29.0
664;CORPORACION POLITECNICO DE LA COSTA ATLANTICA;CORPORACION POLITECNICO DE LA COSTA ATLANTICA-BARRANQUILLA;INGENIERIA INDUSTRIAL;INGENIERÍA INDUSTRIAL Y AFINES;ATLANTICO;BARRANQUILLA;108;134.0;136.0;135.0;117.0;141.0;138.0;24.0;27.0;27.0;34.0;26.0
9528;CORPORACION POLITECNICO DE LA COSTA ATLANTICA;CORPORACION POLITECNICO DE LA COSTA ATLANTICA-BARRANQUILLA;PUBLICIDAD;ARTES PLÁSTICAS, VISUALES Y AFINES;ATLANTICO;BARRANQUILLA;18;133.0;134.0;115.0;117.0;140.0;160.0;31.0;28.0;34.0;33.0;27.0
25500;CORPORACION POLITECNICO DE LA COSTA ATLANTICA;CORPORACION POLITECNICO DE LA COSTA ATLANTICA-BARRANQUILLA;SEGURIDAD Y SALUD EN EL TRABAJO;INGENIERÍA QUÍMICA Y AFINES;ATLANTICO;BARRANQUILLA;25;131.0;133.0;125.0;123.0;142.0;131.0;24.0;21.0;24.0;28.0;22.0
4489;CORPORACION TECNOLOGICA INDUSTRIAL COLOMBIANA;CORPORACION TECNOLOGICA INDUSTRIAL COLOMBIANA - TEINCO-BOGOTÁ D.C.;ADMINISTRACIÓN DE EMPRESAS;ADMINISTRACIÓN;BOGOTÁ;BOGOTÁ D.C.;13;126.0;122.0;119.0;129.0;124.0;135.0;30.0;33.0;28.0;41.0;22.0
2120;CORPORACION TECNOLOGICA INDUSTRIAL COLOMBIANA;CORPORACION TECNOLOGICA INDUSTRIAL COLOMBIANA - TEINCO-BOGOTÁ D.C.;CONTADURIA PUBLICA;CONTADURÍA PUBLICA;BOGOTÁ;BOGOTÁ D.C.;22;132.0;129.0;130.0;135.0;138.0;130.0;22.0;34.0;29.0;38.0;27.0
1457;CORPORACION TECNOLOGICA INDUSTRIAL COLOMBIANA;CORPORACION TECNOLOGICA INDUSTRIAL COLOMBIANA - TEINCO-BOGOTÁ D.C.;INGENIERIA DE SISTEMAS;INGENIERÍA DE SISTEMAS, TELEMÁTICA Y AFINES;BOGOTÁ;BOGOTÁ D.C.;29;146.0;148.0;143.0;137.0;144.0;158.0;25.0;25.0;29.0;27.0;27.0
19;CORPORACION TECNOLOGICA INDUSTRIAL COLOMBIANA;CORPORACION TECNOLOGICA INDUSTRIAL COLOMBIANA - TEINCO-BOGOTÁ D.C.;INGENIERÍA MECATRÓNICA;INGENIERÍA MECÁNICA Y AFINES;BOGOTÁ;BOGOTÁ D.C.;66;137.0;138.0;143.0;128.0;131.0;143.0;22.0;28.0;28.0;38.0;24.0
663;CORPORACION UNIFICADA NACIONAL DE EDUCACION SUPERIOR-CUN-;CORPORACION UNIFICADA NACIONAL DE EDUCACION SUPERIOR-CUN-BOGOTÁ D.C.;ADMINISTRACION DE EMPRESAS;ADMINISTRACIÓN;BOGOTÁ;BOGOTÁ D.C.;72;126.0;132.0;120.0;123.0;131.0;126.0;25.0;27.0;27.0;36.0;21.0
1037;CORPORACION UNIFICADA NACIONAL DE EDUCACION SUPERIOR-CUN-;CORPORACION UNIFICADA NACIONAL DE EDUCACION SUPERIOR-CUN-BOGOTÁ D.C.;ADMINISTRACION DE EMPRESAS;ADMINISTRACIÓN;BOGOTÁ;BOGOTÁ D.C.;100;130.0;132.0;122.0;126.0;141.0;126.0;24.0;26.0;28.0;26.0;20.0
1544;CORPORACION UNIFICADA NACIONAL DE EDUCACION SUPERIOR-CUN-;CORPORACION UNIFICADA NACIONAL DE EDUCACION SUPERIOR-CUN-BOGOTÁ D.C.;ADMINISTRACION DE EMPRESAS;ADMINISTRACIÓN;BOGOTÁ;BOGOTÁ D.C.;3;129.0;123.0;111.0;123.0;148.0;143.0;32.0;23.0;17.0;23.0;37.0
2002;CORPORACION UNIFICADA NACIONAL DE EDUCACION SUPERIOR-CUN-;CORPORACION UNIFICADA NACIONAL DE EDUCACION SUPERIOR-CUN-BOGOTÁ D.C.;ADMINISTRACION DE EMPRESAS;ADMINISTRACIÓN;BOGOTÁ;BOGOTÁ D.C.;5;125.0;125.0;117.0;117.0;141.0;127.0;23.0;28.0;33.0;18.0;35.0
4875;CORPORACION UNIFICADA NACIONAL DE EDUCACION SUPERIOR-CUN-;CORPORACION UNIFICADA NACIONAL DE EDUCACION SUPERIOR-CUN-BOGOTÁ D.C.;ADMINISTRACION DE EMPRESAS;ADMINISTRACIÓN;BOGOTÁ;BOGOTÁ D.C.;14;131.0;137.0;120.0;131.0;143.0;123.0;23.0;28.0;25.0;23.0;26.0
6601;CORPORACION UNIFICADA NACIONAL DE EDUCACION SUPERIOR-CUN-;CORPORACION UNIFICADA NACIONAL DE EDUCACION SUPERIOR-CUN-BOGOTÁ D.C.;ADMINISTRACION DE EMPRESAS;ADMINISTRACIÓN;BOGOTÁ;BOGOTÁ D.C.;593;134.0;135.0;128.0;130.0;143.0;134.0;24.0;25.0;28.0;33.0;25.0
6989;CORPORACION UNIFICADA NACIONAL DE EDUCACION SUPERIOR-CUN-;CORPORACION UNIFICADA NACIONAL DE EDUCACION SUPERIOR-CUN-BOGOTÁ D.C.;ADMINISTRACION DE EMPRESAS;ADMINISTRACIÓN;BOGOTÁ;BOGOTÁ D.C.;12;137.0;138.0;134.0;121.0;148.0;141.0;33.0;39.0;36.0;26.0;33.0
7593;CORPORACION UNIFICADA NACIONAL DE EDUCACION SUPERIOR-CUN-;CORPORACION UNIFICADA NACIONAL DE EDUCACION SUPERIOR-CUN-BOGOTÁ D.C.;ADMINISTRACION DE LA SEGURIDAD SOCIAL;ADMINISTRACIÓN;BOGOTÁ;BOGOTÁ D.C.;10;119.0;118.0;116.0;114.0;131.0;118.0;33.0;25.0;28.0;23.0;20.0
9084;CORPORACION UNIFICADA NACIONAL DE EDUCACION SUPERIOR-CUN-;CORPORACION UNIFICADA NACIONAL DE EDUCACION SUPERIOR-CUN-BOGOTÁ D.C.;ADMINISTRACION DE LA SEGURIDAD SOCIAL;ADMINISTRACIÓN;BOGOTÁ;BOGOTÁ D.C.;23;122.0;123.0;106.0;115.0;142.0;124.0;22.0;21.0;19.0;20.0;16.0
2011;CORPORACION UNIFICADA NACIONAL DE EDUCACION SUPERIOR-CUN-;CORPORACION UNIFICADA NACIONAL DE EDUCACION SUPERIOR-CUN-BOGOTÁ D.C.;ADMINISTRACION DE SERVICIOS DE SALUD;ADMINISTRACIÓN;BOGOTÁ;BOGOTÁ D.C.;92;134.0;139.0;126.0;131.0;139.0;134.0;25.0;23.0;27.0;31.0;23.0
5342;CORPORACION UNIFICADA NACIONAL DE EDUCACION SUPERIOR-CUN-;CORPORACION UNIFICADA NACIONAL DE EDUCACION SUPERIOR-CUN-BOGOTÁ D.C.;ADMINISTRACION DE SERVICIOS DE SALUD;ADMINISTRACIÓN;BOGOTÁ;BOGOTÁ D.C.;1;127.0;139.0;132.0;135.0;125.0;106.0;0.0;0.0;0.0;0.0;0.0
9590;CORPORACION UNIFICADA NACIONAL DE EDUCACION SUPERIOR-CUN-;CORPORACION UNIFICADA NACIONAL DE EDUCACION SUPERIOR-CUN-BOGOTÁ D.C.;ADMINISTRACION EMPRESAS AGROINDUSTRIALES;ADMINISTRACIÓN;BOGOTÁ;BOGOTÁ D.C.;56;131.0;132.0;128.0;130.0;140.0;127.0;27.0;25.0;29.0;23.0;23.0
8928;CORPORACION UNIFICADA NACIONAL DE EDUCACION SUPERIOR-CUN-;CORPORACION UNIFICADA NACIONAL DE EDUCACION SUPERIOR-CUN-BOGOTÁ D.C.;ADMINISTRACION PUBLICA;ADMINISTRACIÓN;BOGOTÁ;BOGOTÁ D.C.;132;137.0;140.0;123.0;144.0;149.0;132.0;26.0;29.0;29.0;31.0;27.0
641;CORPORACION UNIFICADA NACIONAL DE EDUCACION SUPERIOR-CUN-;CORPORACION UNIFICADA NACIONAL DE EDUCACION SUPERIOR-CUN-BOGOTÁ D.C.;ADMINISTRACION TURISTICA Y HOTELERA;ADMINISTRACIÓN;BOGOTÁ;BOGOTÁ D.C.;54;133.0;137.0;118.0;130.0;135.0;143.0;27.0;28.0;27.0;34.0;23.0
25262;CORPORACION UNIFICADA NACIONAL DE EDUCACION SUPERIOR-CUN-;CORPORACION UNIFICADA NACIONAL DE EDUCACION SUPERIOR-CUN-BOGOTÁ D.C.;ADMINISTRACIÓN DE EMPRESAS;ADMINISTRACIÓN;BOGOTÁ;BOGOTÁ D.C.;950;134.0;137.0;127.0;131.0;141.0;134.0;24.0;25.0;26.0;32.0;22.0
9752;CORPORACION UNIFICADA NACIONAL DE EDUCACION SUPERIOR-CUN-;CORPORACION UNIFICADA NACIONAL DE EDUCACION SUPERIOR-CUN-BOGOTÁ D.C.;ADMINISTRACIÓN DE EMPRESAS AGROINDUSTRIALES;ADMINISTRACIÓN;BOGOTÁ;BOGOTÁ D.C.;9;116.0;117.0;118.0;121.0;108.0;114.0;25.0;22.0;25.0;46.0;17.0
25088;CORPORACION UNIFICADA NACIONAL DE EDUCACION SUPERIOR-CUN-;CORPORACION UNIFICADA NACIONAL DE EDUCACION SUPERIOR-CUN-BOGOTÁ D.C.;ADMINISTRACIÓN DEPORTIVA;ADMINISTRACIÓN;BOGOTÁ;BOGOTÁ D.C.;3;153.0;150.0;141.0;152.0;155.0;169.0;15.0;40.0;44.0;23.0;43.0
2966;CORPORACION UNIFICADA NACIONAL DE EDUCACION SUPERIOR-CUN-;CORPORACION UNIFICADA NACIONAL DE EDUCACION SUPERIOR-CUN-BOGOTÁ D.C.;COMUNICACION SOCIAL;COMUNICACIÓN SOCIAL, PERIODISMO Y AFINES;BOGOTÁ;BOGOTÁ D.C.;11;135.0;137.0;125.0;125.0;144.0;145.0;32.0;31.0;27.0;33.0;18.0
4023;CORPORACION UNIFICADA NACIONAL DE EDUCACION SUPERIOR-CUN-;CORPORACION UNIFICADA NACIONAL DE EDUCACION SUPERIOR-CUN-BOGOTÁ D.C.;COMUNICACION SOCIAL;COMUNICACIÓN SOCIAL, PERIODISMO Y AFINES;BOGOTÁ;BOGOTÁ D.C.;110;142.0;149.0;123.0;143.0;147.0;150.0;26.0;29.0;28.0;30.0;27.0
4869;CORPORACION UNIFICADA NACIONAL DE EDUCACION SUPERIOR-CUN-;CORPORACION UNIFICADA NACIONAL DE EDUCACION SUPERIOR-CUN-BOGOTÁ D.C.;CONTADURIA PUBLICA;CONTADURÍA PUBLICA;BOGOTÁ;BOGOTÁ D.C.;4;125.0;136.0;123.0;99.0;144.0;125.0;12.0;16.0;15.0;25.0;16.0
24922;CORPORACION UNIFICADA NACIONAL DE EDUCACION SUPERIOR-CUN-;CORPORACION UNIFICADA NACIONAL DE EDUCACION SUPERIOR-CUN-BOGOTÁ D.C.;CONTADURÍA PÚBLICA;CONTADURÍA PUBLICA;BOGOTÁ;BOGOTÁ D.C.;721;135.0;136.0;133.0;130.0;142.0;136.0;25.0;26.0;28.0;35.0;22.0
27934;CORPORACION UNIFICADA NACIONAL DE EDUCACION SUPERIOR-CUN-;CORPORACION UNIFICADA NACIONAL DE EDUCACION SUPERIOR-CUN-BOGOTÁ D.C.;CONTADURÍA PÚBLICA;CONTADURÍA PUBLICA;BOGOTÁ;BOGOTÁ D.C.;8;130.0;129.0;129.0;127.0;134.0;130.0;27.0;29.0;34.0;20.0;31.0
2490;CORPORACION UNIFICADA NACIONAL DE EDUCACION SUPERIOR-CUN-;CORPORACION UNIFICADA NACIONAL DE EDUCACION SUPERIOR-CUN-BOGOTÁ D.C.;DIRECCION Y PRODUCCION DE MEDIOS AUDIOVISUALES;ARTES PLÁSTICAS, VISUALES Y AFINES;BOGOTÁ;BOGOTÁ D.C.;90;147.0;153.0;137.0;145.0;145.0;156.0;27.0;28.0;29.0;24.0;30.0
8328;CORPORACION UNIFICADA NACIONAL DE EDUCACION SUPERIOR-CUN-;CORPORACION UNIFICADA NACIONAL DE EDUCACION SUPERIOR-CUN-BOGOTÁ D.C.;DIRECCION Y PRODUCCION DE MEDIOS AUDIOVISUALES;COMUNICACIÓN SOCIAL, PERIODISMO Y AFINES;BOGOTÁ;BOGOTÁ D.C.;145;147.0;153.0;136.0;148.0;138.0;159.0;26.0;30.0;27.0;37.0;25.0
5869;CORPORACION UNIFICADA NACIONAL DE EDUCACION SUPERIOR-CUN-;CORPORACION UNIFICADA NACIONAL DE EDUCACION SUPERIOR-CUN-BOGOTÁ D.C.;DISEÑO DE MODAS;DISEÑO;BOGOTÁ;BOGOTÁ D.C.;8;134.0;134.0;111.0;127.0;137.0;160.0;21.0;29.0;32.0;19.0;24.0
7290;CORPORACION UNIFICADA NACIONAL DE EDUCACION SUPERIOR-CUN-;CORPORACION UNIFICADA NACIONAL DE EDUCACION SUPERIOR-CUN-BOGOTÁ D.C.;DISEÑO DE MODAS;DISEÑO;BOGOTÁ;BOGOTÁ D.C.;68;141.0;148.0;131.0;135.0;144.0;149.0;22.0;33.0;27.0;25.0;26.0
9531;CORPORACION UNIFICADA NACIONAL DE EDUCACION SUPERIOR-CUN-;CORPORACION UNIFICADA NACIONAL DE EDUCACION SUPERIOR-CUN-BOGOTÁ D.C.;DISEÑO GRAFICO;DISEÑO;BOGOTÁ;BOGOTÁ D.C.;11;137.0;138.0;127.0;125.0;148.0;148.0;24.0;20.0;34.0;25.0;26.0
5416;CORPORACION UNIFICADA NACIONAL DE EDUCACION SUPERIOR-CUN-;CORPORACION UNIFICADA NACIONAL DE EDUCACION SUPERIOR-CUN-BOGOTÁ D.C.;DISEÑO GRÁFICO;DISEÑO;BOGOTÁ;BOGOTÁ D.C.;193;143.0;149.0;133.0;135.0;143.0;158.0;27.0;28.0;32.0;29.0;25.0
31793;CORPORACION UNIFICADA NACIONAL DE EDUCACION SUPERIOR-CUN-;CORPORACION UNIFICADA NACIONAL DE EDUCACION SUPERIOR-CUN-BOGOTÁ D.C.;DISEÑO GRÁFICO;SIN CLASIFICAR;BOGOTÁ;BOGOTÁ D.C.;2;164.0;171.0;157.0;168.0;143.0;177.0;42.0;7.0;18.0;27.0;13.0
3914;CORPORACION UNIFICADA NACIONAL DE EDUCACION SUPERIOR-CUN-;CORPORACION UNIFICADA NACIONAL DE EDUCACION SUPERIOR-CUN-BOGOTÁ D.C.;INGENIERIA DE SISTEMAS;INGENIERÍA DE SISTEMAS, TELEMÁTICA Y AFINES;BOGOTÁ;BOGOTÁ D.C.;5;125.0;125.0;113.0;112.0;153.0;120.0;23.0;15.0;29.0;18.0;12.0
4924;CORPORACION UNIFICADA NACIONAL DE EDUCACION SUPERIOR-CUN-;CORPORACION UNIFICADA NACIONAL DE EDUCACION SUPERIOR-CUN-BOGOTÁ D.C.;INGENIERIA DE SISTEMAS;INGENIERÍA DE SISTEMAS, TELEMÁTICA Y AFINES;BOGOTÁ;BOGOTÁ D.C.;9;143.0;141.0;153.0;127.0;151.0;143.0;32.0;23.0;30.0;28.0;22.0
6074;CORPORACION UNIFICADA NACIONAL DE EDUCACION SUPERIOR-CUN-;CORPORACION UNIFICADA NACIONAL DE EDUCACION SUPERIOR-CUN-BOGOTÁ D.C.;INGENIERIA DE SISTEMAS;INGENIERÍA DE SISTEMAS, TELEMÁTICA Y AFINES;BOGOTÁ;BOGOTÁ D.C.;570;142.0;144.0;139.0;135.0;141.0;150.0;27.0;27.0;30.0;31.0;27.0
6614;CORPORACION UNIFICADA NACIONAL DE EDUCACION SUPERIOR-CUN-;CORPORACION UNIFICADA NACIONAL DE EDUCACION SUPERIOR-CUN-BOGOTÁ D.C.;INGENIERIA DE SISTEMAS;INGENIERÍA DE SISTEMAS, TELEMÁTICA Y AFINES;BOGOTÁ;BOGOTÁ D.C.;5;133.0;138.0;140.0;106.0;129.0;151.0;26.0;38.0;22.0;18.0;22.0
6522;CORPORACION UNIFICADA NACIONAL DE EDUCACION SUPERIOR-CUN-;CORPORACION UNIFICADA NACIONAL DE EDUCACION SUPERIOR-CUN-BOGOTÁ D.C.;INGENIERIA ELECTRONICA;INGENIERÍA ELECTRÓNICA, TELECOMUNICACIONES Y AFINES;BOGOTÁ;BOGOTÁ D.C.;41;142.0;146.0;151.0;127.0;138.0;148.0;29.0;26.0;28.0;34.0;22.0
8042;CORPORACION UNIFICADA NACIONAL DE EDUCACION SUPERIOR-CUN-;CORPORACION UNIFICADA NACIONAL DE EDUCACION SUPERIOR-CUN-BOGOTÁ D.C.;INGENIERÍA DE SISTEMAS;INGENIERÍA DE SISTEMAS, TELEMÁTICA Y AFINES;BOGOTÁ;BOGOTÁ D.C.;886;140.0;141.0;137.0;133.0;141.0;149.0;25.0;27.0;29.0;34.0;26.0
25429;CORPORACION UNIFICADA NACIONAL DE EDUCACION SUPERIOR-CUN-;CORPORACION UNIFICADA NACIONAL DE EDUCACION SUPERIOR-CUN-BOGOTÁ D.C.;INGENIERÍA DE SISTEMAS;INGENIERÍA DE SISTEMAS, TELEMÁTICA Y AFINES;BOGOTÁ;BOGOTÁ D.C.;2;105.0;105.0;116.0;84.0;106.0;113.0;18.0;33.0;14.0;28.0;23.0
25886;CORPORACION UNIFICADA NACIONAL DE EDUCACION SUPERIOR-CUN-;CORPORACION UNIFICADA NACIONAL DE EDUCACION SUPERIOR-CUN-BOGOTÁ D.C.;INGENIERÍA INDUSTRIAL;INGENIERÍA QUÍMICA Y AFINES;BOGOTÁ;BOGOTÁ D.C.;364;137.0;138.0;135.0;134.0;142.0;136.0;26.0;27.0;28.0;31.0;24.0
9127;CORPORACION UNIFICADA NACIONAL DE EDUCACION SUPERIOR-CUN-;CORPORACION UNIFICADA NACIONAL DE EDUCACION SUPERIOR-CUN-BOGOTÁ D.C.;NEGOCIOS INTERNACIONALES;ADMINISTRACIÓN;BOGOTÁ;BOGOTÁ D.C.;169;141.0;144.0;132.0;136.0;142.0;151.0;27.0;27.0;29.0;40.0;26.0
5347;CORPORACION UNIFICADA NACIONAL DE EDUCACION SUPERIOR-CUN-;CORPORACION UNIFICADA NACIONAL DE EDUCACION SUPERIOR-CUN-BOGOTÁ D.C.;PROFESIONAL EN COMUNICACION SOCIAL - PERIODISMO;COMUNICACIÓN SOCIAL, PERIODISMO Y AFINES;BOGOTÁ;BOGOTÁ D.C.;9;129.0;140.0;115.0;128.0;125.0;139.0;30.0;32.0;17.0;51.0;27.0
6201;CORPORACION UNIFICADA NACIONAL DE EDUCACION SUPERIOR-CUN-;CORPORACION UNIFICADA NACIONAL DE EDUCACION SUPERIOR-CUN-BOGOTÁ D.C.;PROFESIONAL EN COMUNICACION SOCIAL - PERIODISMO;COMUNICACIÓN SOCIAL, PERIODISMO Y AFINES;BOGOTÁ;BOGOTÁ D.C.;2;117.0;120.0;109.0;129.0;118.0;109.0;35.0;37.0;51.0;62.0;28.0
1109;CORPORACION UNIFICADA NACIONAL DE EDUCACION SUPERIOR-CUN-;CORPORACION UNIFICADA NACIONAL DE EDUCACION SUPERIOR-CUN-BOGOTÁ D.C.;PROFESIONAL EN CONTADURIA PUBLICA;CONTADURÍA PUBLICA;BOGOTÁ;BOGOTÁ D.C.;65;140.0;145.0;136.0;135.0;144.0;140.0;24.0;27.0;27.0;26.0;23.0
9621;CORPORACION UNIFICADA NACIONAL DE EDUCACION SUPERIOR-CUN-;CORPORACION UNIFICADA NACIONAL DE EDUCACION SUPERIOR-CUN-BOGOTÁ D.C.;PROFESIONAL EN DISEÑO DE MODAS;DISEÑO;BOGOTÁ;BOGOTÁ D.C.;6;124.0;145.0;108.0;121.0;116.0;132.0;29.0;21.0;27.0;30.0;35.0
4380;CORPORACION UNIFICADA NACIONAL DE EDUCACION SUPERIOR-CUN-;CORPORACION UNIFICADA NACIONAL DE EDUCACION SUPERIOR-CUN-BOGOTÁ D.C.;PROFESIONAL EN DISEÑO GRAFICO;DISEÑO;BOGOTÁ;BOGOTÁ D.C.;12;140.0;138.0;133.0;128.0;144.0;157.0;35.0;32.0;30.0;28.0;31.0
1541;CORPORACION UNIFICADA NACIONAL DE EDUCACION SUPERIOR-CUN-;CORPORACION UNIFICADA NACIONAL DE EDUCACION SUPERIOR-CUN-BOGOTÁ D.C.;PROFESIONAL EN NEGOCIOS INTERNACIONALES;ADMINISTRACIÓN;BOGOTÁ;BOGOTÁ D.C.;17;135.0;129.0;129.0;130.0;138.0;152.0;21.0;22.0;32.0;25.0;28.0
2857;CORPORACION UNIFICADA NACIONAL DE EDUCACION SUPERIOR-CUN-;CORPORACION UNIFICADA NACIONAL DE EDUCACION SUPERIOR-CUN-BOGOTÁ D.C.;PROFESIONAL EN NEGOCIOS INTERNACIONALES;ADMINISTRACIÓN;BOGOTÁ;BOGOTÁ D.C.;3;126.0;120.0;108.0;98.0;166.0;141.0;12.0;20.0;10.0;11.0;44.0
6603;CORPORACION UNIFICADA NACIONAL DE EDUCACION SUPERIOR-CUN-;CORPORACION UNIFICADA NACIONAL DE EDUCACION SUPERIOR-CUN-BOGOTÁ D.C.;PROFESIONAL EN NEGOCIOS INTERNACIONALES;ADMINISTRACIÓN;BOGOTÁ;BOGOTÁ D.C.;12;131.0;137.0;114.0;130.0;136.0;139.0;27.0;27.0;26.0;24.0;26.0
25577;CORPORACION UNIFICADA NACIONAL DE EDUCACION SUPERIOR-CUN-;CORPORACION UNIFICADA NACIONAL DE EDUCACION SUPERIOR-CUN-BOGOTÁ D.C.;PROFESIONAL EN PUBLICIDAD Y MERCADEO;PUBLICIDAD Y AFINES;BOGOTÁ;BOGOTÁ D.C.;199;139.0;143.0;131.0;134.0;142.0;144.0;26.0;26.0;31.0;31.0;24.0
7834;CORPORACION UNIFICADA NACIONAL DE EDUCACION SUPERIOR-CUN-;CORPORACION UNIFICADA NACIONAL DE EDUCACION SUPERIOR-CUN-BOGOTÁ D.C.;TECNICA PROFESIONAL EN PROCESOS GRAFICOS;DISEÑO;BOGOTÁ;BOGOTÁ D.C.;1;105.0;108.0;95.0;96.0;125.0;102.0;0.0;0.0;0.0;0.0;0.0
7660;CORPORACION UNIVERSIDAD PILOTO DE COLOMBIA;CORPORACION UNIVERSIDAD PILOTO DE COLOMBIA-GIRARDOT;ADMINISTRACION AMBIENTAL;ADMINISTRACIÓN;CUNDINAMARCA;GIRARDOT;13;137.0;141.0;123.0;130.0;144.0;147.0;28.0;22.0;27.0;49.0;29.0
4658;CORPORACION UNIVERSIDAD PILOTO DE COLOMBIA;CORPORACION UNIVERSIDAD PILOTO DE COLOMBIA-BOGOTÁ D.C.;ADMINISTRACION DE EMPRESAS;ADMINISTRACIÓN;BOGOTÁ;BOGOTÁ D.C.;63;147.0;147.0;144.0;139.0;148.0;159.0;23.0;24.0;23.0;26.0;31.0
8438;CORPORACION UNIVERSIDAD PILOTO DE COLOMBIA;CORPORACION UNIVERSIDAD PILOTO DE COLOMBIA-GIRARDOT;ADMINISTRACION LOGISTICA;ADMINISTRACIÓN;CUNDINAMARCA;GIRARDOT;13;146.0;152.0;129.0;139.0;146.0;161.0;26.0;22.0;32.0;29.0;27.0
8279;CORPORACION UNIVERSIDAD PILOTO DE COLOMBIA;CORPORACION UNIVERSIDAD PILOTO DE COLOMBIA-GIRARDOT;ADMINISTRACION TURISTICA Y HOTELERA;ADMINISTRACIÓN;CUNDINAMARCA;GIRARDOT;18;141.0;143.0;128.0;131.0;139.0;161.0;30.0;29.0;34.0;27.0;25.0
144;CORPORACION UNIVERSIDAD PILOTO DE COLOMBIA;CORPORACION UNIVERSIDAD PILOTO DE COLOMBIA-BOGOTÁ D.C.;ADMINISTRACION Y GESTION AMBIENTAL;ADMINISTRACIÓN;BOGOTÁ;BOGOTÁ D.C.;1;165.0;167.0;158.0;162.0;200.0;138.0;0.0;0.0;0.0;0.0;0.0
4659;CORPORACION UNIVERSIDAD PILOTO DE COLOMBIA;CORPORACION UNIVERSIDAD PILOTO DE COLOMBIA-BOGOTÁ D.C.;ARQUITECTURA;ARQUITECTURA;BOGOTÁ;BOGOTÁ D.C.;141;156.0;155.0;156.0;140.0;150.0;176.0;30.0;25.0;34.0;29.0;27.0
4156;CORPORACION UNIVERSIDAD PILOTO DE COLOMBIA;CORPORACION UNIVERSIDAD PILOTO DE COLOMBIA-BOGOTÁ D.C.;CONTADURIA PUBLICA;CONTADURÍA PUBLICA;BOGOTÁ;BOGOTÁ D.C.;33;148.0;145.0;148.0;137.0;155.0;154.0;26.0;22.0;23.0;21.0;26.0
4696;CORPORACION UNIVERSIDAD PILOTO DE COLOMBIA;CORPORACION UNIVERSIDAD PILOTO DE COLOMBIA-GIRARDOT;CONTADURIA PUBLICA;CONTADURÍA PUBLICA;CUNDINAMARCA;GIRARDOT;33;144.0;155.0;145.0;140.0;144.0;137.0;20.0;22.0;27.0;22.0;22.0
1604;CORPORACION UNIVERSIDAD PILOTO DE COLOMBIA;CORPORACION UNIVERSIDAD PILOTO DE COLOMBIA-BOGOTÁ D.C.;DISEÑO DE ESPACIOS Y ESCENARIOS;DISEÑO;BOGOTÁ;BOGOTÁ D.C.;28;147.0;145.0;145.0;140.0;139.0;166.0;25.0;25.0;35.0;47.0;32.0
6691;CORPORACION UNIVERSIDAD PILOTO DE COLOMBIA;CORPORACION UNIVERSIDAD PILOTO DE COLOMBIA-BOGOTÁ D.C.;DISEÑO GRAFICO;DISEÑO;BOGOTÁ;BOGOTÁ D.C.;9;154.0;162.0;136.0;142.0;153.0;176.0;21.0;26.0;32.0;27.0;22.0
1860;CORPORACION UNIVERSIDAD PILOTO DE COLOMBIA;CORPORACION UNIVERSIDAD PILOTO DE COLOMBIA-BOGOTÁ D.C.;ECONOMIA;ECONOMÍA;BOGOTÁ;BOGOTÁ D.C.;23;157.0;157.0;158.0;155.0;153.0;161.0;27.0;17.0;29.0;23.0;24.0
4697;CORPORACION UNIVERSIDAD PILOTO DE COLOMBIA;CORPORACION UNIVERSIDAD PILOTO DE COLOMBIA-GIRARDOT;INGENIERIA CIVIL;INGENIERÍA CIVIL Y AFINES;CUNDINAMARCA;GIRARDOT;66;137.0;137.0;147.0;125.0;141.0;134.0;25.0;28.0;28.0;34.0;31.0
5074;CORPORACION UNIVERSIDAD PILOTO DE COLOMBIA;CORPORACION UNIVERSIDAD PILOTO DE COLOMBIA-BOGOTÁ D.C.;INGENIERIA CIVIL;INGENIERÍA CIVIL Y AFINES;BOGOTÁ;BOGOTÁ D.C.;67;154.0;153.0;171.0;139.0;148.0;157.0;27.0;23.0;31.0;30.0;26.0
885;CORPORACION UNIVERSIDAD PILOTO DE COLOMBIA;CORPORACION UNIVERSIDAD PILOTO DE COLOMBIA-BOGOTÁ D.C.;INGENIERIA DE SISTEMAS;INGENIERÍA DE SISTEMAS, TELEMÁTICA Y AFINES;BOGOTÁ;BOGOTÁ D.C.;31;164.0;156.0;172.0;147.0;159.0;185.0;30.0;23.0;32.0;24.0;21.0
5567;CORPORACION UNIVERSIDAD PILOTO DE COLOMBIA;CORPORACION UNIVERSIDAD PILOTO DE COLOMBIA-GIRARDOT;INGENIERIA DE SISTEMAS;INGENIERÍA DE SISTEMAS, TELEMÁTICA Y AFINES;CUNDINAMARCA;GIRARDOT;33;147.0;148.0;152.0;132.0;141.0;162.0;34.0;23.0;33.0;27.0;33.0
6100;CORPORACION UNIVERSIDAD PILOTO DE COLOMBIA;CORPORACION UNIVERSIDAD PILOTO DE COLOMBIA-BOGOTÁ D.C.;INGENIERIA DE TELECOMUNICACIONES;INGENIERÍA ELECTRÓNICA, TELECOMUNICACIONES Y AFINES;BOGOTÁ;BOGOTÁ D.C.;4;152.0;150.0;153.0;137.0;162.0;160.0;17.0;18.0;13.0;10.0;33.0
2106;CORPORACION UNIVERSIDAD PILOTO DE COLOMBIA;CORPORACION UNIVERSIDAD PILOTO DE COLOMBIA-GIRARDOT;INGENIERIA FINANCIERA;INGENIERÍA ADMINISTRATIVA Y AFINES;CUNDINAMARCA;GIRARDOT;24;145.0;149.0;146.0;135.0;145.0;149.0;32.0;27.0;33.0;19.0;30.0
2805;CORPORACION UNIVERSIDAD PILOTO DE COLOMBIA;CORPORACION UNIVERSIDAD PILOTO DE COLOMBIA-BOGOTÁ D.C.;INGENIERIA FINANCIERA;INGENIERÍA ADMINISTRATIVA Y AFINES;BOGOTÁ;BOGOTÁ D.C.;55;154.0;151.0;162.0;140.0;149.0;168.0;27.0;24.0;27.0;31.0;24.0
5439;CORPORACION UNIVERSIDAD PILOTO DE COLOMBIA;CORPORACION UNIVERSIDAD PILOTO DE COLOMBIA-BOGOTÁ D.C.;INGENIERIA MECATRONICA;OTRAS INGENIERÍAS;BOGOTÁ;BOGOTÁ D.C.;26;163.0;163.0;175.0;150.0;145.0;182.0;29.0;23.0;35.0;26.0;32.0
25135;CORPORACION UNIVERSIDAD PILOTO DE COLOMBIA;CORPORACION UNIVERSIDAD PILOTO DE COLOMBIA-BOGOTÁ D.C.;MARKETING;ADMINISTRACIÓN;BOGOTÁ;BOGOTÁ D.C.;25;144.0;139.0;142.0;136.0;139.0;162.0;29.0;23.0;29.0;25.0;22.0
7095;CORPORACION UNIVERSIDAD PILOTO DE COLOMBIA;CORPORACION UNIVERSIDAD PILOTO DE COLOMBIA-BOGOTÁ D.C.;NEGOCIOS INTERNACIONALES;ECONOMÍA;BOGOTÁ;BOGOTÁ D.C.;36;154.0;150.0;146.0;145.0;155.0;171.0;21.0;25.0;32.0;37.0;23.0
3641;CORPORACION UNIVERSIDAD PILOTO DE COLOMBIA;CORPORACION UNIVERSIDAD PILOTO DE COLOMBIA-BOGOTÁ D.C.;PSICOLOGIA;PSICOLOGÍA;BOGOTÁ;BOGOTÁ D.C.;35;156.0;166.0;141.0;148.0;157.0;166.0;28.0;26.0;33.0;34.0;47.0
1091;CORPORACION UNIVERSITARIA  UNITEC;CORPORACION UNIVERSITARIA  UNITEC-BOGOTÁ D.C.;ADMINISTRACION DE EMPRESAS;ADMINISTRACIÓN;BOGOTÁ;BOGOTÁ D.C.;7;139.0;143.0;136.0;129.0;155.0;132.0;27.0;16.0;30.0;28.0;17.0
6296;CORPORACION UNIVERSITARIA  UNITEC;CORPORACION UNIVERSITARIA  UNITEC-BOGOTÁ D.C.;ADMINISTRACIÓN DE EMPRESAS TURÍSTICAS Y HOTELERAS;ADMINISTRACIÓN;BOGOTÁ;BOGOTÁ D.C.;32;150.0;149.0;143.0;143.0;150.0;163.0;23.0;20.0;22.0;35.0;28.0
7093;CORPORACION UNIVERSITARIA  UNITEC;CORPORACION UNIVERSITARIA  UNITEC-BOGOTÁ D.C.;ADMINISTRACIÓN LOGÍSTICA;ADMINISTRACIÓN;BOGOTÁ;BOGOTÁ D.C.;1;137.0;138.0;141.0;158.0;105.0;144.0;0.0;0.0;0.0;0.0;0.0
2377;CORPORACION UNIVERSITARIA  UNITEC;CORPORACION UNIVERSITARIA  UNITEC-BOGOTÁ D.C.;CINE Y TELEVISION;ARTES PLÁSTICAS, VISUALES Y AFINES;BOGOTÁ;BOGOTÁ D.C.;35;155.0;163.0;146.0;142.0;146.0;176.0;24.0;27.0;28.0;32.0;33.0
20652;CORPORACION UNIVERSITARIA  UNITEC;CORPORACION UNIVERSITARIA  UNITEC-BOGOTÁ D.C.;CONTADURÍA PÚBLICA;CONTADURÍA PUBLICA;BOGOTÁ;BOGOTÁ D.C.;40;145.0;146.0;146.0;139.0;147.0;145.0;27.0;24.0;33.0;35.0;26.0
20651;CORPORACION UNIVERSITARIA  UNITEC;CORPORACION UNIVERSITARIA  UNITEC-BOGOTÁ D.C.;DERECHO;DERECHO Y AFINES;BOGOTÁ;BOGOTÁ D.C.;4;134.0;138.0;126.0;149.0;121.0;133.0;43.0;57.0;36.0;32.0;25.0
7096;CORPORACION UNIVERSITARIA  UNITEC;CORPORACION UNIVERSITARIA  UNITEC-BOGOTÁ D.C.;DISEÑO GRÁFICO;DISEÑO;BOGOTÁ;BOGOTÁ D.C.;69;145.0;153.0;138.0;133.0;141.0;161.0;25.0;26.0;28.0;25.0;25.0
9169;CORPORACION UNIVERSITARIA  UNITEC;CORPORACION UNIVERSITARIA  UNITEC-BOGOTÁ D.C.;FINANZAS Y NEGOCIOS INTERNACIONALES;ADMINISTRACIÓN;BOGOTÁ;BOGOTÁ D.C.;3;118.0;131.0;132.0;110.0;88.0;128.0;9.0;4.0;33.0;80.0;22.0
20781;CORPORACION UNIVERSITARIA  UNITEC;CORPORACION UNIVERSITARIA  UNITEC-BOGOTÁ D.C.;FOTOGRAFÍA Y COMUNICACIÓN VISUAL;COMUNICACIÓN SOCIAL, PERIODISMO Y AFINES;BOGOTÁ;BOGOTÁ D.C.;34;152.0;161.0;140.0;143.0;147.0;168.0;25.0;25.0;33.0;24.0;23.0
1588;CORPORACION UNIVERSITARIA  UNITEC;CORPORACION UNIVERSITARIA  UNITEC-BOGOTÁ D.C.;INGENIERIA DE SISTEMAS;INGENIERÍA DE SISTEMAS, TELEMÁTICA Y AFINES;BOGOTÁ;BOGOTÁ D.C.;12;142.0;130.0;142.0;137.0;144.0;155.0;17.0;28.0;20.0;22.0;20.0
368;CORPORACION UNIVERSITARIA  UNITEC;CORPORACION UNIVERSITARIA  UNITEC-BOGOTÁ D.C.;INGENIERIA DE TELECOMUNICACIONES;INGENIERÍA ELECTRÓNICA, TELECOMUNICACIONES Y AFINES;BOGOTÁ;BOGOTÁ D.C.;2;154.0;150.0;165.0;152.0;132.0;171.0;2.0;10.0;10.0;8.0;1.0
817;CORPORACION UNIVERSITARIA  UNITEC;CORPORACION UNIVERSITARIA  UNITEC-BOGOTÁ D.C.;INGENIERÍA INDUSTRIAL;INGENIERÍA INDUSTRIAL Y AFINES;BOGOTÁ;BOGOTÁ D.C.;6;142.0;148.0;142.0;147.0;134.0;140.0;30.0;28.0;30.0;20.0;34.0
6152;CORPORACION UNIVERSITARIA  UNITEC;CORPORACION UNIVERSITARIA  UNITEC-BOGOTÁ D.C.;MERCADEO;ADMINISTRACIÓN;BOGOTÁ;BOGOTÁ D.C.;4;139.0;139.0;139.0;144.0;120.0;152.0;44.0;29.0;37.0;3.0;41.0
9503;CORPORACION UNIVERSITARIA  UNITEC;CORPORACION UNIVERSITARIA  UNITEC-BOGOTÁ D.C.;MERCADEO Y PUBLICIDAD;PUBLICIDAD Y AFINES;BOGOTÁ;BOGOTÁ D.C.;54;147.0;150.0;139.0;137.0;152.0;157.0;27.0;24.0;37.0;38.0;26.0
20750;CORPORACION UNIVERSITARIA  UNITEC;CORPORACION UNIVERSITARIA  UNITEC-BOGOTÁ D.C.;PSICOLOGÍA;PSICOLOGÍA;BOGOTÁ;BOGOTÁ D.C.;99;137.0;143.0;123.0;137.0;144.0;138.0;26.0;28.0;27.0;35.0;31.0
4131;CORPORACION UNIVERSITARIA ADVENTISTA;CORPORACION UNIVERSITARIA ADVENTISTA-MEDELLIN;ADMINISTRACION DE EMPRESAS;ADMINISTRACIÓN;ANTIOQUIA;MEDELLÍN;12;142.0;142.0;136.0;144.0;153.0;134.0;23.0;12.0;30.0;28.0;29.0
5166;CORPORACION UNIVERSITARIA ADVENTISTA;CORPORACION UNIVERSITARIA ADVENTISTA-MEDELLIN;CONTADURIA PUBLICA;CONTADURÍA PUBLICA;ANTIOQUIA;MEDELLÍN;19;146.0;148.0;137.0;132.0;165.0;147.0;23.0;18.0;28.0;56.0;26.0
369;CORPORACION UNIVERSITARIA ADVENTISTA;CORPORACION UNIVERSITARIA ADVENTISTA-MEDELLIN;ENFERMERIA;ENFERMERÍA;ANTIOQUIA;MEDELLÍN;49;147.0;149.0;141.0;143.0;156.0;146.0;20.0;22.0;25.0;38.0;24.0
2140;CORPORACION UNIVERSITARIA ADVENTISTA;CORPORACION UNIVERSITARIA ADVENTISTA-MEDELLIN;INGENIERÍA DE SISTEMAS;INGENIERÍA DE SISTEMAS, TELEMÁTICA Y AFINES;ANTIOQUIA;MEDELLÍN;24;159.0;169.0;163.0;149.0;142.0;174.0;31.0;22.0;37.0;37.0;24.0
20775;CORPORACION UNIVERSITARIA ADVENTISTA;CORPORACION UNIVERSITARIA ADVENTISTA-MEDELLIN;INGENIERÍA INDUSTRIAL;INGENIERÍA INDUSTRIAL Y AFINES;ANTIOQUIA;MEDELLÍN;6;152.0;165.0;142.0;139.0;151.0;160.0;15.0;24.0;45.0;38.0;19.0
17829;CORPORACION UNIVERSITARIA ADVENTISTA;CORPORACION UNIVERSITARIA ADVENTISTA-MEDELLIN;LICENCIATURA EN EDUCACIÓN INFANTIL;EDUCACIÓN;ANTIOQUIA;MEDELLÍN;9;138.0;153.0;123.0;128.0;150.0;135.0;21.0;15.0;56.0;25.0;15.0
17873;CORPORACION UNIVERSITARIA ADVENTISTA;CORPORACION UNIVERSITARIA ADVENTISTA-MEDELLIN;LICENCIATURA EN EDUCACIÓN RELIGIOSA;EDUCACIÓN;ANTIOQUIA;MEDELLÍN;16;145.0;149.0;133.0;145.0;150.0;147.0;26.0;25.0;27.0;27.0;18.0
9803;CORPORACION UNIVERSITARIA ADVENTISTA;CORPORACION UNIVERSITARIA ADVENTISTA-MEDELLIN;LICENCIATURA EN ESPAÑOL E INGLES;EDUCACIÓN;ANTIOQUIA;MEDELLÍN;24;152.0;158.0;121.0;134.0;157.0;188.0;22.0;32.0;26.0;59.0;19.0
17875;CORPORACION UNIVERSITARIA ADVENTISTA;CORPORACION UNIVERSITARIA ADVENTISTA-MEDELLIN;LICENCIATURA EN MATEMÁTICAS;EDUCACIÓN;ANTIOQUIA;MEDELLÍN;2;156.0;148.0;185.0;128.0;171.0;146.0;17.0;26.0;4.0;20.0;9.0
1937;CORPORACION UNIVERSITARIA ADVENTISTA;CORPORACION UNIVERSITARIA ADVENTISTA-MEDELLIN;LICENCIATURA EN MUSICA;EDUCACIÓN;ANTIOQUIA;MEDELLÍN;3;161.0;175.0;125.0;178.0;154.0;175.0;9.0;10.0;14.0;32.0;22.0
4132;CORPORACION UNIVERSITARIA ADVENTISTA;CORPORACION UNIVERSITARIA ADVENTISTA-MEDELLIN;LICENCIATURA EN PREESCOLAR;EDUCACIÓN;ANTIOQUIA;MEDELLÍN;1;107.0;124.0;114.0;84.0;112.0;102.0;0.0;0.0;0.0;0.0;0.0
603;CORPORACION UNIVERSITARIA ADVENTISTA;CORPORACION UNIVERSITARIA ADVENTISTA-MEDELLIN;LICENCIATURA EN TEOLOGIA;EDUCACIÓN;ANTIOQUIA;MEDELLÍN;9;130.0;143.0;116.0;119.0;128.0;144.0;22.0;26.0;30.0;54.0;23.0
25005;CORPORACION UNIVERSITARIA ADVENTISTA;CORPORACION UNIVERSITARIA ADVENTISTA-MEDELLIN;TEOLOGÍA;FILOSOFÍA, TEOLOGÍA Y AFINES;ANTIOQUIA;MEDELLÍN;23;139.0;151.0;132.0;139.0;138.0;133.0;21.0;28.0;30.0;51.0;31.0
335;CORPORACION UNIVERSITARIA AMERICANA;CORPORACION UNIVERSITARIA AMERICANA-BARRANQUILLA;ADMINISTRACION DE EMPRESAS;ADMINISTRACIÓN;ATLANTICO;BARRANQUILLA;78;129.0;133.0;124.0;127.0;132.0;130.0;23.0;26.0;26.0;48.0;25.0
3929;CORPORACION UNIVERSITARIA AMERICANA;CORPORACION UNIVERSITARIA AMERICANA-BARRANQUILLA;ADMINISTRACION DE EMPRESAS;ADMINISTRACIÓN;ATLANTICO;BARRANQUILLA;144;129.0;132.0;122.0;120.0;135.0;135.0;26.0;24.0;25.0;38.0;23.0
7816;CORPORACION UNIVERSITARIA AMERICANA;CORPORACION UNIVERSITARIA AMERICANA-BARRANQUILLA;ADMINISTRACION DE EMPRESAS;ADMINISTRACIÓN;ATLANTICO;BARRANQUILLA;30;129.0;130.0;120.0;125.0;145.0;125.0;24.0;30.0;27.0;46.0;25.0
9193;CORPORACION UNIVERSITARIA AMERICANA;CORPORACION UNIVERSITARIA AMERICANA-BARRANQUILLA;ADMINISTRACION DE EMPRESAS;ADMINISTRACIÓN;ATLANTICO;BARRANQUILLA;158;132.0;136.0;123.0;130.0;139.0;131.0;26.0;25.0;28.0;33.0;25.0
26463;CORPORACION UNIVERSITARIA AMERICANA;CORPORACION UNIVERSITARIA AMERICANA-BARRANQUILLA;ADMINISTRACIÓN E INNOVACIÓN EN TURISMO Y HOTELES;ADMINISTRACIÓN;ATLANTICO;BARRANQUILLA;10;136.0;145.0;121.0;134.0;132.0;149.0;32.0;28.0;28.0;54.0;27.0
26218;CORPORACION UNIVERSITARIA AMERICANA;CORPORACION UNIVERSITARIA AMERICANA-BARRANQUILLA;ADMINISTRACIÓN PÚBLICA;ADMINISTRACIÓN;ATLANTICO;BARRANQUILLA;29;140.0;142.0;133.0;142.0;145.0;136.0;29.0;28.0;31.0;25.0;31.0
32162;CORPORACION UNIVERSITARIA AMERICANA;CORPORACION UNIVERSITARIA AMERICANA-BARRANQUILLA;ADMINISTRACIÓN PÚBLICA;SIN CLASIFICAR;ATLANTICO;BARRANQUILLA;2;102.0;128.0;115.0;73.0;128.0;66.0;18.0;24.0;103.0;8.0;93.0
27937;CORPORACION UNIVERSITARIA AMERICANA;CORPORACION UNIVERSITARIA AMERICANA-BARRANQUILLA;COMUNICACIONES Y MARKETING;COMUNICACIÓN SOCIAL, PERIODISMO Y AFINES;ATLANTICO;BARRANQUILLA;1;133.0;144.0;88.0;130.0;159.0;144.0;0.0;0.0;0.0;0.0;0.0
25386;CORPORACION UNIVERSITARIA AMERICANA;CORPORACION UNIVERSITARIA AMERICANA-BARRANQUILLA;COMUNICACIÓN SOCIAL;COMUNICACIÓN SOCIAL, PERIODISMO Y AFINES;ATLANTICO;BARRANQUILLA;17;131.0;141.0;124.0;123.0;134.0;132.0;28.0;25.0;29.0;24.0;32.0
4528;CORPORACION UNIVERSITARIA AMERICANA;CORPORACION UNIVERSITARIA AMERICANA-BARRANQUILLA;CONTADURIA PUBLICA;CONTADURÍA PUBLICA;ATLANTICO;BARRANQUILLA;98;132.0;132.0;130.0;127.0;140.0;129.0;25.0;25.0;30.0;40.0;23.0
7955;CORPORACION UNIVERSITARIA AMERICANA;CORPORACION UNIVERSITARIA AMERICANA-BARRANQUILLA;CONTADURIA PUBLICA;CONTADURÍA PUBLICA;ATLANTICO;BARRANQUILLA;122;133.0;135.0;131.0;122.0;141.0;133.0;26.0;25.0;28.0;24.0;21.0
8363;CORPORACION UNIVERSITARIA AMERICANA;CORPORACION UNIVERSITARIA AMERICANA-BARRANQUILLA;CONTADURIA PUBLICA;CONTADURÍA PUBLICA;ATLANTICO;BARRANQUILLA;30;132.0;135.0;123.0;123.0;142.0;138.0;24.0;27.0;30.0;34.0;27.0
9199;CORPORACION UNIVERSITARIA AMERICANA;CORPORACION UNIVERSITARIA AMERICANA-BARRANQUILLA;CONTADURIA PUBLICA;CONTADURÍA PUBLICA;ATLANTICO;BARRANQUILLA;91;136.0;139.0;132.0;130.0;143.0;136.0;23.0;24.0;27.0;25.0;24.0
32255;CORPORACION UNIVERSITARIA AMERICANA;CORPORACION UNIVERSITARIA AMERICANA-BARRANQUILLA;Contaduría Pública;SIN CLASIFICAR;ATLANTICO;BARRANQUILLA;1;131.0;154.0;145.0;121.0;129.0;104.0;0.0;0.0;0.0;0.0;0.0
330;CORPORACION UNIVERSITARIA AMERICANA;CORPORACION UNIVERSITARIA AMERICANA-BARRANQUILLA;DERECHO;DERECHO Y AFINES;ATLANTICO;BARRANQUILLA;353;136.0;143.0;123.0;143.0;143.0;129.0;27.0;27.0;30.0;34.0;26.0
3975;CORPORACION UNIVERSITARIA AMERICANA;CORPORACION UNIVERSITARIA AMERICANA-BARRANQUILLA;DERECHO;DERECHO Y AFINES;ATLANTICO;BARRANQUILLA;210;134.0;139.0;121.0;141.0;147.0;122.0;27.0;25.0;29.0;31.0;24.0
1659;CORPORACION UNIVERSITARIA AMERICANA;CORPORACION UNIVERSITARIA AMERICANA-BARRANQUILLA;INGENIERIA DE SISTEMAS;INGENIERÍA DE SISTEMAS, TELEMÁTICA Y AFINES;ATLANTICO;BARRANQUILLA;64;141.0;143.0;143.0;133.0;139.0;150.0;26.0;27.0;31.0;31.0;32.0
4480;CORPORACION UNIVERSITARIA AMERICANA;CORPORACION UNIVERSITARIA AMERICANA-BARRANQUILLA;INGENIERIA DE SISTEMAS;INGENIERÍA DE SISTEMAS, TELEMÁTICA Y AFINES;ATLANTICO;BARRANQUILLA;39;139.0;141.0;140.0;127.0;137.0;152.0;25.0;27.0;35.0;42.0;28.0
7793;CORPORACION UNIVERSITARIA AMERICANA;CORPORACION UNIVERSITARIA AMERICANA-BARRANQUILLA;INGENIERIA INDUSTRIAL;INGENIERÍA INDUSTRIAL Y AFINES;ATLANTICO;BARRANQUILLA;34;137.0;139.0;135.0;121.0;150.0;141.0;27.0;26.0;26.0;32.0;15.0
8088;CORPORACION UNIVERSITARIA AMERICANA;CORPORACION UNIVERSITARIA AMERICANA-BARRANQUILLA;INGENIERIA INDUSTRIAL;INGENIERÍA INDUSTRIAL Y AFINES;ATLANTICO;BARRANQUILLA;6;136.0;128.0;142.0;119.0;152.0;138.0;17.0;19.0;25.0;28.0;23.0
9652;CORPORACION UNIVERSITARIA AMERICANA;CORPORACION UNIVERSITARIA AMERICANA-BARRANQUILLA;INGENIERIA INDUSTRIAL;INGENIERÍA INDUSTRIAL Y AFINES;ATLANTICO;BARRANQUILLA;74;135.0;135.0;136.0;132.0;143.0;131.0;24.0;27.0;28.0;29.0;24.0
30930;CORPORACION UNIVERSITARIA AMERICANA;CORPORACION UNIVERSITARIA AMERICANA-BARRANQUILLA;INGENIERÍA EN SEGURIDAD Y SALUD EN EL TRABAJO;INGENIERÍA INDUSTRIAL Y AFINES;ATLANTICO;BARRANQUILLA;13;131.0;130.0;122.0;128.0;144.0;133.0;20.0;26.0;20.0;23.0;25.0
9629;CORPORACION UNIVERSITARIA AMERICANA;CORPORACION UNIVERSITARIA AMERICANA-BARRANQUILLA;LICENCIATURA EN EDUCACION BILINGUE;EDUCACIÓN;ATLANTICO;BARRANQUILLA;28;149.0;154.0;125.0;137.0;148.0;180.0;24.0;20.0;31.0;49.0;22.0
25239;CORPORACION UNIVERSITARIA AMERICANA;CORPORACION UNIVERSITARIA AMERICANA-BARRANQUILLA;LICENCIATURA EN EDUCACIÓN INFANTIL;EDUCACIÓN;ATLANTICO;BARRANQUILLA;10;129.0;133.0;122.0;112.0;144.0;134.0;25.0;26.0;28.0;28.0;17.0
25240;CORPORACION UNIVERSITARIA AMERICANA;CORPORACION UNIVERSITARIA AMERICANA-BARRANQUILLA;LICENCIATURA EN EDUCACIÓN INFANTIL;EDUCACIÓN;ATLANTICO;BARRANQUILLA;43;121.0;123.0;109.0;116.0;128.0;130.0;26.0;22.0;24.0;43.0;24.0
9788;CORPORACION UNIVERSITARIA AMERICANA;CORPORACION UNIVERSITARIA AMERICANA-BARRANQUILLA;LICENCIATURA EN PEDAGOGIA DE LA PRIMERA INFANCIA;EDUCACIÓN;ATLANTICO;BARRANQUILLA;41;129.0;134.0;118.0;121.0;142.0;128.0;24.0;22.0;25.0;44.0;19.0
2970;CORPORACION UNIVERSITARIA AMERICANA;CORPORACION UNIVERSITARIA AMERICANA-BARRANQUILLA;NEGOCIOS INTERNACIONALES;ADMINISTRACIÓN;ATLANTICO;BARRANQUILLA;22;132.0;132.0;133.0;119.0;133.0;144.0;27.0;22.0;26.0;24.0;28.0
7388;CORPORACION UNIVERSITARIA AMERICANA;CORPORACION UNIVERSITARIA AMERICANA-BARRANQUILLA;NEGOCIOS INTERNACIONALES;ADMINISTRACIÓN;ATLANTICO;BARRANQUILLA;66;137.0;139.0;129.0;125.0;144.0;145.0;24.0;24.0;29.0;23.0;25.0
9753;CORPORACION UNIVERSITARIA AMERICANA;CORPORACION UNIVERSITARIA AMERICANA-BARRANQUILLA;NEGOCIOS INTERNACIONALES;ADMINISTRACIÓN;ATLANTICO;BARRANQUILLA;70;133.0;136.0;123.0;124.0;140.0;140.0;27.0;28.0;31.0;31.0;29.0
26328;CORPORACION UNIVERSITARIA AMERICANA;CORPORACION UNIVERSITARIA AMERICANA-BARRANQUILLA;PSICOLOGÍA;PSICOLOGÍA;ATLANTICO;BARRANQUILLA;47;132.0;146.0;118.0;127.0;128.0;139.0;25.0;22.0;25.0;45.0;23.0
28387;CORPORACION UNIVERSITARIA AMERICANA;CORPORACION UNIVERSITARIA AMERICANA-BARRANQUILLA;PSICOLOGÍA;PSICOLOGÍA;ATLANTICO;BARRANQUILLA;13;135.0;134.0;119.0;126.0;166.0;131.0;14.0;20.0;22.0;47.0;21.0
19773;CORPORACION UNIVERSITARIA AUTONOMA DE OCCIDENTE;CORPORACION UNIVERSITARIA AUTONOMA DE OCCIDENTE-CALI;ADMINISTRACION DE EMPRESAS Y GERENCIA INTERNACIONAL;ADMINISTRACIÓN;VALLE;CALI;1;177.0;185.0;173.0;197.0;151.0;178.0;0.0;0.0;0.0;0.0;0.0
2737;CORPORACION UNIVERSITARIA AUTONOMA DEL CAUCA;CORPORACION UNIVERSITARIA AUTONOMA DEL CAUCA-POPAYAN;ADMINISTRACION DE EMPRESAS;ADMINISTRACIÓN;CAUCA;POPAYÁN;34;142.0;147.0;140.0;137.0;145.0;142.0;24.0;26.0;28.0;45.0;29.0
8939;CORPORACION UNIVERSITARIA AUTONOMA DEL CAUCA;CORPORACION UNIVERSITARIA AUTONOMA DEL CAUCA-POPAYAN;CONTADURIA PUBLICA;CONTADURÍA PUBLICA;CAUCA;POPAYÁN;10;144.0;153.0;136.0;146.0;151.0;133.0;22.0;24.0;30.0;30.0;24.0
684;CORPORACION UNIVERSITARIA AUTONOMA DEL CAUCA;CORPORACION UNIVERSITARIA AUTONOMA DEL CAUCA-POPAYAN;DERECHO;DERECHO Y AFINES;CAUCA;POPAYÁN;101;146.0;154.0;133.0;156.0;144.0;143.0;25.0;26.0;34.0;34.0;27.0
8877;CORPORACION UNIVERSITARIA AUTONOMA DEL CAUCA;CORPORACION UNIVERSITARIA AUTONOMA DEL CAUCA-POPAYAN;ENTRENAMIENTO DEPORTIVO;DEPORTES, EDUCACIÓN FÍSICA Y RECREACIÓN;CAUCA;POPAYÁN;48;133.0;134.0;132.0;120.0;141.0;136.0;27.0;23.0;27.0;25.0;25.0
2895;CORPORACION UNIVERSITARIA AUTONOMA DEL CAUCA;CORPORACION UNIVERSITARIA AUTONOMA DEL CAUCA-POPAYAN;FINANZAS Y NEGOCIOS INTERNACIONALES;ADMINISTRACIÓN;CAUCA;POPAYÁN;10;142.0;129.0;151.0;141.0;137.0;151.0;29.0;34.0;38.0;24.0;24.0
6183;CORPORACION UNIVERSITARIA AUTONOMA DEL CAUCA;CORPORACION UNIVERSITARIA AUTONOMA DEL CAUCA-POPAYAN;INGENIERIA AMBIENTAL Y SANITARIA;INGENIERÍA AMBIENTAL, SANITARIA Y AFINES;CAUCA;POPAYÁN;16;132.0;127.0;138.0;120.0;143.0;133.0;25.0;32.0;23.0;22.0;19.0
28492;CORPORACION UNIVERSITARIA AUTONOMA DEL CAUCA;CORPORACION UNIVERSITARIA AUTONOMA DEL CAUCA-POPAYAN;INGENIERIA DE SOFTWARE Y COMPUTACIÓN;INGENIERÍA DE SISTEMAS, TELEMÁTICA Y AFINES;CAUCA;POPAYÁN;11;141.0;137.0;145.0;120.0;144.0;160.0;26.0;24.0;26.0;34.0;22.0
5278;CORPORACION UNIVERSITARIA AUTONOMA DEL CAUCA;CORPORACION UNIVERSITARIA AUTONOMA DEL CAUCA-POPAYAN;INGENIERIA ELECTRONICA;INGENIERÍA ELECTRÓNICA, TELECOMUNICACIONES Y AFINES;CAUCA;POPAYÁN;19;144.0;141.0;156.0;132.0;150.0;144.0;21.0;24.0;31.0;30.0;22.0
28111;CORPORACION UNIVERSITARIA AUTONOMA DEL CAUCA;CORPORACION UNIVERSITARIA AUTONOMA DEL CAUCA-POPAYAN;INGENIERÍA AMBIENTAL Y DE SANEAMIENTO;INGENIERÍA AMBIENTAL, SANITARIA Y AFINES;CAUCA;POPAYÁN;5;146.0;151.0;151.0;135.0;157.0;138.0;26.0;26.0;22.0;21.0;20.0
28445;CORPORACION UNIVERSITARIA AUTONOMA DEL CAUCA;CORPORACION UNIVERSITARIA AUTONOMA DEL CAUCA-POPAYAN;LICENCIATURA EN EDUCACION INFANTIL;EDUCACIÓN;CAUCA;POPAYÁN;15;133.0;137.0;116.0;128.0;152.0;133.0;20.0;19.0;30.0;28.0;23.0
4314;CORPORACION UNIVERSITARIA CENTRO SUPERIOR;CORPORACION UNIVERSITARIA CENTRO SUPERIOR - UNICUCES-CALI;ADMINISTRACION DE EMPRESAS;ADMINISTRACIÓN;VALLE;CALI;24;131.0;132.0;126.0;126.0;137.0;132.0;29.0;31.0;35.0;37.0;27.0
736;CORPORACION UNIVERSITARIA CENTRO SUPERIOR;CORPORACION UNIVERSITARIA CENTRO SUPERIOR - UNICUCES-CALI;ADMINISTRACIÓN LOGISTICA;ADMINISTRACIÓN;VALLE;CALI;1;138.0;142.0;148.0;111.0;135.0;153.0;0.0;0.0;0.0;0.0;0.0
8615;CORPORACION UNIVERSITARIA CENTRO SUPERIOR;CORPORACION UNIVERSITARIA CENTRO SUPERIOR - UNICUCES-CALI;COMERCIO Y FINANZAS INTERNACIONALES;ECONOMÍA;VALLE;CALI;25;141.0;145.0;135.0;131.0;147.0;146.0;25.0;17.0;32.0;28.0;22.0
6956;CORPORACION UNIVERSITARIA CENTRO SUPERIOR;CORPORACION UNIVERSITARIA CENTRO SUPERIOR - UNICUCES-CALI;CONTADURIA PUBLICA;CONTADURÍA PUBLICA;VALLE;CALI;40;134.0;137.0;130.0;127.0;140.0;136.0;26.0;23.0;29.0;23.0;27.0
6637;CORPORACION UNIVERSITARIA CENTRO SUPERIOR;CORPORACION UNIVERSITARIA CENTRO SUPERIOR - UNICUCES-CALI;INGENIERIA DE SISTEMAS;INGENIERÍA DE SISTEMAS, TELEMÁTICA Y AFINES;VALLE;CALI;18;144.0;144.0;142.0;127.0;150.0;156.0;26.0;23.0;34.0;24.0;26.0
718;CORPORACION UNIVERSITARIA CENTRO SUPERIOR;CORPORACION UNIVERSITARIA CENTRO SUPERIOR - UNICUCES-CALI;INGENIERIA INDUSTRIAL;INGENIERÍA INDUSTRIAL Y AFINES;VALLE;CALI;31;141.0;140.0;146.0;132.0;150.0;135.0;22.0;25.0;36.0;30.0;24.0
3589;CORPORACION UNIVERSITARIA DE ASTURIAS;CORPORACION UNIVERSITARIA DE ASTURIAS-BOGOTÁ D.C.;ADMINISTRACION Y DIRECCION DE EMPRESAS;ADMINISTRACIÓN;BOGOTÁ;BOGOTÁ D.C.;362;136.0;139.0;129.0;133.0;142.0;134.0;26.0;26.0;29.0;32.0;27.0
31260;CORPORACION UNIVERSITARIA DE ASTURIAS;CORPORACION UNIVERSITARIA DE ASTURIAS-BOGOTÁ D.C.;ADMINISTRACIÓN EN SEGURIDAD Y SALUD EN EL TRABAJO;ADMINISTRACIÓN;BOGOTÁ;BOGOTÁ D.C.;1;117.0;111.0;124.0;110.0;116.0;122.0;0.0;0.0;0.0;0.0;0.0
28475;CORPORACION UNIVERSITARIA DE ASTURIAS;CORPORACION UNIVERSITARIA DE ASTURIAS-BOGOTÁ D.C.;CONTADURÍA_PÚBLICA;CONTADURÍA PUBLICA;BOGOTÁ;BOGOTÁ D.C.;111;138.0;142.0;134.0;135.0;147.0;134.0;27.0;26.0;29.0;27.0;24.0
7544;CORPORACION UNIVERSITARIA DE ASTURIAS;CORPORACION UNIVERSITARIA DE ASTURIAS-BOGOTÁ D.C.;ECONOMÍA;ECONOMÍA;BOGOTÁ;BOGOTÁ D.C.;51;144.0;148.0;141.0;142.0;148.0;144.0;30.0;28.0;35.0;50.0;34.0
25746;CORPORACION UNIVERSITARIA DE ASTURIAS;CORPORACION UNIVERSITARIA DE ASTURIAS-BOGOTÁ D.C.;MERCADEO DIGITAL;PUBLICIDAD Y AFINES;BOGOTÁ;BOGOTÁ D.C.;71;142.0;148.0;135.0;136.0;145.0;147.0;29.0;29.0;29.0;41.0;32.0
8722;CORPORACION UNIVERSITARIA DE ASTURIAS;CORPORACION UNIVERSITARIA DE ASTURIAS-BOGOTÁ D.C.;NEGOCIOS INTERNACIONALES;ADMINISTRACIÓN;BOGOTÁ;BOGOTÁ D.C.;88;144.0;145.0;137.0;137.0;152.0;148.0;25.0;24.0;28.0;35.0;30.0
25904;CORPORACION UNIVERSITARIA DE CATALUÑA;CORPORACION UNIVERSITARIA DE CATALUÑA;ADMINISTRACIÓN DE EMPRESAS;ADMINISTRACIÓN;BOGOTÁ;BOGOTÁ D.C.;187;140.0;142.0;134.0;133.0;144.0;145.0;27.0;28.0;31.0;33.0;34.0
26512;CORPORACION UNIVERSITARIA DE CATALUÑA;CORPORACION UNIVERSITARIA DE CATALUÑA;INGENIERÍA INFORMÁTICA;INGENIERÍA DE SISTEMAS, TELEMÁTICA Y AFINES;BOGOTÁ;BOGOTÁ D.C.;106;146.0;146.0;149.0;136.0;147.0;153.0;28.0;26.0;32.0;36.0;25.0
1402;CORPORACION UNIVERSITARIA DE CIENCIA Y DESARROLLO;CORPORACION UNIVERSITARIA DE CIENCIA Y DESARROLLO - UNICIENCIA-BOGOTÁ D.C.;ADMINISTRACION DE EMPRESAS;ADMINISTRACIÓN;BOGOTÁ;BOGOTÁ D.C.;25;126.0;129.0;118.0;127.0;137.0;118.0;25.0;23.0;24.0;24.0;17.0
3017;CORPORACION UNIVERSITARIA DE CIENCIA Y DESARROLLO;CORPORACION UNIVERSITARIA DE CIENCIA Y DESARROLLO - UNICIENCIA-BOGOTÁ D.C.;ADMINISTRACION DE EMPRESAS;ADMINISTRACIÓN;BOGOTÁ;BOGOTÁ D.C.;4;150.0;157.0;144.0;158.0;141.0;152.0;20.0;39.0;31.0;13.0;20.0
6014;CORPORACION UNIVERSITARIA DE CIENCIA Y DESARROLLO;CORPORACION UNIVERSITARIA DE CIENCIA Y DESARROLLO - UNICIENCIA-BOGOTÁ D.C.;ADMINISTRACION DE EMPRESAS;ADMINISTRACIÓN;BOGOTÁ;BOGOTÁ D.C.;77;141.0;144.0;139.0;135.0;147.0;142.0;30.0;29.0;32.0;43.0;28.0
2301;CORPORACION UNIVERSITARIA DE CIENCIA Y DESARROLLO;CORPORACION UNIVERSITARIA DE CIENCIA Y DESARROLLO - UNICIENCIA-BOGOTÁ D.C.;CONTADURIA PUBLICA;CONTADURÍA PUBLICA;BOGOTÁ;BOGOTÁ D.C.;1;139.0;126.0;149.0;131.0;157.0;130.0;0.0;0.0;0.0;0.0;0.0
5058;CORPORACION UNIVERSITARIA DE CIENCIA Y DESARROLLO;CORPORACION UNIVERSITARIA DE CIENCIA Y DESARROLLO - UNICIENCIA-BOGOTÁ D.C.;CONTADURIA PUBLICA;CONTADURÍA PUBLICA;BOGOTÁ;BOGOTÁ D.C.;1;129.0;127.0;122.0;115.0;154.0;129.0;0.0;0.0;0.0;0.0;0.0
6017;CORPORACION UNIVERSITARIA DE CIENCIA Y DESARROLLO;CORPORACION UNIVERSITARIA DE CIENCIA Y DESARROLLO - UNICIENCIA-BOGOTÁ D.C.;CONTADURIA PUBLICA;CONTADURÍA PUBLICA;BOGOTÁ;BOGOTÁ D.C.;67;141.0;141.0;144.0;137.0;145.0;138.0;24.0;29.0;32.0;31.0;27.0
441;CORPORACION UNIVERSITARIA DE CIENCIA Y DESARROLLO;CORPORACION UNIVERSITARIA DE CIENCIA Y DESARROLLO - UNICIENCIA-BOGOTÁ D.C.;DERECHO;DERECHO Y AFINES;BOGOTÁ;BOGOTÁ D.C.;43;149.0;154.0;133.0;157.0;158.0;142.0;34.0;31.0;31.0;36.0;27.0
2690;CORPORACION UNIVERSITARIA DE CIENCIA Y DESARROLLO;CORPORACION UNIVERSITARIA DE CIENCIA Y DESARROLLO - UNICIENCIA-BOGOTÁ D.C.;DERECHO;DERECHO Y AFINES;BOGOTÁ;BOGOTÁ D.C.;182;142.0;146.0;133.0;148.0;148.0;136.0;28.0;30.0;30.0;36.0;30.0
4155;CORPORACION UNIVERSITARIA DE CIENCIA Y DESARROLLO;CORPORACION UNIVERSITARIA DE CIENCIA Y DESARROLLO - UNICIENCIA-BOGOTÁ D.C.;DERECHO;DERECHO Y AFINES;BOGOTÁ;BOGOTÁ D.C.;1;179.0;184.0;159.0;180.0;169.0;204.0;0.0;0.0;0.0;0.0;0.0
24833;CORPORACION UNIVERSITARIA DE CIENCIA Y DESARROLLO;CORPORACION UNIVERSITARIA DE CIENCIA Y DESARROLLO - UNICIENCIA-BOGOTÁ D.C.;DERECHO;DERECHO Y AFINES;BOGOTÁ;BOGOTÁ D.C.;48;144.0;146.0;137.0;150.0;153.0;134.0;28.0;26.0;29.0;20.0;24.0
1518;CORPORACION UNIVERSITARIA DE CIENCIA Y DESARROLLO;CORPORACION UNIVERSITARIA DE CIENCIA Y DESARROLLO - UNICIENCIA-BOGOTÁ D.C.;DISEÑO DE MODAS;DISEÑO;BOGOTÁ;BOGOTÁ D.C.;7;160.0;156.0;161.0;149.0;169.0;163.0;19.0;16.0;19.0;21.0;24.0
7542;CORPORACION UNIVERSITARIA DE CIENCIA Y DESARROLLO;CORPORACION UNIVERSITARIA DE CIENCIA Y DESARROLLO - UNICIENCIA-BOGOTÁ D.C.;ECONOMIA;ECONOMÍA;BOGOTÁ;BOGOTÁ D.C.;16;150.0;149.0;141.0;155.0;154.0;150.0;25.0;23.0;27.0;27.0;34.0
25798;CORPORACION UNIVERSITARIA DE CIENCIA Y DESARROLLO;CORPORACION UNIVERSITARIA DE CIENCIA Y DESARROLLO - UNICIENCIA-BOGOTÁ D.C.;INGENIERIA DE SISTEMAS;INGENIERÍA DE SISTEMAS, TELEMÁTICA Y AFINES;BOGOTÁ;BOGOTÁ D.C.;11;149.0;148.0;157.0;130.0;149.0;159.0;17.0;29.0;16.0;25.0;24.0
25651;CORPORACION UNIVERSITARIA DE CIENCIA Y DESARROLLO;CORPORACION UNIVERSITARIA DE CIENCIA Y DESARROLLO - UNICIENCIA-BOGOTÁ D.C.;INGENIERIA INDUSTRIAL;INGENIERÍA QUÍMICA Y AFINES;BOGOTÁ;BOGOTÁ D.C.;17;147.0;139.0;150.0;133.0;155.0;159.0;32.0;22.0;32.0;24.0;46.0
9555;CORPORACION UNIVERSITARIA DE CIENCIA Y DESARROLLO;CORPORACION UNIVERSITARIA DE CIENCIA Y DESARROLLO - UNICIENCIA-BOGOTÁ D.C.;INGENIERÍA DE SISTEMAS;INGENIERÍA DE SISTEMAS, TELEMÁTICA Y AFINES;BOGOTÁ;BOGOTÁ D.C.;41;152.0;146.0;151.0;149.0;155.0;160.0;30.0;28.0;31.0;26.0;23.0
3833;CORPORACION UNIVERSITARIA DE CIENCIA Y DESARROLLO;CORPORACION UNIVERSITARIA DE CIENCIA Y DESARROLLO - UNICIENCIA-BOGOTÁ D.C.;PUBLICIDAD;PUBLICIDAD Y AFINES;BOGOTÁ;BOGOTÁ D.C.;8;135.0;146.0;119.0;122.0;137.0;154.0;20.0;23.0;26.0;62.0;25.0
8521;CORPORACION UNIVERSITARIA DE CIENCIA Y TECNOLOGIA DE COLOMBIA;CORPORACION UNIVERSITARIA U DE COLOMBIA-MEDELLIN;ADMINISTRACIÓN FINANCIERA;ADMINISTRACIÓN;ANTIOQUIA;MEDELLÍN;39;143.0;147.0;139.0;144.0;152.0;133.0;25.0;26.0;24.0;25.0;23.0
8944;CORPORACION UNIVERSITARIA DE CIENCIA Y TECNOLOGIA DE COLOMBIA;CORPORACION UNIVERSITARIA U DE COLOMBIA-MEDELLIN;CONTADURÍA PÚBLICA;CONTADURÍA PUBLICA;ANTIOQUIA;MEDELLÍN;47;142.0;144.0;140.0;136.0;155.0;135.0;25.0;24.0;31.0;33.0;28.0
7728;CORPORACION UNIVERSITARIA DE CIENCIA Y TECNOLOGIA DE COLOMBIA;CORPORACION UNIVERSITARIA U DE COLOMBIA-MEDELLIN;DERECHO;DERECHO Y AFINES;ANTIOQUIA;MEDELLÍN;17;146.0;159.0;130.0;159.0;147.0;135.0;25.0;31.0;23.0;46.0;19.0
7691;CORPORACION UNIVERSITARIA DE CIENCIA Y TECNOLOGIA DE COLOMBIA;CORPORACION UNIVERSITARIA U DE COLOMBIA-MEDELLIN;INGENIERIA COMERCIAL;INGENIERÍA ADMINISTRATIVA Y AFINES;ANTIOQUIA;MEDELLÍN;1;140.0;111.0;135.0;122.0;171.0;161.0;0.0;0.0;0.0;0.0;0.0
30863;CORPORACION UNIVERSITARIA DE CIENCIA Y TECNOLOGIA DE COLOMBIA;CORPORACION UNIVERSITARIA U DE COLOMBIA-MEDELLIN;PROFESIONAL EN SISTEMAS DE INFORMACION ORGANIZACIONAL;INGENIERÍA DE SISTEMAS, TELEMÁTICA Y AFINES;ANTIOQUIA;MEDELLÍN;1;148.0;161.0;154.0;116.0;171.0;138.0;0.0;0.0;0.0;0.0;0.0
30769;CORPORACION UNIVERSITARIA DE CIENCIA Y TECNOLOGIA DE COLOMBIA;CORPORACION UNIVERSITARIA U DE COLOMBIA-MEDELLIN;SEGURIDAD Y SALUD EN EL TRABAJO;INGENIERÍA INDUSTRIAL Y AFINES;ANTIOQUIA;MEDELLÍN;17;122.0;132.0;119.0;114.0;130.0;114.0;25.0;20.0;31.0;44.0;22.0
25091;CORPORACION UNIVERSITARIA DE CIENCIAS EMPRESARIALES, EDUCACION Y SALUD -CORSALUD-;CORPORACION UNIVERSITARIA DE CIENCIAS EMPRESARIALES, EDUCACION Y SALUD -CORSALUD-BARRANQUILLA;INGENIERÍA AMBIENTAL;INGENIERÍA QUÍMICA Y AFINES;ATLANTICO;BARRANQUILLA;28;132.0;136.0;127.0;132.0;143.0;124.0;23.0;23.0;19.0;37.0;22.0
25733;CORPORACION UNIVERSITARIA DE CIENCIAS EMPRESARIALES, EDUCACION Y SALUD -CORSALUD-;CORPORACION UNIVERSITARIA DE CIENCIAS EMPRESARIALES, EDUCACION Y SALUD -CORSALUD-BARRANQUILLA;INGENIERÍA INDUSTRIAL;INGENIERÍA QUÍMICA Y AFINES;ATLANTICO;BARRANQUILLA;32;141.0;148.0;145.0;131.0;141.0;140.0;25.0;27.0;28.0;36.0;17.0
8374;CORPORACION UNIVERSITARIA DE CIENCIAS EMPRESARIALES, EDUCACION Y SALUD -CORSALUD-;CORPORACION UNIVERSITARIA DE CIENCIAS EMPRESARIALES, EDUCACION Y SALUD -CORSALUD-BARRANQUILLA;SEGURIDAD Y SALUD EN EL TRABAJO;SALUD PUBLICA;ATLANTICO;BARRANQUILLA;5;120.0;127.0;131.0;117.0;106.0;119.0;27.0;23.0;10.0;62.0;18.0
18815;CORPORACION UNIVERSITARIA DE CIENCIAS EMPRESARIALES, EDUCACION Y SALUD -CORSALUD-;CORPORACION UNIVERSITARIA DE CIENCIAS EMPRESARIALES, EDUCACION Y SALUD -CORSALUD-BARRANQUILLA;SEGURIDAD Y SALUD EN EL TRABAJO;SALUD PUBLICA;ATLANTICO;BARRANQUILLA;17;125.0;128.0;112.0;119.0;142.0;123.0;22.0;27.0;27.0;21.0;26.0
3018;CORPORACION UNIVERSITARIA DE COLOMBIA IDEAS;CORPORACION UNIVERSITARIA DE COLOMBIA IDEAS-BOGOTÁ D.C.;DERECHO;DERECHO Y AFINES;BOGOTÁ;BOGOTÁ D.C.;1;129.0;118.0;140.0;115.0;145.0;126.0;0.0;0.0;0.0;0.0;0.0
954;CORPORACION UNIVERSITARIA DE INVESTIGACION Y DESARROLLO -;UNIVERSIDAD DE INVESTIGACION Y DESARROLLO - UDI - BUCARAMANGA;ADMINISTRACION DE EMPRESAS;ADMINISTRACIÓN;SANTANDER;BUCARAMANGA;25;149.0;152.0;150.0;146.0;150.0;150.0;25.0;21.0;26.0;23.0;27.0
2813;CORPORACION UNIVERSITARIA DE INVESTIGACION Y DESARROLLO -;UNIVERSIDAD DE INVESTIGACION Y DESARROLLO - UDI - BUCARAMANGA;ADMINISTRACION DE EMPRESAS;ADMINISTRACIÓN;SANTANDER;BUCARAMANGA;10;159.0;157.0;152.0;156.0;162.0;166.0;23.0;23.0;34.0;19.0;15.0
4116;CORPORACION UNIVERSITARIA DE INVESTIGACION Y DESARROLLO -;UNIVERSIDAD DE INVESTIGACION Y DESARROLLO - UDI - BUCARAMANGA;ADMINISTRACIÓN DE EMPRESAS;ADMINISTRACIÓN;SANTANDER;BUCARAMANGA;8;143.0;134.0;135.0;138.0;166.0;145.0;17.0;26.0;19.0;32.0;23.0
9547;CORPORACION UNIVERSITARIA DE INVESTIGACION Y DESARROLLO -;UNIVERSIDAD DE INVESTIGACION Y DESARROLLO - UDI - BUCARAMANGA;ADMINISTRACIÓN DE EMPRESAS;ADMINISTRACIÓN;SANTANDER;BUCARAMANGA;26;146.0;149.0;148.0;148.0;144.0;141.0;25.0;28.0;27.0;25.0;28.0
9574;CORPORACION UNIVERSITARIA DE INVESTIGACION Y DESARROLLO -;UNIVERSIDAD DE INVESTIGACION Y DESARROLLO - UDI - BUCARAMANGA;ADMINISTRACIÓN DE EMPRESAS TURÍSTICAS Y HOTELERAS;ADMINISTRACIÓN;SANTANDER;BUCARAMANGA;3;171.0;182.0;139.0;174.0;178.0;185.0;7.0;29.0;20.0;6.0;30.0
4428;CORPORACION UNIVERSITARIA DE INVESTIGACION Y DESARROLLO -;UNIVERSIDAD DE INVESTIGACION Y DESARROLLO - UDI - BUCARAMANGA;COMUNICACIÓN SOCIAL;COMUNICACIÓN SOCIAL, PERIODISMO Y AFINES;SANTANDER;BUCARAMANGA;10;148.0;168.0;120.0;139.0;142.0;168.0;26.0;29.0;38.0;54.0;31.0
2601;CORPORACION UNIVERSITARIA DE INVESTIGACION Y DESARROLLO -;UNIVERSIDAD DE INVESTIGACION Y DESARROLLO - UDI - BUCARAMANGA;CONTADURÍA PÚBLICA;CONTADURÍA PUBLICA;SANTANDER;BUCARAMANGA;15;150.0;152.0;150.0;140.0;158.0;149.0;21.0;23.0;30.0;22.0;15.0
4931;CORPORACION UNIVERSITARIA DE INVESTIGACION Y DESARROLLO -;UNIVERSIDAD DE INVESTIGACION Y DESARROLLO - UDI - BUCARAMANGA;CRIMINALISTICA;FORMACIÓN RELACIONADA CON EL CAMPO MILITAR O POLICIAL;SANTANDER;BUCARAMANGA;31;150.0;149.0;141.0;140.0;163.0;158.0;27.0;26.0;30.0;36.0;24.0
8591;CORPORACION UNIVERSITARIA DE INVESTIGACION Y DESARROLLO -;UNIVERSIDAD DE INVESTIGACION Y DESARROLLO - UDI - BUCARAMANGA;DERECHO;DERECHO Y AFINES;SANTANDER;BUCARAMANGA;26;155.0;166.0;134.0;165.0;155.0;152.0;21.0;28.0;23.0;29.0;39.0
25804;CORPORACION UNIVERSITARIA DE INVESTIGACION Y DESARROLLO -;UNIVERSIDAD DE INVESTIGACION Y DESARROLLO - UDI - BUCARAMANGA;DERECHO;DERECHO Y AFINES;SANTANDER;BUCARAMANGA;2;156.0;176.0;151.0;156.0;149.0;147.0;29.0;4.0;19.0;15.0;12.0
6871;CORPORACION UNIVERSITARIA DE INVESTIGACION Y DESARROLLO -;UNIVERSIDAD DE INVESTIGACION Y DESARROLLO - UDI - BUCARAMANGA;DISEÑO GRAFICO;DISEÑO;SANTANDER;BUCARAMANGA;54;153.0;163.0;141.0;143.0;138.0;179.0;26.0;29.0;28.0;51.0;26.0
8567;CORPORACION UNIVERSITARIA DE INVESTIGACION Y DESARROLLO -;UNIVERSIDAD DE INVESTIGACION Y DESARROLLO - UDI - BUCARAMANGA;DISEÑO GRÁFICO;DISEÑO;SANTANDER;BUCARAMANGA;9;157.0;159.0;149.0;140.0;153.0;185.0;38.0;26.0;47.0;32.0;26.0
9760;CORPORACION UNIVERSITARIA DE INVESTIGACION Y DESARROLLO -;UNIVERSIDAD DE INVESTIGACION Y DESARROLLO - UDI - BUCARAMANGA;DISEÑO GRÁFICO;DISEÑO;SANTANDER;BUCARAMANGA;15;149.0;159.0;134.0;140.0;153.0;161.0;23.0;25.0;26.0;19.0;24.0
5844;CORPORACION UNIVERSITARIA DE INVESTIGACION Y DESARROLLO -;UNIVERSIDAD DE INVESTIGACION Y DESARROLLO - UDI - BUCARAMANGA;DISEÑO INDUSTRIAL;DISEÑO;SANTANDER;BUCARAMANGA;14;157.0;159.0;152.0;151.0;145.0;180.0;26.0;26.0;25.0;25.0;25.0
1291;CORPORACION UNIVERSITARIA DE INVESTIGACION Y DESARROLLO -;UNIVERSIDAD DE INVESTIGACION Y DESARROLLO - UDI - BUCARAMANGA;INGENIERIA DE SISTEMAS;INGENIERÍA DE SISTEMAS, TELEMÁTICA Y AFINES;SANTANDER;BUCARAMANGA;16;151.0;155.0;159.0;135.0;144.0;163.0;27.0;23.0;32.0;27.0;25.0
2262;CORPORACION UNIVERSITARIA DE INVESTIGACION Y DESARROLLO -;UNIVERSIDAD DE INVESTIGACION Y DESARROLLO - UDI - BUCARAMANGA;INGENIERIA DE SISTEMAS;INGENIERÍA DE SISTEMAS, TELEMÁTICA Y AFINES;SANTANDER;BUCARAMANGA;22;155.0;155.0;160.0;136.0;158.0;166.0;32.0;33.0;32.0;21.0;24.0
5482;CORPORACION UNIVERSITARIA DE INVESTIGACION Y DESARROLLO -;UNIVERSIDAD DE INVESTIGACION Y DESARROLLO - UDI - BUCARAMANGA;INGENIERIA DE SISTEMAS;INGENIERÍA DE SISTEMAS, TELEMÁTICA Y AFINES;SANTANDER;BUCARAMANGA;2;160.0;137.0;126.0;163.0;215.0;160.0;2.0;33.0;8.0;120.0;13.0
1398;CORPORACION UNIVERSITARIA DE INVESTIGACION Y DESARROLLO -;UNIVERSIDAD DE INVESTIGACION Y DESARROLLO - UDI - BUCARAMANGA;INGENIERIA ELECTRONICA;INGENIERÍA ELECTRÓNICA, TELECOMUNICACIONES Y AFINES;SANTANDER;BUCARAMANGA;5;149.0;157.0;153.0;127.0;148.0;159.0;19.0;11.0;13.0;17.0;28.0
3165;CORPORACION UNIVERSITARIA DE INVESTIGACION Y DESARROLLO -;UNIVERSIDAD DE INVESTIGACION Y DESARROLLO - UDI - BUCARAMANGA;INGENIERIA ELECTRONICA;INGENIERÍA ELECTRÓNICA, TELECOMUNICACIONES Y AFINES;SANTANDER;BUCARAMANGA;1;127.0;144.0;147.0;119.0;119.0;108.0;0.0;0.0;0.0;0.0;0.0
4901;CORPORACION UNIVERSITARIA DE INVESTIGACION Y DESARROLLO -;UNIVERSIDAD DE INVESTIGACION Y DESARROLLO - UDI - BUCARAMANGA;INGENIERIA INDUSTRIAL;INGENIERÍA INDUSTRIAL Y AFINES;SANTANDER;BUCARAMANGA;17;145.0;145.0;147.0;132.0;151.0;149.0;34.0;25.0;33.0;24.0;28.0
6711;CORPORACION UNIVERSITARIA DE INVESTIGACION Y DESARROLLO -;UNIVERSIDAD DE INVESTIGACION Y DESARROLLO - UDI - BUCARAMANGA;INGENIERIA INDUSTRIAL;INGENIERÍA INDUSTRIAL Y AFINES;SANTANDER;BUCARAMANGA;12;141.0;145.0;141.0;127.0;147.0;147.0;27.0;28.0;24.0;25.0;17.0
9815;CORPORACION UNIVERSITARIA DE INVESTIGACION Y DESARROLLO -;UNIVERSIDAD DE INVESTIGACION Y DESARROLLO - UDI - BUCARAMANGA;INGENIERÍA CIVIL;INGENIERÍA CIVIL Y AFINES;SANTANDER;BUCARAMANGA;7;143.0;135.0;146.0;145.0;158.0;133.0;26.0;24.0;32.0;19.0;12.0
8651;CORPORACION UNIVERSITARIA DE INVESTIGACION Y DESARROLLO -;UNIVERSIDAD DE INVESTIGACION Y DESARROLLO - UDI - BUCARAMANGA;INGENIERÍA INDUSTRIAL;INGENIERÍA INDUSTRIAL Y AFINES;SANTANDER;BUCARAMANGA;5;156.0;155.0;161.0;150.0;161.0;152.0;18.0;14.0;10.0;11.0;25.0
5863;CORPORACION UNIVERSITARIA DE INVESTIGACION Y DESARROLLO -;UNIVERSIDAD DE INVESTIGACION Y DESARROLLO - UDI - BUCARAMANGA;NEGOCIOS INTERNACIONALES;ECONOMÍA;SANTANDER;BUCARAMANGA;34;152.0;154.0;141.0;147.0;155.0;165.0;24.0;25.0;27.0;21.0;19.0
7927;CORPORACION UNIVERSITARIA DE INVESTIGACION Y DESARROLLO -;UNIVERSIDAD DE INVESTIGACION Y DESARROLLO - UDI - BUCARAMANGA;PSICOLOGIA;PSICOLOGÍA;SANTANDER;BUCARAMANGA;7;142.0;143.0;121.0;139.0;160.0;150.0;27.0;24.0;26.0;24.0;30.0
2521;CORPORACION UNIVERSITARIA DE INVESTIGACION Y DESARROLLO -;UNIVERSIDAD DE INVESTIGACION Y DESARROLLO - UDI - BUCARAMANGA;PSICOLOGÍA;PSICOLOGÍA;SANTANDER;BUCARAMANGA;72;151.0;159.0;134.0;151.0;157.0;154.0;25.0;23.0;30.0;23.0;22.0
5875;CORPORACION UNIVERSITARIA DE INVESTIGACION Y DESARROLLO -;UNIVERSIDAD DE INVESTIGACION Y DESARROLLO - UDI - BUCARAMANGA;PSICOLOGÍA;PSICOLOGÍA;SANTANDER;BUCARAMANGA;4;128.0;140.0;126.0;139.0;107.0;128.0;20.0;30.0;35.0;80.0;23.0
9795;CORPORACION UNIVERSITARIA DE INVESTIGACION Y DESARROLLO -;UNIVERSIDAD DE INVESTIGACION Y DESARROLLO - UDI - BUCARAMANGA;PSICOLOGÍA;PSICOLOGÍA;SANTANDER;BUCARAMANGA;99;140.0;143.0;124.0;139.0;149.0;143.0;30.0;23.0;30.0;33.0;28.0
1236;CORPORACION UNIVERSITARIA DE INVESTIGACION Y DESARROLLO -;UNIVERSIDAD DE INVESTIGACION Y DESARROLLO - UDI - BUCARAMANGA;PUBLICIDAD;PUBLICIDAD Y AFINES;SANTANDER;BUCARAMANGA;9;154.0;156.0;148.0;149.0;153.0;164.0;17.0;13.0;18.0;20.0;11.0
9732;CORPORACION UNIVERSITARIA DE INVESTIGACION Y DESARROLLO -;UNIVERSIDAD DE INVESTIGACION Y DESARROLLO - UDI - BUCARAMANGA;PUBLICIDAD Y MARKETING DIGITAL;PUBLICIDAD Y AFINES;SANTANDER;BUCARAMANGA;10;148.0;164.0;132.0;138.0;145.0;160.0;20.0;28.0;30.0;26.0;33.0
31881;CORPORACION UNIVERSITARIA DE INVESTIGACION Y DESARROLLO -;UNIVERSIDAD DE INVESTIGACION Y DESARROLLO - UDI - BUCARAMANGA;Psicología;SIN CLASIFICAR;SANTANDER;BUCARAMANGA;1;152.0;157.0;128.0;143.0;190.0;144.0;0.0;0.0;0.0;0.0;0.0
3106;CORPORACION UNIVERSITARIA DE LA COSTA CUC;CORPORACION UNIVERSIDAD DE LA COSTA, CUC-BARRANQUILLA;ADMINISTRACION DE EMPRESAS;ADMINISTRACIÓN;ATLANTICO;BARRANQUILLA;149;144.0;148.0;135.0;137.0;147.0;152.0;27.0;27.0;32.0;31.0;32.0
7620;CORPORACION UNIVERSITARIA DE LA COSTA CUC;CORPORACION UNIVERSIDAD DE LA COSTA, CUC-BARRANQUILLA;ADMINISTRACIÓN DE EMPRESAS;ADMINISTRACIÓN;ATLANTICO;BARRANQUILLA;5;152.0;150.0;147.0;156.0;149.0;160.0;24.0;21.0;16.0;27.0;31.0
5003;CORPORACION UNIVERSITARIA DE LA COSTA CUC;CORPORACION UNIVERSIDAD DE LA COSTA, CUC-BARRANQUILLA;ADMINISTRACIÓN DE SERVICIOS DE SALUD;ADMINISTRACIÓN;ATLANTICO;BARRANQUILLA;47;132.0;136.0;119.0;127.0;148.0;127.0;21.0;23.0;24.0;23.0;22.0
2180;CORPORACION UNIVERSITARIA DE LA COSTA CUC;CORPORACION UNIVERSIDAD DE LA COSTA, CUC-BARRANQUILLA;ARQUITECTURA;ARQUITECTURA;ATLANTICO;BARRANQUILLA;195;144.0;147.0;140.0;131.0;147.0;154.0;27.0;25.0;31.0;38.0;30.0
8667;CORPORACION UNIVERSITARIA DE LA COSTA CUC;CORPORACION UNIVERSIDAD DE LA COSTA, CUC-BARRANQUILLA;BANCA Y FINANZAS;ECONOMÍA;ATLANTICO;BARRANQUILLA;2;143.0;144.0;135.0;128.0;170.0;139.0;11.0;10.0;52.0;23.0;16.0
8797;CORPORACION UNIVERSITARIA DE LA COSTA CUC;CORPORACION UNIVERSIDAD DE LA COSTA, CUC-BARRANQUILLA;COMUNICACIÓN SOCIAL Y MEDIOS DIGITALES;COMUNICACIÓN SOCIAL, PERIODISMO Y AFINES;ATLANTICO;BARRANQUILLA;70;143.0;149.0;122.0;137.0;149.0;157.0;25.0;23.0;31.0;41.0;32.0
880;CORPORACION UNIVERSITARIA DE LA COSTA CUC;CORPORACION UNIVERSIDAD DE LA COSTA, CUC-BARRANQUILLA;CONTADURIA PUBLICA;CONTADURÍA PUBLICA;ATLANTICO;BARRANQUILLA;99;145.0;149.0;144.0;141.0;148.0;144.0;25.0;24.0;34.0;30.0;30.0
173;CORPORACION UNIVERSITARIA DE LA COSTA CUC;CORPORACION UNIVERSIDAD DE LA COSTA, CUC-BARRANQUILLA;DERECHO;DERECHO Y AFINES;ATLANTICO;BARRANQUILLA;132;148.0;157.0;128.0;159.0;151.0;146.0;28.0;26.0;28.0;34.0;31.0
7871;CORPORACION UNIVERSITARIA DE LA COSTA CUC;CORPORACION UNIVERSIDAD DE LA COSTA, CUC-BARRANQUILLA;DERECHO;DERECHO Y AFINES;ATLANTICO;BARRANQUILLA;55;139.0;145.0;127.0;149.0;140.0;133.0;22.0;24.0;23.0;36.0;21.0
4653;CORPORACION UNIVERSITARIA DE LA COSTA CUC;CORPORACION UNIVERSIDAD DE LA COSTA, CUC-BARRANQUILLA;INGENIERIA AMBIENTAL;INGENIERÍA AMBIENTAL, SANITARIA Y AFINES;ATLANTICO;BARRANQUILLA;66;150.0;154.0;145.0;143.0;154.0;155.0;31.0;29.0;32.0;35.0;33.0
2622;CORPORACION UNIVERSITARIA DE LA COSTA CUC;CORPORACION UNIVERSIDAD DE LA COSTA, CUC-BARRANQUILLA;INGENIERIA CIVIL;INGENIERÍA CIVIL Y AFINES;ATLANTICO;BARRANQUILLA;350;148.0;147.0;156.0;140.0;147.0;148.0;28.0;29.0;30.0;33.0;30.0
4149;CORPORACION UNIVERSITARIA DE LA COSTA CUC;CORPORACION UNIVERSIDAD DE LA COSTA, CUC-BARRANQUILLA;INGENIERIA DE SISTEMAS;INGENIERÍA DE SISTEMAS, TELEMÁTICA Y AFINES;ATLANTICO;BARRANQUILLA;84;154.0;157.0;156.0;142.0;147.0;167.0;25.0;28.0;34.0;32.0;31.0
33;CORPORACION UNIVERSITARIA DE LA COSTA CUC;CORPORACION UNIVERSIDAD DE LA COSTA, CUC-BARRANQUILLA;INGENIERIA ELECTRICA;INGENIERÍA ELÉCTRICA Y AFINES;ATLANTICO;BARRANQUILLA;92;147.0;144.0;154.0;137.0;153.0;146.0;26.0;26.0;33.0;34.0;33.0
6366;CORPORACION UNIVERSITARIA DE LA COSTA CUC;CORPORACION UNIVERSIDAD DE LA COSTA, CUC-BARRANQUILLA;INGENIERIA ELECTRONICA;INGENIERÍA CIVIL Y AFINES;ATLANTICO;BARRANQUILLA;27;162.0;161.0;170.0;148.0;152.0;181.0;26.0;20.0;40.0;40.0;36.0
5069;CORPORACION UNIVERSITARIA DE LA COSTA CUC;CORPORACION UNIVERSIDAD DE LA COSTA, CUC-BARRANQUILLA;INGENIERIA INDUSTRIAL;INGENIERÍA INDUSTRIAL Y AFINES;ATLANTICO;BARRANQUILLA;157;146.0;149.0;146.0;135.0;146.0;153.0;25.0;25.0;30.0;33.0;33.0
25973;CORPORACION UNIVERSITARIA DE LA COSTA CUC;CORPORACION UNIVERSIDAD DE LA COSTA, CUC-BARRANQUILLA;INGENIERÍA MECÁNICA;INGENIERÍA MECÁNICA Y AFINES;ATLANTICO;BARRANQUILLA;46;155.0;154.0;164.0;139.0;156.0;161.0;26.0;28.0;31.0;26.0;28.0
5036;CORPORACION UNIVERSITARIA DE LA COSTA CUC;CORPORACION UNIVERSIDAD DE LA COSTA, CUC-BARRANQUILLA;LICENCIATURA EN EDUCACIÓN BÁSICA PRIMARIA;EDUCACIÓN;ATLANTICO;BARRANQUILLA;55;144.0;151.0;125.0;142.0;152.0;152.0;24.0;25.0;23.0;27.0;26.0
7497;CORPORACION UNIVERSITARIA DE LA COSTA CUC;CORPORACION UNIVERSIDAD DE LA COSTA, CUC-BARRANQUILLA;MERCADEO Y PUBLICIDAD;ADMINISTRACIÓN;ATLANTICO;BARRANQUILLA;43;142.0;144.0;126.0;133.0;148.0;158.0;26.0;27.0;32.0;36.0;33.0
7861;CORPORACION UNIVERSITARIA DE LA COSTA CUC;CORPORACION UNIVERSIDAD DE LA COSTA, CUC-BARRANQUILLA;NEGOCIOS INTERNACIONALES;ADMINISTRACIÓN;ATLANTICO;BARRANQUILLA;117;155.0;160.0;138.0;150.0;151.0;174.0;26.0;28.0;29.0;40.0;32.0
3636;CORPORACION UNIVERSITARIA DE LA COSTA CUC;CORPORACION UNIVERSIDAD DE LA COSTA, CUC-BARRANQUILLA;PSICOLOGIA;PSICOLOGÍA;ATLANTICO;BARRANQUILLA;169;145.0;153.0;127.0;145.0;148.0;154.0;25.0;26.0;29.0;34.0;32.0
30895;CORPORACION UNIVERSITARIA DE SABANETA J. EMILIO VALDERRAMA;CORPORACION UNIVERSITARIA DE SABANETA- UNISABANETA-SABANETA;ADMINISTRACIÓN AERONÁUTICA;ADMINISTRACIÓN;ANTIOQUIA;SABANETA;7;153.0;155.0;147.0;143.0;151.0;167.0;28.0;44.0;32.0;48.0;48.0
4001;CORPORACION UNIVERSITARIA DE SABANETA J. EMILIO VALDERRAMA;CORPORACION UNIVERSITARIA DE SABANETA- UNISABANETA-SABANETA;ADMINISTRACIÓN DE EMPRESAS;ADMINISTRACIÓN;ANTIOQUIA;SABANETA;35;139.0;142.0;132.0;137.0;136.0;151.0;30.0;21.0;27.0;42.0;22.0
20696;CORPORACION UNIVERSITARIA DE SABANETA J. EMILIO VALDERRAMA;CORPORACION UNIVERSITARIA DE SABANETA- UNISABANETA-SABANETA;CONTADURÍA PÚBLICA;CONTADURÍA PUBLICA;ANTIOQUIA;SABANETA;23;135.0;140.0;127.0;128.0;144.0;138.0;27.0;26.0;28.0;27.0;30.0
4395;CORPORACION UNIVERSITARIA DE SABANETA J. EMILIO VALDERRAMA;CORPORACION UNIVERSITARIA DE SABANETA- UNISABANETA-SABANETA;DERECHO;DERECHO Y AFINES;ANTIOQUIA;SABANETA;56;145.0;155.0;126.0;152.0;156.0;136.0;27.0;28.0;32.0;36.0;33.0
25717;CORPORACION UNIVERSITARIA DE SABANETA J. EMILIO VALDERRAMA;CORPORACION UNIVERSITARIA DE SABANETA- UNISABANETA-SABANETA;DERECHO;DERECHO Y AFINES;ANTIOQUIA;SABANETA;13;136.0;143.0;119.0;150.0;131.0;138.0;19.0;23.0;15.0;46.0;26.0
4407;CORPORACION UNIVERSITARIA DE SABANETA J. EMILIO VALDERRAMA;CORPORACION UNIVERSITARIA DE SABANETA- UNISABANETA-SABANETA;INGENIERÍA INFORMÁTICA;INGENIERÍA DE SISTEMAS, TELEMÁTICA Y AFINES;ANTIOQUIA;SABANETA;19;146.0;138.0;152.0;130.0;146.0;166.0;29.0;20.0;45.0;30.0;45.0
2084;CORPORACION UNIVERSITARIA DE SABANETA J. EMILIO VALDERRAMA;CORPORACION UNIVERSITARIA DE SABANETA- UNISABANETA-SABANETA;NEGOCIOS INTERNACIONALES;ADMINISTRACIÓN;ANTIOQUIA;SABANETA;6;156.0;162.0;151.0;156.0;151.0;160.0;16.0;15.0;21.0;28.0;29.0
333;CORPORACION UNIVERSITARIA DE SANTA ROSA DE CABAL-UNISARC-;CORPORACION UNIVERSITARIA DE SANTA ROSA DE CABAL-UNISARC-SANTA ROSA DE CABAL;BIOLOGIA;BIOLOGÍA, MICROBIOLOGÍA Y AFINES;RISARALDA;SANTA ROSA DE CABAL;4;155.0;179.0;172.0;147.0;102.0;179.0;18.0;29.0;32.0;68.0;24.0
4624;CORPORACION UNIVERSITARIA DE SANTA ROSA DE CABAL-UNISARC-;CORPORACION UNIVERSITARIA DE SANTA ROSA DE CABAL-UNISARC-SANTA ROSA DE CABAL;INGENIERÍA AGRONÓMICA;AGRONOMÍA;RISARALDA;SANTA ROSA DE CABAL;43;139.0;145.0;136.0;134.0;138.0;141.0;25.0;27.0;24.0;43.0;30.0
9106;CORPORACION UNIVERSITARIA DE SANTA ROSA DE CABAL-UNISARC-;CORPORACION UNIVERSITARIA DE SANTA ROSA DE CABAL-UNISARC-SANTA ROSA DE CABAL;MEDICINA VETERINARIA;MEDICINA VETERINARIA;RISARALDA;SANTA ROSA DE CABAL;92;148.0;151.0;149.0;138.0;151.0;148.0;26.0;23.0;30.0;24.0;24.0
3692;CORPORACION UNIVERSITARIA DE SANTA ROSA DE CABAL-UNISARC-;CORPORACION UNIVERSITARIA DE SANTA ROSA DE CABAL-UNISARC-SANTA ROSA DE CABAL;ZOOTECNIA;ZOOTECNIA;RISARALDA;SANTA ROSA DE CABAL;5;147.0;151.0;146.0;134.0;146.0;157.0;18.0;21.0;29.0;23.0;23.0
7832;CORPORACION UNIVERSITARIA DE SUCRE CORPOSUCRE;CORPORACION UNIVERSITARIA ANTONIO JOSE DE SUCRE - CORPOSUCRE-SINCELEJO;ADMINISTRACION DE EMPRESAS;ADMINISTRACIÓN;SUCRE;SINCELEJO;55;136.0;141.0;132.0;127.0;150.0;130.0;28.0;22.0;23.0;23.0;21.0
6323;CORPORACION UNIVERSITARIA DE SUCRE CORPOSUCRE;CORPORACION UNIVERSITARIA ANTONIO JOSE DE SUCRE - CORPOSUCRE-SINCELEJO;ADMINISTRACION DE NEGOCIOS INTERNACIONALES;ADMINISTRACIÓN;SUCRE;SINCELEJO;24;141.0;139.0;121.0;134.0;153.0;156.0;25.0;24.0;30.0;24.0;22.0
9737;CORPORACION UNIVERSITARIA DE SUCRE CORPOSUCRE;CORPORACION UNIVERSITARIA ANTONIO JOSE DE SUCRE - CORPOSUCRE-SINCELEJO;COMUNICACIÓN SOCIAL;COMUNICACIÓN SOCIAL, PERIODISMO Y AFINES;SUCRE;SINCELEJO;38;140.0;147.0;119.0;137.0;156.0;143.0;21.0;28.0;30.0;24.0;24.0
5837;CORPORACION UNIVERSITARIA DE SUCRE CORPOSUCRE;CORPORACION UNIVERSITARIA ANTONIO JOSE DE SUCRE - CORPOSUCRE-SINCELEJO;CONTADURIA PUBLICA;CONTADURÍA PUBLICA;SUCRE;SINCELEJO;119;135.0;134.0;133.0;124.0;150.0;135.0;24.0;26.0;27.0;28.0;21.0
5901;CORPORACION UNIVERSITARIA DE SUCRE CORPOSUCRE;CORPORACION UNIVERSITARIA ANTONIO JOSE DE SUCRE - CORPOSUCRE-SINCELEJO;DERECHO;DERECHO Y AFINES;SUCRE;SINCELEJO;1;136.0;141.0;122.0;134.0;175.0;107.0;0.0;0.0;0.0;0.0;0.0
8227;CORPORACION UNIVERSITARIA DE SUCRE CORPOSUCRE;CORPORACION UNIVERSITARIA ANTONIO JOSE DE SUCRE - CORPOSUCRE-SINCELEJO;DERECHO;DERECHO Y AFINES;SUCRE;SINCELEJO;22;130.0;127.0;123.0;136.0;142.0;125.0;27.0;32.0;33.0;24.0;33.0
8972;CORPORACION UNIVERSITARIA DE SUCRE CORPOSUCRE;CORPORACION UNIVERSITARIA ANTONIO JOSE DE SUCRE - CORPOSUCRE-SINCELEJO;DERECHO;DERECHO Y AFINES;SUCRE;SINCELEJO;170;141.0;142.0;124.0;145.0;155.0;136.0;27.0;26.0;32.0;27.0;24.0
5216;CORPORACION UNIVERSITARIA DE SUCRE CORPOSUCRE;CORPORACION UNIVERSITARIA ANTONIO JOSE DE SUCRE - CORPOSUCRE-SINCELEJO;FISIOTERAPIA;TERAPIAS;SUCRE;SINCELEJO;72;135.0;142.0;129.0;126.0;139.0;138.0;22.0;21.0;25.0;35.0;19.0
8735;CORPORACION UNIVERSITARIA DE SUCRE CORPOSUCRE;CORPORACION UNIVERSITARIA ANTONIO JOSE DE SUCRE - CORPOSUCRE-SINCELEJO;INGENIERIA DE SISTEMAS;INGENIERÍA DE SISTEMAS, TELEMÁTICA Y AFINES;SUCRE;SINCELEJO;57;138.0;135.0;139.0;127.0;145.0;144.0;28.0;27.0;30.0;32.0;23.0
8231;CORPORACION UNIVERSITARIA DE SUCRE CORPOSUCRE;CORPORACION UNIVERSITARIA ANTONIO JOSE DE SUCRE - CORPOSUCRE-SINCELEJO;INGENIERIA ELECTRONICA;INGENIERÍA ELECTRÓNICA, TELECOMUNICACIONES Y AFINES;SUCRE;SINCELEJO;2;119.0;112.0;122.0;117.0;115.0;130.0;19.0;43.0;11.0;16.0;1.0
8627;CORPORACION UNIVERSITARIA DE SUCRE CORPOSUCRE;CORPORACION UNIVERSITARIA ANTONIO JOSE DE SUCRE - CORPOSUCRE-SINCELEJO;INGENIERÍA DE SISTEMAS;INGENIERÍA DE SISTEMAS, TELEMÁTICA Y AFINES;SUCRE;SINCELEJO;4;126.0;125.0;116.0;120.0;125.0;143.0;31.0;24.0;14.0;17.0;31.0
31131;CORPORACION UNIVERSITARIA DE SUCRE CORPOSUCRE;CORPORACION UNIVERSITARIA ANTONIO JOSE DE SUCRE - CORPOSUCRE-SINCELEJO;PROFESIONAL EN SEGURIDAD Y SALUD EN EL TRABAJO;SIN CLASIFICAR;SUCRE;SINCELEJO;16;131.0;143.0;114.0;123.0;137.0;140.0;24.0;31.0;28.0;24.0;22.0
1283;CORPORACION UNIVERSITARIA DE SUCRE CORPOSUCRE;CORPORACION UNIVERSITARIA ANTONIO JOSE DE SUCRE - CORPOSUCRE-SINCELEJO;PSICOLOGIA;PSICOLOGÍA;SUCRE;SINCELEJO;160;133.0;138.0;117.0;126.0;150.0;133.0;23.0;22.0;25.0;29.0;23.0
1840;CORPORACION UNIVERSITARIA DEL CARIBE;CORPORACION UNIVERSITARIA DEL CARIBE - CECAR-SINCELEJO;ADMINISTRACION DE EMPRESAS;ADMINISTRACIÓN;SUCRE;SINCELEJO;44;135.0;137.0;130.0;121.0;149.0;140.0;23.0;28.0;27.0;32.0;25.0
4238;CORPORACION UNIVERSITARIA DEL CARIBE;CORPORACION UNIVERSITARIA DEL CARIBE - CECAR-SINCELEJO;ADMINISTRACION DE EMPRESAS;ADMINISTRACIÓN;SUCRE;SINCELEJO;98;129.0;132.0;123.0;126.0;130.0;136.0;26.0;27.0;29.0;33.0;19.0
8251;CORPORACION UNIVERSITARIA DEL CARIBE;CORPORACION UNIVERSITARIA DEL CARIBE - CECAR-SINCELEJO;ADMINISTRACION INFORMÁTICA;ADMINISTRACIÓN;SUCRE;SINCELEJO;7;127.0;122.0;123.0;126.0;135.0;127.0;27.0;23.0;29.0;32.0;29.0
537;CORPORACION UNIVERSITARIA DEL CARIBE;CORPORACION UNIVERSITARIA DEL CARIBE - CECAR-SINCELEJO;ADMINISTRACION PUBLICA;ADMINISTRACIÓN;SUCRE;SINCELEJO;25;122.0;127.0;115.0;116.0;137.0;116.0;24.0;20.0;35.0;26.0;19.0
9036;CORPORACION UNIVERSITARIA DEL CARIBE;CORPORACION UNIVERSITARIA DEL CARIBE - CECAR-SINCELEJO;ADMINISTRACION TURÍSTICA;ADMINISTRACIÓN;SUCRE;SINCELEJO;1;150.0;168.0;134.0;181.0;129.0;137.0;0.0;0.0;0.0;0.0;0.0
25655;CORPORACION UNIVERSITARIA DEL CARIBE;CORPORACION UNIVERSITARIA DEL CARIBE - CECAR-SINCELEJO;ADMINISTRACIÓN DE EMPRESAS;ADMINISTRACIÓN;SUCRE;SINCELEJO;2;147.0;132.0;134.0;159.0;159.0;149.0;32.0;23.0;0.0;56.0;5.0
25346;CORPORACION UNIVERSITARIA DEL CARIBE;CORPORACION UNIVERSITARIA DEL CARIBE - CECAR-SINCELEJO;ADMINISTRACIÓN PÚBLICA;ADMINISTRACIÓN;SUCRE;SINCELEJO;8;130.0;129.0;106.0;131.0;161.0;123.0;22.0;26.0;33.0;32.0;30.0
8793;CORPORACION UNIVERSITARIA DEL CARIBE;CORPORACION UNIVERSITARIA DEL CARIBE - CECAR-SINCELEJO;ADMINISTRACIÓN Y NEGOCIOS INTERNACIONALES;ADMINISTRACIÓN;SUCRE;SINCELEJO;4;142.0;158.0;132.0;134.0;145.0;141.0;19.0;31.0;18.0;27.0;35.0
4201;CORPORACION UNIVERSITARIA DEL CARIBE;CORPORACION UNIVERSITARIA DEL CARIBE - CECAR-SINCELEJO;ARQUITECTURA;ARQUITECTURA;SUCRE;SINCELEJO;113;143.0;149.0;141.0;129.0;146.0;148.0;25.0;28.0;32.0;28.0;27.0
6051;CORPORACION UNIVERSITARIA DEL CARIBE;CORPORACION UNIVERSITARIA DEL CARIBE - CECAR-SINCELEJO;CIENCIAS DEL DEPORTE Y LA ACTIVIDAD FISICA;DEPORTES, EDUCACIÓN FÍSICA Y RECREACIÓN;SUCRE;SINCELEJO;65;131.0;134.0;126.0;120.0;142.0;134.0;25.0;20.0;23.0;34.0;22.0
5971;CORPORACION UNIVERSITARIA DEL CARIBE;CORPORACION UNIVERSITARIA DEL CARIBE - CECAR-SINCELEJO;CONTADURIA PUBLICA;CONTADURÍA PUBLICA;SUCRE;SINCELEJO;3;110.0;108.0;104.0;90.0;117.0;128.0;21.0;24.0;6.0;13.0;28.0
5989;CORPORACION UNIVERSITARIA DEL CARIBE;CORPORACION UNIVERSITARIA DEL CARIBE - CECAR-SINCELEJO;CONTADURIA PUBLICA;CONTADURÍA PUBLICA;SUCRE;SINCELEJO;59;136.0;135.0;139.0;124.0;146.0;136.0;26.0;23.0;27.0;44.0;20.0
25656;CORPORACION UNIVERSITARIA DEL CARIBE;CORPORACION UNIVERSITARIA DEL CARIBE - CECAR-SINCELEJO;CONTADURÍA PÚBLICA;CONTADURÍA PUBLICA;SUCRE;SINCELEJO;12;131.0;130.0;134.0;115.0;146.0;128.0;22.0;24.0;27.0;24.0;18.0
512;CORPORACION UNIVERSITARIA DEL CARIBE;CORPORACION UNIVERSITARIA DEL CARIBE - CECAR-SINCELEJO;DERECHO;DERECHO Y AFINES;SUCRE;SINCELEJO;137;145.0;152.0;128.0;152.0;153.0;140.0;26.0;26.0;31.0;25.0;29.0
25493;CORPORACION UNIVERSITARIA DEL CARIBE;CORPORACION UNIVERSITARIA DEL CARIBE - CECAR-SINCELEJO;DISEÑO INDUSTRIAL;INGENIERÍA INDUSTRIAL Y AFINES;SUCRE;SINCELEJO;6;149.0;160.0;122.0;142.0;162.0;160.0;22.0;45.0;34.0;24.0;29.0
4249;CORPORACION UNIVERSITARIA DEL CARIBE;CORPORACION UNIVERSITARIA DEL CARIBE - CECAR-SINCELEJO;ECONOMIA;ECONOMÍA;SUCRE;SINCELEJO;14;143.0;140.0;142.0;139.0;139.0;154.0;28.0;26.0;30.0;31.0;24.0
1374;CORPORACION UNIVERSITARIA DEL CARIBE;CORPORACION UNIVERSITARIA DEL CARIBE - CECAR-SINCELEJO;INGENIERIA DE SISTEMAS;INGENIERÍA DE SISTEMAS, TELEMÁTICA Y AFINES;SUCRE;SINCELEJO;59;150.0;150.0;152.0;137.0;148.0;164.0;22.0;24.0;25.0;26.0;30.0
2696;CORPORACION UNIVERSITARIA DEL CARIBE;CORPORACION UNIVERSITARIA DEL CARIBE - CECAR-SINCELEJO;INGENIERIA INDUSTRIAL;INGENIERÍA INDUSTRIAL Y AFINES;SUCRE;SINCELEJO;65;142.0;144.0;143.0;127.0;148.0;146.0;25.0;25.0;29.0;25.0;23.0
4722;CORPORACION UNIVERSITARIA DEL CARIBE;CORPORACION UNIVERSITARIA DEL CARIBE - CECAR-SINCELEJO;LICENCIATURA EN EDUCACION BASICA CON ENFASIS EN CIENCIAS NATURALES Y EDUCACION AMBIENTAL;EDUCACIÓN;SUCRE;SINCELEJO;2;120.0;110.0;114.0;115.0;131.0;128.0;19.0;16.0;30.0;2.0;21.0
17714;CORPORACION UNIVERSITARIA DEL CARIBE;CORPORACION UNIVERSITARIA DEL CARIBE - CECAR-SINCELEJO;LICENCIATURA EN EDUCACION INFANTIL;EDUCACIÓN;SUCRE;SINCELEJO;1;103.0;136.0;119.0;132.0;0.0;130.0;0.0;0.0;0.0;0.0;0.0
7492;CORPORACION UNIVERSITARIA DEL CARIBE;CORPORACION UNIVERSITARIA DEL CARIBE - CECAR-SINCELEJO;LICENCIATURA EN INGLÉS;EDUCACIÓN;SUCRE;SINCELEJO;113;144.0;145.0;124.0;134.0;146.0;170.0;26.0;30.0;32.0;38.0;23.0
7267;CORPORACION UNIVERSITARIA DEL CARIBE;CORPORACION UNIVERSITARIA DEL CARIBE - CECAR-SINCELEJO;LICENCIATURA EN LINGUISTICA Y LITERATURA;EDUCACIÓN;SUCRE;SINCELEJO;46;142.0;152.0;116.0;136.0;160.0;147.0;23.0;24.0;39.0;25.0;23.0
30707;CORPORACION UNIVERSITARIA DEL CARIBE;CORPORACION UNIVERSITARIA DEL CARIBE - CECAR-SINCELEJO;LICENCIATURA EN LITERATURA Y LENGUA CASATELLANA;EDUCACIÓN;SUCRE;SINCELEJO;3;139.0;133.0;138.0;121.0;160.0;145.0;16.0;7.0;23.0;39.0;18.0
8424;CORPORACION UNIVERSITARIA DEL CARIBE;CORPORACION UNIVERSITARIA DEL CARIBE - CECAR-SINCELEJO;LICENCIATURA EN PEDAGOGÍA INFANTIL;EDUCACIÓN;SUCRE;SINCELEJO;41;136.0;144.0;121.0;128.0;152.0;133.0;24.0;21.0;20.0;35.0;20.0
9780;CORPORACION UNIVERSITARIA DEL CARIBE;CORPORACION UNIVERSITARIA DEL CARIBE - CECAR-SINCELEJO;LICENCIATURA EN PEDAGOGÍA INFANTIL;EDUCACIÓN;SUCRE;SINCELEJO;153;123.0;129.0;110.0;118.0;139.0;120.0;24.0;23.0;27.0;36.0;19.0
5588;CORPORACION UNIVERSITARIA DEL CARIBE;CORPORACION UNIVERSITARIA DEL CARIBE - CECAR-SINCELEJO;PSICOLOGIA;PSICOLOGÍA;SUCRE;SINCELEJO;93;137.0;145.0;119.0;136.0;145.0;138.0;24.0;21.0;28.0;36.0;32.0
5990;CORPORACION UNIVERSITARIA DEL CARIBE;CORPORACION UNIVERSITARIA DEL CARIBE - CECAR-SINCELEJO;TRABAJO SOCIAL;SOCIOLOGÍA, TRABAJO SOCIAL Y AFINES;SUCRE;SINCELEJO;135;131.0;138.0;114.0;124.0;147.0;131.0;25.0;22.0;27.0;30.0;22.0
1779;CORPORACION UNIVERSITARIA DEL HUILA-CORHUILA-;CORPORACION UNIVERSITARIA DEL HUILA-CORHUILA-NEIVA;ADMINISTRACION BANCARIA Y FINANCIERA;ADMINISTRACIÓN;HUILA;NEIVA;43;132.0;129.0;132.0;128.0;137.0;136.0;28.0;28.0;30.0;32.0;22.0
6416;CORPORACION UNIVERSITARIA DEL HUILA-CORHUILA-;CORPORACION UNIVERSITARIA DEL HUILA-CORHUILA-NEIVA;ADMINISTRACION COMERCIAL;ADMINISTRACIÓN;HUILA;NEIVA;22;134.0;134.0;130.0;126.0;145.0;134.0;28.0;26.0;41.0;41.0;41.0
4233;CORPORACION UNIVERSITARIA DEL HUILA-CORHUILA-;CORPORACION UNIVERSITARIA DEL HUILA-CORHUILA-NEIVA;ADMINISTRACION DE EMPRESAS AGROPECUARIAS;ADMINISTRACIÓN;HUILA;NEIVA;2;131.0;131.0;137.0;121.0;161.0;105.0;48.0;45.0;52.0;8.0;18.0
8756;CORPORACION UNIVERSITARIA DEL HUILA-CORHUILA-;CORPORACION UNIVERSITARIA DEL HUILA-CORHUILA-NEIVA;ADMINISTRACIÓN DE EMPRESAS TURISTICAS;ADMINISTRACIÓN;HUILA;NEIVA;10;136.0;138.0;119.0;129.0;140.0;151.0;28.0;32.0;23.0;19.0;32.0
6417;CORPORACION UNIVERSITARIA DEL HUILA-CORHUILA-;CORPORACION UNIVERSITARIA DEL HUILA-CORHUILA-NEIVA;INGENIERIA AMBIENTAL;INGENIERÍA AMBIENTAL, SANITARIA Y AFINES;HUILA;NEIVA;29;137.0;142.0;140.0;126.0;137.0;143.0;25.0;27.0;29.0;18.0;22.0
2673;CORPORACION UNIVERSITARIA DEL HUILA-CORHUILA-;CORPORACION UNIVERSITARIA DEL HUILA-CORHUILA-NEIVA;INGENIERIA DE SISTEMAS;INGENIERÍA DE SISTEMAS, TELEMÁTICA Y AFINES;HUILA;NEIVA;51;138.0;135.0;138.0;121.0;142.0;157.0;28.0;29.0;28.0;26.0;26.0
3054;CORPORACION UNIVERSITARIA DEL HUILA-CORHUILA-;CORPORACION UNIVERSITARIA DEL HUILA-CORHUILA-NEIVA;INGENIERIA INDUSTRIAL;INGENIERÍA INDUSTRIAL Y AFINES;HUILA;NEIVA;93;141.0;140.0;142.0;127.0;150.0;147.0;27.0;28.0;29.0;32.0;28.0
9706;CORPORACION UNIVERSITARIA DEL HUILA-CORHUILA-;CORPORACION UNIVERSITARIA DEL HUILA-CORHUILA-NEIVA;INGENIERIA MECATRONICA;INGENIERÍA MECÁNICA Y AFINES;HUILA;NEIVA;33;149.0;141.0;157.0;130.0;153.0;161.0;30.0;31.0;29.0;36.0;23.0
20683;CORPORACION UNIVERSITARIA DEL HUILA-CORHUILA-;CORPORACION UNIVERSITARIA DEL HUILA-CORHUILA-NEIVA;INGENIERÍA EN ENERGÍAS RENOVABLES;INGENIERÍA ELÉCTRICA Y AFINES;HUILA;NEIVA;25;140.0;139.0;135.0;127.0;148.0;149.0;22.0;27.0;26.0;50.0;29.0
5569;CORPORACION UNIVERSITARIA DEL HUILA-CORHUILA-;CORPORACION UNIVERSITARIA DEL HUILA-CORHUILA-NEIVA;MEDICINA VETERINARIA Y ZOOTECNIA;MEDICINA VETERINARIA;HUILA;NEIVA;74;140.0;141.0;134.0;133.0;142.0;148.0;27.0;23.0;30.0;37.0;33.0
4317;CORPORACION UNIVERSITARIA DEL HUILA-CORHUILA-;CORPORACION UNIVERSITARIA DEL HUILA-CORHUILA-NEIVA;MERCADEO PUBLICIDAD Y VENTAS;ADMINISTRACIÓN;HUILA;NEIVA;29;149.0;143.0;136.0;147.0;142.0;175.0;40.0;31.0;36.0;36.0;40.0
6668;CORPORACION UNIVERSITARIA DEL HUILA-CORHUILA-;CORPORACION UNIVERSITARIA DEL HUILA-CORHUILA-NEIVA;NEGOCIOS INTERNACIONALES;ECONOMÍA;HUILA;NEIVA;53;143.0;144.0;134.0;133.0;151.0;152.0;25.0;27.0;31.0;34.0;27.0
933;CORPORACION UNIVERSITARIA DEL META;CORPORACION UNIVERSITARIA DEL META-VILLAVICENCIO;ADMINISTRACION DE EMPRESAS;ADMINISTRACIÓN;META;VILLAVICENCIO;5;127.0;132.0;121.0;115.0;123.0;144.0;25.0;21.0;21.0;19.0;12.0
5974;CORPORACION UNIVERSITARIA DEL META;CORPORACION UNIVERSITARIA DEL META-VILLAVICENCIO;ARQUITECTURA;ARQUITECTURA;META;VILLAVICENCIO;47;139.0;144.0;145.0;126.0;140.0;139.0;25.0;29.0;30.0;32.0;37.0
1395;CORPORACION UNIVERSITARIA DEL META;CORPORACION UNIVERSITARIA DEL META-VILLAVICENCIO;COMUNICACION SOCIAL     Y     PERIODISMO;COMUNICACIÓN SOCIAL, PERIODISMO Y AFINES;META;VILLAVICENCIO;6;140.0;151.0;126.0;124.0;160.0;137.0;19.0;27.0;35.0;21.0;35.0
934;CORPORACION UNIVERSITARIA DEL META;CORPORACION UNIVERSITARIA DEL META-VILLAVICENCIO;CONTADURIA PUBLICA;CONTADURÍA PUBLICA;META;VILLAVICENCIO;11;139.0;148.0;129.0;138.0;141.0;139.0;25.0;26.0;36.0;26.0;24.0
2223;CORPORACION UNIVERSITARIA DEL META;CORPORACION UNIVERSITARIA DEL META-VILLAVICENCIO;DERECHO;DERECHO Y AFINES;META;VILLAVICENCIO;69;148.0;153.0;139.0;162.0;146.0;139.0;21.0;26.0;26.0;31.0;24.0
6421;CORPORACION UNIVERSITARIA DEL META;CORPORACION UNIVERSITARIA DEL META-VILLAVICENCIO;INGENIERIA AGROINDUSTRIAL;INGENIERÍA AGROINDUSTRIAL, ALIMENTOS Y AFINES;META;VILLAVICENCIO;11;134.0;131.0;135.0;121.0;139.0;143.0;22.0;19.0;25.0;24.0;17.0
4705;CORPORACION UNIVERSITARIA DEL META;CORPORACION UNIVERSITARIA DEL META-VILLAVICENCIO;INGENIERIA AMBIENTAL;INGENIERÍA AMBIENTAL, SANITARIA Y AFINES;META;VILLAVICENCIO;19;144.0;156.0;141.0;134.0;145.0;145.0;23.0;28.0;37.0;20.0;27.0
3058;CORPORACION UNIVERSITARIA DEL META;CORPORACION UNIVERSITARIA DEL META-VILLAVICENCIO;INGENIERIA CIVIL;INGENIERÍA CIVIL Y AFINES;META;VILLAVICENCIO;37;138.0;138.0;146.0;121.0;143.0;141.0;23.0;25.0;26.0;25.0;23.0
3682;CORPORACION UNIVERSITARIA DEL META;CORPORACION UNIVERSITARIA DEL META-VILLAVICENCIO;INGENIERIA DE SISTEMAS;INGENIERÍA DE SISTEMAS, TELEMÁTICA Y AFINES;META;VILLAVICENCIO;25;150.0;151.0;158.0;140.0;135.0;166.0;27.0;24.0;37.0;47.0;26.0
4706;CORPORACION UNIVERSITARIA DEL META;CORPORACION UNIVERSITARIA DEL META-VILLAVICENCIO;INGENIERIA INDUSTRIAL;INGENIERÍA INDUSTRIAL Y AFINES;META;VILLAVICENCIO;21;139.0;143.0;145.0;136.0;133.0;138.0;21.0;20.0;25.0;37.0;25.0
7767;CORPORACION UNIVERSITARIA DEL META;CORPORACION UNIVERSITARIA DEL META-VILLAVICENCIO;INGENIERÍA DE ALIMENTOS;INGENIERÍA AGROINDUSTRIAL, ALIMENTOS Y AFINES;META;VILLAVICENCIO;2;128.0;154.0;128.0;116.0;112.0;130.0;28.0;21.0;12.0;18.0;28.0
9684;CORPORACION UNIVERSITARIA DEL META;CORPORACION UNIVERSITARIA DEL META-VILLAVICENCIO;INGENIERÍA ELÉCTRICA;INGENIERÍA ELÉCTRICA Y AFINES;META;VILLAVICENCIO;24;138.0;142.0;152.0;121.0;130.0;143.0;26.0;29.0;28.0;35.0;22.0
1009;CORPORACION UNIVERSITARIA DEL META;CORPORACION UNIVERSITARIA DEL META-VILLAVICENCIO;MERCADEO Y PUBLICIDAD;PUBLICIDAD Y AFINES;META;VILLAVICENCIO;13;136.0;141.0;137.0;123.0;138.0;140.0;22.0;23.0;33.0;27.0;22.0
3750;CORPORACION UNIVERSITARIA DEL META;CORPORACION UNIVERSITARIA DEL META-VILLAVICENCIO;MERCADEO Y PUBLICIDAD;ADMINISTRACIÓN;META;VILLAVICENCIO;1;155.0;163.0;203.0;80.0;155.0;172.0;0.0;0.0;0.0;0.0;0.0
2972;CORPORACION UNIVERSITARIA DEL META;CORPORACION UNIVERSITARIA DEL META-VILLAVICENCIO;TRABAJO SOCIAL;SOCIOLOGÍA, TRABAJO SOCIAL Y AFINES;META;VILLAVICENCIO;33;134.0;144.0;119.0;133.0;137.0;137.0;23.0;26.0;26.0;34.0;22.0
2668;CORPORACION UNIVERSITARIA DEL SINU-CUS-;CORPORACION UNIVERSITARIA DEL SINU-CUS-MONTERIA;TRABAJO SOCIAL;SOCIOLOGÍA, TRABAJO SOCIAL Y AFINES;CORDOBA;MONTERÍA;1;124.0;137.0;89.0;150.0;131.0;114.0;0.0;0.0;0.0;0.0;0.0
2330;CORPORACION UNIVERSITARIA EMPRESARIAL ALEXANDER VON HUMBOLDT;CORPORACION UNIVERSITARIA EMPRESARIAL ALEXANDER VON HUMBOLDT - C.U.E.-ARMENIA;ADMINISTRACION DE EMPRESAS;ADMINISTRACIÓN;QUINDIO;ARMENIA;19;154.0;161.0;151.0;148.0;145.0;165.0;24.0;22.0;37.0;26.0;47.0
2142;CORPORACION UNIVERSITARIA EMPRESARIAL ALEXANDER VON HUMBOLDT;CORPORACION UNIVERSITARIA EMPRESARIAL ALEXANDER VON HUMBOLDT - C.U.E.-ARMENIA;DERECHO;DERECHO Y AFINES;QUINDIO;ARMENIA;23;163.0;168.0;137.0;173.0;185.0;152.0;27.0;20.0;29.0;68.0;28.0
765;CORPORACION UNIVERSITARIA EMPRESARIAL ALEXANDER VON HUMBOLDT;CORPORACION UNIVERSITARIA EMPRESARIAL ALEXANDER VON HUMBOLDT - C.U.E.-ARMENIA;ENFERMERIA;ENFERMERÍA;QUINDIO;ARMENIA;26;148.0;145.0;133.0;142.0;176.0;145.0;24.0;23.0;26.0;32.0;24.0
25165;CORPORACION UNIVERSITARIA EMPRESARIAL ALEXANDER VON HUMBOLDT;CORPORACION UNIVERSITARIA EMPRESARIAL ALEXANDER VON HUMBOLDT - C.U.E.-ARMENIA;ENFERMERIA;ENFERMERÍA;QUINDIO;ARMENIA;23;146.0;151.0;132.0;139.0;164.0;146.0;19.0;25.0;30.0;38.0;29.0
24998;CORPORACION UNIVERSITARIA EMPRESARIAL ALEXANDER VON HUMBOLDT;CORPORACION UNIVERSITARIA EMPRESARIAL ALEXANDER VON HUMBOLDT - C.U.E.-ARMENIA;INGENIERÍA DE SOFTWARE;INGENIERÍA DE SISTEMAS, TELEMÁTICA Y AFINES;QUINDIO;ARMENIA;11;184.0;185.0;185.0;183.0;163.0;203.0;24.0;14.0;17.0;28.0;13.0
20774;CORPORACION UNIVERSITARIA EMPRESARIAL ALEXANDER VON HUMBOLDT;CORPORACION UNIVERSITARIA EMPRESARIAL ALEXANDER VON HUMBOLDT - C.U.E.-ARMENIA;INGENIERÍA INDUSTRIAL;INGENIERÍA INDUSTRIAL Y AFINES;QUINDIO;ARMENIA;16;172.0;170.0;178.0;171.0;167.0;176.0;26.0;23.0;29.0;49.0;22.0
26626;CORPORACION UNIVERSITARIA EMPRESARIAL ALEXANDER VON HUMBOLDT;CORPORACION UNIVERSITARIA EMPRESARIAL ALEXANDER VON HUMBOLDT - C.U.E.-ARMENIA;MARKETING DIGITAL Y COMUNICACIÓN ESTRATÉGICA;ADMINISTRACIÓN;QUINDIO;ARMENIA;11;152.0;152.0;141.0;142.0;160.0;165.0;32.0;24.0;34.0;27.0;26.0
8999;CORPORACION UNIVERSITARIA EMPRESARIAL ALEXANDER VON HUMBOLDT;CORPORACION UNIVERSITARIA EMPRESARIAL ALEXANDER VON HUMBOLDT - C.U.E.-ARMENIA;MEDICINA;MEDICINA;QUINDIO;ARMENIA;77;161.0;165.0;145.0;159.0;168.0;169.0;18.0;25.0;25.0;36.0;35.0
6737;CORPORACION UNIVERSITARIA EMPRESARIAL ALEXANDER VON HUMBOLDT;CORPORACION UNIVERSITARIA EMPRESARIAL ALEXANDER VON HUMBOLDT - C.U.E.-ARMENIA;PSICOLOGIA;PSICOLOGÍA;QUINDIO;ARMENIA;46;167.0;174.0;141.0;164.0;185.0;172.0;24.0;26.0;23.0;55.0;31.0
536;CORPORACION UNIVERSITARIA EMPRESARIAL DE SALAMANCA;CORPORACION UNIVERSITARIA EMPRESARIAL DE SALAMANCA-BARRANQUILLA;ADMINISTRACION DE EMPRESAS;ADMINISTRACIÓN;ATLANTICO;BARRANQUILLA;72;136.0;136.0;130.0;131.0;142.0;141.0;27.0;28.0;31.0;43.0;25.0
5171;CORPORACION UNIVERSITARIA EMPRESARIAL DE SALAMANCA;CORPORACION UNIVERSITARIA EMPRESARIAL DE SALAMANCA-BARRANQUILLA;CONTADURIA PUBLICA;CONTADURÍA PUBLICA;ATLANTICO;BARRANQUILLA;41;135.0;138.0;136.0;129.0;138.0;134.0;24.0;27.0;27.0;42.0;23.0
7967;CORPORACION UNIVERSITARIA EMPRESARIAL DE SALAMANCA;CORPORACION UNIVERSITARIA EMPRESARIAL DE SALAMANCA-BARRANQUILLA;FINANZAS Y COMERCIO INTERNACIONAL;ECONOMÍA;ATLANTICO;BARRANQUILLA;20;136.0;140.0;124.0;128.0;145.0;143.0;28.0;27.0;29.0;29.0;28.0
17564;CORPORACION UNIVERSITARIA EMPRESARIAL DE SALAMANCA;CORPORACION UNIVERSITARIA EMPRESARIAL DE SALAMANCA-BARRANQUILLA;INGENIERIA DE SISTEMAS DE INFORMACION;INGENIERÍA DE SISTEMAS, TELEMÁTICA Y AFINES;ATLANTICO;BARRANQUILLA;41;138.0;140.0;134.0;126.0;145.0;144.0;25.0;25.0;27.0;24.0;27.0
28417;CORPORACION UNIVERSITARIA IBEROAMERICANA;CORPORACION UNIVERSITARIA IBEROAMERICANA-BOGOTÁ D.C.;ADMINISTRACION DE EMPRESAS;ADMINISTRACIÓN;BOGOTÁ;BOGOTÁ D.C.;150;137.0;141.0;128.0;133.0;146.0;134.0;25.0;25.0;28.0;32.0;23.0
30745;CORPORACION UNIVERSITARIA IBEROAMERICANA;CORPORACION UNIVERSITARIA IBEROAMERICANA-BOGOTÁ D.C.;ADMINISTRACION EN SALUD;ADMINISTRACIÓN;BOGOTÁ;BOGOTÁ D.C.;68;136.0;140.0;127.0;130.0;148.0;133.0;24.0;23.0;25.0;25.0;22.0
28493;CORPORACION UNIVERSITARIA IBEROAMERICANA;CORPORACION UNIVERSITARIA IBEROAMERICANA-BOGOTÁ D.C.;ADMINISTRACION FINANCIERA;CONTADURÍA PUBLICA;BOGOTÁ;BOGOTÁ D.C.;41;141.0;146.0;140.0;136.0;148.0;135.0;20.0;20.0;24.0;22.0;24.0
3019;CORPORACION UNIVERSITARIA IBEROAMERICANA;CORPORACION UNIVERSITARIA IBEROAMERICANA-BOGOTÁ D.C.;ADMINISTRACION Y FINANZAS;ADMINISTRACIÓN;BOGOTÁ;BOGOTÁ D.C.;1;124.0;126.0;148.0;129.0;114.0;102.0;0.0;0.0;0.0;0.0;0.0
25647;CORPORACION UNIVERSITARIA IBEROAMERICANA;CORPORACION UNIVERSITARIA IBEROAMERICANA-BOGOTÁ D.C.;ADMINISTRACIÓN FINANCIERA;ADMINISTRACIÓN;BOGOTÁ;BOGOTÁ D.C.;57;138.0;141.0;136.0;130.0;141.0;141.0;25.0;28.0;27.0;24.0;25.0
5502;CORPORACION UNIVERSITARIA IBEROAMERICANA;CORPORACION UNIVERSITARIA IBEROAMERICANA-BOGOTÁ D.C.;ADMINISTRACIÓN LOGÍSTICA;ADMINISTRACIÓN;BOGOTÁ;BOGOTÁ D.C.;40;143.0;144.0;138.0;139.0;150.0;143.0;24.0;22.0;28.0;32.0;22.0
5076;CORPORACION UNIVERSITARIA IBEROAMERICANA;CORPORACION UNIVERSITARIA IBEROAMERICANA-BOGOTÁ D.C.;CONTADURIA PUBLICA;CONTADURÍA PUBLICA;BOGOTÁ;BOGOTÁ D.C.;1;141.0;100.0;135.0;151.0;175.0;143.0;0.0;0.0;0.0;0.0;0.0
2160;CORPORACION UNIVERSITARIA IBEROAMERICANA;CORPORACION UNIVERSITARIA IBEROAMERICANA-BOGOTÁ D.C.;CONTADURÍA PÚBLICA;CONTADURÍA PUBLICA;BOGOTÁ;BOGOTÁ D.C.;93;142.0;145.0;143.0;141.0;144.0;139.0;20.0;23.0;28.0;31.0;20.0
9799;CORPORACION UNIVERSITARIA IBEROAMERICANA;CORPORACION UNIVERSITARIA IBEROAMERICANA-BOGOTÁ D.C.;CONTADURÍA PÚBLICA;CONTADURÍA PUBLICA;BOGOTÁ;BOGOTÁ D.C.;242;136.0;141.0;132.0;132.0;143.0;132.0;26.0;26.0;29.0;30.0;22.0
25163;CORPORACION UNIVERSITARIA IBEROAMERICANA;CORPORACION UNIVERSITARIA IBEROAMERICANA-BOGOTÁ D.C.;ECONOMIA;ECONOMÍA;BOGOTÁ;BOGOTÁ D.C.;17;146.0;157.0;137.0;145.0;152.0;137.0;27.0;21.0;30.0;27.0;32.0
3020;CORPORACION UNIVERSITARIA IBEROAMERICANA;CORPORACION UNIVERSITARIA IBEROAMERICANA-BOGOTÁ D.C.;FISIOTERAPIA;TERAPIAS;BOGOTÁ;BOGOTÁ D.C.;200;139.0;148.0;134.0;132.0;143.0;140.0;24.0;21.0;26.0;38.0;25.0
3642;CORPORACION UNIVERSITARIA IBEROAMERICANA;CORPORACION UNIVERSITARIA IBEROAMERICANA-BOGOTÁ D.C.;FONOAUDIOLOGIA;TERAPIAS;BOGOTÁ;BOGOTÁ D.C.;118;148.0;156.0;136.0;145.0;156.0;147.0;23.0;22.0;28.0;25.0;22.0
28592;CORPORACION UNIVERSITARIA IBEROAMERICANA;CORPORACION UNIVERSITARIA IBEROAMERICANA-BOGOTÁ D.C.;INGENIERIA DE SISTEMAS;INGENIERÍA DE SISTEMAS, TELEMÁTICA Y AFINES;BOGOTÁ;BOGOTÁ D.C.;11;156.0;161.0;151.0;159.0;156.0;152.0;17.0;21.0;20.0;21.0;22.0
28064;CORPORACION UNIVERSITARIA IBEROAMERICANA;CORPORACION UNIVERSITARIA IBEROAMERICANA-BOGOTÁ D.C.;INGENIERIA EN CIENCIA DE DATOS;INGENIERÍA ADMINISTRATIVA Y AFINES;BOGOTÁ;BOGOTÁ D.C.;16;166.0;165.0;169.0;154.0;162.0;179.0;22.0;27.0;30.0;24.0;30.0
25966;CORPORACION UNIVERSITARIA IBEROAMERICANA;CORPORACION UNIVERSITARIA IBEROAMERICANA-BOGOTÁ D.C.;INGENIERÍA DE SOFTWARE;INGENIERÍA DE SISTEMAS, TELEMÁTICA Y AFINES;BOGOTÁ;BOGOTÁ D.C.;286;151.0;154.0;150.0;143.0;148.0;158.0;26.0;28.0;30.0;31.0;29.0
20676;CORPORACION UNIVERSITARIA IBEROAMERICANA;CORPORACION UNIVERSITARIA IBEROAMERICANA-BOGOTÁ D.C.;INGENIERÍA INDUSTRIAL;INGENIERÍA INDUSTRIAL Y AFINES;BOGOTÁ;BOGOTÁ D.C.;450;139.0;142.0;139.0;135.0;142.0;136.0;25.0;26.0;30.0;35.0;24.0
28320;CORPORACION UNIVERSITARIA IBEROAMERICANA;CORPORACION UNIVERSITARIA IBEROAMERICANA-BOGOTÁ D.C.;LICENCIATURA EN CIENCIAS SOCIALES;EDUCACIÓN;BOGOTÁ;BOGOTÁ D.C.;139;129.0;135.0;117.0;128.0;145.0;121.0;28.0;27.0;29.0;37.0;26.0
5289;CORPORACION UNIVERSITARIA IBEROAMERICANA;CORPORACION UNIVERSITARIA IBEROAMERICANA-BOGOTÁ D.C.;LICENCIATURA EN EDUCACION ESPECIAL;EDUCACIÓN;BOGOTÁ;BOGOTÁ D.C.;10;141.0;130.0;130.0;133.0;165.0;146.0;23.0;29.0;25.0;52.0;23.0
9485;CORPORACION UNIVERSITARIA IBEROAMERICANA;CORPORACION UNIVERSITARIA IBEROAMERICANA-BOGOTÁ D.C.;LICENCIATURA EN EDUCACION INFANTIL;EDUCACIÓN;BOGOTÁ;BOGOTÁ D.C.;47;131.0;132.0;119.0;125.0;144.0;133.0;25.0;23.0;27.0;27.0;22.0
20677;CORPORACION UNIVERSITARIA IBEROAMERICANA;CORPORACION UNIVERSITARIA IBEROAMERICANA-BOGOTÁ D.C.;LICENCIATURA EN EDUCACIÓN BÁSICA PRIMARIA;EDUCACIÓN;BOGOTÁ;BOGOTÁ D.C.;3;130.0;127.0;135.0;140.0;122.0;126.0;40.0;25.0;25.0;3.0;27.0
5870;CORPORACION UNIVERSITARIA IBEROAMERICANA;CORPORACION UNIVERSITARIA IBEROAMERICANA-BOGOTÁ D.C.;LICENCIATURA EN EDUCACIÓN ESPECIAL;EDUCACIÓN;BOGOTÁ;BOGOTÁ D.C.;1;133.0;167.0;119.0;130.0;122.0;126.0;0.0;0.0;0.0;0.0;0.0
20644;CORPORACION UNIVERSITARIA IBEROAMERICANA;CORPORACION UNIVERSITARIA IBEROAMERICANA-BOGOTÁ D.C.;LICENCIATURA EN EDUCACIÓN ESPECIAL;EDUCACIÓN;BOGOTÁ;BOGOTÁ D.C.;5;138.0;158.0;110.0;134.0;142.0;147.0;14.0;16.0;26.0;17.0;23.0
20620;CORPORACION UNIVERSITARIA IBEROAMERICANA;CORPORACION UNIVERSITARIA IBEROAMERICANA-BOGOTÁ D.C.;LICENCIATURA EN EDUCACIÓN INFANTIL;EDUCACIÓN;BOGOTÁ;BOGOTÁ D.C.;7;123.0;128.0;126.0;109.0;130.0;124.0;27.0;26.0;18.0;60.0;22.0
26291;CORPORACION UNIVERSITARIA IBEROAMERICANA;CORPORACION UNIVERSITARIA IBEROAMERICANA-BOGOTÁ D.C.;LICENCIATURA EN EDUCACIÓN INFANTIL;EDUCACIÓN;BOGOTÁ;BOGOTÁ D.C.;608;124.0;128.0;112.0;120.0;139.0;121.0;24.0;25.0;26.0;36.0;22.0
20773;CORPORACION UNIVERSITARIA IBEROAMERICANA;CORPORACION UNIVERSITARIA IBEROAMERICANA-BOGOTÁ D.C.;LICENCIATURA EN HUMANIDADES Y LENGUA CASTELLANA;EDUCACIÓN;BOGOTÁ;BOGOTÁ D.C.;3;133.0;155.0;125.0;132.0;139.0;115.0;21.0;26.0;30.0;36.0;17.0
28131;CORPORACION UNIVERSITARIA IBEROAMERICANA;CORPORACION UNIVERSITARIA IBEROAMERICANA-BOGOTÁ D.C.;LICENCIATURA EN MATEMATICAS;EDUCACIÓN;BOGOTÁ;BOGOTÁ D.C.;81;136.0;137.0;142.0;127.0;148.0;128.0;27.0;30.0;30.0;35.0;21.0
349;CORPORACION UNIVERSITARIA IBEROAMERICANA;CORPORACION UNIVERSITARIA IBEROAMERICANA-BOGOTÁ D.C.;LICENCIATURA EN PEDAGOGIA INFANTIL;EDUCACIÓN;BOGOTÁ;BOGOTÁ D.C.;2;127.0;138.0;121.0;99.0;156.0;123.0;26.0;35.0;41.0;23.0;11.0
7336;CORPORACION UNIVERSITARIA IBEROAMERICANA;CORPORACION UNIVERSITARIA IBEROAMERICANA-BOGOTÁ D.C.;MARKETING Y NEGOCIOS INTERNACIONALES;ADMINISTRACIÓN;BOGOTÁ;BOGOTÁ D.C.;100;150.0;155.0;146.0;143.0;149.0;157.0;21.0;20.0;25.0;27.0;27.0
30708;CORPORACION UNIVERSITARIA IBEROAMERICANA;CORPORACION UNIVERSITARIA IBEROAMERICANA-BOGOTÁ D.C.;MERCADEO Y PUBLICIDAD;ADMINISTRACIÓN;BOGOTÁ;BOGOTÁ D.C.;29;146.0;151.0;138.0;135.0;160.0;145.0;23.0;21.0;27.0;35.0;22.0
25649;CORPORACION UNIVERSITARIA IBEROAMERICANA;CORPORACION UNIVERSITARIA IBEROAMERICANA-BOGOTÁ D.C.;NEGOCIOS INTERNACIONALES;ADMINISTRACIÓN;BOGOTÁ;BOGOTÁ D.C.;106;141.0;147.0;135.0;137.0;142.0;146.0;27.0;27.0;31.0;40.0;28.0
4660;CORPORACION UNIVERSITARIA IBEROAMERICANA;CORPORACION UNIVERSITARIA IBEROAMERICANA-BOGOTÁ D.C.;PSICOLOGIA;PSICOLOGÍA;BOGOTÁ;BOGOTÁ D.C.;184;147.0;157.0;134.0;145.0;151.0;148.0;23.0;23.0;26.0;35.0;23.0
9530;CORPORACION UNIVERSITARIA IBEROAMERICANA;CORPORACION UNIVERSITARIA IBEROAMERICANA-BOGOTÁ D.C.;PSICOLOGÍA;PSICOLOGÍA;BOGOTÁ;BOGOTÁ D.C.;1138;135.0;143.0;122.0;133.0;145.0;133.0;26.0;26.0;29.0;36.0;26.0
30709;CORPORACION UNIVERSITARIA IBEROAMERICANA;CORPORACION UNIVERSITARIA IBEROAMERICANA-BOGOTÁ D.C.;SEGURIDAD Y SALUD EN EL TRABAJO;INGENIERÍA INDUSTRIAL Y AFINES;BOGOTÁ;BOGOTÁ D.C.;60;132.0;135.0;125.0;127.0;142.0;131.0;20.0;23.0;26.0;36.0;19.0
3882;CORPORACION UNIVERSITARIA LASALLISTA;CORPORACION UNIVERSITARIA LASALLISTA-CALDAS;ADMINISTRACION DE EMPRESAS AGROPECUARIAS;ADMINISTRACIÓN;ANTIOQUIA;CALDAS;8;143.0;148.0;143.0;149.0;122.0;155.0;28.0;35.0;40.0;55.0;31.0
2754;CORPORACION UNIVERSITARIA LASALLISTA;CORPORACION UNIVERSITARIA LASALLISTA-CALDAS;COMUNICACION Y PERIODISMO;COMUNICACIÓN SOCIAL, PERIODISMO Y AFINES;ANTIOQUIA;CALDAS;27;153.0;164.0;129.0;153.0;155.0;161.0;23.0;28.0;29.0;25.0;23.0
5056;CORPORACION UNIVERSITARIA LASALLISTA;CORPORACION UNIVERSITARIA LASALLISTA-CALDAS;DERECHO;DERECHO Y AFINES;ANTIOQUIA;CALDAS;14;148.0;142.0;134.0;159.0;165.0;139.0;23.0;30.0;28.0;46.0;36.0
861;CORPORACION UNIVERSITARIA LASALLISTA;CORPORACION UNIVERSITARIA LASALLISTA-CALDAS;INGENIERIA AMBIENTAL;INGENIERÍA AMBIENTAL, SANITARIA Y AFINES;ANTIOQUIA;CALDAS;20;153.0;153.0;153.0;150.0;157.0;152.0;21.0;24.0;30.0;28.0;20.0
4129;CORPORACION UNIVERSITARIA LASALLISTA;CORPORACION UNIVERSITARIA LASALLISTA-CALDAS;INGENIERIA DE ALIMENTOS;INGENIERÍA AGROINDUSTRIAL, ALIMENTOS Y AFINES;ANTIOQUIA;CALDAS;11;145.0;144.0;142.0;127.0;159.0;156.0;17.0;29.0;27.0;25.0;31.0
1319;CORPORACION UNIVERSITARIA LASALLISTA;CORPORACION UNIVERSITARIA LASALLISTA-CALDAS;INGENIERIA INDUSTRIAL;INGENIERÍA INDUSTRIAL Y AFINES;ANTIOQUIA;CALDAS;7;139.0;133.0;148.0;125.0;146.0;144.0;9.0;33.0;14.0;27.0;28.0
574;CORPORACION UNIVERSITARIA LASALLISTA;CORPORACION UNIVERSITARIA LASALLISTA-CALDAS;INGENIERIA INFORMATICA;INGENIERÍA DE SISTEMAS, TELEMÁTICA Y AFINES;ANTIOQUIA;CALDAS;11;153.0;145.0;161.0;121.0;157.0;182.0;27.0;19.0;30.0;53.0;17.0
420;CORPORACION UNIVERSITARIA LASALLISTA;CORPORACION UNIVERSITARIA LASALLISTA-CALDAS;LICENCIATURA EN PREESCOLAR;EDUCACIÓN;ANTIOQUIA;CALDAS;14;132.0;139.0;115.0;124.0;142.0;138.0;22.0;20.0;25.0;27.0;26.0
1267;CORPORACION UNIVERSITARIA LASALLISTA;CORPORACION UNIVERSITARIA LASALLISTA-CALDAS;MEDICINA VETERINARIA;MEDICINA VETERINARIA;ANTIOQUIA;CALDAS;62;157.0;160.0;150.0;148.0;162.0;166.0;22.0;23.0;30.0;31.0;27.0
6352;CORPORACION UNIVERSITARIA LASALLISTA;CORPORACION UNIVERSITARIA LASALLISTA-CALDAS;PSICOLOGIA;PSICOLOGÍA;ANTIOQUIA;CALDAS;45;146.0;156.0;127.0;139.0;154.0;150.0;31.0;24.0;35.0;26.0;40.0
4529;CORPORACION UNIVERSITARIA LASALLISTA;CORPORACION UNIVERSITARIA LASALLISTA-CALDAS;ZOOTECNIA;ZOOTECNIA;ANTIOQUIA;CALDAS;18;152.0;151.0;152.0;146.0;160.0;152.0;26.0;22.0;32.0;48.0;24.0
4390;CORPORACION UNIVERSITARIA LATINOAMERICANA CUL;CORPORACION UNIVERSITARIA LATINOAMERICANA- CUL-BARRANQUILLA;ADMINISTRACION FINANCIERA;ADMINISTRACIÓN;ATLANTICO;BARRANQUILLA;105;134.0;136.0;130.0;127.0;144.0;136.0;24.0;24.0;26.0;25.0;23.0
8804;CORPORACION UNIVERSITARIA LATINOAMERICANA CUL;CORPORACION UNIVERSITARIA LATINOAMERICANA- CUL-BARRANQUILLA;ADMINISTRACIÓN INTEGRAL DE RIESGOS DE SEGURIDAD Y SALUD EN EL TRABAJO;ADMINISTRACIÓN;ATLANTICO;BARRANQUILLA;165;125.0;131.0;115.0;119.0;134.0;128.0;25.0;23.0;26.0;33.0;25.0
2863;CORPORACION UNIVERSITARIA LATINOAMERICANA CUL;CORPORACION UNIVERSITARIA LATINOAMERICANA- CUL-BARRANQUILLA;CONTADURIA PUBLICA;CONTADURÍA PUBLICA;ATLANTICO;BARRANQUILLA;169;131.0;136.0;133.0;123.0;132.0;132.0;25.0;24.0;28.0;37.0;22.0
20724;CORPORACION UNIVERSITARIA LATINOAMERICANA CUL;CORPORACION UNIVERSITARIA LATINOAMERICANA- CUL-BARRANQUILLA;INGENIERÍA DE SISTEMAS Y COMPUTACION;INGENIERÍA DE SISTEMAS, TELEMÁTICA Y AFINES;ATLANTICO;BARRANQUILLA;61;138.0;142.0;142.0;122.0;143.0;144.0;22.0;24.0;27.0;23.0;26.0
25729;CORPORACION UNIVERSITARIA LATINOAMERICANA CUL;CORPORACION UNIVERSITARIA LATINOAMERICANA- CUL-BARRANQUILLA;INGENIERÍA INDUSTRIAL;INGENIERÍA INDUSTRIAL Y AFINES;ATLANTICO;BARRANQUILLA;66;135.0;141.0;136.0;126.0;139.0;135.0;26.0;26.0;24.0;23.0;21.0
25424;CORPORACION UNIVERSITARIA LATINOAMERICANA CUL;CORPORACION UNIVERSITARIA LATINOAMERICANA- CUL-BARRANQUILLA;LICENCIATURA EN EDUCACIÓN  FÍSICA, RECREACIÓN Y DEPORTE;EDUCACIÓN;ATLANTICO;BARRANQUILLA;96;123.0;124.0;120.0;112.0;131.0;129.0;26.0;23.0;25.0;35.0;21.0
9827;CORPORACION UNIVERSITARIA LATINOAMERICANA CUL;CORPORACION UNIVERSITARIA LATINOAMERICANA- CUL-BARRANQUILLA;LICENCIATURA EN PEDAGOGÍA INFANTIL;EDUCACIÓN;ATLANTICO;BARRANQUILLA;84;124.0;127.0;115.0;120.0;129.0;129.0;24.0;23.0;25.0;41.0;23.0
9657;CORPORACION UNIVERSITARIA PARA EL DESARROLLO EMPRESARIAL Y SOCIAL- CUDES;CORPORACION UNIVERSITARIA PARA EL DESARROLLO EMPRESARIAL Y SOCIAL- CUDES-CALI;ADMINISTRACIÓN DE EMPRESAS;ADMINISTRACIÓN;VALLE;CALI;2;139.0;139.0;140.0;147.0;144.0;126.0;17.0;41.0;4.0;29.0;28.0
9663;CORPORACION UNIVERSITARIA PARA EL DESARROLLO EMPRESARIAL Y SOCIAL- CUDES;CORPORACION UNIVERSITARIA PARA EL DESARROLLO EMPRESARIAL Y SOCIAL- CUDES-CALI;COMUNICACION SOCIAL;COMUNICACIÓN SOCIAL, PERIODISMO Y AFINES;VALLE;CALI;7;148.0;164.0;135.0;139.0;156.0;149.0;18.0;13.0;27.0;16.0;23.0
980;CORPORACION UNIVERSITARIA RAFAEL NUÑEZ;CORPORACION UNIVERSITARIA RAFAEL NUÑEZ-CARTAGENA;ADMINISTRACION DE EMPRESAS;ADMINISTRACIÓN;BOLIVAR;CARTAGENA DE INDIAS;33;132.0;141.0;126.0;126.0;131.0;137.0;30.0;27.0;26.0;25.0;36.0
907;CORPORACION UNIVERSITARIA RAFAEL NUÑEZ;CORPORACION UNIVERSITARIA RAFAEL NUÑEZ-CARTAGENA;CONTADURIA PUBLICA;CONTADURÍA PUBLICA;BOLIVAR;CARTAGENA DE INDIAS;60;126.0;128.0;125.0;115.0;131.0;132.0;24.0;27.0;29.0;38.0;21.0
1322;CORPORACION UNIVERSITARIA RAFAEL NUÑEZ;CORPORACION UNIVERSITARIA RAFAEL NUÑEZ-CARTAGENA;DERECHO;DERECHO Y AFINES;BOLIVAR;CARTAGENA DE INDIAS;74;134.0;139.0;120.0;137.0;141.0;134.0;25.0;24.0;26.0;44.0;27.0
3034;CORPORACION UNIVERSITARIA RAFAEL NUÑEZ;CORPORACION UNIVERSITARIA RAFAEL NUÑEZ-CARTAGENA;DERECHO;DERECHO Y AFINES;BOLIVAR;CARTAGENA DE INDIAS;73;140.0;145.0;122.0;145.0;146.0;142.0;26.0;29.0;33.0;46.0;33.0
19788;CORPORACION UNIVERSITARIA RAFAEL NUÑEZ;CORPORACION UNIVERSITARIA RAFAEL NUÑEZ-CARTAGENA;DERECHO;SIN CLASIFICAR;BOLIVAR;CARTAGENA DE INDIAS;1;154.0;156.0;162.0;163.0;128.0;163.0;0.0;0.0;0.0;0.0;0.0
1342;CORPORACION UNIVERSITARIA RAFAEL NUÑEZ;CORPORACION UNIVERSITARIA RAFAEL NUÑEZ-CARTAGENA;ENFERMERIA;ENFERMERÍA;BOLIVAR;CARTAGENA DE INDIAS;123;125.0;135.0;115.0;118.0;135.0;125.0;25.0;21.0;23.0;36.0;26.0
7320;CORPORACION UNIVERSITARIA RAFAEL NUÑEZ;CORPORACION UNIVERSITARIA RAFAEL NUÑEZ-CARTAGENA;ENFERMERIA;ENFERMERÍA;BOLIVAR;CARTAGENA DE INDIAS;13;124.0;130.0;106.0;121.0;141.0;124.0;28.0;21.0;30.0;24.0;22.0
2647;CORPORACION UNIVERSITARIA RAFAEL NUÑEZ;CORPORACION UNIVERSITARIA RAFAEL NUÑEZ-CARTAGENA;INGENIERIA DE SISTEMAS;INGENIERÍA DE SISTEMAS, TELEMÁTICA Y AFINES;BOLIVAR;CARTAGENA DE INDIAS;17;150.0;159.0;145.0;137.0;145.0;165.0;16.0;23.0;34.0;44.0;29.0
3117;CORPORACION UNIVERSITARIA RAFAEL NUÑEZ;CORPORACION UNIVERSITARIA RAFAEL NUÑEZ-CARTAGENA;INSTRUMENTACION QUIRURGICA;INSTRUMENTACIÓN QUIRÚRGICA;BOLIVAR;CARTAGENA DE INDIAS;4;119.0;108.0;97.0;102.0;161.0;130.0;12.0;21.0;17.0;30.0;25.0
9553;CORPORACION UNIVERSITARIA RAFAEL NUÑEZ;CORPORACION UNIVERSITARIA RAFAEL NUÑEZ-CARTAGENA;LICENCIATURA EN EDUCACION INFANTIL;EDUCACIÓN;BOLIVAR;CARTAGENA DE INDIAS;37;121.0;125.0;108.0;118.0;129.0;125.0;24.0;23.0;24.0;46.0;30.0
5661;CORPORACION UNIVERSITARIA RAFAEL NUÑEZ;CORPORACION UNIVERSITARIA RAFAEL NUÑEZ-CARTAGENA;MEDICINA;MEDICINA;BOLIVAR;CARTAGENA DE INDIAS;148;147.0;152.0;139.0;143.0;150.0;152.0;24.0;27.0;30.0;33.0;30.0
1761;CORPORACION UNIVERSITARIA RAFAEL NUÑEZ;CORPORACION UNIVERSITARIA RAFAEL NUÑEZ-CARTAGENA;ODONTOLOGIA;ODONTOLOGÍA;BOLIVAR;CARTAGENA DE INDIAS;31;132.0;141.0;129.0;120.0;144.0;127.0;21.0;21.0;23.0;22.0;23.0
7088;CORPORACION UNIVERSITARIA RAFAEL NUÑEZ;CORPORACION UNIVERSITARIA RAFAEL NUÑEZ-CARTAGENA;TRABAJO SOCIAL;SOCIOLOGÍA, TRABAJO SOCIAL Y AFINES;BOLIVAR;CARTAGENA DE INDIAS;99;130.0;140.0;113.0;128.0;143.0;126.0;24.0;23.0;27.0;34.0;22.0
8295;CORPORACION UNIVERSITARIA RAFAEL NUÑEZ;CORPORACION UNIVERSITARIA RAFAEL NUÑEZ-CARTAGENA;TRABAJO SOCIAL;SOCIOLOGÍA, TRABAJO SOCIAL Y AFINES;BOLIVAR;CARTAGENA DE INDIAS;31;120.0;123.0;104.0;113.0;135.0;124.0;26.0;20.0;25.0;33.0;22.0
7359;CORPORACION UNIVERSITARIA REFORMADA - CUR -;CORPORACION UNIVERSITARIA REFORMADA - CUR -BARRANQUILLA;ADMINISTRACION DE EMPRESAS;ADMINISTRACIÓN;ATLANTICO;BARRANQUILLA;41;135.0;138.0;130.0;130.0;138.0;140.0;26.0;23.0;28.0;28.0;26.0
3342;CORPORACION UNIVERSITARIA REFORMADA - CUR -;CORPORACION UNIVERSITARIA REFORMADA - CUR -BARRANQUILLA;ADMINISTRACION DE NEGOCIOS INTERNACIONALES;ADMINISTRACIÓN;ATLANTICO;BARRANQUILLA;13;131.0;138.0;123.0;114.0;133.0;147.0;33.0;21.0;31.0;21.0;24.0
7798;CORPORACION UNIVERSITARIA REFORMADA - CUR -;CORPORACION UNIVERSITARIA REFORMADA - CUR -BARRANQUILLA;ADMINISTRACION MARITIMA Y PORTUARIA;ADMINISTRACIÓN;ATLANTICO;BARRANQUILLA;29;129.0;131.0;127.0;122.0;128.0;136.0;29.0;28.0;30.0;54.0;23.0
8392;CORPORACION UNIVERSITARIA REFORMADA - CUR -;CORPORACION UNIVERSITARIA REFORMADA - CUR -BARRANQUILLA;CONTADURIA PUBLICA;CONTADURÍA PUBLICA;ATLANTICO;BARRANQUILLA;17;135.0;134.0;139.0;114.0;141.0;145.0;29.0;22.0;22.0;31.0;25.0
30710;CORPORACION UNIVERSITARIA REFORMADA - CUR -;CORPORACION UNIVERSITARIA REFORMADA - CUR -BARRANQUILLA;DERECHO;DERECHO Y AFINES;ATLANTICO;BARRANQUILLA;41;128.0;127.0;121.0;125.0;145.0;125.0;21.0;30.0;31.0;23.0;24.0
8213;CORPORACION UNIVERSITARIA REFORMADA - CUR -;CORPORACION UNIVERSITARIA REFORMADA - CUR -BARRANQUILLA;INGENIERIA AMBIENTAL;INGENIERÍA AMBIENTAL, SANITARIA Y AFINES;ATLANTICO;BARRANQUILLA;40;134.0;135.0;129.0;127.0;145.0;134.0;28.0;34.0;38.0;35.0;29.0
9028;CORPORACION UNIVERSITARIA REFORMADA - CUR -;CORPORACION UNIVERSITARIA REFORMADA - CUR -BARRANQUILLA;INGENIERIA BIOMEDICA;INGENIERÍA BIOMÉDICA Y AFINES;ATLANTICO;BARRANQUILLA;19;139.0;144.0;139.0;125.0;139.0;149.0;28.0;27.0;23.0;41.0;18.0
8470;CORPORACION UNIVERSITARIA REFORMADA - CUR -;CORPORACION UNIVERSITARIA REFORMADA - CUR -BARRANQUILLA;INGENIERIA INDUSTRIAL;INGENIERÍA INDUSTRIAL Y AFINES;ATLANTICO;BARRANQUILLA;30;133.0;136.0;132.0;119.0;141.0;135.0;26.0;21.0;26.0;22.0;26.0
7639;CORPORACION UNIVERSITARIA REFORMADA - CUR -;CORPORACION UNIVERSITARIA REFORMADA - CUR -BARRANQUILLA;INGENIERIA INFORMATICA;INGENIERÍA DE SISTEMAS, TELEMÁTICA Y AFINES;ATLANTICO;BARRANQUILLA;18;136.0;135.0;130.0;129.0;132.0;152.0;32.0;25.0;30.0;29.0;25.0
7632;CORPORACION UNIVERSITARIA REFORMADA - CUR -;CORPORACION UNIVERSITARIA REFORMADA - CUR -BARRANQUILLA;LICENCIATURA EN EDUCACIÓN BILINGÜE- ESPAÑOL E INGLES;EDUCACIÓN;ATLANTICO;BARRANQUILLA;54;149.0;156.0;121.0;139.0;156.0;176.0;23.0;33.0;27.0;32.0;21.0
2016;CORPORACION UNIVERSITARIA REFORMADA - CUR -;CORPORACION UNIVERSITARIA REFORMADA - CUR -BARRANQUILLA;MUSICA;MÚSICA;ATLANTICO;BARRANQUILLA;12;141.0;146.0;124.0;122.0;147.0;169.0;22.0;30.0;31.0;28.0;44.0
4396;CORPORACION UNIVERSITARIA REFORMADA - CUR -;CORPORACION UNIVERSITARIA REFORMADA - CUR -BARRANQUILLA;PSICOLOGIA;PSICOLOGÍA;ATLANTICO;BARRANQUILLA;235;135.0;144.0;119.0;131.0;142.0;140.0;27.0;24.0;28.0;32.0;26.0
1149;CORPORACION UNIVERSITARIA REFORMADA - CUR -;CORPORACION UNIVERSITARIA REFORMADA - CUR -BARRANQUILLA;TEOLOGIA;FILOSOFÍA, TEOLOGÍA Y AFINES;ATLANTICO;BARRANQUILLA;3;160.0;160.0;139.0;164.0;172.0;165.0;24.0;41.0;32.0;14.0;30.0
5286;CORPORACION UNIVERSITARIA REGIONAL DEL CARIBE -IAFIC-;CORPORACION UNIVERSITARIA REGIONAL DEL CARIBE- IAFIC-CARTAGENA;CONTADURIA PUBLICA;CONTADURÍA PUBLICA;BOLIVAR;CARTAGENA DE INDIAS;4;121.0;119.0;115.0;126.0;129.0;116.0;32.0;31.0;18.0;28.0;38.0
9031;CORPORACION UNIVERSITARIA REGIONAL DEL CARIBE -IAFIC-;CORPORACION UNIVERSITARIA REGIONAL DEL CARIBE- IAFIC-CARTAGENA;DERECHO;DERECHO Y AFINES;BOLIVAR;CARTAGENA DE INDIAS;19;117.0;118.0;111.0;126.0;115.0;117.0;23.0;28.0;30.0;50.0;20.0
1872;CORPORACION UNIVERSITARIA REGIONAL DEL CARIBE -IAFIC-;CORPORACION UNIVERSITARIA REGIONAL DEL CARIBE- IAFIC-CARTAGENA;LICENCIATURA EN PEDAGOGIA INFANTIL;EDUCACIÓN;BOLIVAR;CARTAGENA DE INDIAS;29;118.0;119.0;105.0;112.0;137.0;116.0;27.0;20.0;21.0;44.0;20.0
1038;CORPORACION UNIVERSITARIA REMINGTON;CORPORACION UNIVERSITARIA REMINGTON-MEDELLIN;ADMINISTRACION DE EMPRESAS Y FINANZAS;ADMINISTRACIÓN;ANTIOQUIA;MEDELLÍN;42;140.0;140.0;137.0;136.0;144.0;143.0;26.0;25.0;27.0;34.0;24.0
4133;CORPORACION UNIVERSITARIA REMINGTON;CORPORACION UNIVERSITARIA REMINGTON-MEDELLIN;ADMINISTRACION DE NEGOCIOS INTERNACIONALES;ADMINISTRACIÓN;ANTIOQUIA;MEDELLÍN;151;132.0;135.0;125.0;125.0;140.0;136.0;27.0;25.0;27.0;31.0;28.0
8089;CORPORACION UNIVERSITARIA REMINGTON;CORPORACION UNIVERSITARIA REMINGTON-MEDELLIN;ADMINISTRACIÓN DE EMPRESAS;ADMINISTRACIÓN;ANTIOQUIA;MEDELLÍN;326;133.0;137.0;129.0;128.0;142.0;129.0;23.0;24.0;27.0;34.0;24.0
9809;CORPORACION UNIVERSITARIA REMINGTON;CORPORACION UNIVERSITARIA REMINGTON-MEDELLIN;ADMINISTRACIÓN DE EMPRESAS;ADMINISTRACIÓN;ANTIOQUIA;MEDELLÍN;6;130.0;132.0;127.0;128.0;138.0;123.0;29.0;28.0;31.0;24.0;30.0
20622;CORPORACION UNIVERSITARIA REMINGTON;CORPORACION UNIVERSITARIA REMINGTON-MEDELLIN;ADMINISTRACIÓN DE EMPRESAS AGROPECUARIAS;ADMINISTRACIÓN;ANTIOQUIA;MEDELLÍN;5;136.0;144.0;144.0;118.0;144.0;130.0;15.0;19.0;32.0;27.0;36.0
25645;CORPORACION UNIVERSITARIA REMINGTON;CORPORACION UNIVERSITARIA REMINGTON-MEDELLIN;ADMINISTRACIÓN FINANCIERA;ADMINISTRACIÓN;ANTIOQUIA;MEDELLÍN;17;136.0;142.0;134.0;130.0;135.0;136.0;17.0;22.0;29.0;54.0;32.0
1728;CORPORACION UNIVERSITARIA REMINGTON;CORPORACION UNIVERSITARIA REMINGTON-MEDELLIN;CONTADURIA PUBLICA;CONTADURÍA PUBLICA;ANTIOQUIA;MEDELLÍN;32;131.0;138.0;131.0;127.0;131.0;129.0;23.0;25.0;29.0;49.0;20.0
6768;CORPORACION UNIVERSITARIA REMINGTON;CORPORACION UNIVERSITARIA REMINGTON-MEDELLIN;CONTADURIA PUBLICA;CONTADURÍA PUBLICA;ANTIOQUIA;MEDELLÍN;459;133.0;136.0;131.0;128.0;138.0;129.0;24.0;25.0;26.0;36.0;21.0
8086;CORPORACION UNIVERSITARIA REMINGTON;CORPORACION UNIVERSITARIA REMINGTON-MEDELLIN;CONTADURIA PÚBLICA;CONTADURÍA PUBLICA;ANTIOQUIA;MEDELLÍN;161;136.0;141.0;134.0;131.0;143.0;132.0;26.0;24.0;30.0;32.0;28.0
2612;CORPORACION UNIVERSITARIA REMINGTON;CORPORACION UNIVERSITARIA REMINGTON-MEDELLIN;DERECHO;DERECHO Y AFINES;ANTIOQUIA;MEDELLÍN;220;139.0;147.0;131.0;149.0;139.0;130.0;25.0;26.0;28.0;40.0;26.0
7829;CORPORACION UNIVERSITARIA REMINGTON;CORPORACION UNIVERSITARIA REMINGTON-MEDELLIN;ENFERMERIA;ENFERMERÍA;ANTIOQUIA;MEDELLÍN;30;131.0;129.0;124.0;129.0;144.0;132.0;29.0;25.0;27.0;39.0;36.0
4134;CORPORACION UNIVERSITARIA REMINGTON;CORPORACION UNIVERSITARIA REMINGTON-MEDELLIN;INGENIERIA DE SISTEMAS;INGENIERÍA DE SISTEMAS, TELEMÁTICA Y AFINES;ANTIOQUIA;MEDELLÍN;11;149.0;153.0;147.0;134.0;147.0;163.0;23.0;21.0;20.0;36.0;25.0
4301;CORPORACION UNIVERSITARIA REMINGTON;CORPORACION UNIVERSITARIA REMINGTON-MEDELLIN;INGENIERIA DE SISTEMAS;INGENIERÍA DE SISTEMAS, TELEMÁTICA Y AFINES;ANTIOQUIA;MEDELLÍN;302;136.0;136.0;139.0;126.0;137.0;140.0;26.0;27.0;28.0;35.0;28.0
8131;CORPORACION UNIVERSITARIA REMINGTON;CORPORACION UNIVERSITARIA REMINGTON-MEDELLIN;INGENIERIA DE SISTEMAS;INGENIERÍA DE SISTEMAS, TELEMÁTICA Y AFINES;ANTIOQUIA;MEDELLÍN;91;142.0;142.0;146.0;135.0;139.0;150.0;26.0;29.0;29.0;33.0;36.0
24831;CORPORACION UNIVERSITARIA REMINGTON;CORPORACION UNIVERSITARIA REMINGTON-MEDELLIN;INGENIERÍA AMBIENTAL;INGENIERÍA AMBIENTAL, SANITARIA Y AFINES;ANTIOQUIA;MEDELLÍN;16;140.0;148.0;135.0;131.0;142.0;142.0;22.0;34.0;23.0;21.0;22.0
8535;CORPORACION UNIVERSITARIA REMINGTON;CORPORACION UNIVERSITARIA REMINGTON-MEDELLIN;INGENIERÍA CIVIL;INGENIERÍA CIVIL Y AFINES;ANTIOQUIA;MEDELLÍN;42;138.0;134.0;147.0;126.0;148.0;136.0;20.0;28.0;23.0;35.0;23.0
25161;CORPORACION UNIVERSITARIA REMINGTON;CORPORACION UNIVERSITARIA REMINGTON-MEDELLIN;INGENIERÍA EN SEGURIDAD Y SALUD EN EL TRABAJO;INGENIERÍA INDUSTRIAL Y AFINES;ANTIOQUIA;MEDELLÍN;4;149.0;164.0;138.0;160.0;147.0;135.0;30.0;38.0;16.0;33.0;18.0
9082;CORPORACION UNIVERSITARIA REMINGTON;CORPORACION UNIVERSITARIA REMINGTON-MEDELLIN;INGENIERÍA INDUSTRIAL;INGENIERÍA INDUSTRIAL Y AFINES;ANTIOQUIA;MEDELLÍN;4;144.0;151.0;148.0;136.0;137.0;148.0;21.0;19.0;13.0;46.0;20.0
20648;CORPORACION UNIVERSITARIA REMINGTON;CORPORACION UNIVERSITARIA REMINGTON-MEDELLIN;INGENIERÍA INDUSTRIAL;INGENIERÍA INDUSTRIAL Y AFINES;ANTIOQUIA;MEDELLÍN;158;138.0;141.0;139.0;132.0;142.0;135.0;24.0;26.0;26.0;34.0;25.0
8014;CORPORACION UNIVERSITARIA REMINGTON;CORPORACION UNIVERSITARIA REMINGTON-MEDELLIN;MARKETING;ADMINISTRACIÓN;ANTIOQUIA;MEDELLÍN;8;150.0;165.0;147.0;137.0;156.0;144.0;19.0;32.0;28.0;17.0;16.0
2329;CORPORACION UNIVERSITARIA REMINGTON;CORPORACION UNIVERSITARIA REMINGTON-MEDELLIN;MEDICINA;MEDICINA;ANTIOQUIA;MEDELLÍN;127;147.0;153.0;133.0;147.0;153.0;149.0;26.0;26.0;30.0;36.0;28.0
3306;CORPORACION UNIVERSITARIA REMINGTON;CORPORACION UNIVERSITARIA REMINGTON-MEDELLIN;MEDICINA VETERINARIA;MEDICINA VETERINARIA;ANTIOQUIA;MEDELLÍN;108;143.0;144.0;135.0;134.0;150.0;151.0;27.0;24.0;25.0;32.0;28.0
26429;CORPORACION UNIVERSITARIA REMINGTON;CORPORACION UNIVERSITARIA REMINGTON-MEDELLIN;MEDICINA VETERINARIA;MEDICINA VETERINARIA;ANTIOQUIA;MEDELLÍN;5;134.0;136.0;132.0;128.0;149.0;127.0;21.0;22.0;36.0;13.0;13.0
26553;CORPORACION UNIVERSITARIA REMINGTON;CORPORACION UNIVERSITARIA REMINGTON-MEDELLIN;MEDICINA VETERINARIA;MEDICINA VETERINARIA;ANTIOQUIA;MEDELLÍN;15;136.0;142.0;129.0;133.0;136.0;137.0;25.0;30.0;29.0;26.0;24.0
26430;CORPORACION UNIVERSITARIA REMINGTON;CORPORACION UNIVERSITARIA REMINGTON-MEDELLIN;MERCADEO Y ESTRATEGIA COMERCIAL;ADMINISTRACIÓN;ANTIOQUIA;MEDELLÍN;6;142.0;134.0;139.0;131.0;158.0;148.0;27.0;29.0;36.0;35.0;13.0
9692;CORPORACION UNIVERSITARIA REMINGTON;CORPORACION UNIVERSITARIA REMINGTON-MEDELLIN;NUTRICIÓN Y DIETÉTICA;NUTRICIÓN Y DIETÉTICA;ANTIOQUIA;MEDELLÍN;55;142.0;149.0;131.0;135.0;149.0;147.0;17.0;21.0;25.0;34.0;28.0
20623;CORPORACION UNIVERSITARIA REMINGTON;CORPORACION UNIVERSITARIA REMINGTON-MEDELLIN;PROFESIONAL EN DISEÑO GRÁFICO;DISEÑO;ANTIOQUIA;MEDELLÍN;99;149.0;154.0;137.0;139.0;154.0;160.0;26.0;30.0;34.0;28.0;37.0
24996;CORPORACION UNIVERSITARIA REPUBLICANA;CORPORACION UNIVERSITARIA REPUBLICANA-BOGOTÁ D.C.;ADMINISTRACIÓN DE MERCADEO;ADMINISTRACIÓN;BOGOTÁ;BOGOTÁ D.C.;10;133.0;135.0;123.0;128.0;144.0;137.0;21.0;27.0;30.0;23.0;23.0
3644;CORPORACION UNIVERSITARIA REPUBLICANA;CORPORACION UNIVERSITARIA REPUBLICANA-BOGOTÁ D.C.;CONTADURIA PUBLICA;CONTADURÍA PUBLICA;BOGOTÁ;BOGOTÁ D.C.;21;137.0;137.0;137.0;134.0;142.0;136.0;22.0;28.0;28.0;20.0;25.0
7045;CORPORACION UNIVERSITARIA REPUBLICANA;CORPORACION UNIVERSITARIA REPUBLICANA-BOGOTÁ D.C.;DERECHO;DERECHO Y AFINES;BOGOTÁ;BOGOTÁ D.C.;453;141.0;147.0;132.0;148.0;142.0;137.0;27.0;26.0;30.0;37.0;27.0
2387;CORPORACION UNIVERSITARIA REPUBLICANA;CORPORACION UNIVERSITARIA REPUBLICANA-BOGOTÁ D.C.;FINANZAS Y COMERCIO INTERNACIONAL;ECONOMÍA;BOGOTÁ;BOGOTÁ D.C.;20;146.0;149.0;144.0;130.0;148.0;159.0;20.0;18.0;31.0;26.0;20.0
25968;CORPORACION UNIVERSITARIA REPUBLICANA;CORPORACION UNIVERSITARIA REPUBLICANA-BOGOTÁ D.C.;FINANZAS Y COMERCIO INTERNACIONAL;ADMINISTRACIÓN;BOGOTÁ;BOGOTÁ D.C.;17;143.0;140.0;143.0;133.0;144.0;153.0;25.0;26.0;31.0;46.0;26.0
764;CORPORACION UNIVERSITARIA REPUBLICANA;CORPORACION UNIVERSITARIA REPUBLICANA-BOGOTÁ D.C.;INGENIERIA DE SISTEMAS;INGENIERÍA DE SISTEMAS, TELEMÁTICA Y AFINES;BOGOTÁ;BOGOTÁ D.C.;14;154.0;163.0;151.0;151.0;144.0;159.0;14.0;18.0;14.0;27.0;18.0
20682;CORPORACION UNIVERSITARIA REPUBLICANA;CORPORACION UNIVERSITARIA REPUBLICANA-BOGOTÁ D.C.;INGENIERIA INDUSTRIAL;INGENIERÍA QUÍMICA Y AFINES;BOGOTÁ;BOGOTÁ D.C.;30;136.0;131.0;136.0;123.0;142.0;146.0;27.0;30.0;22.0;37.0;27.0
7758;CORPORACION UNIVERSITARIA REPUBLICANA;CORPORACION UNIVERSITARIA REPUBLICANA-BOGOTÁ D.C.;MATEMATICAS;MATEMÁTICAS, ESTADÍSTICA Y AFINES;BOGOTÁ;BOGOTÁ D.C.;1;160.0;130.0;200.0;130.0;149.0;191.0;0.0;0.0;0.0;0.0;0.0
4661;CORPORACION UNIVERSITARIA REPUBLICANA;CORPORACION UNIVERSITARIA REPUBLICANA-BOGOTÁ D.C.;TRABAJO SOCIAL;SOCIOLOGÍA, TRABAJO SOCIAL Y AFINES;BOGOTÁ;BOGOTÁ D.C.;59;135.0;144.0;123.0;133.0;142.0;132.0;24.0;21.0;26.0;25.0;25.0
9181;CORPORACION UNIVERSITARIA TECNOLOGICA DE BOLIVAR;CORPORACION UNIVERSITARIA TECNOLOGICA DE BOLIVAR-CARTAGENA;INGENIERIA MECANICA;INGENIERÍA MECÁNICA Y AFINES;BOLIVAR;CARTAGENA DE INDIAS;1;169.0;156.0;201.0;112.0;174.0;202.0;0.0;0.0;0.0;0.0;0.0
26452;CORPORACIÓN UNIVERSITARIA AUTÓNOMA DEL NORTE;CORPORACIÓN UNIVERSITARIA AUTÓNOMA DEL NORTE;COMUNICACIÓN SOCIAL Y MEDIOS;COMUNICACIÓN SOCIAL, PERIODISMO Y AFINES;BOGOTÁ;BOGOTÁ D.C.;10;129.0;126.0;114.0;124.0;143.0;138.0;19.0;19.0;23.0;22.0;18.0
25750;CORPORACIÓN UNIVERSITARIA AUTÓNOMA DEL NORTE;CORPORACIÓN UNIVERSITARIA AUTÓNOMA DEL NORTE;TRABAJO SOCIAL;ECONOMÍA;BOGOTÁ;BOGOTÁ D.C.;17;134.0;135.0;117.0;129.0;161.0;129.0;24.0;28.0;24.0;23.0;17.0
6783;DIRECCION NACIONAL DE ESCUELAS;DIRECCION NACIONAL DE ESCUELAS-BOGOTÁ D.C.;ADMINISTRACION POLICIAL;ADMINISTRACIÓN;BOGOTÁ;BOGOTÁ D.C.;137;141.0;143.0;135.0;141.0;142.0;143.0;21.0;25.0;25.0;37.0;22.0
25087;ESCUELA COLOMBIANA DE CARRERAS INDUSTRIALES;UNIVERSIDAD ECCI-BOGOTÁ D.C.;ADMINISTRACIÓN DE EMPRESAS;ADMINISTRACIÓN;BOGOTÁ;BOGOTÁ D.C.;22;148.0;157.0;143.0;142.0;156.0;144.0;23.0;24.0;35.0;20.0;32.0
3229;ESCUELA COLOMBIANA DE CARRERAS INDUSTRIALES;UNIVERSIDAD ECCI-BOGOTÁ D.C.;COMERCIO INTERNACIONAL;ADMINISTRACIÓN;BOGOTÁ;BOGOTÁ D.C.;94;148.0;149.0;143.0;142.0;149.0;157.0;27.0;23.0;31.0;28.0;28.0
6577;ESCUELA COLOMBIANA DE CARRERAS INDUSTRIALES;UNIVERSIDAD ECCI-BOGOTÁ D.C.;CONTADURIA PUBLICA;CONTADURÍA PUBLICA;BOGOTÁ;BOGOTÁ D.C.;27;143.0;143.0;141.0;141.0;151.0;139.0;27.0;30.0;28.0;23.0;27.0
25426;ESCUELA COLOMBIANA DE CARRERAS INDUSTRIALES;UNIVERSIDAD ECCI-BOGOTÁ D.C.;CONTADURÍA PÚBLICA;CONTADURÍA PUBLICA;BOGOTÁ;BOGOTÁ D.C.;7;130.0;124.0;129.0;120.0;139.0;139.0;22.0;29.0;20.0;22.0;19.0
9791;ESCUELA COLOMBIANA DE CARRERAS INDUSTRIALES;UNIVERSIDAD ECCI-BOGOTÁ D.C.;DERECHO;DERECHO Y AFINES;BOGOTÁ;BOGOTÁ D.C.;21;152.0;153.0;137.0;151.0;165.0;152.0;26.0;22.0;35.0;38.0;23.0
242;ESCUELA COLOMBIANA DE CARRERAS INDUSTRIALES;UNIVERSIDAD ECCI-BOGOTÁ D.C.;DISEÑO DE MODAS;DISEÑO;BOGOTÁ;BOGOTÁ D.C.;79;150.0;155.0;135.0;143.0;149.0;166.0;30.0;27.0;30.0;28.0;33.0
810;ESCUELA COLOMBIANA DE CARRERAS INDUSTRIALES;UNIVERSIDAD ECCI-BOGOTÁ D.C.;ENFERMERIA;ENFERMERÍA;BOGOTÁ;BOGOTÁ D.C.;36;137.0;142.0;130.0;131.0;147.0;136.0;21.0;22.0;30.0;24.0;22.0
9123;ESCUELA COLOMBIANA DE CARRERAS INDUSTRIALES;UNIVERSIDAD ECCI-BOGOTÁ D.C.;ESTADÍSTICA;MATEMÁTICAS, ESTADÍSTICA Y AFINES;BOGOTÁ;BOGOTÁ D.C.;14;162.0;166.0;169.0;152.0;159.0;163.0;30.0;30.0;36.0;53.0;29.0
3734;ESCUELA COLOMBIANA DE CARRERAS INDUSTRIALES;UNIVERSIDAD ECCI-BOGOTÁ D.C.;INGENIERIA AMBIENTAL;INGENIERÍA AMBIENTAL, SANITARIA Y AFINES;BOGOTÁ;BOGOTÁ D.C.;175;147.0;150.0;147.0;144.0;148.0;145.0;24.0;26.0;30.0;28.0;25.0
26045;ESCUELA COLOMBIANA DE CARRERAS INDUSTRIALES;UNIVERSIDAD ECCI-BOGOTÁ D.C.;INGENIERIA AMBIENTAL;INGENIERÍA AMBIENTAL, SANITARIA Y AFINES;BOGOTÁ;BOGOTÁ D.C.;1;135.0;142.0;116.0;130.0;135.0;152.0;0.0;0.0;0.0;0.0;0.0
7406;ESCUELA COLOMBIANA DE CARRERAS INDUSTRIALES;UNIVERSIDAD ECCI-BOGOTÁ D.C.;INGENIERIA BIOMEDICA;MEDICINA;BOGOTÁ;BOGOTÁ D.C.;116;149.0;150.0;152.0;144.0;143.0;156.0;25.0;28.0;30.0;28.0;24.0
5734;ESCUELA COLOMBIANA DE CARRERAS INDUSTRIALES;UNIVERSIDAD ECCI-BOGOTÁ D.C.;INGENIERIA DE PLASTICOS;INGENIERÍA QUÍMICA Y AFINES;BOGOTÁ;BOGOTÁ D.C.;6;146.0;161.0;157.0;141.0;118.0;155.0;25.0;16.0;30.0;61.0;24.0
887;ESCUELA COLOMBIANA DE CARRERAS INDUSTRIALES;UNIVERSIDAD ECCI-BOGOTÁ D.C.;INGENIERIA DE SISTEMAS;INGENIERÍA DE SISTEMAS, TELEMÁTICA Y AFINES;BOGOTÁ;BOGOTÁ D.C.;155;150.0;152.0;151.0;141.0;141.0;163.0;27.0;26.0;30.0;33.0;23.0
6378;ESCUELA COLOMBIANA DE CARRERAS INDUSTRIALES;UNIVERSIDAD ECCI-BOGOTÁ D.C.;INGENIERIA ELECTRONICA;INGENIERÍA ELECTRÓNICA, TELECOMUNICACIONES Y AFINES;BOGOTÁ;BOGOTÁ D.C.;62;151.0;147.0;161.0;143.0;144.0;158.0;22.0;30.0;31.0;31.0;22.0
4226;ESCUELA COLOMBIANA DE CARRERAS INDUSTRIALES;UNIVERSIDAD ECCI-BOGOTÁ D.C.;INGENIERIA INDUSTRIAL;INGENIERÍA INDUSTRIAL Y AFINES;BOGOTÁ;BOGOTÁ D.C.;241;146.0;146.0;148.0;139.0;147.0;152.0;26.0;26.0;28.0;30.0;24.0
2740;ESCUELA COLOMBIANA DE CARRERAS INDUSTRIALES;UNIVERSIDAD ECCI-BOGOTÁ D.C.;INGENIERIA MECANICA;INGENIERÍA MECÁNICA Y AFINES;BOGOTÁ;BOGOTÁ D.C.;265;146.0;144.0;159.0;136.0;142.0;150.0;27.0;26.0;28.0;30.0;25.0
25263;ESCUELA COLOMBIANA DE CARRERAS INDUSTRIALES;UNIVERSIDAD ECCI-BOGOTÁ D.C.;INGENIERIA MECANICA;INGENIERÍA MECÁNICA Y AFINES;BOGOTÁ;BOGOTÁ D.C.;2;150.0;142.0;160.0;158.0;122.0;164.0;11.0;8.0;29.0;13.0;31.0
5911;ESCUELA COLOMBIANA DE CARRERAS INDUSTRIALES;UNIVERSIDAD ECCI-BOGOTÁ D.C.;INGENIERIA MECATRONICA;INGENIERÍA ELECTRÓNICA, TELECOMUNICACIONES Y AFINES;BOGOTÁ;BOGOTÁ D.C.;132;155.0;155.0;169.0;144.0;148.0;162.0;28.0;28.0;30.0;34.0;25.0
9766;ESCUELA COLOMBIANA DE CARRERAS INDUSTRIALES;UNIVERSIDAD ECCI-BOGOTÁ D.C.;INGENIERIA MECATRONICO;INGENIERÍA MECÁNICA Y AFINES;BOGOTÁ;BOGOTÁ D.C.;19;147.0;147.0;158.0;143.0;128.0;160.0;19.0;26.0;35.0;40.0;30.0
9498;ESCUELA COLOMBIANA DE CARRERAS INDUSTRIALES;UNIVERSIDAD ECCI-BOGOTÁ D.C.;INGENIERÍA INDUSTRIAL;INGENIERÍA INDUSTRIAL Y AFINES;BOGOTÁ;BOGOTÁ D.C.;5;146.0;159.0;158.0;152.0;129.0;134.0;17.0;10.0;32.0;77.0;22.0
20693;ESCUELA COLOMBIANA DE CARRERAS INDUSTRIALES;UNIVERSIDAD ECCI-BOGOTÁ D.C.;INGENIERÍA QUIMICA;INGENIERÍA QUÍMICA Y AFINES;BOGOTÁ;BOGOTÁ D.C.;129;156.0;156.0;164.0;150.0;152.0;159.0;22.0;20.0;28.0;32.0;24.0
7232;ESCUELA COLOMBIANA DE CARRERAS INDUSTRIALES;UNIVERSIDAD ECCI-BOGOTÁ D.C.;LENGUAS MODERNAS;LENGUAS MODERNAS, LITERATURA, LINGÜÍSTICA Y AFINES;BOGOTÁ;BOGOTÁ D.C.;55;164.0;166.0;140.0;155.0;155.0;207.0;27.0;31.0;30.0;40.0;33.0
6579;ESCUELA COLOMBIANA DE CARRERAS INDUSTRIALES;UNIVERSIDAD ECCI-BOGOTÁ D.C.;MERCADEO Y PUBLICIDAD;ADMINISTRACIÓN;BOGOTÁ;BOGOTÁ D.C.;128;146.0;151.0;135.0;139.0;149.0;157.0;27.0;23.0;30.0;35.0;24.0
9789;ESCUELA COLOMBIANA DE CARRERAS INDUSTRIALES;UNIVERSIDAD ECCI-BOGOTÁ D.C.;PROFESIONAL EN GASTRONOMÍA;OTROS PROGRAMAS ASOCIADOS A BELLAS ARTES;BOGOTÁ;BOGOTÁ D.C.;92;145.0;146.0;136.0;134.0;150.0;157.0;25.0;29.0;26.0;30.0;25.0
3279;ESCUELA COLOMBIANA DE CARRERAS INDUSTRIALES;UNIVERSIDAD ECCI-BOGOTÁ D.C.;PROFESIONAL EN LENGUAS MODERNAS;LENGUAS MODERNAS, LITERATURA, LINGÜÍSTICA Y AFINES;BOGOTÁ;BOGOTÁ D.C.;542;158.0;163.0;135.0;148.0;156.0;189.0;24.0;27.0;31.0;29.0;26.0
1624;ESCUELA COLOMBIANA DE INGENIERIA;"ESCUELA COLOMBIANA DE INGENIERIA""JULIO GARAVITO""-BOGOTÁ D.C.";ADMINISTRACION DE EMPRESAS;ADMINISTRACIÓN;BOGOTÁ;BOGOTÁ D.C.;20;163.0;162.0;172.0;152.0;153.0;176.0;37.0;21.0;38.0;24.0;27.0
39;ESCUELA COLOMBIANA DE INGENIERIA;"ESCUELA COLOMBIANA DE INGENIERIA""JULIO GARAVITO""-BOGOTÁ D.C.";ECONOMIA;ECONOMÍA;BOGOTÁ;BOGOTÁ D.C.;25;176.0;175.0;179.0;182.0;162.0;181.0;22.0;18.0;31.0;21.0;22.0
6718;ESCUELA COLOMBIANA DE INGENIERIA;"ESCUELA COLOMBIANA DE INGENIERIA""JULIO GARAVITO""-BOGOTÁ D.C.";INGENIERIA BIOMEDICA;INGENIERÍA BIOMÉDICA Y AFINES;BOGOTÁ;BOGOTÁ D.C.;68;181.0;184.0;188.0;170.0;164.0;200.0;19.0;20.0;31.0;30.0;28.0
2185;ESCUELA COLOMBIANA DE INGENIERIA;"ESCUELA COLOMBIANA DE INGENIERIA""JULIO GARAVITO""-BOGOTÁ D.C.";INGENIERIA CIVIL;INGENIERÍA CIVIL Y AFINES;BOGOTÁ;BOGOTÁ D.C.;120;167.0;164.0;187.0;154.0;154.0;175.0;24.0;23.0;27.0;29.0;21.0
6782;ESCUELA COLOMBIANA DE INGENIERIA;"ESCUELA COLOMBIANA DE INGENIERIA""JULIO GARAVITO""-BOGOTÁ D.C.";INGENIERIA DE SISTEMAS;INGENIERÍA DE SISTEMAS, TELEMÁTICA Y AFINES;BOGOTÁ;BOGOTÁ D.C.;59;173.0;171.0;188.0;160.0;154.0;190.0;26.0;24.0;34.0;34.0;31.0
3646;ESCUELA COLOMBIANA DE INGENIERIA;"ESCUELA COLOMBIANA DE INGENIERIA""JULIO GARAVITO""-BOGOTÁ D.C.";INGENIERIA ELECTRICA;INGENIERÍA ELÉCTRICA Y AFINES;BOGOTÁ;BOGOTÁ D.C.;24;176.0;174.0;194.0;172.0;158.0;183.0;20.0;23.0;27.0;29.0;18.0
5526;ESCUELA COLOMBIANA DE INGENIERIA;"ESCUELA COLOMBIANA DE INGENIERIA""JULIO GARAVITO""-BOGOTÁ D.C.";INGENIERIA ELECTRONICA;INGENIERÍA ELECTRÓNICA, TELECOMUNICACIONES Y AFINES;BOGOTÁ;BOGOTÁ D.C.;32;175.0;172.0;189.0;168.0;161.0;186.0;27.0;31.0;26.0;24.0;16.0
5527;ESCUELA COLOMBIANA DE INGENIERIA;"ESCUELA COLOMBIANA DE INGENIERIA""JULIO GARAVITO""-BOGOTÁ D.C.";INGENIERIA INDUSTRIAL;INGENIERÍA INDUSTRIAL Y AFINES;BOGOTÁ;BOGOTÁ D.C.;55;168.0;167.0;181.0;156.0;159.0;178.0;24.0;23.0;25.0;31.0;18.0
9733;ESCUELA COLOMBIANA DE INGENIERIA;"ESCUELA COLOMBIANA DE INGENIERIA""JULIO GARAVITO""-BOGOTÁ D.C.";INGENIERÍA AMBIENTAL;INGENIERÍA AMBIENTAL, SANITARIA Y AFINES;BOGOTÁ;BOGOTÁ D.C.;13;173.0;168.0;183.0;170.0;167.0;178.0;16.0;22.0;16.0;23.0;24.0
26241;ESCUELA COLOMBIANA DE INGENIERIA;"ESCUELA COLOMBIANA DE INGENIERIA""JULIO GARAVITO""-BOGOTÁ D.C.";INGENIERÍA ESTADÍSTICA;INGENIERÍA ADMINISTRATIVA Y AFINES;BOGOTÁ;BOGOTÁ D.C.;4;163.0;165.0;184.0;157.0;130.0;177.0;41.0;17.0;59.0;44.0;44.0
4482;ESCUELA COLOMBIANA DE INGENIERIA;"ESCUELA COLOMBIANA DE INGENIERIA""JULIO GARAVITO""-BOGOTÁ D.C.";INGENIERÍA MECÁNICA;INGENIERÍA MECÁNICA Y AFINES;BOGOTÁ;BOGOTÁ D.C.;69;173.0;173.0;195.0;158.0;152.0;188.0;29.0;22.0;27.0;37.0;28.0
152;ESCUELA COLOMBIANA DE INGENIERIA;"ESCUELA COLOMBIANA DE INGENIERIA""JULIO GARAVITO""-BOGOTÁ D.C.";MATEMATICAS;MATEMÁTICAS, ESTADÍSTICA Y AFINES;BOGOTÁ;BOGOTÁ D.C.;5;199.0;206.0;195.0;198.0;186.0;210.0;55.0;26.0;21.0;21.0;7.0
2186;ESCUELA DE INGENIEROS MILITARES;ESCUELA DE INGENIEROS MILITARES-BOGOTÁ D.C.;INGENIERIA CIVIL;INGENIERÍA CIVIL Y AFINES;BOGOTÁ;BOGOTÁ D.C.;54;145.0;144.0;157.0;139.0;145.0;143.0;26.0;32.0;28.0;38.0;29.0
3934;ESCUELA DE INTELIGENCIA Y CONTRAINTELIGENCIA BRIGADIER GENERAL RICARDO CHARRY SOLANO;ESCUELA DE INTELIGENCIA Y CONTRAINTELIGENCIA BRIGADIER GENERAL RICARDO CHARRY SOLANO-BOGOTÁ D.C.;GERENCIA DE LA SEGURIDAD Y ANALISIS SOCIO POLITICO;FORMACIÓN RELACIONADA CON EL CAMPO MILITAR O POLICIAL;BOGOTÁ;BOGOTÁ D.C.;23;136.0;136.0;132.0;132.0;139.0;142.0;22.0;37.0;31.0;40.0;28.0
685;ESCUELA DE LOGISTICA;ESCUELA DE LOGISTICA-BOGOTÁ D.C.;ADMINISTRACION LOGISTICA;ADMINISTRACIÓN;BOGOTÁ;BOGOTÁ D.C.;48;132.0;129.0;126.0;128.0;148.0;129.0;28.0;25.0;28.0;31.0;22.0
4231;ESCUELA MILITAR DE AVIACION;"ESCUELA MILITAR DE AVIACION""MARCO FIDEL SUAREZ""-CALI";ADMINISTRACION AERONAUTICA;ADMINISTRACIÓN;VALLE;CALI;22;152.0;156.0;153.0;139.0;150.0;163.0;22.0;28.0;27.0;24.0;19.0
8476;ESCUELA MILITAR DE AVIACION;"ESCUELA MILITAR DE AVIACION""MARCO FIDEL SUAREZ""-CALI";CIENCIAS MILITARES AERONÁUTICAS;FORMACIÓN RELACIONADA CON EL CAMPO MILITAR O POLICIAL;VALLE;CALI;43;151.0;148.0;158.0;135.0;141.0;172.0;31.0;39.0;33.0;34.0;24.0
6066;ESCUELA MILITAR DE AVIACION;"ESCUELA MILITAR DE AVIACION""MARCO FIDEL SUAREZ""-CALI";INGENIERIA INFORMATICA;INGENIERÍA DE SISTEMAS, TELEMÁTICA Y AFINES;VALLE;CALI;19;157.0;156.0;155.0;146.0;150.0;175.0;27.0;31.0;34.0;21.0;18.0
5592;ESCUELA MILITAR DE AVIACION;"ESCUELA MILITAR DE AVIACION""MARCO FIDEL SUAREZ""-CALI";INGENIERIA MECANICA;INGENIERÍA MECÁNICA Y AFINES;VALLE;CALI;21;144.0;141.0;144.0;128.0;153.0;155.0;28.0;32.0;36.0;25.0;24.0
4870;"ESCUELA MILITAR DE CADETES ""GENERAL JOSE MARIA CORDOBA""";"ESCUELA MILITAR DE CADETES ""GENERAL JOSE MARIA CORDOVA""-BOGOTÁ D.C.";CIENCIAS MILITARES;FORMACIÓN RELACIONADA CON EL CAMPO MILITAR O POLICIAL;BOGOTÁ;BOGOTÁ D.C.;344;147.0;148.0;142.0;141.0;152.0;151.0;26.0;27.0;29.0;33.0;21.0
1652;ESCUELA NACIONAL DEL DEPORTE;ESCUELA NACIONAL DEL DEPORTE-CALI;ADMINISTRACION DE EMPRESAS;ADMINISTRACIÓN;VALLE;CALI;59;136.0;138.0;132.0;130.0;138.0;145.0;23.0;24.0;30.0;31.0;24.0
7066;ESCUELA NACIONAL DEL DEPORTE;ESCUELA NACIONAL DEL DEPORTE-CALI;DEPORTE;DEPORTES, EDUCACIÓN FÍSICA Y RECREACIÓN;VALLE;CALI;169;142.0;143.0;141.0;133.0;141.0;152.0;26.0;24.0;31.0;36.0;24.0
3701;ESCUELA NACIONAL DEL DEPORTE;ESCUELA NACIONAL DEL DEPORTE-CALI;FISIOTERAPIA;TERAPIAS;VALLE;CALI;197;150.0;156.0;142.0;144.0;148.0;160.0;27.0;24.0;27.0;34.0;22.0
8707;ESCUELA NACIONAL DEL DEPORTE;ESCUELA NACIONAL DEL DEPORTE-CALI;NUTRICION Y DIETETICA;NUTRICIÓN Y DIETÉTICA;VALLE;CALI;75;147.0;153.0;141.0;142.0;141.0;157.0;26.0;25.0;31.0;39.0;31.0
7777;ESCUELA NACIONAL DEL DEPORTE;ESCUELA NACIONAL DEL DEPORTE-CALI;TERAPIA OCUPACIONAL;TERAPIAS;VALLE;CALI;58;138.0;145.0;127.0;130.0;141.0;145.0;27.0;21.0;28.0;33.0;23.0
6008;"ESCUELA NAVAL DE CADETES""ALMIRANTE PADILLA""";"ESCUELA NAVAL DE CADETES""ALMIRANTE PADILLA""-CARTAGENA";ADMINISTRACION;ADMINISTRACIÓN;BOLIVAR;CARTAGENA DE INDIAS;16;154.0;158.0;151.0;151.0;151.0;158.0;23.0;27.0;29.0;23.0;27.0
4229;"ESCUELA NAVAL DE CADETES""ALMIRANTE PADILLA""";"ESCUELA NAVAL DE CADETES""ALMIRANTE PADILLA""-CARTAGENA";ADMINISTRACION MARITIMA;ADMINISTRACIÓN;BOLIVAR;CARTAGENA DE INDIAS;5;145.0;138.0;127.0;145.0;160.0;152.0;18.0;38.0;24.0;26.0;27.0
6134;"ESCUELA NAVAL DE CADETES""ALMIRANTE PADILLA""";"ESCUELA NAVAL DE CADETES""ALMIRANTE PADILLA""-CARTAGENA";CIENCIAS NAVALES PARA OFICIALES DE INFANTERIA DE MARINA;FORMACIÓN RELACIONADA CON EL CAMPO MILITAR O POLICIAL;BOLIVAR;CARTAGENA DE INDIAS;21;125.0;115.0;119.0;107.0;134.0;150.0;27.0;29.0;33.0;42.0;20.0
236;"ESCUELA NAVAL DE CADETES""ALMIRANTE PADILLA""";"ESCUELA NAVAL DE CADETES""ALMIRANTE PADILLA""-CARTAGENA";CIENCIAS NAVALES PARA OFICIALES NAVALES;FORMACIÓN RELACIONADA CON EL CAMPO MILITAR O POLICIAL;BOLIVAR;CARTAGENA DE INDIAS;76;143.0;138.0;141.0;130.0;138.0;165.0;32.0;32.0;29.0;43.0;22.0
5906;"ESCUELA NAVAL DE CADETES""ALMIRANTE PADILLA""";"ESCUELA NAVAL DE CADETES""ALMIRANTE PADILLA""-CARTAGENA";INGENIERIA ELECTRONICA;INGENIERÍA ELECTRÓNICA, TELECOMUNICACIONES Y AFINES;BOLIVAR;CARTAGENA DE INDIAS;9;158.0;157.0;152.0;157.0;148.0;173.0;15.0;45.0;29.0;20.0;23.0
6313;"ESCUELA NAVAL DE CADETES""ALMIRANTE PADILLA""";"ESCUELA NAVAL DE CADETES""ALMIRANTE PADILLA""-CARTAGENA";INGENIERIA NAVAL;INGENIERÍA MECÁNICA Y AFINES;BOLIVAR;CARTAGENA DE INDIAS;8;152.0;148.0;155.0;149.0;141.0;166.0;27.0;41.0;32.0;59.0;25.0
4356;"ESCUELA NAVAL DE CADETES""ALMIRANTE PADILLA""";"ESCUELA NAVAL DE CADETES""ALMIRANTE PADILLA""-CARTAGENA";OCEANOGRAFIA FISICA;GEOLOGÍA, OTROS PROGRAMAS DE CIENCIAS NATURALES;BOLIVAR;CARTAGENA DE INDIAS;6;167.0;177.0;167.0;165.0;159.0;165.0;32.0;35.0;34.0;20.0;38.0
3307;ESCUELA SUPERIOR DE ADMINISTRACION PUBLICA-ESAP-;ESCUELA SUPERIOR DE ADMINISTRACION PUBLICA-ESAP-BOGOTÁ D.C.;ADMINISTRACION PUBLICA;ADMINISTRACIÓN;BOGOTÁ;BOGOTÁ D.C.;156;158.0;164.0;148.0;167.0;153.0;158.0;26.0;26.0;28.0;30.0;26.0
3312;ESCUELA SUPERIOR DE ADMINISTRACION PUBLICA-ESAP-;ESCUELA SUPERIOR DE ADMINISTRACION PUBLICA-ESAP-BOGOTÁ D.C.;ADMINISTRACION PUBLICA TERRITORIAL;ADMINISTRACIÓN;BOGOTÁ;BOGOTÁ D.C.;1;174.0;178.0;188.0;192.0;170.0;140.0;0.0;0.0;0.0;0.0;0.0
4232;ESCUELA SUPERIOR DE ADMINISTRACION PUBLICA-ESAP-;ESCUELA SUPERIOR DE ADMINISTRACION PUBLICA-ESAP-MEDELLIN;ADMINISTRACION PUBLICA TERRITORIAL;ADMINISTRACIÓN;ANTIOQUIA;MEDELLÍN;2;111.0;75.0;98.0;112.0;127.0;142.0;12.0;12.0;18.0;4.0;16.0
5908;ESCUELA SUPERIOR DE ADMINISTRACION PUBLICA-ESAP-;ESCUELA SUPERIOR DE ADMINISTRACION PUBLICA-ESAP-BOGOTÁ D.C.;ADMINISTRACION PUBLICA TERRITORIAL;ADMINISTRACIÓN;BOGOTÁ;BOGOTÁ D.C.;3865;135.0;139.0;128.0;138.0;144.0;127.0;26.0;28.0;30.0;37.0;26.0
4339;ESCUELA TECNOLOGICA INSTITUTO TECNICO CENTRAL;ESCUELA TECNOLOGICA INSTITUTO TECNICO CENTRAL -BOGOTÁ D.C.;INGENIERIA DE PROCESOS INDUSTRIALES;INGENIERÍA MECÁNICA Y AFINES;BOGOTÁ;BOGOTÁ D.C.;57;147.0;142.0;152.0;142.0;148.0;153.0;26.0;25.0;27.0;28.0;21.0
1170;ESCUELA TECNOLOGICA INSTITUTO TECNICO CENTRAL;ESCUELA TECNOLOGICA INSTITUTO TECNICO CENTRAL -BOGOTÁ D.C.;INGENIERIA DE SISTEMAS;INGENIERÍA DE SISTEMAS, TELEMÁTICA Y AFINES;BOGOTÁ;BOGOTÁ D.C.;79;153.0;153.0;155.0;144.0;149.0;164.0;27.0;29.0;31.0;28.0;27.0
6207;ESCUELA TECNOLOGICA INSTITUTO TECNICO CENTRAL;ESCUELA TECNOLOGICA INSTITUTO TECNICO CENTRAL -BOGOTÁ D.C.;INGENIERIA ELECTROMECANICA;INGENIERÍA ELÉCTRICA Y AFINES;BOGOTÁ;BOGOTÁ D.C.;80;149.0;144.0;163.0;142.0;145.0;149.0;25.0;29.0;31.0;34.0;23.0
7486;ESCUELA TECNOLOGICA INSTITUTO TECNICO CENTRAL;ESCUELA TECNOLOGICA INSTITUTO TECNICO CENTRAL -BOGOTÁ D.C.;INGENIERIA MECANICA;INGENIERÍA MECÁNICA Y AFINES;BOGOTÁ;BOGOTÁ D.C.;50;148.0;143.0;164.0;136.0;145.0;150.0;23.0;25.0;28.0;32.0;20.0
4995;ESCUELA TECNOLOGICA INSTITUTO TECNICO CENTRAL;ESCUELA TECNOLOGICA INSTITUTO TECNICO CENTRAL -BOGOTÁ D.C.;INGENIERIA MECATRONICA;INGENIERÍA MECÁNICA Y AFINES;BOGOTÁ;BOGOTÁ D.C.;58;149.0;142.0;165.0;136.0;143.0;158.0;26.0;27.0;30.0;31.0;32.0
25903;ESEIT ESCUELA SUPERIOR DE EMPRESA, INGENIERIA Y TECNOLOGIA;ELITE- ESCUELA LATINOAMERICANA DE INGENIEROS, TECNOLOGOS Y EMPRESARIOS-BOGOTÁ D.C.;ADMINISTRACIÓN DE EMPRESAS;ADMINISTRACIÓN;BOGOTÁ;BOGOTÁ D.C.;33;133.0;134.0;130.0;131.0;138.0;130.0;24.0;27.0;30.0;37.0;21.0
20694;ESEIT ESCUELA SUPERIOR DE EMPRESA, INGENIERIA Y TECNOLOGIA;ELITE- ESCUELA LATINOAMERICANA DE INGENIEROS, TECNOLOGOS Y EMPRESARIOS-BOGOTÁ D.C.;CONTADURÍA PÚBLICA;CONTADURÍA PUBLICA;BOGOTÁ;BOGOTÁ D.C.;21;140.0;140.0;133.0;134.0;155.0;137.0;22.0;25.0;23.0;28.0;18.0
8988;ESEIT ESCUELA SUPERIOR DE EMPRESA, INGENIERIA Y TECNOLOGIA;ELITE- ESCUELA LATINOAMERICANA DE INGENIEROS, TECNOLOGOS Y EMPRESARIOS-BOGOTÁ D.C.;INGENIERIA COMERCIAL;OTRAS INGENIERÍAS;BOGOTÁ;BOGOTÁ D.C.;13;149.0;146.0;155.0;148.0;147.0;150.0;25.0;30.0;28.0;28.0;20.0
7944;ESEIT ESCUELA SUPERIOR DE EMPRESA, INGENIERIA Y TECNOLOGIA;ELITE- ESCUELA LATINOAMERICANA DE INGENIEROS, TECNOLOGOS Y EMPRESARIOS-BOGOTÁ D.C.;INGENIERIA INFORMATICA;INGENIERÍA DE SISTEMAS, TELEMÁTICA Y AFINES;BOGOTÁ;BOGOTÁ D.C.;41;141.0;136.0;147.0;133.0;135.0;155.0;27.0;29.0;30.0;42.0;32.0
8282;ESEIT ESCUELA SUPERIOR DE EMPRESA, INGENIERIA Y TECNOLOGIA;ELITE- ESCUELA LATINOAMERICANA DE INGENIEROS, TECNOLOGOS Y EMPRESARIOS-BOGOTÁ D.C.;INGENIERÍA DE PETRÓLEO Y GAS;OTRAS INGENIERÍAS;BOGOTÁ;BOGOTÁ D.C.;11;154.0;156.0;165.0;146.0;149.0;154.0;18.0;28.0;25.0;30.0;34.0
9025;ESEIT ESCUELA SUPERIOR DE EMPRESA, INGENIERIA Y TECNOLOGIA;ELITE- ESCUELA LATINOAMERICANA DE INGENIEROS, TECNOLOGOS Y EMPRESARIOS-BOGOTÁ D.C.;INGENIERÍA INDUSTRIAL;INGENIERÍA INDUSTRIAL Y AFINES;BOGOTÁ;BOGOTÁ D.C.;18;135.0;128.0;139.0;120.0;147.0;141.0;42.0;30.0;40.0;26.0;42.0
30874;ESEIT ESCUELA SUPERIOR DE EMPRESA, INGENIERIA Y TECNOLOGIA;ELITE- ESCUELA LATINOAMERICANA DE INGENIEROS, TECNOLOGOS Y EMPRESARIOS-BOGOTÁ D.C.;INGENIERÍA INFORMÁTICA;INGENIERÍA DE SISTEMAS, TELEMÁTICA Y AFINES;BOGOTÁ;BOGOTÁ D.C.;2;135.0;139.0;125.0;119.0;122.0;169.0;5.0;8.0;16.0;8.0;1.0
28645;FUNDACION DE EDUCACION SUPERIOR NUEVA AMERICA;FUNDACION DE EDUCACION SUPERIOR NUEVA AMERICA-BOGOTÁ D.C.;ADMINISTRACIÓN DE EMPRESAS;ADMINISTRACIÓN;BOGOTÁ;BOGOTÁ D.C.;25;130.0;132.0;119.0;123.0;140.0;136.0;20.0;30.0;27.0;32.0;21.0
28632;FUNDACION DE EDUCACION SUPERIOR NUEVA AMERICA;FUNDACION DE EDUCACION SUPERIOR NUEVA AMERICA-BOGOTÁ D.C.;CONTADURÍA PÚBLICA;CONTADURÍA PUBLICA;BOGOTÁ;BOGOTÁ D.C.;4;122.0;124.0;122.0;121.0;115.0;128.0;14.0;36.0;18.0;78.0;14.0
25819;FUNDACION DE EDUCACION SUPERIOR SAN JOSE -FESSANJOSE-;FUNDACION DE EDUCACION SUPERIOR SAN JOSE -FESSANJOSE-BOGOTÁ D.C.;ADMINISTRACION DE EMPRESAS.;ADMINISTRACIÓN;BOGOTÁ;BOGOTÁ D.C.;1725;133.0;135.0;127.0;131.0;140.0;133.0;25.0;27.0;29.0;33.0;26.0
6765;FUNDACION DE EDUCACION SUPERIOR SAN JOSE -FESSANJOSE-;FUNDACION DE EDUCACION SUPERIOR SAN JOSE -FESSANJOSE-BOGOTÁ D.C.;CONTADURÍA PÚBLICA;CONTADURÍA PUBLICA;BOGOTÁ;BOGOTÁ D.C.;541;134.0;135.0;132.0;129.0;141.0;134.0;25.0;26.0;28.0;32.0;24.0
9198;FUNDACION DE EDUCACION SUPERIOR SAN JOSE -FESSANJOSE-;FUNDACION DE EDUCACION SUPERIOR SAN JOSE -FESSANJOSE-BOGOTÁ D.C.;DISEÑO DE MODAS;DISEÑO;BOGOTÁ;BOGOTÁ D.C.;2;138.0;153.0;128.0;145.0;115.0;149.0;0.0;18.0;23.0;0.0;1.0
4583;FUNDACION DE EDUCACION SUPERIOR SAN JOSE -FESSANJOSE-;FUNDACION DE EDUCACION SUPERIOR SAN JOSE -FESSANJOSE-BOGOTÁ D.C.;INGENIERIA DE SISTEMAS;INGENIERÍA DE SISTEMAS, TELEMÁTICA Y AFINES;BOGOTÁ;BOGOTÁ D.C.;5;133.0;127.0;122.0;136.0;118.0;160.0;32.0;37.0;45.0;75.0;29.0
28302;FUNDACION DE EDUCACION SUPERIOR SAN JOSE -FESSANJOSE-;FUNDACION DE EDUCACION SUPERIOR SAN JOSE -FESSANJOSE-BOGOTÁ D.C.;INGENIERIA DE SISTEMAS;INGENIERÍA DE SISTEMAS, TELEMÁTICA Y AFINES;BOGOTÁ;BOGOTÁ D.C.;1290;140.0;139.0;139.0;131.0;143.0;149.0;27.0;29.0;31.0;33.0;27.0
31691;FUNDACION DE EDUCACION SUPERIOR SAN JOSE -FESSANJOSE-;FUNDACION DE EDUCACION SUPERIOR SAN JOSE -FESSANJOSE-BOGOTÁ D.C.;INGENIERIA DE SISTEMAS;SIN CLASIFICAR;BOGOTÁ;BOGOTÁ D.C.;1;136.0;148.0;76.0;129.0;155.0;173.0;0.0;0.0;0.0;0.0;0.0
9170;FUNDACION DE EDUCACION SUPERIOR SAN JOSE -FESSANJOSE-;FUNDACION DE EDUCACION SUPERIOR SAN JOSE -FESSANJOSE-BOGOTÁ D.C.;INGENIERÍA INDUSTRIAL;INGENIERÍA INDUSTRIAL Y AFINES;BOGOTÁ;BOGOTÁ D.C.;52;133.0;133.0;134.0;124.0;139.0;133.0;24.0;27.0;28.0;36.0;27.0
856;FUNDACION DE EDUCACION SUPERIOR SAN JOSE -FESSANJOSE-;FUNDACION DE EDUCACION SUPERIOR SAN JOSE -FESSANJOSE-BOGOTÁ D.C.;PROFESIONAL EN ADMINISTRACIÓN DE EMPRESAS;ADMINISTRACIÓN;BOGOTÁ;BOGOTÁ D.C.;1;110.0;116.0;91.0;83.0;121.0;139.0;0.0;0.0;0.0;0.0;0.0
9774;FUNDACION DE EDUCACION SUPERIOR SAN JOSE -FESSANJOSE-;FUNDACION DE EDUCACION SUPERIOR SAN JOSE -FESSANJOSE-BOGOTÁ D.C.;PROFESIONAL EN DISEÑO DE ESPACIOS;DISEÑO;BOGOTÁ;BOGOTÁ D.C.;4;144.0;150.0;144.0;125.0;164.0;137.0;8.0;41.0;32.0;31.0;29.0
9642;FUNDACION DE EDUCACION SUPERIOR SAN JOSE -FESSANJOSE-;FUNDACION DE EDUCACION SUPERIOR SAN JOSE -FESSANJOSE-BOGOTÁ D.C.;PROFESIONAL EN DISEÑO INDUSTRIAL;DISEÑO;BOGOTÁ;BOGOTÁ D.C.;30;142.0;142.0;138.0;136.0;145.0;150.0;29.0;35.0;33.0;22.0;28.0
28455;FUNDACION DE EDUCACION SUPERIOR SAN JOSE -FESSANJOSE-;FUNDACION DE EDUCACION SUPERIOR SAN JOSE -FESSANJOSE-BOGOTÁ D.C.;PROFESIONAL EN INGENIERIA INDUSTRIAL;INGENIERÍA INDUSTRIAL Y AFINES;BOGOTÁ;BOGOTÁ D.C.;3497;133.0;133.0;133.0;126.0;137.0;135.0;25.0;28.0;28.0;35.0;25.0
9172;FUNDACION DE EDUCACION SUPERIOR SAN JOSE -FESSANJOSE-;FUNDACION DE EDUCACION SUPERIOR SAN JOSE -FESSANJOSE-BOGOTÁ D.C.;PROFESIONAL EN MARKETING INTERNACIONAL;ADMINISTRACIÓN;BOGOTÁ;BOGOTÁ D.C.;79;137.0;140.0;128.0;128.0;138.0;150.0;27.0;26.0;32.0;34.0;29.0
9171;FUNDACION DE EDUCACION SUPERIOR SAN JOSE -FESSANJOSE-;FUNDACION DE EDUCACION SUPERIOR SAN JOSE -FESSANJOSE-BOGOTÁ D.C.;PUBLICIDAD;PUBLICIDAD Y AFINES;BOGOTÁ;BOGOTÁ D.C.;58;142.0;145.0;133.0;138.0;148.0;148.0;24.0;26.0;30.0;23.0;30.0
847;FUNDACION DE ESTUDIOS SUPERIORES COMFANORTE -F.E.S.C.-;FUNDACION DE ESTUDIOS SUPERIORES COMFANORTE -F.E.S.C.-CUCUTA;ADMINISTRACIÒN DE NEGOCIOS INTERNACIONALES;ADMINISTRACIÓN;NORTE SANTANDER;CÚCUTA;8;129.0;131.0;124.0;118.0;131.0;141.0;24.0;36.0;17.0;61.0;33.0
1625;FUNDACION DE ESTUDIOS SUPERIORES COMFANORTE -F.E.S.C.-;FUNDACION DE ESTUDIOS SUPERIORES COMFANORTE -F.E.S.C.-CUCUTA;ADMINISTRACIÓN DE NEGOCIOS INTERNACIONALES;ADMINISTRACIÓN;NORTE SANTANDER;CÚCUTA;24;136.0;133.0;119.0;124.0;152.0;150.0;26.0;22.0;28.0;40.0;25.0
4959;FUNDACION DE ESTUDIOS SUPERIORES COMFANORTE -F.E.S.C.-;FUNDACION DE ESTUDIOS SUPERIORES COMFANORTE -F.E.S.C.-CUCUTA;ADMINISTRACIÓN DE NEGOCIOS INTERNACIONALES;ADMINISTRACIÓN;NORTE SANTANDER;CÚCUTA;1;131.0;154.0;109.0;148.0;121.0;122.0;0.0;0.0;0.0;0.0;0.0
1705;FUNDACION DE ESTUDIOS SUPERIORES COMFANORTE -F.E.S.C.-;FUNDACION DE ESTUDIOS SUPERIORES COMFANORTE -F.E.S.C.-CUCUTA;ADMINISTRACIÓN FINANCIERA;ADMINISTRACIÓN;NORTE SANTANDER;CÚCUTA;5;135.0;138.0;131.0;130.0;136.0;141.0;23.0;26.0;22.0;40.0;19.0
6671;FUNDACION DE ESTUDIOS SUPERIORES COMFANORTE -F.E.S.C.-;FUNDACION DE ESTUDIOS SUPERIORES COMFANORTE -F.E.S.C.-CUCUTA;ADMINISTRACIÓN FINANCIERA;ADMINISTRACIÓN;NORTE SANTANDER;CÚCUTA;36;138.0;142.0;137.0;133.0;141.0;136.0;22.0;26.0;33.0;26.0;28.0
8889;FUNDACION DE ESTUDIOS SUPERIORES COMFANORTE -F.E.S.C.-;FUNDACION DE ESTUDIOS SUPERIORES COMFANORTE -F.E.S.C.-CUCUTA;ADMINISTRACIÓN TURÍSTICA Y HOTELERA;ADMINISTRACIÓN;NORTE SANTANDER;CÚCUTA;15;139.0;143.0;124.0;135.0;133.0;160.0;26.0;23.0;25.0;44.0;22.0
7938;FUNDACION DE ESTUDIOS SUPERIORES COMFANORTE -F.E.S.C.-;FUNDACION DE ESTUDIOS SUPERIORES COMFANORTE -F.E.S.C.-CUCUTA;DISEÑO GRÀFICO;DISEÑO;NORTE SANTANDER;CÚCUTA;11;136.0;142.0;124.0;121.0;141.0;150.0;22.0;31.0;21.0;28.0;24.0
809;FUNDACION DE ESTUDIOS SUPERIORES COMFANORTE -F.E.S.C.-;FUNDACION DE ESTUDIOS SUPERIORES COMFANORTE -F.E.S.C.-CUCUTA;DISEÑO GRÁFICO;DISEÑO;NORTE SANTANDER;CÚCUTA;43;135.0;140.0;124.0;125.0;130.0;157.0;30.0;27.0;27.0;39.0;33.0
8517;FUNDACION DE ESTUDIOS SUPERIORES COMFANORTE -F.E.S.C.-;FUNDACION DE ESTUDIOS SUPERIORES COMFANORTE -F.E.S.C.-CUCUTA;DISEÑO Y ADMINISTRACIÓN DE NEGOCIOS DE LA MODA;DISEÑO;NORTE SANTANDER;CÚCUTA;13;136.0;141.0;125.0;128.0;139.0;147.0;27.0;26.0;25.0;49.0;29.0
24861;FUNDACION DE ESTUDIOS SUPERIORES COMFANORTE -F.E.S.C.-;FUNDACION DE ESTUDIOS SUPERIORES COMFANORTE -F.E.S.C.-CUCUTA;INGENIERÍA DE SOFTWARE;INGENIERÍA DE SISTEMAS, TELEMÁTICA Y AFINES;NORTE SANTANDER;CÚCUTA;11;145.0;148.0;151.0;130.0;138.0;158.0;38.0;35.0;42.0;19.0;19.0
8297;"FUNDACION DE ESTUDIOS SUPERIORES UNIVERSITARIOS DE URABA ANTONIO ROLDAN BETANCUR""FESU""";FUNDACION DE ESTUDIOS SUPERIORES UNIVERSITARIOS DE URABA ANTONIO ROLDAN BETANCUR-APARTADO;ADMINISTRACIÓN FINANCIERA;ADMINISTRACIÓN;ANTIOQUIA;APARTADÓ;8;142.0;142.0;143.0;138.0;150.0;136.0;34.0;18.0;23.0;34.0;30.0
8935;"FUNDACION DE ESTUDIOS SUPERIORES UNIVERSITARIOS DE URABA ANTONIO ROLDAN BETANCUR""FESU""";FUNDACION DE ESTUDIOS SUPERIORES UNIVERSITARIOS DE URABA ANTONIO ROLDAN BETANCUR-APARTADO;PROFESIONAL EN NEGOCIOS INTERNACIONALES;ADMINISTRACIÓN;ANTIOQUIA;APARTADÓ;29;132.0;132.0;119.0;131.0;133.0;146.0;24.0;26.0;25.0;36.0;28.0
7787;FUNDACION ESCUELA COLOMBIANA DE MERCADOTECNIA -ESCOLME-;INSTITUCION UNIVERSITARIA ESCOLME-MEDELLIN;ADMINISTRACION DE EMPRESAS;ADMINISTRACIÓN;ANTIOQUIA;MEDELLÍN;125;135.0;138.0;126.0;130.0;145.0;135.0;22.0;25.0;30.0;29.0;24.0
6333;FUNDACION ESCUELA COLOMBIANA DE MERCADOTECNIA -ESCOLME-;INSTITUCION UNIVERSITARIA ESCOLME-MEDELLIN;ADMINISTRACION DE SISTEMAS INFORMÁTICOS;INGENIERÍA DE SISTEMAS, TELEMÁTICA Y AFINES;ANTIOQUIA;MEDELLÍN;11;129.0;133.0;123.0;114.0;140.0;134.0;25.0;23.0;26.0;30.0;29.0
5029;FUNDACION ESCUELA COLOMBIANA DE MERCADOTECNIA -ESCOLME-;INSTITUCION UNIVERSITARIA ESCOLME-MEDELLIN;ADMINISTRACION FINANCIERA;ADMINISTRACIÓN;ANTIOQUIA;MEDELLÍN;5;131.0;138.0;140.0;128.0;111.0;140.0;22.0;31.0;30.0;69.0;19.0
5476;FUNDACION ESCUELA COLOMBIANA DE MERCADOTECNIA -ESCOLME-;INSTITUCION UNIVERSITARIA ESCOLME-MEDELLIN;ADMINISTRACIÓN DE EMPRESAS;ADMINISTRACIÓN;ANTIOQUIA;MEDELLÍN;74;134.0;136.0;126.0;124.0;151.0;135.0;25.0;25.0;24.0;28.0;24.0
4048;FUNDACION ESCUELA COLOMBIANA DE MERCADOTECNIA -ESCOLME-;INSTITUCION UNIVERSITARIA ESCOLME-MEDELLIN;CONTADURÍA PÚBLICA;CONTADURÍA PUBLICA;ANTIOQUIA;MEDELLÍN;38;137.0;143.0;132.0;130.0;146.0;132.0;23.0;25.0;26.0;22.0;21.0
7173;FUNDACION ESCUELA COLOMBIANA DE MERCADOTECNIA -ESCOLME-;INSTITUCION UNIVERSITARIA ESCOLME-MEDELLIN;MERCADEO;ADMINISTRACIÓN;ANTIOQUIA;MEDELLÍN;26;131.0;134.0;121.0;129.0;134.0;139.0;22.0;28.0;29.0;36.0;25.0
40;FUNDACION ESCUELA COLOMBIANA DE REHABILITACION;FUNDACION ESCUELA COLOMBIANA DE REHABILITACION-BOGOTÁ D.C.;FISIOTERAPIA;TERAPIAS;BOGOTÁ;BOGOTÁ D.C.;104;151.0;155.0;139.0;147.0;159.0;153.0;23.0;23.0;25.0;29.0;27.0
6785;FUNDACION ESCUELA COLOMBIANA DE REHABILITACION;FUNDACION ESCUELA COLOMBIANA DE REHABILITACION-BOGOTÁ D.C.;FONOAUDIOLOGIA;TERAPIAS;BOGOTÁ;BOGOTÁ D.C.;35;147.0;150.0;135.0;146.0;155.0;147.0;24.0;18.0;30.0;33.0;26.0
443;FUNDACION ESCUELA COLOMBIANA DE REHABILITACION;FUNDACION ESCUELA COLOMBIANA DE REHABILITACION-BOGOTÁ D.C.;TERAPIA OCUPACIONAL;TERAPIAS;BOGOTÁ;BOGOTÁ D.C.;53;148.0;156.0;130.0;150.0;155.0;150.0;24.0;29.0;26.0;39.0;25.0
7485;FUNDACION ESCUELA TECNOLOGICA DE NEIVA - JESUS OVIEDO PEREZ;FUNDACION ESCUELA TECNOLOGICA DE NEIVA - JESUS OVIEDO PEREZ-NEIVA;ADMINISTRACIÓN DE LA SALUD OCUPACIONAL;ADMINISTRACIÓN;HUILA;NEIVA;5;119.0;116.0;105.0;100.0;139.0;136.0;13.0;24.0;23.0;25.0;30.0
8435;FUNDACION ESCUELA TECNOLOGICA DE NEIVA - JESUS OVIEDO PEREZ;FUNDACION ESCUELA TECNOLOGICA DE NEIVA - JESUS OVIEDO PEREZ-NEIVA;INGENIERIA AMBIENTAL;INGENIERÍA AMBIENTAL, SANITARIA Y AFINES;HUILA;NEIVA;14;126.0;131.0;132.0;113.0;127.0;127.0;23.0;23.0;23.0;40.0;22.0
25902;FUNDACION ESCUELA TECNOLOGICA DE NEIVA - JESUS OVIEDO PEREZ;FUNDACION ESCUELA TECNOLOGICA DE NEIVA - JESUS OVIEDO PEREZ-NEIVA;INGENIERIA ELECTRICA POR CICLOS PROPEDEUTICOS.;INGENIERÍA ELÉCTRICA Y AFINES;HUILA;NEIVA;34;130.0;125.0;145.0;110.0;139.0;133.0;26.0;30.0;27.0;24.0;25.0
9681;FUNDACION ESCUELA TECNOLOGICA DE NEIVA - JESUS OVIEDO PEREZ;FUNDACION ESCUELA TECNOLOGICA DE NEIVA - JESUS OVIEDO PEREZ-NEIVA;INGENIERÍA DE ALIMENTOS;INGENIERÍA AGROINDUSTRIAL, ALIMENTOS Y AFINES;HUILA;NEIVA;2;111.0;108.0;108.0;99.0;124.0;118.0;2.0;12.0;4.0;11.0;17.0
8658;FUNDACION ESCUELA TECNOLOGICA DE NEIVA - JESUS OVIEDO PEREZ;FUNDACION ESCUELA TECNOLOGICA DE NEIVA - JESUS OVIEDO PEREZ-NEIVA;INGENIERÍA DE SOFTWARE;INGENIERÍA DE SISTEMAS, TELEMÁTICA Y AFINES;HUILA;NEIVA;45;137.0;138.0;136.0;129.0;128.0;154.0;28.0;27.0;31.0;33.0;28.0
20842;FUNDACION INSTITUTO SUPERIOR DE CARRERAS TECNICAS-INSUTEC-;FUNDACION UNIVERSITARIA HORIZONTE-BOGOTÁ D.C.;ADMINISTRACION DE EMPRESAS;ADMINISTRACIÓN;BOGOTÁ;BOGOTÁ D.C.;9;146.0;147.0;138.0;142.0;157.0;144.0;27.0;25.0;28.0;24.0;21.0
26440;FUNDACION INSTITUTO SUPERIOR DE CARRERAS TECNICAS-INSUTEC-;FUNDACION UNIVERSITARIA HORIZONTE-BOGOTÁ D.C.;ADMINISTRACION DE NEGOCIOS INTERNACIONALES;ADMINISTRACIÓN;BOGOTÁ;BOGOTÁ D.C.;3;127.0;123.0;123.0;126.0;129.0;134.0;32.0;26.0;37.0;20.0;9.0
28577;FUNDACION INSTITUTO SUPERIOR DE CARRERAS TECNICAS-INSUTEC-;FUNDACION UNIVERSITARIA HORIZONTE-BOGOTÁ D.C.;ADMINISTRACIÓN EN SEGURIDAD Y SALUD EN EL TRABAJO;ADMINISTRACIÓN;BOGOTÁ;BOGOTÁ D.C.;40;127.0;130.0;114.0;124.0;141.0;124.0;20.0;23.0;24.0;36.0;19.0
18968;FUNDACION INSTITUTO SUPERIOR DE CARRERAS TECNICAS-INSUTEC-;FUNDACION UNIVERSITARIA HORIZONTE-BOGOTÁ D.C.;COMUNICACIÓN SOCIAL;COMUNICACIÓN SOCIAL, PERIODISMO Y AFINES;BOGOTÁ;BOGOTÁ D.C.;2;147.0;170.0;99.0;130.0;167.0;170.0;15.0;25.0;25.0;7.0;4.0
25883;FUNDACION INSTITUTO SUPERIOR DE CARRERAS TECNICAS-INSUTEC-;FUNDACION UNIVERSITARIA HORIZONTE-BOGOTÁ D.C.;CONTADURÍA PÚBLICA;CONTADURÍA PUBLICA;BOGOTÁ;BOGOTÁ D.C.;9;140.0;144.0;145.0;137.0;138.0;137.0;29.0;29.0;46.0;16.0;35.0
20808;FUNDACION INSTITUTO SUPERIOR DE CARRERAS TECNICAS-INSUTEC-;FUNDACION UNIVERSITARIA HORIZONTE-BOGOTÁ D.C.;DERECHO;DERECHO Y AFINES;BOGOTÁ;BOGOTÁ D.C.;12;148.0;154.0;147.0;153.0;153.0;131.0;23.0;16.0;23.0;24.0;29.0
25259;FUNDACION INSTITUTO SUPERIOR DE CARRERAS TECNICAS-INSUTEC-;FUNDACION UNIVERSITARIA HORIZONTE-BOGOTÁ D.C.;DISENO GRAFICO;DISEÑO;BOGOTÁ;BOGOTÁ D.C.;6;147.0;149.0;146.0;146.0;135.0;159.0;32.0;48.0;24.0;20.0;16.0
18970;FUNDACION INSTITUTO SUPERIOR DE CARRERAS TECNICAS-INSUTEC-;FUNDACION UNIVERSITARIA HORIZONTE-BOGOTÁ D.C.;GASTRONOMIA;INGENIERÍA AGROINDUSTRIAL, ALIMENTOS Y AFINES;BOGOTÁ;BOGOTÁ D.C.;32;131.0;129.0;126.0;124.0;134.0;142.0;27.0;30.0;31.0;37.0;27.0
7273;FUNDACION INSTITUTO SUPERIOR DE CARRERAS TECNICAS-INSUTEC-;FUNDACION UNIVERSITARIA HORIZONTE-BOGOTÁ D.C.;INGENIERIA EN SEGURIDAD INDUSTRIAL E HIGIENE OCUPACIONAL;INGENIERÍA ADMINISTRATIVA Y AFINES;BOGOTÁ;BOGOTÁ D.C.;55;132.0;132.0;127.0;125.0;145.0;133.0;33.0;29.0;31.0;26.0;21.0
31692;FUNDACION INSTITUTO SUPERIOR DE CARRERAS TECNICAS-INSUTEC-;FUNDACION UNIVERSITARIA HORIZONTE-BOGOTÁ D.C.;INGENIERÍA EN SEGURIDAD Y SALUD EN EL TRABAJO;SIN CLASIFICAR;BOGOTÁ;BOGOTÁ D.C.;17;122.0;125.0;116.0;112.0;133.0;122.0;26.0;27.0;20.0;26.0;22.0
20654;FUNDACION INSTITUTO SUPERIOR DE CARRERAS TECNICAS-INSUTEC-;FUNDACION UNIVERSITARIA HORIZONTE-BOGOTÁ D.C.;INGENIIERIA DE SOFTWARE;INGENIERÍA DE SISTEMAS, TELEMÁTICA Y AFINES;BOGOTÁ;BOGOTÁ D.C.;7;144.0;155.0;135.0;135.0;152.0;144.0;34.0;22.0;15.0;27.0;27.0
807;"FUNDACION PARA LA EDUCACION SUPERIOR SAN MATEO ""FUNDACION SAN MATEO""";"FUNDACION PARA LA EDUCACION SUPERIOR SAN MATEO ""FUNDACION SAN MATEO""-BOGOTÁ D.C.";ADMINISTRACION DE EMPRESAS;ADMINISTRACIÓN;BOGOTÁ;BOGOTÁ D.C.;75;140.0;138.0;135.0;135.0;149.0;144.0;25.0;22.0;29.0;26.0;20.0
2967;"FUNDACION PARA LA EDUCACION SUPERIOR SAN MATEO ""FUNDACION SAN MATEO""";"FUNDACION PARA LA EDUCACION SUPERIOR SAN MATEO ""FUNDACION SAN MATEO""-BOGOTÁ D.C.";CONTADURIA PUBLICA;CONTADURÍA PUBLICA;BOGOTÁ;BOGOTÁ D.C.;72;136.0;135.0;131.0;131.0;144.0;139.0;26.0;27.0;29.0;25.0;21.0
25575;"FUNDACION PARA LA EDUCACION SUPERIOR SAN MATEO ""FUNDACION SAN MATEO""";"FUNDACION PARA LA EDUCACION SUPERIOR SAN MATEO ""FUNDACION SAN MATEO""-BOGOTÁ D.C.";DERECHO;DERECHO Y AFINES;BOGOTÁ;BOGOTÁ D.C.;52;146.0;152.0;130.0;155.0;158.0;137.0;25.0;26.0;26.0;35.0;24.0
9840;"FUNDACION PARA LA EDUCACION SUPERIOR SAN MATEO ""FUNDACION SAN MATEO""";"FUNDACION PARA LA EDUCACION SUPERIOR SAN MATEO ""FUNDACION SAN MATEO""-BOGOTÁ D.C.";DISEÑO GRÁFICO;DISEÑO;BOGOTÁ;BOGOTÁ D.C.;29;146.0;153.0;130.0;138.0;141.0;167.0;28.0;31.0;37.0;38.0;22.0
26676;"FUNDACION PARA LA EDUCACION SUPERIOR SAN MATEO ""FUNDACION SAN MATEO""";"FUNDACION PARA LA EDUCACION SUPERIOR SAN MATEO ""FUNDACION SAN MATEO""-BOGOTÁ D.C.";INGENIERIA  AMBIENTAL;INGENIERÍA AMBIENTAL, SANITARIA Y AFINES;BOGOTÁ;BOGOTÁ D.C.;25;142.0;146.0;145.0;139.0;143.0;136.0;23.0;24.0;26.0;26.0;19.0
3392;"FUNDACION PARA LA EDUCACION SUPERIOR SAN MATEO ""FUNDACION SAN MATEO""";"FUNDACION PARA LA EDUCACION SUPERIOR SAN MATEO ""FUNDACION SAN MATEO""-BOGOTÁ D.C.";INGENIERIA DE SISTEMAS;INGENIERÍA DE SISTEMAS, TELEMÁTICA Y AFINES;BOGOTÁ;BOGOTÁ D.C.;52;134.0;133.0;135.0;120.0;137.0;147.0;26.0;28.0;30.0;21.0;21.0
5920;"FUNDACION PARA LA EDUCACION SUPERIOR SAN MATEO ""FUNDACION SAN MATEO""";"FUNDACION PARA LA EDUCACION SUPERIOR SAN MATEO ""FUNDACION SAN MATEO""-BOGOTÁ D.C.";INGENIERIA EN SEGURIDAD Y SALUD PARA EL TRABAJO;INGENIERÍA INDUSTRIAL Y AFINES;BOGOTÁ;BOGOTÁ D.C.;249;133.0;135.0;128.0;125.0;144.0;132.0;24.0;25.0;28.0;30.0;21.0
4487;"FUNDACION PARA LA EDUCACION SUPERIOR SAN MATEO ""FUNDACION SAN MATEO""";"FUNDACION PARA LA EDUCACION SUPERIOR SAN MATEO ""FUNDACION SAN MATEO""-BOGOTÁ D.C.";INGENIERIA EN TELECOMUNICACIONES;INGENIERÍA ELECTRÓNICA, TELECOMUNICACIONES Y AFINES;BOGOTÁ;BOGOTÁ D.C.;77;140.0;140.0;143.0;130.0;139.0;146.0;28.0;27.0;30.0;32.0;26.0
7594;"FUNDACION PARA LA EDUCACION SUPERIOR SAN MATEO ""FUNDACION SAN MATEO""";"FUNDACION PARA LA EDUCACION SUPERIOR SAN MATEO ""FUNDACION SAN MATEO""-BOGOTÁ D.C.";INGENIERIA INDUSTRIAL;INGENIERÍA INDUSTRIAL Y AFINES;BOGOTÁ;BOGOTÁ D.C.;58;135.0;137.0;139.0;125.0;134.0;139.0;24.0;26.0;29.0;33.0;17.0
20751;"FUNDACION PARA LA EDUCACION SUPERIOR SAN MATEO ""FUNDACION SAN MATEO""";"FUNDACION PARA LA EDUCACION SUPERIOR SAN MATEO ""FUNDACION SAN MATEO""-BOGOTÁ D.C.";INGENIERÍA EN SEGURIDAD Y SALUD PARA EL TRABAJO;INGENIERÍA INDUSTRIAL Y AFINES;BOGOTÁ;BOGOTÁ D.C.;25;132.0;138.0;130.0;135.0;128.0;131.0;26.0;25.0;24.0;53.0;22.0
25730;"FUNDACION PARA LA EDUCACION SUPERIOR SAN MATEO ""FUNDACION SAN MATEO""";"FUNDACION PARA LA EDUCACION SUPERIOR SAN MATEO ""FUNDACION SAN MATEO""-BOGOTÁ D.C.";NEGOCIOS INTERNACIONALES;ECONOMÍA;BOGOTÁ;BOGOTÁ D.C.;25;143.0;151.0;131.0;141.0;143.0;147.0;28.0;28.0;28.0;26.0;19.0
6284;"FUNDACION PARA LA EDUCACION SUPERIOR SAN MATEO ""FUNDACION SAN MATEO""";"FUNDACION PARA LA EDUCACION SUPERIOR SAN MATEO ""FUNDACION SAN MATEO""-BOGOTÁ D.C.";PROFESIONAL EN GASTRONOMIA;ADMINISTRACIÓN;BOGOTÁ;BOGOTÁ D.C.;40;138.0;140.0;136.0;129.0;136.0;150.0;25.0;30.0;32.0;26.0;24.0
19039;"FUNDACION PARA LA EDUCACION SUPERIOR SAN MATEO ""FUNDACION SAN MATEO""";"FUNDACION PARA LA EDUCACION SUPERIOR SAN MATEO ""FUNDACION SAN MATEO""-BOGOTÁ D.C.";PROFESIONAL EN GASTRONOMíA;OTROS PROGRAMAS ASOCIADOS A BELLAS ARTES;BOGOTÁ;BOGOTÁ D.C.;15;137.0;134.0;138.0;132.0;135.0;144.0;26.0;25.0;40.0;46.0;36.0
30824;"FUNDACION TECNOLOGICA ""ANTONIO DE AREVALO""";"FUNDACION TECNOLOGICA ""ANTONIO DE AREVALO""-CARTAGENA";ADMINISTRACION DE EMPRESAS;ADMINISTRACIÓN;BOLIVAR;CARTAGENA DE INDIAS;22;124.0;132.0;109.0;113.0;140.0;128.0;27.0;22.0;23.0;40.0;23.0
31238;"FUNDACION TECNOLOGICA ""ANTONIO DE AREVALO""";"FUNDACION TECNOLOGICA ""ANTONIO DE AREVALO""-CARTAGENA";ADMINISTRACION EN  SEGURIDAD Y SALUD EN EL TRABAJO;SIN CLASIFICAR;BOLIVAR;CARTAGENA DE INDIAS;20;127.0;130.0;115.0;129.0;129.0;130.0;18.0;22.0;26.0;42.0;29.0
28136;"FUNDACION TECNOLOGICA ""ANTONIO DE AREVALO""";"FUNDACION TECNOLOGICA ""ANTONIO DE AREVALO""-CARTAGENA";ADMINISTRACION EN SEGURIDAD Y SALUD EN EL TRABAJO;ADMINISTRACIÓN;BOLIVAR;CARTAGENA DE INDIAS;36;123.0;122.0;111.0;116.0;139.0;126.0;24.0;25.0;25.0;31.0;24.0
26192;"FUNDACION TECNOLOGICA ""ANTONIO DE AREVALO""";"FUNDACION TECNOLOGICA ""ANTONIO DE AREVALO""-CARTAGENA";ADMINISTRACIÓN DE NEGOCIOS INTERNACIONALES;ADMINISTRACIÓN;BOLIVAR;CARTAGENA DE INDIAS;30;131.0;128.0;120.0;120.0;140.0;144.0;26.0;20.0;28.0;22.0;26.0
25509;"FUNDACION TECNOLOGICA ""ANTONIO DE AREVALO""";"FUNDACION TECNOLOGICA ""ANTONIO DE AREVALO""-CARTAGENA";CONTADURIA PUBLICA;CONTADURÍA PUBLICA;BOLIVAR;CARTAGENA DE INDIAS;36;134.0;140.0;132.0;124.0;135.0;142.0;27.0;23.0;31.0;35.0;19.0
28405;"FUNDACION TECNOLOGICA ""ANTONIO DE AREVALO""";"FUNDACION TECNOLOGICA ""ANTONIO DE AREVALO""-CARTAGENA";CONTADURIA PUBLICA;CONTADURÍA PUBLICA;BOLIVAR;CARTAGENA DE INDIAS;1;152.0;168.0;164.0;135.0;148.0;145.0;0.0;0.0;0.0;0.0;0.0
26307;"FUNDACION TECNOLOGICA ""ANTONIO DE AREVALO""";"FUNDACION TECNOLOGICA ""ANTONIO DE AREVALO""-CARTAGENA";DERECHO;DERECHO Y AFINES;BOLIVAR;CARTAGENA DE INDIAS;48;139.0;145.0;121.0;147.0;146.0;134.0;24.0;25.0;29.0;31.0;26.0
28239;"FUNDACION TECNOLOGICA ""ANTONIO DE AREVALO""";"FUNDACION TECNOLOGICA ""ANTONIO DE AREVALO""-CARTAGENA";INGENIERIA DE SISTEMAS;INGENIERÍA DE SISTEMAS, TELEMÁTICA Y AFINES;BOLIVAR;CARTAGENA DE INDIAS;5;124.0;123.0;122.0;109.0;130.0;134.0;13.0;24.0;11.0;17.0;16.0
26442;"FUNDACION TECNOLOGICA ""ANTONIO DE AREVALO""";"FUNDACION TECNOLOGICA ""ANTONIO DE AREVALO""-CARTAGENA";INGENIERIA ELECTRONICA;SIN CLASIFICAR;BOLIVAR;CARTAGENA DE INDIAS;6;145.0;136.0;156.0;130.0;157.0;144.0;23.0;38.0;36.0;13.0;36.0
26373;"FUNDACION TECNOLOGICA ""ANTONIO DE AREVALO""";"FUNDACION TECNOLOGICA ""ANTONIO DE AREVALO""-CARTAGENA";INGENIERIA INDUSTRIAL;INGENIERÍA INDUSTRIAL Y AFINES;BOLIVAR;CARTAGENA DE INDIAS;6;143.0;143.0;137.0;132.0;159.0;142.0;29.0;32.0;28.0;34.0;22.0
25593;FUNDACION TECNOLOGICA COLOMBO GERMANA;FUNDACION TECNOLOGICA COLOMBO- GERMANA-BOGOTÁ D.C.;ADMINISTRACION DE EMPRESAS;ADMINISTRACIÓN;BOGOTÁ;BOGOTÁ D.C.;2;139.0;143.0;139.0;119.0;152.0;142.0;24.0;7.0;19.0;25.0;6.0
28489;FUNDACION TECNOLOGICA COLOMBO GERMANA;FUNDACION TECNOLOGICA COLOMBO- GERMANA-BOGOTÁ D.C.;ADMINISTRACION DE EMPRESAS;ADMINISTRACIÓN;BOGOTÁ;BOGOTÁ D.C.;153;130.0;133.0;123.0;122.0;142.0;129.0;24.0;25.0;25.0;36.0;22.0
27993;FUNDACION TECNOLOGICA COLOMBO GERMANA;FUNDACION TECNOLOGICA COLOMBO- GERMANA-BOGOTÁ D.C.;CONTADURÍA PUBLICA;CONTADURÍA PUBLICA;BOGOTÁ;BOGOTÁ D.C.;19;133.0;135.0;133.0;126.0;135.0;134.0;19.0;25.0;24.0;39.0;21.0
28415;FUNDACION TECNOLOGICA COLOMBO GERMANA;FUNDACION TECNOLOGICA COLOMBO- GERMANA-BOGOTÁ D.C.;DERECHO;DERECHO Y AFINES;BOGOTÁ;BOGOTÁ D.C.;63;146.0;150.0;137.0;154.0;150.0;138.0;23.0;31.0;26.0;35.0;25.0
28611;FUNDACION TECNOLOGICA COLOMBO GERMANA;FUNDACION TECNOLOGICA COLOMBO- GERMANA-BOGOTÁ D.C.;INGENIERÍA EN SEGURIDAD Y SALUD EN EL TRABAJO;INGENIERÍA INDUSTRIAL Y AFINES;BOGOTÁ;BOGOTÁ D.C.;129;128.0;129.0;121.0;121.0;139.0;127.0;22.0;23.0;23.0;26.0;22.0
30906;FUNDACION TECNOLOGICA COLOMBO GERMANA;FUNDACION TECNOLOGICA COLOMBO- GERMANA-BOGOTÁ D.C.;LICENCIATURA EN EDUCACIÓN INFANTIL;EDUCACIÓN;BOGOTÁ;BOGOTÁ D.C.;281;124.0;127.0;113.0;119.0;135.0;125.0;24.0;25.0;25.0;36.0;22.0
1642;FUNDACION UNION LATINA -UNILATINA-;INSTITUCION UNIVERSITARIA LATINA - UNILATINA-BOGOTÁ D.C.;ADMINISTRACION DE EMPRESAS;ADMINISTRACIÓN;BOGOTÁ;BOGOTÁ D.C.;16;153.0;159.0;162.0;149.0;151.0;146.0;18.0;19.0;25.0;25.0;16.0
4617;FUNDACION UNION LATINA -UNILATINA-;INSTITUCION UNIVERSITARIA LATINA - UNILATINA-BOGOTÁ D.C.;FINANZAS Y NEGOCIOS INTERNACIONALES;ADMINISTRACIÓN;BOGOTÁ;BOGOTÁ D.C.;2;167.0;178.0;161.0;188.0;121.0;187.0;2.0;36.0;8.0;9.0;8.0
26570;FUNDACION UNION LATINA -UNILATINA-;INSTITUCION UNIVERSITARIA LATINA - UNILATINA-BOGOTÁ D.C.;NEGOCIOS INTERNACIONALES;ADMINISTRACIÓN;BOGOTÁ;BOGOTÁ D.C.;17;155.0;167.0;144.0;150.0;154.0;162.0;18.0;29.0;33.0;22.0;20.0
5922;FUNDACION UNION LATINA -UNILATINA-;INSTITUCION UNIVERSITARIA LATINA - UNILATINA-BOGOTÁ D.C.;PROFESIONAL EN DIRECCIÓN Y PRODUCCIÓN DE RADIO Y TELEVISIÓN;COMUNICACIÓN SOCIAL, PERIODISMO Y AFINES;BOGOTÁ;BOGOTÁ D.C.;9;161.0;167.0;153.0;163.0;154.0;167.0;16.0;16.0;18.0;18.0;17.0
23428;FUNDACION UNION LATINA -UNILATINA-;INSTITUCION UNIVERSITARIA LATINA - UNILATINA-BOGOTÁ D.C.;PUBLICIDAD Y MERCADEO;ARTES REPRESENTATIVAS;BOGOTÁ;BOGOTÁ D.C.;16;148.0;158.0;149.0;131.0;152.0;151.0;27.0;23.0;22.0;26.0;23.0
41;FUNDACION UNIVERSIDAD AUTONOMA DE COLOMBIA -FUAC-;FUNDACION UNIVERSIDAD AUTONOMA DE COLOMBIA -FUAC--BOGOTÁ D.C.;ADMINISTRACION DE EMPRESAS;ADMINISTRACIÓN;BOGOTÁ;BOGOTÁ D.C.;2;142.0;147.0;132.0;154.0;137.0;139.0;34.0;8.0;52.0;18.0;19.0
444;FUNDACION UNIVERSIDAD AUTONOMA DE COLOMBIA -FUAC-;FUNDACION UNIVERSIDAD AUTONOMA DE COLOMBIA -FUAC--BOGOTÁ D.C.;CONTADURIA PUBLICA;CONTADURÍA PUBLICA;BOGOTÁ;BOGOTÁ D.C.;1;122.0;103.0;146.0;86.0;116.0;161.0;0.0;0.0;0.0;0.0;0.0
6786;FUNDACION UNIVERSIDAD AUTONOMA DE COLOMBIA -FUAC-;FUNDACION UNIVERSIDAD AUTONOMA DE COLOMBIA -FUAC--BOGOTÁ D.C.;DERECHO;DERECHO Y AFINES;BOGOTÁ;BOGOTÁ D.C.;33;146.0;155.0;133.0;155.0;138.0;146.0;26.0;30.0;30.0;44.0;29.0
209;FUNDACION UNIVERSIDAD AUTONOMA DE COLOMBIA -FUAC-;FUNDACION UNIVERSIDAD AUTONOMA DE COLOMBIA -FUAC--BOGOTÁ D.C.;DISEÑO INDUSTRIAL;DISEÑO;BOGOTÁ;BOGOTÁ D.C.;7;156.0;158.0;152.0;143.0;153.0;171.0;27.0;26.0;17.0;29.0;26.0
1741;FUNDACION UNIVERSIDAD AUTONOMA DE COLOMBIA -FUAC-;FUNDACION UNIVERSIDAD AUTONOMA DE COLOMBIA -FUAC--BOGOTÁ D.C.;ECONOMIA;ECONOMÍA;BOGOTÁ;BOGOTÁ D.C.;4;144.0;157.0;158.0;152.0;102.0;153.0;23.0;10.0;31.0;78.0;31.0
1629;FUNDACION UNIVERSIDAD AUTONOMA DE COLOMBIA -FUAC-;FUNDACION UNIVERSIDAD AUTONOMA DE COLOMBIA -FUAC--BOGOTÁ D.C.;ESTUDIOS LITERARIOS;LENGUAS MODERNAS, LITERATURA, LINGÜÍSTICA Y AFINES;BOGOTÁ;BOGOTÁ D.C.;3;150.0;170.0;117.0;149.0;153.0;161.0;16.0;49.0;16.0;28.0;39.0
9617;FUNDACION UNIVERSIDAD AUTONOMA DE COLOMBIA -FUAC-;FUNDACION UNIVERSIDAD AUTONOMA DE COLOMBIA -FUAC--BOGOTÁ D.C.;FILOSOFÍA;FILOSOFÍA, TEOLOGÍA Y AFINES;BOGOTÁ;BOGOTÁ D.C.;1;188.0;202.0;150.0;196.0;184.0;208.0;0.0;0.0;0.0;0.0;0.0
2919;FUNDACION UNIVERSIDAD AUTONOMA DE COLOMBIA -FUAC-;FUNDACION UNIVERSIDAD AUTONOMA DE COLOMBIA -FUAC--BOGOTÁ D.C.;HISTORIA;GEOGRAFÍA, HISTORIA;BOGOTÁ;BOGOTÁ D.C.;6;160.0;180.0;144.0;159.0;157.0;158.0;12.0;37.0;11.0;18.0;14.0
5666;FUNDACION UNIVERSIDAD AUTONOMA DE COLOMBIA -FUAC-;FUNDACION UNIVERSIDAD AUTONOMA DE COLOMBIA -FUAC--BOGOTÁ D.C.;INGENIERIA DE SISTEMAS;INGENIERÍA DE SISTEMAS, TELEMÁTICA Y AFINES;BOGOTÁ;BOGOTÁ D.C.;1;140.0;141.0;145.0;117.0;154.0;141.0;0.0;0.0;0.0;0.0;0.0
4158;FUNDACION UNIVERSIDAD AUTONOMA DE COLOMBIA -FUAC-;FUNDACION UNIVERSIDAD AUTONOMA DE COLOMBIA -FUAC--BOGOTÁ D.C.;INGENIERIA ELECTROMECANICA;INGENIERÍA MECÁNICA Y AFINES;BOGOTÁ;BOGOTÁ D.C.;26;130.0;128.0;140.0;117.0;132.0;131.0;22.0;31.0;29.0;23.0;23.0
5080;FUNDACION UNIVERSIDAD AUTONOMA DE COLOMBIA -FUAC-;FUNDACION UNIVERSIDAD AUTONOMA DE COLOMBIA -FUAC--BOGOTÁ D.C.;INGENIERIA INDUSTRIAL;INGENIERÍA INDUSTRIAL Y AFINES;BOGOTÁ;BOGOTÁ D.C.;4;142.0;150.0;132.0;143.0;144.0;144.0;39.0;45.0;32.0;13.0;11.0
2001;FUNDACION UNIVERSIDAD AUTONOMA DE COLOMBIA -FUAC-;FUNDACION UNIVERSIDAD AUTONOMA DE COLOMBIA -FUAC--BOGOTÁ D.C.;RELACIONES ECONOMICAS INTERNACIONALES;ECONOMÍA;BOGOTÁ;BOGOTÁ D.C.;5;150.0;146.0;140.0;148.0;146.0;168.0;26.0;27.0;34.0;22.0;24.0
25929;FUNDACION UNIVERSIDAD DE AMERICA;FUNDACION UNIVERSIDAD DE AMERICA-BOGOTÁ D.C.;ADMINISTRACIÓN DE EMPRESAS;ADMINISTRACIÓN;BOGOTÁ;BOGOTÁ D.C.;9;155.0;157.0;149.0;144.0;144.0;182.0;25.0;39.0;37.0;19.0;48.0
3024;FUNDACION UNIVERSIDAD DE AMERICA;FUNDACION UNIVERSIDAD DE AMERICA-BOGOTÁ D.C.;ARQUITECTURA;ARQUITECTURA;BOGOTÁ;BOGOTÁ D.C.;64;148.0;147.0;153.0;134.0;145.0;159.0;31.0;27.0;33.0;39.0;31.0
5535;FUNDACION UNIVERSIDAD DE AMERICA;FUNDACION UNIVERSIDAD DE AMERICA-BOGOTÁ D.C.;ECONOMIA;ECONOMÍA;BOGOTÁ;BOGOTÁ D.C.;16;150.0;153.0;152.0;146.0;140.0;160.0;26.0;15.0;32.0;26.0;26.0
25468;FUNDACION UNIVERSIDAD DE AMERICA;FUNDACION UNIVERSIDAD DE AMERICA-BOGOTÁ D.C.;ESTADISTICA Y CIENCIAS ACTUARIALES;MATEMÁTICAS, ESTADÍSTICA Y AFINES;BOGOTÁ;BOGOTÁ D.C.;5;171.0;174.0;186.0;160.0;149.0;185.0;19.0;35.0;23.0;20.0;28.0
6484;FUNDACION UNIVERSIDAD DE AMERICA;FUNDACION UNIVERSIDAD DE AMERICA-BOGOTÁ D.C.;INGENIERIA DE PETROLEOS;INGENIERÍA DE MINAS, METALURGIA Y AFINES;BOGOTÁ;BOGOTÁ D.C.;14;147.0;140.0;155.0;132.0;144.0;165.0;26.0;23.0;24.0;32.0;18.0
26287;FUNDACION UNIVERSIDAD DE AMERICA;FUNDACION UNIVERSIDAD DE AMERICA-BOGOTÁ D.C.;INGENIERIA EN ENERGIAS;INGENIERÍA ELÉCTRICA Y AFINES;BOGOTÁ;BOGOTÁ D.C.;7;170.0;163.0;178.0;154.0;162.0;193.0;22.0;34.0;47.0;12.0;15.0
5083;FUNDACION UNIVERSIDAD DE AMERICA;FUNDACION UNIVERSIDAD DE AMERICA-BOGOTÁ D.C.;INGENIERIA INDUSTRIAL;INGENIERÍA INDUSTRIAL Y AFINES;BOGOTÁ;BOGOTÁ D.C.;23;152.0;153.0;152.0;141.0;150.0;164.0;22.0;26.0;35.0;22.0;24.0
2630;FUNDACION UNIVERSIDAD DE AMERICA;FUNDACION UNIVERSIDAD DE AMERICA-BOGOTÁ D.C.;INGENIERIA MECANICA;INGENIERÍA MECÁNICA Y AFINES;BOGOTÁ;BOGOTÁ D.C.;18;157.0;155.0;168.0;143.0;138.0;180.0;23.0;20.0;30.0;39.0;19.0
26175;FUNDACION UNIVERSIDAD DE AMERICA;FUNDACION UNIVERSIDAD DE AMERICA-BOGOTÁ D.C.;INGENIERIA MECATRONICA;INGENIERÍA MECÁNICA Y AFINES;BOGOTÁ;BOGOTÁ D.C.;12;170.0;174.0;181.0;155.0;158.0;183.0;22.0;22.0;26.0;27.0;20.0
124;FUNDACION UNIVERSIDAD DE AMERICA;FUNDACION UNIVERSIDAD DE AMERICA-BOGOTÁ D.C.;INGENIERIA QUIMICA;INGENIERÍA QUÍMICA Y AFINES;BOGOTÁ;BOGOTÁ D.C.;103;162.0;162.0;165.0;149.0;157.0;178.0;24.0;29.0;32.0;24.0;23.0
25762;FUNDACION UNIVERSIDAD DE AMERICA;FUNDACION UNIVERSIDAD DE AMERICA-BOGOTÁ D.C.;INGENIERÍA AMBIENTAL;INGENIERÍA AMBIENTAL, SANITARIA Y AFINES;BOGOTÁ;BOGOTÁ D.C.;10;156.0;151.0;158.0;157.0;151.0;161.0;27.0;20.0;29.0;23.0;23.0
25763;FUNDACION UNIVERSIDAD DE AMERICA;FUNDACION UNIVERSIDAD DE AMERICA-BOGOTÁ D.C.;NEGOCIOS INTERNACIONALES;ECONOMÍA;BOGOTÁ;BOGOTÁ D.C.;24;160.0;160.0;153.0;154.0;153.0;181.0;29.0;22.0;32.0;27.0;21.0
5943;FUNDACION UNIVERSIDAD DE BOGOTA-JORGE TADEO LOZANO;"FUNDACION UNIVERSIDAD DE BOGOTA""JORGE TADEO LOZANO""-BOGOTÁ D.C.";ADMINISTRACION DE EMPRESAS;ADMINISTRACIÓN;BOGOTÁ;BOGOTÁ D.C.;25;161.0;165.0;164.0;156.0;149.0;172.0;25.0;21.0;33.0;23.0;21.0
25131;FUNDACION UNIVERSIDAD DE BOGOTA-JORGE TADEO LOZANO;"FUNDACION UNIVERSIDAD DE BOGOTA""JORGE TADEO LOZANO""-BOGOTÁ D.C.";AGROECOLOGÍA;AGRONOMÍA;BOGOTÁ;BOGOTÁ D.C.;1;153.0;170.0;136.0;146.0;160.0;153.0;0.0;0.0;0.0;0.0;0.0
3942;FUNDACION UNIVERSIDAD DE BOGOTA-JORGE TADEO LOZANO;"FUNDACION UNIVERSIDAD DE BOGOTA""JORGE TADEO LOZANO""-BOGOTÁ D.C.";ARQUITECTURA;ARQUITECTURA;BOGOTÁ;BOGOTÁ D.C.;79;162.0;166.0;160.0;150.0;153.0;182.0;25.0;24.0;32.0;33.0;19.0
5554;FUNDACION UNIVERSIDAD DE BOGOTA-JORGE TADEO LOZANO;"FUNDACION UNIVERSIDAD DE BOGOTA""JORGE TADEO LOZANO""-CARTAGENA";ARQUITECTURA;ARQUITECTURA;BOLIVAR;CARTAGENA DE INDIAS;2;146.0;129.0;137.0;152.0;150.0;165.0;23.0;5.0;9.0;33.0;5.0
4022;FUNDACION UNIVERSIDAD DE BOGOTA-JORGE TADEO LOZANO;"FUNDACION UNIVERSIDAD DE BOGOTA""JORGE TADEO LOZANO""-BOGOTÁ D.C.";ARTES PLASTICAS;ARTES PLÁSTICAS, VISUALES Y AFINES;BOGOTÁ;BOGOTÁ D.C.;20;171.0;181.0;157.0;160.0;154.0;201.0;19.0;27.0;30.0;31.0;19.0
16547;FUNDACION UNIVERSIDAD DE BOGOTA-JORGE TADEO LOZANO;"FUNDACION UNIVERSIDAD DE BOGOTA""JORGE TADEO LOZANO""-BOGOTÁ D.C.";ARTES PLASTICAS;ARTES PLÁSTICAS, VISUALES Y AFINES;BOGOTÁ;BOGOTÁ D.C.;1;159.0;159.0;150.0;127.0;141.0;216.0;0.0;0.0;0.0;0.0;0.0
25770;FUNDACION UNIVERSIDAD DE BOGOTA-JORGE TADEO LOZANO;"FUNDACION UNIVERSIDAD DE BOGOTA""JORGE TADEO LOZANO""-BOGOTÁ D.C.";BANCA Y FINANZAS;ECONOMÍA;BOGOTÁ;BOGOTÁ D.C.;10;158.0;155.0;155.0;158.0;155.0;167.0;28.0;23.0;31.0;33.0;39.0
1117;FUNDACION UNIVERSIDAD DE BOGOTA-JORGE TADEO LOZANO;"FUNDACION UNIVERSIDAD DE BOGOTA""JORGE TADEO LOZANO""-BOGOTÁ D.C.";BIOLOGIA AMBIENTAL;BIOLOGÍA, MICROBIOLOGÍA Y AFINES;BOGOTÁ;BOGOTÁ D.C.;8;176.0;185.0;172.0;160.0;155.0;206.0;18.0;28.0;42.0;25.0;41.0
5744;FUNDACION UNIVERSIDAD DE BOGOTA-JORGE TADEO LOZANO;"FUNDACION UNIVERSIDAD DE BOGOTA""JORGE TADEO LOZANO""-BOGOTÁ D.C.";BIOLOGIA MARINA;BIOLOGÍA, MICROBIOLOGÍA Y AFINES;BOGOTÁ;BOGOTÁ D.C.;40;167.0;175.0;166.0;158.0;141.0;193.0;28.0;29.0;38.0;34.0;33.0
5825;FUNDACION UNIVERSIDAD DE BOGOTA-JORGE TADEO LOZANO;"FUNDACION UNIVERSIDAD DE BOGOTA""JORGE TADEO LOZANO""-BOGOTÁ D.C.";CIENCIA POLÍTICA Y GOBIERNO;CIENCIA POLÍTICA, RELACIONES INTERNACIONALES;BOGOTÁ;BOGOTÁ D.C.;7;166.0;160.0;150.0;171.0;170.0;180.0;27.0;11.0;33.0;32.0;19.0
25942;FUNDACION UNIVERSIDAD DE BOGOTA-JORGE TADEO LOZANO;"FUNDACION UNIVERSIDAD DE BOGOTA""JORGE TADEO LOZANO""-BOGOTÁ D.C.";CINE Y TELEVISIÓN;COMUNICACIÓN SOCIAL, PERIODISMO Y AFINES;BOGOTÁ;BOGOTÁ D.C.;69;167.0;174.0;153.0;161.0;154.0;192.0;28.0;30.0;31.0;36.0;39.0
2845;FUNDACION UNIVERSIDAD DE BOGOTA-JORGE TADEO LOZANO;"FUNDACION UNIVERSIDAD DE BOGOTA""JORGE TADEO LOZANO""-BOGOTÁ D.C.";COMERCIO INTERNACIONAL;ECONOMÍA;BOGOTÁ;BOGOTÁ D.C.;12;156.0;161.0;156.0;147.0;137.0;178.0;28.0;32.0;35.0;55.0;24.0
8724;FUNDACION UNIVERSIDAD DE BOGOTA-JORGE TADEO LOZANO;"FUNDACION UNIVERSIDAD DE BOGOTA""JORGE TADEO LOZANO""-BOGOTÁ D.C.";COMERCIO INTERNACIONAL Y FINANZAS;ECONOMÍA;BOGOTÁ;BOGOTÁ D.C.;25;154.0;155.0;153.0;151.0;139.0;175.0;28.0;26.0;35.0;35.0;28.0
558;FUNDACION UNIVERSIDAD DE BOGOTA-JORGE TADEO LOZANO;"FUNDACION UNIVERSIDAD DE BOGOTA""JORGE TADEO LOZANO""-BOGOTÁ D.C.";COMUNICACION SOCIAL -  PERIODISMO;COMUNICACIÓN SOCIAL, PERIODISMO Y AFINES;BOGOTÁ;BOGOTÁ D.C.;31;155.0;159.0;135.0;154.0;149.0;176.0;22.0;23.0;26.0;22.0;25.0
5205;FUNDACION UNIVERSIDAD DE BOGOTA-JORGE TADEO LOZANO;"FUNDACION UNIVERSIDAD DE BOGOTA""JORGE TADEO LOZANO""-CARTAGENA";COMUNICACION SOCIAL Y PERIODISMO;COMUNICACIÓN SOCIAL, PERIODISMO Y AFINES;BOLIVAR;CARTAGENA DE INDIAS;4;153.0;172.0;100.0;178.0;147.0;167.0;13.0;26.0;18.0;26.0;50.0
6379;FUNDACION UNIVERSIDAD DE BOGOTA-JORGE TADEO LOZANO;"FUNDACION UNIVERSIDAD DE BOGOTA""JORGE TADEO LOZANO""-BOGOTÁ D.C.";CONTADURIA PUBLICA;CONTADURÍA PUBLICA;BOGOTÁ;BOGOTÁ D.C.;27;158.0;158.0;155.0;154.0;163.0;158.0;23.0;25.0;35.0;24.0;22.0
5531;FUNDACION UNIVERSIDAD DE BOGOTA-JORGE TADEO LOZANO;"FUNDACION UNIVERSIDAD DE BOGOTA""JORGE TADEO LOZANO""-BOGOTÁ D.C.";DERECHO;DERECHO Y AFINES;BOGOTÁ;BOGOTÁ D.C.;21;160.0;170.0;143.0;162.0;147.0;177.0;28.0;30.0;54.0;63.0;43.0
2418;FUNDACION UNIVERSIDAD DE BOGOTA-JORGE TADEO LOZANO;"FUNDACION UNIVERSIDAD DE BOGOTA""JORGE TADEO LOZANO""-BOGOTÁ D.C.";DISEÑO GRAFICO;DISEÑO;BOGOTÁ;BOGOTÁ D.C.;102;165.0;171.0;156.0;155.0;150.0;191.0;25.0;26.0;32.0;30.0;27.0
4868;FUNDACION UNIVERSIDAD DE BOGOTA-JORGE TADEO LOZANO;"FUNDACION UNIVERSIDAD DE BOGOTA""JORGE TADEO LOZANO""-BOGOTÁ D.C.";DISEÑO INDUSTRIAL;DISEÑO;BOGOTÁ;BOGOTÁ D.C.;50;158.0;157.0;148.0;146.0;155.0;183.0;24.0;26.0;30.0;45.0;28.0
9012;FUNDACION UNIVERSIDAD DE BOGOTA-JORGE TADEO LOZANO;"FUNDACION UNIVERSIDAD DE BOGOTA""JORGE TADEO LOZANO""-BOGOTÁ D.C.";DISEÑO INTERACTIVO;ARTES PLÁSTICAS, VISUALES Y AFINES;BOGOTÁ;BOGOTÁ D.C.;18;163.0;165.0;154.0;153.0;153.0;189.0;36.0;25.0;34.0;27.0;20.0
8786;FUNDACION UNIVERSIDAD DE BOGOTA-JORGE TADEO LOZANO;"FUNDACION UNIVERSIDAD DE BOGOTA""JORGE TADEO LOZANO""-BOGOTÁ D.C.";DISEÑO Y GESTIÓN DE LA MODA;DISEÑO;BOGOTÁ;BOGOTÁ D.C.;62;161.0;168.0;148.0;155.0;149.0;187.0;22.0;25.0;31.0;35.0;26.0
5944;FUNDACION UNIVERSIDAD DE BOGOTA-JORGE TADEO LOZANO;"FUNDACION UNIVERSIDAD DE BOGOTA""JORGE TADEO LOZANO""-BOGOTÁ D.C.";ECONOMIA;ECONOMÍA;BOGOTÁ;BOGOTÁ D.C.;11;176.0;179.0;179.0;174.0;167.0;182.0;28.0;44.0;31.0;27.0;18.0
9802;FUNDACION UNIVERSIDAD DE BOGOTA-JORGE TADEO LOZANO;"FUNDACION UNIVERSIDAD DE BOGOTA""JORGE TADEO LOZANO""-BOGOTÁ D.C.";ESTUDIOS LITERARIOS Y EDICION;LENGUAS MODERNAS, LITERATURA, LINGÜÍSTICA Y AFINES;BOGOTÁ;BOGOTÁ D.C.;21;179.0;184.0;158.0;176.0;171.0;204.0;22.0;26.0;30.0;34.0;38.0
20755;FUNDACION UNIVERSIDAD DE BOGOTA-JORGE TADEO LOZANO;"FUNDACION UNIVERSIDAD DE BOGOTA""JORGE TADEO LOZANO""-BOGOTÁ D.C.";FOTOGRAFÍA;ARTES PLÁSTICAS, VISUALES Y AFINES;BOGOTÁ;BOGOTÁ D.C.;9;167.0;182.0;147.0;163.0;157.0;185.0;22.0;12.0;24.0;25.0;20.0
8666;FUNDACION UNIVERSIDAD DE BOGOTA-JORGE TADEO LOZANO;"FUNDACION UNIVERSIDAD DE BOGOTA""JORGE TADEO LOZANO""-BOGOTÁ D.C.";HISTORIA DEL ARTE;GEOGRAFÍA, HISTORIA;BOGOTÁ;BOGOTÁ D.C.;4;175.0;196.0;155.0;190.0;160.0;176.0;7.0;18.0;14.0;16.0;15.0
8418;FUNDACION UNIVERSIDAD DE BOGOTA-JORGE TADEO LOZANO;"FUNDACION UNIVERSIDAD DE BOGOTA""JORGE TADEO LOZANO""-BOGOTÁ D.C.";INGENIERIA AMBIENTAL;INGENIERÍA AMBIENTAL, SANITARIA Y AFINES;BOGOTÁ;BOGOTÁ D.C.;18;172.0;175.0;179.0;171.0;160.0;176.0;18.0;22.0;20.0;21.0;38.0
445;FUNDACION UNIVERSIDAD DE BOGOTA-JORGE TADEO LOZANO;"FUNDACION UNIVERSIDAD DE BOGOTA""JORGE TADEO LOZANO""-BOGOTÁ D.C.";INGENIERIA DE ALIMENTOS;INGENIERÍA AGROINDUSTRIAL, ALIMENTOS Y AFINES;BOGOTÁ;BOGOTÁ D.C.;8;152.0;158.0;151.0;147.0;155.0;151.0;20.0;34.0;23.0;28.0;28.0
6710;FUNDACION UNIVERSIDAD DE BOGOTA-JORGE TADEO LOZANO;"FUNDACION UNIVERSIDAD DE BOGOTA""JORGE TADEO LOZANO""-BOGOTÁ D.C.";INGENIERIA QUIMICA;INGENIERÍA QUÍMICA Y AFINES;BOGOTÁ;BOGOTÁ D.C.;17;162.0;157.0;171.0;152.0;157.0;175.0;32.0;26.0;34.0;29.0;39.0
6210;FUNDACION UNIVERSIDAD DE BOGOTA-JORGE TADEO LOZANO;"FUNDACION UNIVERSIDAD DE BOGOTA""JORGE TADEO LOZANO""-BOGOTÁ D.C.";INGENIERÍA DE SISTEMAS;INGENIERÍA DE SISTEMAS, TELEMÁTICA Y AFINES;BOGOTÁ;BOGOTÁ D.C.;67;169.0;170.0;172.0;164.0;154.0;185.0;25.0;31.0;32.0;31.0;29.0
8760;FUNDACION UNIVERSIDAD DE BOGOTA-JORGE TADEO LOZANO;"FUNDACION UNIVERSIDAD DE BOGOTA""JORGE TADEO LOZANO""-BOGOTÁ D.C.";INGENIERÍA EN AUTOMATIZACIÓN;INGENIERÍA INDUSTRIAL Y AFINES;BOGOTÁ;BOGOTÁ D.C.;9;153.0;160.0;160.0;140.0;133.0;172.0;16.0;32.0;24.0;56.0;26.0
20792;FUNDACION UNIVERSIDAD DE BOGOTA-JORGE TADEO LOZANO;"FUNDACION UNIVERSIDAD DE BOGOTA""JORGE TADEO LOZANO""-BOGOTÁ D.C.";INGENIERÍA EN ENERGÍA;INGENIERÍA INDUSTRIAL Y AFINES;BOGOTÁ;BOGOTÁ D.C.;1;177.0;181.0;192.0;167.0;180.0;166.0;0.0;0.0;0.0;0.0;0.0
6709;FUNDACION UNIVERSIDAD DE BOGOTA-JORGE TADEO LOZANO;"FUNDACION UNIVERSIDAD DE BOGOTA""JORGE TADEO LOZANO""-BOGOTÁ D.C.";INGENIERÍA INDUSTRIAL;INGENIERÍA INDUSTRIAL Y AFINES;BOGOTÁ;BOGOTÁ D.C.;31;163.0;160.0;168.0;156.0;157.0;173.0;27.0;29.0;33.0;35.0;29.0
2848;FUNDACION UNIVERSIDAD DE BOGOTA-JORGE TADEO LOZANO;"FUNDACION UNIVERSIDAD DE BOGOTA""JORGE TADEO LOZANO""-BOGOTÁ D.C.";MERCADEO;ADMINISTRACIÓN;BOGOTÁ;BOGOTÁ D.C.;40;155.0;158.0;148.0;153.0;149.0;169.0;27.0;29.0;34.0;42.0;30.0
24971;FUNDACION UNIVERSIDAD DE BOGOTA-JORGE TADEO LOZANO;"FUNDACION UNIVERSIDAD DE BOGOTA""JORGE TADEO LOZANO""-BOGOTÁ D.C.";MODELADO Y SIMULACIÓN COMPUTACIONAL;MATEMÁTICAS, ESTADÍSTICA Y AFINES;BOGOTÁ;BOGOTÁ D.C.;2;171.0;171.0;179.0;170.0;179.0;155.0;21.0;13.0;16.0;8.0;10.0
398;FUNDACION UNIVERSIDAD DE BOGOTA-JORGE TADEO LOZANO;"FUNDACION UNIVERSIDAD DE BOGOTA""JORGE TADEO LOZANO""-BOGOTÁ D.C.";PROFESIONAL EN CINE Y TELEVISION;COMUNICACIÓN SOCIAL, PERIODISMO Y AFINES;BOGOTÁ;BOGOTÁ D.C.;2;185.0;208.0;188.0;180.0;145.0;207.0;39.0;6.0;19.0;21.0;13.0
3874;FUNDACION UNIVERSIDAD DE BOGOTA-JORGE TADEO LOZANO;"FUNDACION UNIVERSIDAD DE BOGOTA""JORGE TADEO LOZANO""-BOGOTÁ D.C.";PUBLICIDAD;ARTES PLÁSTICAS, VISUALES Y AFINES;BOGOTÁ;BOGOTÁ D.C.;63;163.0;168.0;148.0;157.0;154.0;187.0;25.0;26.0;25.0;25.0;27.0
9735;FUNDACION UNIVERSIDAD DE BOGOTA-JORGE TADEO LOZANO;"FUNDACION UNIVERSIDAD DE BOGOTA""JORGE TADEO LOZANO""-BOGOTÁ D.C.";REALIZACIÓN EN ANIMACIÓN;ARTES PLÁSTICAS, VISUALES Y AFINES;BOGOTÁ;BOGOTÁ D.C.;73;171.0;179.0;155.0;161.0;157.0;203.0;25.0;29.0;31.0;31.0;26.0
1119;FUNDACION UNIVERSIDAD DE BOGOTA-JORGE TADEO LOZANO;"FUNDACION UNIVERSIDAD DE BOGOTA""JORGE TADEO LOZANO""-BOGOTÁ D.C.";RELACIONES INTERNACIONALES;CIENCIA POLÍTICA, RELACIONES INTERNACIONALES;BOGOTÁ;BOGOTÁ D.C.;17;173.0;182.0;146.0;169.0;173.0;193.0;26.0;24.0;27.0;21.0;16.0
5618;FUNDACION UNIVERSIDAD DEL NORTE;UNIVERSIDAD DEL NORTE-BARRANQUILLA;ADMINISTRACION DE EMPRESAS;ADMINISTRACIÓN;ATLANTICO;BARRANQUILLA;144;169.0;169.0;157.0;159.0;164.0;198.0;27.0;28.0;38.0;33.0;37.0
6227;FUNDACION UNIVERSIDAD DEL NORTE;UNIVERSIDAD DEL NORTE-BARRANQUILLA;ARQUITECTURA;ARQUITECTURA;ATLANTICO;BARRANQUILLA;67;172.0;171.0;165.0;164.0;167.0;192.0;22.0;24.0;31.0;27.0;27.0
28473;FUNDACION UNIVERSIDAD DEL NORTE;UNIVERSIDAD DEL NORTE-BARRANQUILLA;CIENCIA DE DATOS;MATEMÁTICAS, ESTADÍSTICA Y AFINES;ATLANTICO;BARRANQUILLA;22;185.0;183.0;186.0;178.0;168.0;209.0;29.0;34.0;23.0;20.0;24.0
3325;FUNDACION UNIVERSIDAD DEL NORTE;UNIVERSIDAD DEL NORTE-BARRANQUILLA;CIENCIA POLITICA Y GOBIERNO;CIENCIA POLÍTICA, RELACIONES INTERNACIONALES;ATLANTICO;BARRANQUILLA;25;172.0;182.0;143.0;181.0;167.0;185.0;28.0;33.0;25.0;52.0;36.0
3752;FUNDACION UNIVERSIDAD DEL NORTE;UNIVERSIDAD DEL NORTE-BARRANQUILLA;COMUNICACION SOCIAL Y PERIODISMO;COMUNICACIÓN SOCIAL, PERIODISMO Y AFINES;ATLANTICO;BARRANQUILLA;99;166.0;175.0;141.0;157.0;167.0;189.0;28.0;32.0;36.0;46.0;46.0
7889;FUNDACION UNIVERSIDAD DEL NORTE;UNIVERSIDAD DEL NORTE-BARRANQUILLA;CONTADURIA PUBLICA;CONTADURÍA PUBLICA;ATLANTICO;BARRANQUILLA;54;165.0;162.0;157.0;160.0;170.0;175.0;27.0;28.0;35.0;38.0;34.0
1737;FUNDACION UNIVERSIDAD DEL NORTE;UNIVERSIDAD DEL NORTE-BARRANQUILLA;DERECHO;DERECHO Y AFINES;ATLANTICO;BARRANQUILLA;169;178.0;180.0;154.0;188.0;170.0;195.0;27.0;26.0;27.0;34.0;33.0
4908;FUNDACION UNIVERSIDAD DEL NORTE;UNIVERSIDAD DEL NORTE-BARRANQUILLA;DISEÑO GRAFICO;DISEÑO;ATLANTICO;BARRANQUILLA;97;169.0;172.0;152.0;158.0;165.0;199.0;25.0;31.0;35.0;31.0;31.0
5301;FUNDACION UNIVERSIDAD DEL NORTE;UNIVERSIDAD DEL NORTE-BARRANQUILLA;DISEÑO INDUSTRIAL;DISEÑO;ATLANTICO;BARRANQUILLA;21;172.0;176.0;156.0;171.0;158.0;201.0;24.0;24.0;31.0;17.0;28.0
1323;FUNDACION UNIVERSIDAD DEL NORTE;UNIVERSIDAD DEL NORTE-BARRANQUILLA;ECONOMIA;ECONOMÍA;ATLANTICO;BARRANQUILLA;45;182.0;184.0;179.0;173.0;169.0;207.0;21.0;21.0;29.0;20.0;38.0
2623;FUNDACION UNIVERSIDAD DEL NORTE;UNIVERSIDAD DEL NORTE-BARRANQUILLA;ENFERMERIA;ENFERMERÍA;ATLANTICO;BARRANQUILLA;49;150.0;154.0;135.0;145.0;167.0;150.0;23.0;21.0;33.0;44.0;26.0
7291;FUNDACION UNIVERSIDAD DEL NORTE;UNIVERSIDAD DEL NORTE-BARRANQUILLA;FILOSOFÍA Y HUMANIDADES;FILOSOFÍA, TEOLOGÍA Y AFINES;ATLANTICO;BARRANQUILLA;4;195.0;203.0;182.0;174.0;212.0;203.0;27.0;51.0;41.0;59.0;26.0
8316;FUNDACION UNIVERSIDAD DEL NORTE;UNIVERSIDAD DEL NORTE-BARRANQUILLA;GEOLOGÍA;GEOLOGÍA, OTROS PROGRAMAS DE CIENCIAS NATURALES;ATLANTICO;BARRANQUILLA;36;181.0;185.0;180.0;173.0;165.0;202.0;28.0;25.0;43.0;28.0;41.0
3637;FUNDACION UNIVERSIDAD DEL NORTE;UNIVERSIDAD DEL NORTE-BARRANQUILLA;INGENIERIA CIVIL;INGENIERÍA CIVIL Y AFINES;ATLANTICO;BARRANQUILLA;155;180.0;177.0;190.0;171.0;168.0;191.0;25.0;21.0;31.0;26.0;31.0
4150;FUNDACION UNIVERSIDAD DEL NORTE;UNIVERSIDAD DEL NORTE-BARRANQUILLA;INGENIERIA DE SISTEMAS Y COMPUTACION;INGENIERÍA DE SISTEMAS, TELEMÁTICA Y AFINES;ATLANTICO;BARRANQUILLA;89;185.0;183.0;190.0;174.0;169.0;210.0;23.0;33.0;34.0;45.0;36.0
4151;FUNDACION UNIVERSIDAD DEL NORTE;UNIVERSIDAD DEL NORTE-BARRANQUILLA;INGENIERIA ELECTRICA;INGENIERÍA ELÉCTRICA Y AFINES;ATLANTICO;BARRANQUILLA;36;180.0;180.0;190.0;165.0;174.0;189.0;26.0;16.0;34.0;47.0;27.0
6368;FUNDACION UNIVERSIDAD DEL NORTE;UNIVERSIDAD DEL NORTE-BARRANQUILLA;INGENIERIA ELECTRONICA;INGENIERÍA ELECTRÓNICA, TELECOMUNICACIONES Y AFINES;ATLANTICO;BARRANQUILLA;51;183.0;182.0;195.0;169.0;168.0;203.0;31.0;29.0;41.0;38.0;38.0
4655;FUNDACION UNIVERSIDAD DEL NORTE;UNIVERSIDAD DEL NORTE-BARRANQUILLA;INGENIERIA INDUSTRIAL;INGENIERÍA INDUSTRIAL Y AFINES;ATLANTICO;BARRANQUILLA;123;183.0;180.0;189.0;174.0;171.0;199.0;32.0;21.0;30.0;32.0;33.0
2624;FUNDACION UNIVERSIDAD DEL NORTE;UNIVERSIDAD DEL NORTE-BARRANQUILLA;INGENIERIA MECANICA;INGENIERÍA MECÁNICA Y AFINES;ATLANTICO;BARRANQUILLA;79;187.0;184.0;200.0;178.0;174.0;199.0;27.0;32.0;32.0;32.0;30.0
20709;FUNDACION UNIVERSIDAD DEL NORTE;UNIVERSIDAD DEL NORTE-BARRANQUILLA;LENGUAS MODERNAS Y CULTURA;LENGUAS MODERNAS, LITERATURA, LINGÜÍSTICA Y AFINES;ATLANTICO;BARRANQUILLA;62;181.0;184.0;143.0;172.0;180.0;225.0;25.0;32.0;32.0;32.0;34.0
3753;FUNDACION UNIVERSIDAD DEL NORTE;UNIVERSIDAD DEL NORTE-BARRANQUILLA;LICENCIATURA EN PEDAGOGIA  INFANTIL;EDUCACIÓN;ATLANTICO;BARRANQUILLA;19;163.0;168.0;141.0;161.0;165.0;178.0;27.0;32.0;42.0;26.0;41.0
691;FUNDACION UNIVERSIDAD DEL NORTE;UNIVERSIDAD DEL NORTE-BARRANQUILLA;MATEMATICAS;MATEMÁTICAS, ESTADÍSTICA Y AFINES;ATLANTICO;BARRANQUILLA;6;183.0;189.0;197.0;184.0;157.0;189.0;25.0;14.0;35.0;30.0;40.0
6919;FUNDACION UNIVERSIDAD DEL NORTE;UNIVERSIDAD DEL NORTE-BARRANQUILLA;MEDICINA;MEDICINA;ATLANTICO;BARRANQUILLA;191;182.0;184.0;168.0;180.0;173.0;205.0;19.0;26.0;26.0;39.0;29.0
6250;FUNDACION UNIVERSIDAD DEL NORTE;UNIVERSIDAD DEL NORTE-BARRANQUILLA;MÚSICA;MÚSICA;ATLANTICO;BARRANQUILLA;18;178.0;179.0;162.0;165.0;169.0;212.0;32.0;49.0;47.0;44.0;53.0
7000;FUNDACION UNIVERSIDAD DEL NORTE;UNIVERSIDAD DEL NORTE-BARRANQUILLA;NEGOCIOS INTERNACIONALES;ADMINISTRACIÓN;ATLANTICO;BARRANQUILLA;121;182.0;183.0;166.0;172.0;176.0;212.0;24.0;25.0;34.0;38.0;30.0
8066;FUNDACION UNIVERSIDAD DEL NORTE;UNIVERSIDAD DEL NORTE-BARRANQUILLA;ODONTOLOGÍA;ODONTOLOGÍA;ATLANTICO;BARRANQUILLA;40;163.0;172.0;147.0;159.0;161.0;173.0;23.0;26.0;30.0;24.0;24.0
6369;FUNDACION UNIVERSIDAD DEL NORTE;UNIVERSIDAD DEL NORTE-BARRANQUILLA;PSICOLOGIA;PSICOLOGÍA;ATLANTICO;BARRANQUILLA;151;169.0;175.0;146.0;163.0;166.0;193.0;27.0;28.0;32.0;28.0;37.0
5336;FUNDACION UNIVERSIDAD DEL NORTE;UNIVERSIDAD DEL NORTE-BARRANQUILLA;RELACIONES INTERNACIONALES;CIENCIA POLÍTICA, RELACIONES INTERNACIONALES;ATLANTICO;BARRANQUILLA;56;190.0;193.0;163.0;187.0;178.0;227.0;26.0;35.0;32.0;36.0;42.0
6784;FUNDACION UNIVERSITARIA AGRARIA DE COLOMBIA -UNIAGRARIA-;FUNDACION UNIVERSITARIA AGRARIA DE COLOMBIA -UNIAGRARIA-BOGOTÁ D.C.;ADMINISTRACION FINANCIERA Y DE SISTEMAS;ADMINISTRACIÓN;BOGOTÁ;BOGOTÁ D.C.;9;151.0;148.0;159.0;142.0;153.0;155.0;11.0;17.0;35.0;18.0;22.0
4157;FUNDACION UNIVERSITARIA AGRARIA DE COLOMBIA -UNIAGRARIA-;FUNDACION UNIVERSITARIA AGRARIA DE COLOMBIA -UNIAGRARIA-BOGOTÁ D.C.;CONTADURIA PUBLICA;CONTADURÍA PUBLICA;BOGOTÁ;BOGOTÁ D.C.;36;145.0;147.0;145.0;143.0;145.0;143.0;25.0;23.0;24.0;37.0;23.0
2187;FUNDACION UNIVERSITARIA AGRARIA DE COLOMBIA -UNIAGRARIA-;FUNDACION UNIVERSITARIA AGRARIA DE COLOMBIA -UNIAGRARIA-BOGOTÁ D.C.;DERECHO;DERECHO Y AFINES;BOGOTÁ;BOGOTÁ D.C.;65;146.0;152.0;131.0;152.0;147.0;149.0;21.0;25.0;27.0;45.0;35.0
4005;FUNDACION UNIVERSITARIA AGRARIA DE COLOMBIA -UNIAGRARIA-;FUNDACION UNIVERSITARIA AGRARIA DE COLOMBIA -UNIAGRARIA-BOGOTÁ D.C.;INGENIERIA AGROINDUSTRIAL;INGENIERÍA AGROINDUSTRIAL, ALIMENTOS Y AFINES;BOGOTÁ;BOGOTÁ D.C.;7;149.0;162.0;143.0;152.0;142.0;147.0;33.0;13.0;23.0;27.0;19.0
5529;FUNDACION UNIVERSITARIA AGRARIA DE COLOMBIA -UNIAGRARIA-;FUNDACION UNIVERSITARIA AGRARIA DE COLOMBIA -UNIAGRARIA-BOGOTÁ D.C.;INGENIERIA CIVIL;INGENIERÍA CIVIL Y AFINES;BOGOTÁ;BOGOTÁ D.C.;50;153.0;150.0;168.0;143.0;146.0;155.0;25.0;27.0;26.0;31.0;23.0
1740;FUNDACION UNIVERSITARIA AGRARIA DE COLOMBIA -UNIAGRARIA-;FUNDACION UNIVERSITARIA AGRARIA DE COLOMBIA -UNIAGRARIA-BOGOTÁ D.C.;INGENIERIA DE ALIMENTOS;INGENIERÍA AGROINDUSTRIAL, ALIMENTOS Y AFINES;BOGOTÁ;BOGOTÁ D.C.;16;155.0;156.0;160.0;153.0;149.0;158.0;24.0;25.0;31.0;25.0;30.0
5079;FUNDACION UNIVERSITARIA AGRARIA DE COLOMBIA -UNIAGRARIA-;FUNDACION UNIVERSITARIA AGRARIA DE COLOMBIA -UNIAGRARIA-BOGOTÁ D.C.;INGENIERIA INDUSTRIAL;INGENIERÍA INDUSTRIAL Y AFINES;BOGOTÁ;BOGOTÁ D.C.;11;151.0;155.0;151.0;148.0;143.0;158.0;32.0;32.0;33.0;19.0;24.0
3921;FUNDACION UNIVERSITARIA AGRARIA DE COLOMBIA -UNIAGRARIA-;FUNDACION UNIVERSITARIA AGRARIA DE COLOMBIA -UNIAGRARIA-BOGOTÁ D.C.;INGENIERIA MECATRONICA;INGENIERÍA MECÁNICA Y AFINES;BOGOTÁ;BOGOTÁ D.C.;16;155.0;155.0;173.0;139.0;148.0;162.0;24.0;18.0;32.0;23.0;31.0
20716;FUNDACION UNIVERSITARIA AGRARIA DE COLOMBIA -UNIAGRARIA-;FUNDACION UNIVERSITARIA AGRARIA DE COLOMBIA -UNIAGRARIA-BOGOTÁ D.C.;INGENIERÍA AMBIENTAL;INGENIERÍA AMBIENTAL, SANITARIA Y AFINES;BOGOTÁ;BOGOTÁ D.C.;7;159.0;166.0;165.0;160.0;152.0;153.0;19.0;27.0;19.0;19.0;21.0
8147;FUNDACION UNIVERSITARIA AGRARIA DE COLOMBIA -UNIAGRARIA-;FUNDACION UNIVERSITARIA AGRARIA DE COLOMBIA -UNIAGRARIA-BOGOTÁ D.C.;MEDICINA VETERINARIA;MEDICINA VETERINARIA;BOGOTÁ;BOGOTÁ D.C.;110;153.0;160.0;147.0;149.0;148.0;162.0;24.0;21.0;25.0;31.0;28.0
4662;FUNDACION UNIVERSITARIA AGRARIA DE COLOMBIA -UNIAGRARIA-;FUNDACION UNIVERSITARIA AGRARIA DE COLOMBIA -UNIAGRARIA-BOGOTÁ D.C.;ZOOTECNIA;ZOOTECNIA;BOGOTÁ;BOGOTÁ D.C.;22;144.0;146.0;145.0;132.0;153.0;145.0;26.0;22.0;27.0;23.0;18.0
9191;FUNDACION UNIVERSITARIA AUTONOMA DE LAS AMERICAS;INSTITUCIÓN UNIVERSITARIA VISIÓN DE LAS AMÉRICAS-MEDELLIN;ADMINISTRACION TURISTICA Y HOTELERA;ADMINISTRACIÓN;ANTIOQUIA;MEDELLÍN;4;158.0;155.0;137.0;158.0;161.0;181.0;11.0;12.0;10.0;29.0;12.0
2468;FUNDACION UNIVERSITARIA AUTONOMA DE LAS AMERICAS;INSTITUCIÓN UNIVERSITARIA VISIÓN DE LAS AMÉRICAS-MEDELLIN;ADMINISTRACIÓN DE EMPRESAS;ADMINISTRACIÓN;ANTIOQUIA;MEDELLÍN;27;133.0;134.0;124.0;132.0;139.0;139.0;25.0;22.0;25.0;37.0;29.0
7103;FUNDACION UNIVERSITARIA AUTONOMA DE LAS AMERICAS;INSTITUCIÓN UNIVERSITARIA VISIÓN DE LAS AMÉRICAS-MEDELLIN;DERECHO;DERECHO Y AFINES;ANTIOQUIA;MEDELLÍN;10;134.0;142.0;125.0;135.0;138.0;132.0;19.0;26.0;55.0;23.0;52.0
8564;FUNDACION UNIVERSITARIA AUTONOMA DE LAS AMERICAS;INSTITUCIÓN UNIVERSITARIA VISIÓN DE LAS AMÉRICAS-MEDELLIN;DERECHO;DERECHO Y AFINES;ANTIOQUIA;MEDELLÍN;18;143.0;156.0;135.0;149.0;144.0;133.0;25.0;28.0;31.0;15.0;34.0
7072;FUNDACION UNIVERSITARIA AUTONOMA DE LAS AMERICAS;INSTITUCIÓN UNIVERSITARIA VISIÓN DE LAS AMÉRICAS-MEDELLIN;INGENIERIA ADMINISTRATIVA;INGENIERÍA ADMINISTRATIVA Y AFINES;ANTIOQUIA;MEDELLÍN;16;151.0;149.0;149.0;143.0;158.0;156.0;29.0;35.0;34.0;19.0;32.0
6672;FUNDACION UNIVERSITARIA AUTONOMA DE LAS AMERICAS;INSTITUCIÓN UNIVERSITARIA VISIÓN DE LAS AMÉRICAS-MEDELLIN;MEDICINA;MEDICINA;ANTIOQUIA;MEDELLÍN;107;152.0;155.0;143.0;144.0;151.0;167.0;24.0;26.0;32.0;30.0;28.0
3319;FUNDACION UNIVERSITARIA AUTONOMA DE LAS AMERICAS;INSTITUCIÓN UNIVERSITARIA VISIÓN DE LAS AMÉRICAS-MEDELLIN;MEDICINA VETERINARIA Y ZOOTECNIA;MEDICINA VETERINARIA;ANTIOQUIA;MEDELLÍN;76;149.0;155.0;138.0;138.0;154.0;162.0;25.0;22.0;29.0;29.0;26.0
9476;FUNDACION UNIVERSITARIA AUTONOMA DE LAS AMERICAS;INSTITUCIÓN UNIVERSITARIA VISIÓN DE LAS AMÉRICAS-MEDELLIN;MEDICINA VETERINARIA Y ZOOTECNIA;MEDICINA VETERINARIA;ANTIOQUIA;MEDELLÍN;50;145.0;146.0;141.0;135.0;152.0;151.0;27.0;23.0;28.0;25.0;33.0
1245;FUNDACION UNIVERSITARIA AUTONOMA DE LAS AMERICAS;INSTITUCIÓN UNIVERSITARIA VISIÓN DE LAS AMÉRICAS-MEDELLIN;ODONTOLOGIA;ODONTOLOGÍA;ANTIOQUIA;MEDELLÍN;53;143.0;148.0;130.0;132.0;155.0;150.0;22.0;22.0;30.0;25.0;29.0
3385;FUNDACION UNIVERSITARIA AUTONOMA DE LAS AMERICAS;INSTITUCIÓN UNIVERSITARIA VISIÓN DE LAS AMÉRICAS-MEDELLIN;ODONTOLOGÍA;ODONTOLOGÍA;ANTIOQUIA;MEDELLÍN;45;139.0;139.0;130.0;131.0;141.0;152.0;26.0;24.0;27.0;33.0;26.0
6553;FUNDACION UNIVERSITARIA AUTONOMA DE LAS AMERICAS;INSTITUCIÓN UNIVERSITARIA VISIÓN DE LAS AMÉRICAS-MEDELLIN;TERAPIA RESPIRATORIA;TERAPIAS;ANTIOQUIA;MEDELLÍN;46;142.0;146.0;133.0;132.0;150.0;147.0;26.0;24.0;29.0;25.0;19.0
5764;FUNDACION UNIVERSITARIA BELLAS ARTES;FUNDACION UNIVERSITARIA BELLAS ARTES-MEDELLIN;ARTES PLASTICAS;ARTES PLÁSTICAS, VISUALES Y AFINES;ANTIOQUIA;MEDELLÍN;61;154.0;164.0;136.0;146.0;151.0;175.0;28.0;32.0;32.0;53.0;34.0
9699;FUNDACION UNIVERSITARIA BELLAS ARTES;FUNDACION UNIVERSITARIA BELLAS ARTES-MEDELLIN;COMUNICACIÓN PUBLICITARIA;PUBLICIDAD Y AFINES;ANTIOQUIA;MEDELLÍN;15;157.0;164.0;138.0;154.0;156.0;174.0;24.0;23.0;24.0;30.0;30.0
9544;FUNDACION UNIVERSITARIA BELLAS ARTES;FUNDACION UNIVERSITARIA BELLAS ARTES-MEDELLIN;DISEÑO INTERACTIVO;ARTES PLÁSTICAS, VISUALES Y AFINES;ANTIOQUIA;MEDELLÍN;8;169.0;175.0;164.0;163.0;150.0;195.0;32.0;23.0;38.0;24.0;23.0
5765;FUNDACION UNIVERSITARIA BELLAS ARTES;FUNDACION UNIVERSITARIA BELLAS ARTES-MEDELLIN;DISEÑO VISUAL;DISEÑO;ANTIOQUIA;MEDELLÍN;26;158.0;169.0;143.0;149.0;146.0;181.0;23.0;25.0;31.0;40.0;27.0
9764;FUNDACION UNIVERSITARIA BELLAS ARTES;FUNDACION UNIVERSITARIA BELLAS ARTES-MEDELLIN;FOTOGRAFÍA;ARTES PLÁSTICAS, VISUALES Y AFINES;ANTIOQUIA;MEDELLÍN;21;149.0;157.0;137.0;138.0;143.0;171.0;46.0;45.0;40.0;31.0;43.0
4932;FUNDACION UNIVERSITARIA BELLAS ARTES;FUNDACION UNIVERSITARIA BELLAS ARTES-MEDELLIN;MUSICA;MÚSICA;ANTIOQUIA;MEDELLÍN;16;166.0;177.0;156.0;151.0;160.0;188.0;24.0;37.0;35.0;25.0;26.0
7082;FUNDACION UNIVERSITARIA CAFAM;FUNDACION UNIVERSITARIA CAFAM-BOGOTÁ D.C.;ADMINISTRACION TURISTICA Y HOTELERA;ADMINISTRACIÓN;BOGOTÁ;BOGOTÁ D.C.;26;159.0;160.0;148.0;148.0;162.0;174.0;24.0;21.0;24.0;26.0;21.0
5394;FUNDACION UNIVERSITARIA CAFAM;FUNDACION UNIVERSITARIA CAFAM-BOGOTÁ D.C.;ADMINISTRACIÓN DE EMPRESAS;ADMINISTRACIÓN;BOGOTÁ;BOGOTÁ D.C.;52;145.0;143.0;138.0;140.0;151.0;153.0;27.0;22.0;27.0;28.0;24.0
25085;FUNDACION UNIVERSITARIA CAFAM;FUNDACION UNIVERSITARIA CAFAM-BOGOTÁ D.C.;CONTADURIA PUBLICA;CONTADURÍA PUBLICA;BOGOTÁ;BOGOTÁ D.C.;11;156.0;154.0;161.0;143.0;158.0;163.0;24.0;52.0;20.0;32.0;12.0
8861;FUNDACION UNIVERSITARIA CAFAM;FUNDACION UNIVERSITARIA CAFAM-BOGOTÁ D.C.;ENFERMERIA;ENFERMERÍA;BOGOTÁ;BOGOTÁ D.C.;52;143.0;145.0;137.0;137.0;152.0;146.0;22.0;23.0;25.0;25.0;22.0
9689;FUNDACION UNIVERSITARIA CAFAM;FUNDACION UNIVERSITARIA CAFAM-BOGOTÁ D.C.;INGENIERIA DE TELECOMUNICACIONES;INGENIERÍA ELECTRÓNICA, TELECOMUNICACIONES Y AFINES;BOGOTÁ;BOGOTÁ D.C.;13;150.0;155.0;159.0;145.0;151.0;141.0;26.0;18.0;24.0;25.0;23.0
795;FUNDACION UNIVERSITARIA CAFAM;FUNDACION UNIVERSITARIA CAFAM-BOGOTÁ D.C.;INGENIERIA INDUSTRIAL;INGENIERÍA INDUSTRIAL Y AFINES;BOGOTÁ;BOGOTÁ D.C.;19;159.0;153.0;164.0;151.0;159.0;166.0;30.0;27.0;35.0;44.0;15.0
9708;FUNDACION UNIVERSITARIA CAFAM;FUNDACION UNIVERSITARIA CAFAM-BOGOTÁ D.C.;NEGOCIOS INTERNACIONALES;ADMINISTRACIÓN;BOGOTÁ;BOGOTÁ D.C.;29;158.0;161.0;146.0;152.0;158.0;174.0;22.0;25.0;20.0;25.0;16.0
3723;FUNDACION UNIVERSITARIA CATOLICA DEL NORTE;FUNDACION UNIVERSITARIA CATOLICA DEL NORTE-SANTA ROSA DE OSOS;ADMINISTRACION DE EMPRESAS;ADMINISTRACIÓN;ANTIOQUIA;SANTA ROSA DE OSOS;56;136.0;138.0;127.0;129.0;148.0;136.0;24.0;27.0;32.0;34.0;28.0
26368;FUNDACION UNIVERSITARIA CATOLICA DEL NORTE;FUNDACION UNIVERSITARIA CATOLICA DEL NORTE-SANTA ROSA DE OSOS;ADMINISTRACION FINANCIERA;ADMINISTRACIÓN;ANTIOQUIA;SANTA ROSA DE OSOS;20;143.0;148.0;131.0;135.0;157.0;143.0;22.0;24.0;17.0;31.0;19.0
2760;FUNDACION UNIVERSITARIA CATOLICA DEL NORTE;FUNDACION UNIVERSITARIA CATOLICA DEL NORTE-SANTA ROSA DE OSOS;COMUNICACION SOCIAL;COMUNICACIÓN SOCIAL, PERIODISMO Y AFINES;ANTIOQUIA;SANTA ROSA DE OSOS;2;138.0;148.0;142.0;121.0;156.0;124.0;10.0;19.0;55.0;41.0;14.0
28451;FUNDACION UNIVERSITARIA CATOLICA DEL NORTE;FUNDACION UNIVERSITARIA CATOLICA DEL NORTE-SANTA ROSA DE OSOS;COMUNICACIÓN DIGITAL;COMUNICACIÓN SOCIAL, PERIODISMO Y AFINES;ANTIOQUIA;SANTA ROSA DE OSOS;9;143.0;150.0;142.0;139.0;144.0;139.0;19.0;20.0;22.0;56.0;21.0
9736;FUNDACION UNIVERSITARIA CATOLICA DEL NORTE;FUNDACION UNIVERSITARIA CATOLICA DEL NORTE-SANTA ROSA DE OSOS;CONTADURÍA PÚBLICA;CONTADURÍA PUBLICA;ANTIOQUIA;SANTA ROSA DE OSOS;47;136.0;139.0;135.0;126.0;148.0;131.0;27.0;26.0;26.0;27.0;23.0
20836;FUNDACION UNIVERSITARIA CATOLICA DEL NORTE;FUNDACION UNIVERSITARIA CATOLICA DEL NORTE-SANTA ROSA DE OSOS;FILOSOFIA;FILOSOFÍA, TEOLOGÍA Y AFINES;ANTIOQUIA;SANTA ROSA DE OSOS;64;140.0;152.0;127.0;142.0;148.0;132.0;28.0;27.0;32.0;56.0;32.0
1029;FUNDACION UNIVERSITARIA CATOLICA DEL NORTE;FUNDACION UNIVERSITARIA CATOLICA DEL NORTE-SANTA ROSA DE OSOS;INGENIERIA INFORMATICA;INGENIERÍA DE SISTEMAS, TELEMÁTICA Y AFINES;ANTIOQUIA;SANTA ROSA DE OSOS;106;145.0;146.0;144.0;132.0;145.0;157.0;28.0;26.0;35.0;34.0;25.0
28224;FUNDACION UNIVERSITARIA CATOLICA DEL NORTE;FUNDACION UNIVERSITARIA CATOLICA DEL NORTE-SANTA ROSA DE OSOS;LICENCIATURA EN EDUCACION INFANTIL;EDUCACIÓN;ANTIOQUIA;SANTA ROSA DE OSOS;21;139.0;142.0;129.0;136.0;155.0;134.0;25.0;21.0;25.0;20.0;21.0
26184;FUNDACION UNIVERSITARIA CATOLICA DEL NORTE;FUNDACION UNIVERSITARIA CATOLICA DEL NORTE-SANTA ROSA DE OSOS;MERCADEO;ADMINISTRACIÓN;ANTIOQUIA;SANTA ROSA DE OSOS;33;141.0;142.0;132.0;137.0;152.0;142.0;27.0;26.0;24.0;25.0;24.0
25490;FUNDACION UNIVERSITARIA CATOLICA DEL NORTE;FUNDACION UNIVERSITARIA CATOLICA DEL NORTE-SANTA ROSA DE OSOS;NEGOCIOS INTERNACIONALES;ADMINISTRACIÓN;ANTIOQUIA;SANTA ROSA DE OSOS;30;144.0;143.0;134.0;139.0;148.0;155.0;24.0;24.0;28.0;33.0;31.0
878;FUNDACION UNIVERSITARIA CATOLICA DEL NORTE;FUNDACION UNIVERSITARIA CATOLICA DEL NORTE-SANTA ROSA DE OSOS;PSICOLOGIA;PSICOLOGÍA;ANTIOQUIA;SANTA ROSA DE OSOS;140;144.0;151.0;129.0;145.0;151.0;143.0;24.0;25.0;30.0;32.0;29.0
20717;FUNDACION UNIVERSITARIA CATOLICA DEL NORTE;FUNDACION UNIVERSITARIA CATOLICA DEL NORTE-SANTA ROSA DE OSOS;TRABAJO SOCIAL;SOCIOLOGÍA, TRABAJO SOCIAL Y AFINES;ANTIOQUIA;SANTA ROSA DE OSOS;269;130.0;136.0;116.0;130.0;141.0;125.0;26.0;23.0;27.0;39.0;24.0
9479;FUNDACION UNIVERSITARIA CATOLICA DEL SUR - UNICATOLICA DEL SUR;FUNDACION UNIVERSITARIA CATOLICA DEL SUR - UNICATOLICA DEL SUR-PASTO;ADMINISTRACION DE SERVICIOS DE SALUD;ADMINISTRACIÓN;NARIÑO;PASTO;54;136.0;136.0;127.0;131.0;140.0;148.0;26.0;24.0;28.0;34.0;29.0
28230;FUNDACION UNIVERSITARIA CATOLICA DEL SUR - UNICATOLICA DEL SUR;FUNDACION UNIVERSITARIA CATOLICA DEL SUR - UNICATOLICA DEL SUR-PASTO;ENFERMERÍA;ENFERMERÍA;NARIÑO;PASTO;52;139.0;139.0;130.0;130.0;157.0;140.0;23.0;20.0;26.0;23.0;21.0
6732;FUNDACION UNIVERSITARIA CATOLICA LUMEN GENTIUM;FUNDACION UNIVERSITARIA CATOLICA LUMEN GENTIUM-CALI;ADMINISTRACION DE EMPRESAS;ADMINISTRACIÓN;VALLE;CALI;228;129.0;130.0;125.0;119.0;137.0;133.0;26.0;27.0;29.0;31.0;25.0
20770;FUNDACION UNIVERSITARIA CATOLICA LUMEN GENTIUM;FUNDACION UNIVERSITARIA CATOLICA LUMEN GENTIUM-CALI;COMUNICACIÓN SOCIAL - PERIODISMO;COMUNICACIÓN SOCIAL, PERIODISMO Y AFINES;VALLE;CALI;23;141.0;153.0;118.0;143.0;137.0;151.0;26.0;25.0;29.0;58.0;43.0
9494;FUNDACION UNIVERSITARIA CATOLICA LUMEN GENTIUM;FUNDACION UNIVERSITARIA CATOLICA LUMEN GENTIUM-CALI;CONTADURÍA PÚBLICA;CONTADURÍA PUBLICA;VALLE;CALI;48;135.0;139.0;133.0;124.0;140.0;137.0;29.0;26.0;30.0;30.0;22.0
9830;FUNDACION UNIVERSITARIA CATOLICA LUMEN GENTIUM;FUNDACION UNIVERSITARIA CATOLICA LUMEN GENTIUM-CALI;DERECHO;DERECHO Y AFINES;VALLE;CALI;42;142.0;147.0;133.0;145.0;151.0;134.0;25.0;23.0;30.0;28.0;32.0
20771;FUNDACION UNIVERSITARIA CATOLICA LUMEN GENTIUM;FUNDACION UNIVERSITARIA CATOLICA LUMEN GENTIUM-CALI;INGENIERÍA DE SISTEMAS;INGENIERÍA DE SISTEMAS, TELEMÁTICA Y AFINES;VALLE;CALI;36;151.0;153.0;155.0;136.0;151.0;158.0;28.0;26.0;27.0;32.0;28.0
9739;FUNDACION UNIVERSITARIA CATOLICA LUMEN GENTIUM;FUNDACION UNIVERSITARIA CATOLICA LUMEN GENTIUM-CALI;INGENIERÍA INDUSTRIAL;INGENIERÍA INDUSTRIAL Y AFINES;VALLE;CALI;27;138.0;142.0;139.0;130.0;136.0;144.0;25.0;25.0;26.0;45.0;24.0
9805;FUNDACION UNIVERSITARIA CATOLICA LUMEN GENTIUM;FUNDACION UNIVERSITARIA CATOLICA LUMEN GENTIUM-CALI;LICENCIATURA EN  FILOSOFIA;EDUCACIÓN;VALLE;CALI;15;139.0;156.0;116.0;138.0;144.0;143.0;31.0;28.0;39.0;25.0;31.0
9514;FUNDACION UNIVERSITARIA CATOLICA LUMEN GENTIUM;FUNDACION UNIVERSITARIA CATOLICA LUMEN GENTIUM-CALI;LICENCIATURA EN CIENCIAS SOCIALES;EDUCACIÓN;VALLE;CALI;12;138.0;144.0;124.0;149.0;132.0;142.0;27.0;33.0;36.0;53.0;31.0
17909;FUNDACION UNIVERSITARIA CATOLICA LUMEN GENTIUM;FUNDACION UNIVERSITARIA CATOLICA LUMEN GENTIUM-CALI;LICENCIATURA EN EDUCACIÓN ARTÍSTICA;EDUCACIÓN;VALLE;CALI;15;139.0;146.0;128.0;142.0;132.0;148.0;26.0;23.0;19.0;45.0;24.0
9499;FUNDACION UNIVERSITARIA CATOLICA LUMEN GENTIUM;FUNDACION UNIVERSITARIA CATOLICA LUMEN GENTIUM-CALI;LICENCIATURA EN INFORMATICA;EDUCACIÓN;VALLE;CALI;14;118.0;125.0;108.0;115.0;116.0;128.0;30.0;25.0;31.0;57.0;36.0
20673;FUNDACION UNIVERSITARIA CATOLICA LUMEN GENTIUM;FUNDACION UNIVERSITARIA CATOLICA LUMEN GENTIUM-CALI;MERCADEO;ADMINISTRACIÓN;VALLE;CALI;20;139.0;142.0;136.0;136.0;139.0;141.0;22.0;18.0;24.0;24.0;25.0
7536;FUNDACION UNIVERSITARIA CATOLICA LUMEN GENTIUM;FUNDACION UNIVERSITARIA CATOLICA LUMEN GENTIUM-CALI;PSICOLOGIA;PSICOLOGÍA;VALLE;CALI;36;134.0;142.0;122.0;129.0;139.0;139.0;28.0;28.0;32.0;35.0;21.0
25805;FUNDACION UNIVERSITARIA CATOLICA LUMEN GENTIUM;FUNDACION UNIVERSITARIA CATOLICA LUMEN GENTIUM-CALI;TEOLOGÍA;FILOSOFÍA, TEOLOGÍA Y AFINES;VALLE;CALI;6;137.0;149.0;108.0;122.0;161.0;145.0;28.0;28.0;26.0;19.0;32.0
7465;FUNDACION UNIVERSITARIA CATOLICA LUMEN GENTIUM;FUNDACION UNIVERSITARIA CATOLICA LUMEN GENTIUM-CALI;TRABAJO SOCIAL;SOCIOLOGÍA, TRABAJO SOCIAL Y AFINES;VALLE;CALI;68;129.0;138.0;111.0;132.0;137.0;129.0;27.0;23.0;29.0;48.0;28.0
9593;FUNDACION UNIVERSITARIA CLARETIANA;FUNDACION UNIVERSITARIA CLARETIANA - UNICLARETIANA-QUIBDO;ADMINISTRACION DE EMPRESAS;ADMINISTRACIÓN;CHOCO;QUIBDÓ;6;134.0;136.0;130.0;129.0;143.0;131.0;18.0;26.0;27.0;24.0;22.0
329;FUNDACION UNIVERSITARIA CLARETIANA;FUNDACION UNIVERSITARIA CLARETIANA - UNICLARETIANA-QUIBDO;ANTROPOLOGIA;ANTROPOLOGÍA, ARTES LIBERALES;CHOCO;QUIBDÓ;3;131.0;132.0;102.0;131.0;141.0;149.0;13.0;17.0;19.0;19.0;28.0
26018;FUNDACION UNIVERSITARIA CLARETIANA;FUNDACION UNIVERSITARIA CLARETIANA - UNICLARETIANA-QUIBDO;DERECHO;DERECHO Y AFINES;CHOCO;QUIBDÓ;55;137.0;142.0;124.0;140.0;148.0;131.0;29.0;30.0;32.0;33.0;29.0
7776;FUNDACION UNIVERSITARIA CLARETIANA;FUNDACION UNIVERSITARIA CLARETIANA - UNICLARETIANA-QUIBDO;INGENIERIA DE SISTEMAS;INGENIERÍA DE SISTEMAS, TELEMÁTICA Y AFINES;CHOCO;QUIBDÓ;46;135.0;133.0;132.0;125.0;142.0;141.0;24.0;27.0;26.0;24.0;34.0
7449;FUNDACION UNIVERSITARIA CLARETIANA;FUNDACION UNIVERSITARIA CLARETIANA - UNICLARETIANA-QUIBDO;INGENIERIA INDUSTRIAL;INGENIERÍA INDUSTRIAL Y AFINES;CHOCO;QUIBDÓ;1;113.0;96.0;121.0;99.0;149.0;102.0;0.0;0.0;0.0;0.0;0.0
8774;FUNDACION UNIVERSITARIA CLARETIANA;FUNDACION UNIVERSITARIA CLARETIANA - UNICLARETIANA-QUIBDO;INGENIERIA INDUSTRIAL;INGENIERÍA INDUSTRIAL Y AFINES;CHOCO;QUIBDÓ;17;122.0;118.0;121.0;115.0;130.0;127.0;28.0;29.0;22.0;44.0;31.0
9828;FUNDACION UNIVERSITARIA CLARETIANA;FUNDACION UNIVERSITARIA CLARETIANA - UNICLARETIANA-QUIBDO;PSICOLOGÍA;PSICOLOGÍA;CHOCO;QUIBDÓ;86;127.0;139.0;113.0;125.0;141.0;118.0;24.0;23.0;25.0;34.0;26.0
6239;FUNDACION UNIVERSITARIA CLARETIANA;FUNDACION UNIVERSITARIA CLARETIANA - UNICLARETIANA-QUIBDO;TRABAJO SOCIAL;SOCIOLOGÍA, TRABAJO SOCIAL Y AFINES;CHOCO;QUIBDÓ;411;123.0;130.0;107.0;122.0;135.0;119.0;24.0;23.0;27.0;37.0;22.0
2933;FUNDACION UNIVERSITARIA COLOMBO INTERNACIONAL - UNICOLOMBO;FUNDACION UNIVERSITARIA COLOMBO INTERNACIONAL - UNICOLOMBO-CARTAGENA;ADMINISTRACION DE EMPRESAS;ADMINISTRACIÓN;BOLIVAR;CARTAGENA DE INDIAS;38;150.0;155.0;134.0;146.0;146.0;170.0;22.0;24.0;28.0;40.0;19.0
4946;FUNDACION UNIVERSITARIA COLOMBO INTERNACIONAL - UNICOLOMBO;FUNDACION UNIVERSITARIA COLOMBO INTERNACIONAL - UNICOLOMBO-CARTAGENA;ADMINISTRACION DE EMPRESAS TURÍSTICAS Y HOTELERAS;ADMINISTRACIÓN;BOLIVAR;CARTAGENA DE INDIAS;69;144.0;146.0;122.0;130.0;147.0;172.0;27.0;27.0;31.0;25.0;23.0
5388;FUNDACION UNIVERSITARIA COLOMBO INTERNACIONAL - UNICOLOMBO;FUNDACION UNIVERSITARIA COLOMBO INTERNACIONAL - UNICOLOMBO-CARTAGENA;CONTADURIA PUBLICA;CONTADURÍA PUBLICA;BOLIVAR;CARTAGENA DE INDIAS;18;150.0;155.0;145.0;141.0;145.0;165.0;25.0;19.0;28.0;24.0;18.0
2069;FUNDACION UNIVERSITARIA COLOMBO INTERNACIONAL - UNICOLOMBO;FUNDACION UNIVERSITARIA COLOMBO INTERNACIONAL - UNICOLOMBO-CARTAGENA;DERECHO;DERECHO Y AFINES;BOLIVAR;CARTAGENA DE INDIAS;15;147.0;156.0;131.0;149.0;153.0;147.0;21.0;19.0;32.0;20.0;48.0
8388;FUNDACION UNIVERSITARIA COLOMBO INTERNACIONAL - UNICOLOMBO;FUNDACION UNIVERSITARIA COLOMBO INTERNACIONAL - UNICOLOMBO-CARTAGENA;INGENIERIA DE SISTEMAS;INGENIERÍA DE SISTEMAS, TELEMÁTICA Y AFINES;BOLIVAR;CARTAGENA DE INDIAS;31;151.0;152.0;150.0;128.0;148.0;176.0;24.0;27.0;30.0;25.0;18.0
7813;FUNDACION UNIVERSITARIA COLOMBO INTERNACIONAL - UNICOLOMBO;FUNDACION UNIVERSITARIA COLOMBO INTERNACIONAL - UNICOLOMBO-CARTAGENA;INGENIERIA INDUSTRIAL;INGENIERÍA INDUSTRIAL Y AFINES;BOLIVAR;CARTAGENA DE INDIAS;26;142.0;139.0;146.0;113.0;148.0;163.0;30.0;28.0;28.0;23.0;16.0
9808;FUNDACION UNIVERSITARIA COLOMBO INTERNACIONAL - UNICOLOMBO;FUNDACION UNIVERSITARIA COLOMBO INTERNACIONAL - UNICOLOMBO-CARTAGENA;LICENCIATURA EN BILINGÜISMO CON ENFASIS EN INGLES;EDUCACIÓN;BOLIVAR;CARTAGENA DE INDIAS;63;154.0;160.0;124.0;136.0;155.0;196.0;32.0;26.0;33.0;33.0;15.0
8500;FUNDACION UNIVERSITARIA COMFENALCO SANTANDER;FUNDACION UNIVERSITARIA COMFENALCO SANTANDER-BUCARAMANGA;LOGISTICA Y MERCADEO ORGANIZACIONAL;ADMINISTRACIÓN;SANTANDER;BUCARAMANGA;33;140.0;148.0;138.0;136.0;136.0;143.0;23.0;27.0;28.0;37.0;25.0
5184;FUNDACION UNIVERSITARIA COMPENSAR;FUNDACION UNIVERSITARIA COMPENSAR;ADMINISTRACION DE EMPRESAS;ADMINISTRACIÓN;BOGOTÁ;BOGOTÁ D.C.;1;150.0;138.0;169.0;158.0;132.0;155.0;0.0;0.0;0.0;0.0;0.0
8208;FUNDACION UNIVERSITARIA COMPENSAR;FUNDACION UNIVERSITARIA COMPENSAR;ADMINISTRACION DE SERVICIOS DE SALUD;ADMINISTRACIÓN;BOGOTÁ;BOGOTÁ D.C.;24;135.0;138.0;133.0;129.0;133.0;141.0;23.0;22.0;27.0;27.0;20.0
3998;FUNDACION UNIVERSITARIA COMPENSAR;FUNDACION UNIVERSITARIA COMPENSAR;ADMINISTRACIÓN DE EMPRESAS;ADMINISTRACIÓN;BOGOTÁ;BOGOTÁ D.C.;32;139.0;143.0;136.0;133.0;140.0;144.0;24.0;29.0;21.0;27.0;23.0
7649;FUNDACION UNIVERSITARIA COMPENSAR;FUNDACION UNIVERSITARIA COMPENSAR;ADMINISTRACIÓN DE EMPRESAS;ADMINISTRACIÓN;BOGOTÁ;BOGOTÁ D.C.;100;136.0;139.0;131.0;131.0;143.0;136.0;24.0;28.0;28.0;32.0;21.0
26299;FUNDACION UNIVERSITARIA COMPENSAR;FUNDACION UNIVERSITARIA COMPENSAR;ADMINISTRACIÓN DE EMPRESAS;ADMINISTRACIÓN;BOGOTÁ;BOGOTÁ D.C.;2;130.0;130.0;111.0;152.0;121.0;139.0;5.0;2.0;16.0;42.0;21.0
26188;FUNDACION UNIVERSITARIA COMPENSAR;FUNDACION UNIVERSITARIA COMPENSAR;ADMINISTRACIÓN EN SALUD;ADMINISTRACIÓN;BOGOTÁ;BOGOTÁ D.C.;167;136.0;138.0;126.0;132.0;147.0;136.0;23.0;22.0;24.0;24.0;21.0
9046;FUNDACION UNIVERSITARIA COMPENSAR;FUNDACION UNIVERSITARIA COMPENSAR;ADMINISTRACIÓN EN SERVICIOS DE SALUD;ADMINISTRACIÓN;BOGOTÁ;BOGOTÁ D.C.;12;134.0;138.0;128.0;123.0;138.0;143.0;21.0;22.0;27.0;27.0;21.0
30750;FUNDACION UNIVERSITARIA COMPENSAR;FUNDACION UNIVERSITARIA COMPENSAR;ADMINISTRACIÓN FINANCIERA;ADMINISTRACIÓN;BOGOTÁ;BOGOTÁ D.C.;15;143.0;146.0;132.0;144.0;149.0;144.0;28.0;26.0;33.0;27.0;26.0
6288;FUNDACION UNIVERSITARIA COMPENSAR;FUNDACION UNIVERSITARIA COMPENSAR;ADMINISTRACIÓN LOGÍSTICA;ADMINISTRACIÓN;BOGOTÁ;BOGOTÁ D.C.;21;139.0;138.0;135.0;137.0;140.0;144.0;25.0;28.0;23.0;54.0;19.0
7849;FUNDACION UNIVERSITARIA COMPENSAR;FUNDACION UNIVERSITARIA COMPENSAR;ADMINISTRACIÓN LOGÍSTICA;ADMINISTRACIÓN;BOGOTÁ;BOGOTÁ D.C.;2;124.0;121.0;128.0;112.0;134.0;125.0;1.0;46.0;36.0;14.0;30.0
30751;FUNDACION UNIVERSITARIA COMPENSAR;FUNDACION UNIVERSITARIA COMPENSAR;CIENCIA DE DATOS;MATEMÁTICAS, ESTADÍSTICA Y AFINES;BOGOTÁ;BOGOTÁ D.C.;3;174.0;177.0;165.0;171.0;176.0;183.0;13.0;12.0;27.0;13.0;13.0
2921;FUNDACION UNIVERSITARIA COMPENSAR;FUNDACION UNIVERSITARIA COMPENSAR;COMUNICACIÓN SOCIAL;COMUNICACIÓN SOCIAL, PERIODISMO Y AFINES;BOGOTÁ;BOGOTÁ D.C.;1;111.0;145.0;116.0;136.0;0.0;160.0;0.0;0.0;0.0;0.0;0.0
25349;FUNDACION UNIVERSITARIA COMPENSAR;FUNDACION UNIVERSITARIA COMPENSAR;COMUNICACIÓN SOCIAL;COMUNICACIÓN SOCIAL, PERIODISMO Y AFINES;BOGOTÁ;BOGOTÁ D.C.;17;151.0;159.0;138.0;149.0;148.0;159.0;23.0;27.0;26.0;26.0;19.0
7641;FUNDACION UNIVERSITARIA COMPENSAR;FUNDACION UNIVERSITARIA COMPENSAR;CONTADURÍA PÚBLICA;CONTADURÍA PUBLICA;BOGOTÁ;BOGOTÁ D.C.;11;120.0;123.0;117.0;121.0;118.0;122.0;29.0;23.0;32.0;44.0;28.0
26556;FUNDACION UNIVERSITARIA COMPENSAR;FUNDACION UNIVERSITARIA COMPENSAR;CONTADURÍA PÚBLICA;CONTADURÍA PUBLICA;BOGOTÁ;BOGOTÁ D.C.;33;144.0;148.0;144.0;139.0;154.0;137.0;22.0;22.0;26.0;25.0;18.0
28258;FUNDACION UNIVERSITARIA COMPENSAR;FUNDACION UNIVERSITARIA COMPENSAR;CONTADURÍA PÚBLICA.;CONTADURÍA PUBLICA;BOGOTÁ;BOGOTÁ D.C.;42;138.0;139.0;137.0;133.0;143.0;137.0;19.0;21.0;22.0;24.0;18.0
6723;FUNDACION UNIVERSITARIA COMPENSAR;FUNDACION UNIVERSITARIA COMPENSAR;DISEÑO VISUAL;DISEÑO;BOGOTÁ;BOGOTÁ D.C.;33;148.0;146.0;135.0;137.0;150.0;174.0;27.0;28.0;34.0;40.0;22.0
20674;FUNDACION UNIVERSITARIA COMPENSAR;FUNDACION UNIVERSITARIA COMPENSAR;FINANZAS Y NEGOCIOS INTERNACIONALES;ADMINISTRACIÓN;BOGOTÁ;BOGOTÁ D.C.;52;144.0;146.0;137.0;138.0;146.0;152.0;26.0;24.0;31.0;36.0;27.0
26366;FUNDACION UNIVERSITARIA COMPENSAR;FUNDACION UNIVERSITARIA COMPENSAR;FINANZAS Y NEGOCIOS INTERNACIONALES;ADMINISTRACIÓN;BOGOTÁ;BOGOTÁ D.C.;20;137.0;140.0;132.0;132.0;146.0;136.0;21.0;24.0;26.0;54.0;25.0
7510;FUNDACION UNIVERSITARIA COMPENSAR;FUNDACION UNIVERSITARIA COMPENSAR;INGENIERIA DE TELECOMUNICACIONES;INGENIERÍA ELECTRÓNICA, TELECOMUNICACIONES Y AFINES;BOGOTÁ;BOGOTÁ D.C.;20;133.0;139.0;140.0;124.0;132.0;134.0;27.0;23.0;23.0;40.0;26.0
5831;FUNDACION UNIVERSITARIA COMPENSAR;FUNDACION UNIVERSITARIA COMPENSAR;INGENIERÍA DE SISTEMAS;INGENIERÍA DE SISTEMAS, TELEMÁTICA Y AFINES;BOGOTÁ;BOGOTÁ D.C.;45;141.0;141.0;142.0;128.0;144.0;150.0;26.0;33.0;30.0;25.0;28.0
7966;FUNDACION UNIVERSITARIA COMPENSAR;FUNDACION UNIVERSITARIA COMPENSAR;INGENIERÍA DE SISTEMAS;INGENIERÍA DE SISTEMAS, TELEMÁTICA Y AFINES;BOGOTÁ;BOGOTÁ D.C.;86;147.0;145.0;147.0;139.0;147.0;156.0;30.0;28.0;33.0;37.0;29.0
25812;FUNDACION UNIVERSITARIA COMPENSAR;FUNDACION UNIVERSITARIA COMPENSAR;INGENIERÍA DE SOFTWARE;INGENIERÍA DE SISTEMAS, TELEMÁTICA Y AFINES;BOGOTÁ;BOGOTÁ D.C.;36;147.0;150.0;144.0;141.0;140.0;161.0;26.0;23.0;27.0;36.0;23.0
26300;FUNDACION UNIVERSITARIA COMPENSAR;FUNDACION UNIVERSITARIA COMPENSAR;INGENIERÍA DE SOFTWARE;INGENIERÍA DE SISTEMAS, TELEMÁTICA Y AFINES;BOGOTÁ;BOGOTÁ D.C.;31;150.0;148.0;152.0;145.0;142.0;164.0;36.0;31.0;35.0;44.0;25.0
367;FUNDACION UNIVERSITARIA COMPENSAR;FUNDACION UNIVERSITARIA COMPENSAR;INGENIERÍA DE TELECOMUNICACIONES;INGENIERÍA ELECTRÓNICA, TELECOMUNICACIONES Y AFINES;BOGOTÁ;BOGOTÁ D.C.;56;137.0;136.0;142.0;119.0;141.0;147.0;24.0;23.0;25.0;30.0;20.0
26246;FUNDACION UNIVERSITARIA COMPENSAR;FUNDACION UNIVERSITARIA COMPENSAR;INGENÍERIA INDUSTRIAL;INGENIERÍA INDUSTRIAL Y AFINES;BOGOTÁ;BOGOTÁ D.C.;8;143.0;155.0;155.0;129.0;141.0;138.0;23.0;13.0;35.0;17.0;24.0
26634;FUNDACION UNIVERSITARIA COMPENSAR;FUNDACION UNIVERSITARIA COMPENSAR;LICENCIATURA EN BILINGÜISMO CON ÉNFASIS EN INGLÉS;EDUCACIÓN;BOGOTÁ;BOGOTÁ D.C.;21;160.0;168.0;129.0;150.0;151.0;202.0;17.0;26.0;21.0;41.0;24.0
28587;FUNDACION UNIVERSITARIA COMPENSAR;FUNDACION UNIVERSITARIA COMPENSAR;LICENCIATURA EN BILINGÜISMO CON ÉNFASIS EN INGLÉS;EDUCACIÓN;BOGOTÁ;BOGOTÁ D.C.;16;154.0;159.0;138.0;138.0;147.0;187.0;25.0;19.0;37.0;28.0;16.0
20801;FUNDACION UNIVERSITARIA COMPENSAR;FUNDACION UNIVERSITARIA COMPENSAR;LICENCIATURA EN EDUCACIÓN INFANTIL;EDUCACIÓN;BOGOTÁ;BOGOTÁ D.C.;11;138.0;142.0;121.0;133.0;151.0;144.0;28.0;26.0;32.0;23.0;16.0
8952;FUNDACION UNIVERSITARIA COMPENSAR;FUNDACION UNIVERSITARIA COMPENSAR;LICENCIATURA EN INGLÉS Y BILINGÜISMO;EDUCACIÓN;BOGOTÁ;BOGOTÁ D.C.;1;123.0;114.0;97.0;97.0;172.0;135.0;0.0;0.0;0.0;0.0;0.0
7459;FUNDACION UNIVERSITARIA COMPENSAR;FUNDACION UNIVERSITARIA COMPENSAR;LICENCIATURA EN PEDAGOGÍA INFANTIL;EDUCACIÓN;BOGOTÁ;BOGOTÁ D.C.;2;121.0;115.0;99.0;127.0;131.0;132.0;40.0;24.0;36.0;11.0;28.0
25351;FUNDACION UNIVERSITARIA COMPENSAR;FUNDACION UNIVERSITARIA COMPENSAR;MERCADEO Y PUBLICIDAD;ADMINISTRACIÓN;BOGOTÁ;BOGOTÁ D.C.;21;138.0;141.0;134.0;125.0;140.0;151.0;32.0;21.0;27.0;23.0;31.0
359;FUNDACION UNIVERSITARIA COMPENSAR;FUNDACION UNIVERSITARIA COMPENSAR;PROFESIONAL EN BANCA Y FINANZAS;ADMINISTRACIÓN;BOGOTÁ;BOGOTÁ D.C.;1;139.0;133.0;179.0;133.0;123.0;125.0;0.0;0.0;0.0;0.0;0.0
7621;FUNDACION UNIVERSITARIA COMPENSAR;FUNDACION UNIVERSITARIA COMPENSAR;PROFESIONAL EN DISEÑO VISUAL;DISEÑO;BOGOTÁ;BOGOTÁ D.C.;57;151.0;152.0;136.0;143.0;150.0;171.0;25.0;31.0;31.0;31.0;24.0
2545;FUNDACION UNIVERSITARIA COMPENSAR;FUNDACION UNIVERSITARIA COMPENSAR;PROFESIONAL EN FINANZAS Y NEGOCIOS INTERNACIONALES;ADMINISTRACIÓN;BOGOTÁ;BOGOTÁ D.C.;2;116.0;114.0;115.0;110.0;96.0;146.0;42.0;33.0;17.0;47.0;20.0
8922;FUNDACION UNIVERSITARIA COMPENSAR;FUNDACION UNIVERSITARIA COMPENSAR;PROFESIONAL EN FINANZAS Y NEGOCIOS INTERNACIONALES;ADMINISTRACIÓN;BOGOTÁ;BOGOTÁ D.C.;1;165.0;155.0;151.0;152.0;192.0;174.0;0.0;0.0;0.0;0.0;0.0
8023;FUNDACION UNIVERSITARIA COMPENSAR;FUNDACION UNIVERSITARIA COMPENSAR;PROFESIONAL EN MERCADEO Y PUBLICIDAD;ADMINISTRACIÓN;BOGOTÁ;BOGOTÁ D.C.;8;126.0;126.0;119.0;125.0;123.0;137.0;20.0;10.0;26.0;17.0;24.0
8380;FUNDACION UNIVERSITARIA COMPENSAR;FUNDACION UNIVERSITARIA COMPENSAR;PROFESIONAL EN MERCADEO Y PUBLICIDAD;ADMINISTRACIÓN;BOGOTÁ;BOGOTÁ D.C.;112;141.0;142.0;130.0;136.0;148.0;148.0;26.0;25.0;31.0;31.0;27.0
20763;FUNDACION UNIVERSITARIA DE CIENCIAS DE LA SALUD;FUNDACION UNIVERSITARIA DE CIENCIAS DE LA SALUD-BOGOTÁ D.C.;ADMINISTRACIÓN DE SERVICIOS DE SALUD;ADMINISTRACIÓN;BOGOTÁ;BOGOTÁ D.C.;71;147.0;152.0;138.0;146.0;150.0;147.0;26.0;26.0;29.0;23.0;22.0
446;FUNDACION UNIVERSITARIA DE CIENCIAS DE LA SALUD;FUNDACION UNIVERSITARIA DE CIENCIAS DE LA SALUD-BOGOTÁ D.C.;ENFERMERIA;ENFERMERÍA;BOGOTÁ;BOGOTÁ D.C.;189;148.0;154.0;140.0;145.0;152.0;151.0;21.0;22.0;26.0;29.0;24.0
20794;FUNDACION UNIVERSITARIA DE CIENCIAS DE LA SALUD;FUNDACION UNIVERSITARIA DE CIENCIAS DE LA SALUD-BOGOTÁ D.C.;FISIOTERAPIA;TERAPIAS;BOGOTÁ;BOGOTÁ D.C.;87;159.0;163.0;147.0;153.0;164.0;167.0;22.0;21.0;28.0;39.0;22.0
5192;FUNDACION UNIVERSITARIA DE CIENCIAS DE LA SALUD;FUNDACION UNIVERSITARIA DE CIENCIAS DE LA SALUD-BOGOTÁ D.C.;INSTRUMENTACION QUIRURGICA;INSTRUMENTACIÓN QUIRÚRGICA;BOGOTÁ;BOGOTÁ D.C.;54;158.0;163.0;149.0;152.0;162.0;166.0;25.0;24.0;27.0;30.0;20.0
163;FUNDACION UNIVERSITARIA DE CIENCIAS DE LA SALUD;FUNDACION UNIVERSITARIA DE CIENCIAS DE LA SALUD-BOGOTÁ D.C.;MEDICINA;MEDICINA;BOGOTÁ;BOGOTÁ D.C.;186;172.0;176.0;167.0;171.0;155.0;192.0;27.0;22.0;27.0;24.0;22.0
2100;FUNDACION UNIVERSITARIA DE CIENCIAS DE LA SALUD;FUNDACION UNIVERSITARIA DE CIENCIAS DE LA SALUD-BOGOTÁ D.C.;PSICOLOGÍA;PSICOLOGÍA;BOGOTÁ;BOGOTÁ D.C.;51;161.0;169.0;142.0;159.0;153.0;180.0;24.0;24.0;41.0;24.0;41.0
533;FUNDACION UNIVERSITARIA DE POPAYAN;FUNDACION UNIVERSITARIA DE POPAYAN-POPAYAN;ADMINISTRACION DE EMPRESAS AGROPECUARIAS;ADMINISTRACIÓN;CAUCA;POPAYÁN;22;118.0;120.0;114.0;112.0;126.0;118.0;21.0;25.0;19.0;49.0;19.0
8926;FUNDACION UNIVERSITARIA DE POPAYAN;FUNDACION UNIVERSITARIA DE POPAYAN-POPAYAN;ADMINISTRACION DE EMPRESAS AGROPECUARIAS;ADMINISTRACIÓN;CAUCA;POPAYÁN;5;118.0;132.0;123.0;120.0;111.0;101.0;17.0;19.0;29.0;65.0;17.0
9670;FUNDACION UNIVERSITARIA DE POPAYAN;FUNDACION UNIVERSITARIA DE POPAYAN-POPAYAN;ADMINISTRACIÓN DE EMPRESAS;ADMINISTRACIÓN;CAUCA;POPAYÁN;43;141.0;144.0;137.0;135.0;151.0;139.0;26.0;25.0;27.0;24.0;24.0
5116;FUNDACION UNIVERSITARIA DE POPAYAN;FUNDACION UNIVERSITARIA DE POPAYAN-POPAYAN;ARQUITECTURA;ARQUITECTURA;CAUCA;POPAYÁN;87;139.0;145.0;142.0;128.0;143.0;137.0;21.0;22.0;27.0;22.0;27.0
9604;FUNDACION UNIVERSITARIA DE POPAYAN;FUNDACION UNIVERSITARIA DE POPAYAN-POPAYAN;COMUNICACION SOCIAL;COMUNICACIÓN SOCIAL, PERIODISMO Y AFINES;CAUCA;POPAYÁN;8;148.0;161.0;131.0;148.0;152.0;147.0;20.0;34.0;38.0;35.0;33.0
20765;FUNDACION UNIVERSITARIA DE POPAYAN;FUNDACION UNIVERSITARIA DE POPAYAN-POPAYAN;COMUNICACIÖN SOCIAL;COMUNICACIÓN SOCIAL, PERIODISMO Y AFINES;CAUCA;POPAYÁN;9;134.0;136.0;124.0;132.0;145.0;133.0;27.0;26.0;38.0;20.0;33.0
4413;FUNDACION UNIVERSITARIA DE POPAYAN;FUNDACION UNIVERSITARIA DE POPAYAN-POPAYAN;CONTADURIA PUBLICA;CONTADURÍA PUBLICA;CAUCA;POPAYÁN;66;137.0;140.0;138.0;133.0;145.0;130.0;23.0;24.0;27.0;29.0;21.0
2945;FUNDACION UNIVERSITARIA DE POPAYAN;FUNDACION UNIVERSITARIA DE POPAYAN-POPAYAN;DERECHO;DERECHO Y AFINES;CAUCA;POPAYÁN;146;138.0;142.0;124.0;146.0;151.0;129.0;26.0;26.0;30.0;42.0;27.0
4846;FUNDACION UNIVERSITARIA DE POPAYAN;FUNDACION UNIVERSITARIA DE POPAYAN-POPAYAN;ECOLOGIA;BIOLOGÍA, MICROBIOLOGÍA Y AFINES;CAUCA;POPAYÁN;27;143.0;153.0;140.0;139.0;146.0;137.0;25.0;28.0;31.0;19.0;32.0
5117;FUNDACION UNIVERSITARIA DE POPAYAN;FUNDACION UNIVERSITARIA DE POPAYAN-POPAYAN;INGENIERIA DE SISTEMAS;INGENIERÍA DE SISTEMAS, TELEMÁTICA Y AFINES;CAUCA;POPAYÁN;68;138.0;140.0;141.0;125.0;142.0;143.0;23.0;24.0;27.0;38.0;24.0
17187;FUNDACION UNIVERSITARIA DE POPAYAN;FUNDACION UNIVERSITARIA DE POPAYAN-POPAYAN;INGENIERIA DE SISTEMAS;INGENIERÍA DE SISTEMAS, TELEMÁTICA Y AFINES;CAUCA;POPAYÁN;1;146.0;115.0;164.0;155.0;170.0;127.0;0.0;0.0;0.0;0.0;0.0
6406;FUNDACION UNIVERSITARIA DE POPAYAN;FUNDACION UNIVERSITARIA DE POPAYAN-POPAYAN;INGENIERIA INDUSTRIAL;INGENIERÍA INDUSTRIAL Y AFINES;CAUCA;POPAYÁN;52;139.0;140.0;143.0;127.0;147.0;137.0;26.0;27.0;31.0;23.0;27.0
30783;FUNDACION UNIVERSITARIA DE POPAYAN;FUNDACION UNIVERSITARIA DE POPAYAN-POPAYAN;INGENIERÍA AGROECOLOGICA;INGENIERÍA AGRONÓMICA, PECUARIA Y AFINES;CAUCA;POPAYÁN;1;126.0;123.0;109.0;108.0;177.0;112.0;0.0;0.0;0.0;0.0;0.0
9759;FUNDACION UNIVERSITARIA DE POPAYAN;FUNDACION UNIVERSITARIA DE POPAYAN-POPAYAN;LICENCIATURA EN EDUCACION ARTISTICA Y CULTURAL;EDUCACIÓN;CAUCA;POPAYÁN;40;122.0;127.0;113.0;119.0;131.0;120.0;25.0;21.0;24.0;30.0;30.0
1773;FUNDACION UNIVERSITARIA DE POPAYAN;FUNDACION UNIVERSITARIA DE POPAYAN-POPAYAN;PSICOLOGIA;PSICOLOGÍA;CAUCA;POPAYÁN;325;135.0;144.0;124.0;133.0;146.0;131.0;26.0;25.0;29.0;31.0;26.0
6244;FUNDACION UNIVERSITARIA DE POPAYAN;FUNDACION UNIVERSITARIA DE POPAYAN-POPAYAN;TRABAJO SOCIAL;SOCIOLOGÍA, TRABAJO SOCIAL Y AFINES;CAUCA;POPAYÁN;189;124.0;130.0;111.0;122.0;135.0;122.0;24.0;23.0;25.0;34.0;21.0
1461;FUNDACION UNIVERSITARIA DE SAN GIL - UNISANGIL -;FUNDACION UNIVERSITARIA DE SAN GIL - UNISANGIL -SAN GIL;ADMINISTRACION DE EMPRESAS;ADMINISTRACIÓN;SANTANDER;SAN GIL;15;142.0;138.0;140.0;140.0;144.0;149.0;26.0;30.0;36.0;26.0;25.0
3074;FUNDACION UNIVERSITARIA DE SAN GIL - UNISANGIL -;FUNDACION UNIVERSITARIA DE SAN GIL - UNISANGIL -SAN GIL;ADMINISTRACION DE EMPRESAS;ADMINISTRACIÓN;SANTANDER;SAN GIL;31;145.0;152.0;141.0;135.0;149.0;149.0;26.0;26.0;31.0;24.0;22.0
25782;FUNDACION UNIVERSITARIA DE SAN GIL - UNISANGIL -;FUNDACION UNIVERSITARIA DE SAN GIL - UNISANGIL -SAN GIL;ADMINISTRACIÓN DE EMPRESAS;ADMINISTRACIÓN;SANTANDER;SAN GIL;4;142.0;147.0;133.0;137.0;158.0;134.0;20.0;32.0;30.0;22.0;10.0
4177;FUNDACION UNIVERSITARIA DE SAN GIL - UNISANGIL -;FUNDACION UNIVERSITARIA DE SAN GIL - UNISANGIL -SAN GIL;CONTADURIA PUBLICA;CONTADURÍA PUBLICA;SANTANDER;SAN GIL;7;137.0;133.0;147.0;127.0;141.0;137.0;24.0;32.0;24.0;22.0;23.0
6846;FUNDACION UNIVERSITARIA DE SAN GIL - UNISANGIL -;FUNDACION UNIVERSITARIA DE SAN GIL - UNISANGIL -SAN GIL;CONTADURIA PUBLICA;CONTADURÍA PUBLICA;SANTANDER;SAN GIL;18;149.0;152.0;151.0;134.0;154.0;153.0;19.0;23.0;32.0;25.0;19.0
5140;FUNDACION UNIVERSITARIA DE SAN GIL - UNISANGIL -;FUNDACION UNIVERSITARIA DE SAN GIL - UNISANGIL -SAN GIL;DERECHO;DERECHO Y AFINES;SANTANDER;SAN GIL;75;147.0;155.0;133.0;160.0;148.0;140.0;26.0;25.0;25.0;33.0;28.0
190;FUNDACION UNIVERSITARIA DE SAN GIL - UNISANGIL -;FUNDACION UNIVERSITARIA DE SAN GIL - UNISANGIL -SAN GIL;ENFERMERIA;ENFERMERÍA;SANTANDER;SAN GIL;31;150.0;153.0;141.0;147.0;158.0;150.0;23.0;17.0;29.0;25.0;21.0
5858;FUNDACION UNIVERSITARIA DE SAN GIL - UNISANGIL -;FUNDACION UNIVERSITARIA DE SAN GIL - UNISANGIL -SAN GIL;ENFERMERIA;ENFERMERÍA;SANTANDER;SAN GIL;23;146.0;151.0;141.0;144.0;147.0;147.0;22.0;16.0;24.0;37.0;20.0
3383;FUNDACION UNIVERSITARIA DE SAN GIL - UNISANGIL -;FUNDACION UNIVERSITARIA DE SAN GIL - UNISANGIL -SAN GIL;INGENIERIA AGRICOLA;INGENIERÍA AGRÍCOLA, FORESTAL Y AFINES;SANTANDER;SAN GIL;8;140.0;145.0;145.0;128.0;142.0;137.0;32.0;24.0;25.0;22.0;25.0
915;FUNDACION UNIVERSITARIA DE SAN GIL - UNISANGIL -;FUNDACION UNIVERSITARIA DE SAN GIL - UNISANGIL -SAN GIL;INGENIERIA AMBIENTAL;INGENIERÍA AMBIENTAL, SANITARIA Y AFINES;SANTANDER;SAN GIL;18;143.0;141.0;138.0;132.0;156.0;148.0;23.0;20.0;24.0;24.0;22.0
6847;FUNDACION UNIVERSITARIA DE SAN GIL - UNISANGIL -;FUNDACION UNIVERSITARIA DE SAN GIL - UNISANGIL -SAN GIL;INGENIERIA DE MANTENIMIENTO;INGENIERÍA MECÁNICA Y AFINES;SANTANDER;SAN GIL;4;140.0;140.0;159.0;117.0;149.0;136.0;12.0;21.0;17.0;20.0;17.0
5587;FUNDACION UNIVERSITARIA DE SAN GIL - UNISANGIL -;FUNDACION UNIVERSITARIA DE SAN GIL - UNISANGIL -SAN GIL;INGENIERIA DE SISTEMAS;INGENIERÍA DE SISTEMAS, TELEMÁTICA Y AFINES;SANTANDER;SAN GIL;13;160.0;152.0;173.0;154.0;157.0;166.0;36.0;19.0;27.0;26.0;19.0
6399;FUNDACION UNIVERSITARIA DE SAN GIL - UNISANGIL -;FUNDACION UNIVERSITARIA DE SAN GIL - UNISANGIL -SAN GIL;INGENIERIA DE SISTEMAS;INGENIERÍA DE SISTEMAS, TELEMÁTICA Y AFINES;SANTANDER;SAN GIL;18;148.0;148.0;152.0;134.0;155.0;152.0;20.0;24.0;27.0;28.0;29.0
6404;FUNDACION UNIVERSITARIA DE SAN GIL - UNISANGIL -;FUNDACION UNIVERSITARIA DE SAN GIL - UNISANGIL -SAN GIL;INGENIERIA DE SISTEMAS;INGENIERÍA DE SISTEMAS, TELEMÁTICA Y AFINES;SANTANDER;SAN GIL;10;153.0;166.0;152.0;139.0;145.0;161.0;24.0;33.0;43.0;24.0;35.0
1910;FUNDACION UNIVERSITARIA DE SAN GIL - UNISANGIL -;FUNDACION UNIVERSITARIA DE SAN GIL - UNISANGIL -SAN GIL;INGENIERIA ELECTRONICA;INGENIERÍA ELECTRÓNICA, TELECOMUNICACIONES Y AFINES;SANTANDER;SAN GIL;16;151.0;153.0;161.0;131.0;147.0;165.0;31.0;24.0;19.0;16.0;19.0
8824;FUNDACION UNIVERSITARIA DE SAN GIL - UNISANGIL -;FUNDACION UNIVERSITARIA DE SAN GIL - UNISANGIL -SAN GIL;INGENIERÍA AGRÍCOLA;INGENIERÍA AGRÍCOLA, FORESTAL Y AFINES;SANTANDER;SAN GIL;2;163.0;173.0;148.0;165.0;163.0;166.0;27.0;47.0;32.0;13.0;25.0
20772;FUNDACION UNIVERSITARIA DE SAN GIL - UNISANGIL -;FUNDACION UNIVERSITARIA DE SAN GIL - UNISANGIL -SAN GIL;INGENIERÍA AMBIENTAL;INGENIERÍA AMBIENTAL, SANITARIA Y AFINES;SANTANDER;SAN GIL;5;158.0;157.0;155.0;155.0;172.0;151.0;30.0;22.0;21.0;13.0;27.0
20769;FUNDACION UNIVERSITARIA DE SAN GIL - UNISANGIL -;FUNDACION UNIVERSITARIA DE SAN GIL - UNISANGIL -SAN GIL;LICENCIATURA EN EDUCACIÓN INFANTIL;EDUCACIÓN;SANTANDER;SAN GIL;14;143.0;152.0;131.0;136.0;155.0;143.0;21.0;25.0;23.0;20.0;20.0
559;FUNDACION UNIVERSITARIA DEL AREA ANDINA;FUNDACION UNIVERSITARIA DEL AREA ANDINA-BOGOTÁ D.C.;ADMINISTRACION DE EMPRESAS;ADMINISTRACIÓN;BOGOTÁ;BOGOTÁ D.C.;171;146.0;149.0;140.0;142.0;149.0;152.0;26.0;23.0;29.0;31.0;25.0
8095;FUNDACION UNIVERSITARIA DEL AREA ANDINA;FUNDACION UNIVERSITARIA DEL AREA ANDINA-BOGOTÁ D.C.;ADMINISTRACION DE EMPRESAS;ADMINISTRACIÓN;BOGOTÁ;BOGOTÁ D.C.;50;134.0;136.0;132.0;127.0;138.0;140.0;28.0;25.0;31.0;36.0;34.0
17865;FUNDACION UNIVERSITARIA DEL AREA ANDINA;FUNDACION UNIVERSITARIA DEL AREA ANDINA-BOGOTÁ D.C.;ADMINISTRACION DE EMPRESAS;ADMINISTRACIÓN;BOGOTÁ;BOGOTÁ D.C.;19;141.0;145.0;141.0;137.0;143.0;141.0;20.0;27.0;36.0;20.0;43.0
4623;FUNDACION UNIVERSITARIA DEL AREA ANDINA;FUNDACION UNIVERSITARIA DEL AREA ANDINA-BOGOTÁ D.C.;ADMINISTRACION DE MERCADEO;ADMINISTRACIÓN;BOGOTÁ;BOGOTÁ D.C.;112;144.0;149.0;138.0;141.0;144.0;151.0;25.0;22.0;28.0;40.0;24.0
3838;FUNDACION UNIVERSITARIA DEL AREA ANDINA;FUNDACION UNIVERSITARIA DEL AREA ANDINA-PEREIRA;ADMINISTRACION DE NEGOCIOS INTERNACIONALES;ADMINISTRACIÓN;RISARALDA;PEREIRA;27;150.0;151.0;141.0;145.0;150.0;164.0;24.0;21.0;32.0;26.0;29.0
17895;FUNDACION UNIVERSITARIA DEL AREA ANDINA;FUNDACION UNIVERSITARIA DEL AREA ANDINA-BOGOTÁ D.C.;ADMINISTRACION DE NEGOCIOS INTERNACIONALES;ADMINISTRACIÓN;BOGOTÁ;BOGOTÁ D.C.;1;170.0;180.0;180.0;178.0;159.0;154.0;0.0;0.0;0.0;0.0;0.0
5503;FUNDACION UNIVERSITARIA DEL AREA ANDINA;FUNDACION UNIVERSITARIA DEL AREA ANDINA-BOGOTÁ D.C.;ADMINISTRACIÓN DE EMPRESAS;ADMINISTRACIÓN;BOGOTÁ;BOGOTÁ D.C.;3811;140.0;144.0;133.0;137.0;145.0;142.0;24.0;25.0;27.0;33.0;25.0
8503;FUNDACION UNIVERSITARIA DEL AREA ANDINA;FUNDACION UNIVERSITARIA DEL AREA ANDINA-PEREIRA;ADMINISTRACIÓN DE EMPRESAS;ADMINISTRACIÓN;RISARALDA;PEREIRA;43;150.0;156.0;145.0;144.0;148.0;158.0;26.0;21.0;32.0;24.0;26.0
7330;FUNDACION UNIVERSITARIA DEL AREA ANDINA;FUNDACION UNIVERSITARIA DEL AREA ANDINA-PEREIRA;COMUNICACIÓN AUDIOVISUAL Y DIGITAL;COMUNICACIÓN SOCIAL, PERIODISMO Y AFINES;RISARALDA;PEREIRA;43;151.0;162.0;132.0;153.0;147.0;161.0;29.0;27.0;30.0;34.0;28.0
26435;FUNDACION UNIVERSITARIA DEL AREA ANDINA;FUNDACION UNIVERSITARIA DEL AREA ANDINA-BOGOTÁ D.C.;COMUNICACIÓN SOCIAL;COMUNICACIÓN SOCIAL, PERIODISMO Y AFINES;BOGOTÁ;BOGOTÁ D.C.;31;156.0;161.0;138.0;155.0;158.0;166.0;21.0;23.0;26.0;27.0;28.0
26557;FUNDACION UNIVERSITARIA DEL AREA ANDINA;FUNDACION UNIVERSITARIA DEL AREA ANDINA-BOGOTÁ D.C.;COMUNICACIÓN SOCIAL;COMUNICACIÓN SOCIAL, PERIODISMO Y AFINES;BOGOTÁ;BOGOTÁ D.C.;45;144.0;153.0;120.0;140.0;148.0;157.0;25.0;27.0;26.0;26.0;25.0
5945;FUNDACION UNIVERSITARIA DEL AREA ANDINA;FUNDACION UNIVERSITARIA DEL AREA ANDINA-BOGOTÁ D.C.;CONTADURIA PUBLICA;CONTADURÍA PUBLICA;BOGOTÁ;BOGOTÁ D.C.;1;130.0;152.0;164.0;85.0;156.0;94.0;0.0;0.0;0.0;0.0;0.0
407;FUNDACION UNIVERSITARIA DEL AREA ANDINA;FUNDACION UNIVERSITARIA DEL AREA ANDINA-BOGOTÁ D.C.;CONTADURIA PÚBLICA;CONTADURÍA PUBLICA;BOGOTÁ;BOGOTÁ D.C.;100;143.0;146.0;145.0;137.0;145.0;143.0;23.0;20.0;29.0;35.0;27.0
9063;FUNDACION UNIVERSITARIA DEL AREA ANDINA;FUNDACION UNIVERSITARIA DEL AREA ANDINA-PEREIRA;CONTADURIA PÚBLICA;CONTADURÍA PUBLICA;RISARALDA;PEREIRA;22;154.0;153.0;153.0;159.0;161.0;146.0;27.0;21.0;30.0;19.0;27.0
3880;FUNDACION UNIVERSITARIA DEL AREA ANDINA;FUNDACION UNIVERSITARIA DEL AREA ANDINA-PEREIRA;DERECHO;DERECHO Y AFINES;RISARALDA;PEREIRA;87;154.0;159.0;143.0;166.0;155.0;148.0;24.0;28.0;30.0;31.0;29.0
5868;FUNDACION UNIVERSITARIA DEL AREA ANDINA;FUNDACION UNIVERSITARIA DEL AREA ANDINA-BOGOTÁ D.C.;DERECHO;DERECHO Y AFINES;BOGOTÁ;BOGOTÁ D.C.;185;143.0;151.0;122.0;154.0;148.0;141.0;26.0;30.0;30.0;31.0;31.0
9741;FUNDACION UNIVERSITARIA DEL AREA ANDINA;FUNDACION UNIVERSITARIA DEL AREA ANDINA-BOGOTÁ D.C.;DERECHO;DERECHO Y AFINES;BOGOTÁ;BOGOTÁ D.C.;60;150.0;159.0;137.0;161.0;151.0;143.0;23.0;22.0;24.0;41.0;26.0
5295;FUNDACION UNIVERSITARIA DEL AREA ANDINA;FUNDACION UNIVERSITARIA DEL AREA ANDINA-BOGOTÁ D.C.;DISEÑO DE MODAS;DISEÑO;BOGOTÁ;BOGOTÁ D.C.;36;155.0;163.0;140.0;155.0;145.0;174.0;26.0;28.0;30.0;24.0;34.0
1933;FUNDACION UNIVERSITARIA DEL AREA ANDINA;FUNDACION UNIVERSITARIA DEL AREA ANDINA-BOGOTÁ D.C.;DISEÑO GRAFICO;DISEÑO;BOGOTÁ;BOGOTÁ D.C.;175;157.0;165.0;146.0;149.0;152.0;172.0;26.0;27.0;31.0;29.0;31.0
6289;FUNDACION UNIVERSITARIA DEL AREA ANDINA;FUNDACION UNIVERSITARIA DEL AREA ANDINA-BOGOTÁ D.C.;DISEÑO GRAFICO;DISEÑO;BOGOTÁ;BOGOTÁ D.C.;64;144.0;151.0;130.0;134.0;144.0;160.0;27.0;26.0;29.0;27.0;33.0
25494;FUNDACION UNIVERSITARIA DEL AREA ANDINA;FUNDACION UNIVERSITARIA DEL AREA ANDINA-BOGOTÁ D.C.;ECONOMÍA;ECONOMÍA;BOGOTÁ;BOGOTÁ D.C.;16;149.0;152.0;143.0;144.0;150.0;156.0;19.0;19.0;27.0;23.0;20.0
507;FUNDACION UNIVERSITARIA DEL AREA ANDINA;FUNDACION UNIVERSITARIA DEL AREA ANDINA-PEREIRA;ENFERMERIA;ENFERMERÍA;RISARALDA;PEREIRA;292;140.0;145.0;128.0;139.0;149.0;137.0;23.0;25.0;28.0;30.0;25.0
1333;FUNDACION UNIVERSITARIA DEL AREA ANDINA;FUNDACION UNIVERSITARIA DEL AREA ANDINA-BOGOTÁ D.C.;ENFERMERIA;ENFERMERÍA;BOGOTÁ;BOGOTÁ D.C.;82;143.0;150.0;137.0;140.0;153.0;137.0;20.0;21.0;30.0;27.0;31.0
17788;FUNDACION UNIVERSITARIA DEL AREA ANDINA;FUNDACION UNIVERSITARIA DEL AREA ANDINA-BOGOTÁ D.C.;ENTRENAMIENTO DEPORTIVO;TERAPIAS;BOGOTÁ;BOGOTÁ D.C.;56;129.0;130.0;120.0;120.0;143.0;133.0;25.0;25.0;25.0;25.0;23.0
17935;FUNDACION UNIVERSITARIA DEL AREA ANDINA;FUNDACION UNIVERSITARIA DEL AREA ANDINA-PEREIRA;ENTRENAMIENTO DEPORTIVO;TERAPIAS;RISARALDA;PEREIRA;18;143.0;142.0;135.0;136.0;152.0;148.0;28.0;22.0;31.0;28.0;22.0
8958;FUNDACION UNIVERSITARIA DEL AREA ANDINA;FUNDACION UNIVERSITARIA DEL AREA ANDINA-BOGOTÁ D.C.;FINANZAS Y NEGOCIOS INTERNACIONALES;ADMINISTRACIÓN;BOGOTÁ;BOGOTÁ D.C.;762;147.0;151.0;139.0;143.0;148.0;155.0;24.0;23.0;29.0;35.0;27.0
5004;FUNDACION UNIVERSITARIA DEL AREA ANDINA;FUNDACION UNIVERSITARIA DEL AREA ANDINA-PEREIRA;FISIOTERAPIA;TERAPIAS;RISARALDA;PEREIRA;93;151.0;157.0;143.0;149.0;152.0;157.0;21.0;24.0;26.0;24.0;26.0
5970;FUNDACION UNIVERSITARIA DEL AREA ANDINA;FUNDACION UNIVERSITARIA DEL AREA ANDINA-BOGOTÁ D.C.;INGENIERIA DE MINAS;INGENIERÍA DE MINAS, METALURGIA Y AFINES;BOGOTÁ;BOGOTÁ D.C.;10;140.0;145.0;145.0;134.0;145.0;130.0;19.0;27.0;31.0;22.0;16.0
5533;FUNDACION UNIVERSITARIA DEL AREA ANDINA;FUNDACION UNIVERSITARIA DEL AREA ANDINA-BOGOTÁ D.C.;INGENIERIA DE SISTEMAS;INGENIERÍA DE SISTEMAS, TELEMÁTICA Y AFINES;BOGOTÁ;BOGOTÁ D.C.;2;127.0;123.0;117.0;115.0;142.0;138.0;33.0;8.0;24.0;33.0;15.0
8433;FUNDACION UNIVERSITARIA DEL AREA ANDINA;FUNDACION UNIVERSITARIA DEL AREA ANDINA-BOGOTÁ D.C.;INGENIERIA DE SISTEMAS;INGENIERÍA DE SISTEMAS, TELEMÁTICA Y AFINES;BOGOTÁ;BOGOTÁ D.C.;245;148.0;150.0;146.0;141.0;146.0;155.0;24.0;26.0;30.0;38.0;26.0
17858;FUNDACION UNIVERSITARIA DEL AREA ANDINA;FUNDACION UNIVERSITARIA DEL AREA ANDINA-BOGOTÁ D.C.;INGENIERIA INDUSTRIAL;INGENIERÍA INDUSTRIAL Y AFINES;BOGOTÁ;BOGOTÁ D.C.;52;152.0;152.0;152.0;146.0;153.0;157.0;28.0;24.0;28.0;23.0;29.0
20800;FUNDACION UNIVERSITARIA DEL AREA ANDINA;FUNDACION UNIVERSITARIA DEL AREA ANDINA-BOGOTÁ D.C.;INGENIERÍA AMBIENTAL;INGENIERÍA QUÍMICA Y AFINES;BOGOTÁ;BOGOTÁ D.C.;16;140.0;145.0;136.0;134.0;142.0;145.0;26.0;31.0;31.0;23.0;30.0
7344;FUNDACION UNIVERSITARIA DEL AREA ANDINA;FUNDACION UNIVERSITARIA DEL AREA ANDINA-BOGOTÁ D.C.;INGENIERÍA CIVIL;INGENIERÍA CIVIL Y AFINES;BOGOTÁ;BOGOTÁ D.C.;138;150.0;150.0;159.0;142.0;149.0;148.0;22.0;26.0;28.0;30.0;28.0
5440;FUNDACION UNIVERSITARIA DEL AREA ANDINA;FUNDACION UNIVERSITARIA DEL AREA ANDINA-BOGOTÁ D.C.;INGENIERÍA GEOLÓGICA;INGENIERÍA CIVIL Y AFINES;BOGOTÁ;BOGOTÁ D.C.;18;156.0;165.0;158.0;159.0;148.0;151.0;20.0;24.0;16.0;22.0;26.0
25174;FUNDACION UNIVERSITARIA DEL AREA ANDINA;FUNDACION UNIVERSITARIA DEL AREA ANDINA-BOGOTÁ D.C.;INGENIERÍA INDUSTRIAL;INGENIERÍA INDUSTRIAL Y AFINES;BOGOTÁ;BOGOTÁ D.C.;29;150.0;156.0;151.0;147.0;143.0;152.0;25.0;29.0;26.0;36.0;22.0
25350;FUNDACION UNIVERSITARIA DEL AREA ANDINA;FUNDACION UNIVERSITARIA DEL AREA ANDINA-BOGOTÁ D.C.;INGENIERÍA INDUSTRIAL;INGENIERÍA INDUSTRIAL Y AFINES;BOGOTÁ;BOGOTÁ D.C.;350;145.0;147.0;142.0;142.0;149.0;146.0;24.0;26.0;28.0;28.0;25.0
25492;FUNDACION UNIVERSITARIA DEL AREA ANDINA;FUNDACION UNIVERSITARIA DEL AREA ANDINA-PEREIRA;INGENIERÍA INDUSTRIAL;INGENIERÍA QUÍMICA Y AFINES;RISARALDA;PEREIRA;16;145.0;145.0;146.0;139.0;142.0;152.0;24.0;25.0;23.0;26.0;25.0
138;FUNDACION UNIVERSITARIA DEL AREA ANDINA;FUNDACION UNIVERSITARIA DEL AREA ANDINA-PEREIRA;INSTRUMENTACION QUIRURGICA;INSTRUMENTACIÓN QUIRÚRGICA;RISARALDA;PEREIRA;45;145.0;148.0;125.0;145.0;152.0;154.0;23.0;25.0;22.0;24.0;23.0
998;FUNDACION UNIVERSITARIA DEL AREA ANDINA;FUNDACION UNIVERSITARIA DEL AREA ANDINA-BOGOTÁ D.C.;INSTRUMENTACION QUIRURGICA;INSTRUMENTACIÓN QUIRÚRGICA;BOGOTÁ;BOGOTÁ D.C.;42;147.0;155.0;139.0;141.0;156.0;142.0;23.0;22.0;25.0;37.0;23.0
7545;FUNDACION UNIVERSITARIA DEL AREA ANDINA;FUNDACION UNIVERSITARIA DEL AREA ANDINA-BOGOTÁ D.C.;LICENCIATURA EN CIENCIAS SOCIALES;EDUCACIÓN;BOGOTÁ;BOGOTÁ D.C.;123;137.0;143.0;130.0;139.0;143.0;131.0;28.0;28.0;32.0;39.0;26.0
25175;FUNDACION UNIVERSITARIA DEL AREA ANDINA;FUNDACION UNIVERSITARIA DEL AREA ANDINA-BOGOTÁ D.C.;LICENCIATURA EN EDUCACION INFANTIL;EDUCACIÓN;BOGOTÁ;BOGOTÁ D.C.;97;129.0;135.0;115.0;126.0;140.0;129.0;28.0;26.0;27.0;33.0;29.0
20643;FUNDACION UNIVERSITARIA DEL AREA ANDINA;FUNDACION UNIVERSITARIA DEL AREA ANDINA-BOGOTÁ D.C.;LICENCIATURA EN EDUCACIÓN INFANTIL;EDUCACIÓN;BOGOTÁ;BOGOTÁ D.C.;23;128.0;136.0;123.0;122.0;128.0;132.0;25.0;21.0;26.0;48.0;23.0
25176;FUNDACION UNIVERSITARIA DEL AREA ANDINA;FUNDACION UNIVERSITARIA DEL AREA ANDINA-BOGOTÁ D.C.;LICENCIATURA EN EDUCACIÓN INFANTIL;EDUCACIÓN;BOGOTÁ;BOGOTÁ D.C.;68;127.0;132.0;114.0;121.0;138.0;129.0;24.0;22.0;30.0;26.0;24.0
25807;FUNDACION UNIVERSITARIA DEL AREA ANDINA;FUNDACION UNIVERSITARIA DEL AREA ANDINA-PEREIRA;LICENCIATURA EN EDUCACIÓN INFANTIL;EDUCACIÓN;RISARALDA;PEREIRA;8;139.0;143.0;137.0;121.0;148.0;145.0;20.0;26.0;30.0;25.0;26.0
1706;FUNDACION UNIVERSITARIA DEL AREA ANDINA;FUNDACION UNIVERSITARIA DEL AREA ANDINA-BOGOTÁ D.C.;LICENCIATURA EN PEDAGOGÍA INFANTIL;EDUCACIÓN;BOGOTÁ;BOGOTÁ D.C.;2;128.0;149.0;105.0;139.0;136.0;109.0;21.0;28.0;13.0;18.0;16.0
17859;FUNDACION UNIVERSITARIA DEL AREA ANDINA;FUNDACION UNIVERSITARIA DEL AREA ANDINA-BOGOTÁ D.C.;MEDICINA;MEDICINA;BOGOTÁ;BOGOTÁ D.C.;57;161.0;171.0;151.0;160.0;156.0;167.0;17.0;22.0;25.0;26.0;28.0
6910;FUNDACION UNIVERSITARIA DEL AREA ANDINA;FUNDACION UNIVERSITARIA DEL AREA ANDINA-BOGOTÁ D.C.;MERCADEO Y PUBLICIDAD;ADMINISTRACIÓN;BOGOTÁ;BOGOTÁ D.C.;118;151.0;155.0;144.0;143.0;147.0;163.0;20.0;20.0;28.0;32.0;24.0
6103;FUNDACION UNIVERSITARIA DEL AREA ANDINA;FUNDACION UNIVERSITARIA DEL AREA ANDINA-BOGOTÁ D.C.;NEGOCIOS INTERNACIONALES;ADMINISTRACIÓN;BOGOTÁ;BOGOTÁ D.C.;71;155.0;157.0;148.0;150.0;150.0;168.0;21.0;21.0;32.0;30.0;23.0
7375;FUNDACION UNIVERSITARIA DEL AREA ANDINA;FUNDACION UNIVERSITARIA DEL AREA ANDINA-PEREIRA;ODONTOLOGIA;ODONTOLOGÍA;RISARALDA;PEREIRA;36;144.0;147.0;136.0;139.0;147.0;150.0;26.0;26.0;29.0;23.0;35.0
1797;FUNDACION UNIVERSITARIA DEL AREA ANDINA;FUNDACION UNIVERSITARIA DEL AREA ANDINA-PEREIRA;OPTOMETRIA;OPTOMETRÍA, OTROS PROGRAMAS DE CIENCIAS DE LA SALUD;RISARALDA;PEREIRA;66;150.0;154.0;144.0;151.0;148.0;152.0;23.0;20.0;30.0;30.0;32.0
6381;FUNDACION UNIVERSITARIA DEL AREA ANDINA;FUNDACION UNIVERSITARIA DEL AREA ANDINA-BOGOTÁ D.C.;OPTOMETRIA;OPTOMETRÍA, OTROS PROGRAMAS DE CIENCIAS DE LA SALUD;BOGOTÁ;BOGOTÁ D.C.;39;144.0;144.0;134.0;136.0;152.0;153.0;28.0;26.0;24.0;33.0;27.0
8594;FUNDACION UNIVERSITARIA DEL AREA ANDINA;FUNDACION UNIVERSITARIA DEL AREA ANDINA-BOGOTÁ D.C.;PROFESIONAL EN ENTRENAMIENTO DEPORTIVO;DEPORTES, EDUCACIÓN FÍSICA Y RECREACIÓN;BOGOTÁ;BOGOTÁ D.C.;228;145.0;149.0;144.0;139.0;145.0;149.0;26.0;23.0;28.0;32.0;23.0
8148;FUNDACION UNIVERSITARIA DEL AREA ANDINA;FUNDACION UNIVERSITARIA DEL AREA ANDINA-BOGOTÁ D.C.;PROFESIONAL EN GASTRONOMÍA Y CULINARIA;OTROS PROGRAMAS ASOCIADOS A BELLAS ARTES;BOGOTÁ;BOGOTÁ D.C.;47;149.0;145.0;141.0;140.0;148.0;172.0;30.0;27.0;31.0;24.0;32.0
7719;FUNDACION UNIVERSITARIA DEL AREA ANDINA;FUNDACION UNIVERSITARIA DEL AREA ANDINA-PEREIRA;PSICOLOGIA;PSICOLOGÍA;RISARALDA;PEREIRA;38;154.0;164.0;138.0;154.0;162.0;153.0;24.0;26.0;23.0;49.0;24.0
8303;FUNDACION UNIVERSITARIA DEL AREA ANDINA;FUNDACION UNIVERSITARIA DEL AREA ANDINA-BOGOTÁ D.C.;PSICOLOGIA;PSICOLOGÍA;BOGOTÁ;BOGOTÁ D.C.;113;149.0;159.0;138.0;152.0;151.0;147.0;24.0;21.0;26.0;34.0;29.0
7711;FUNDACION UNIVERSITARIA DEL AREA ANDINA;FUNDACION UNIVERSITARIA DEL AREA ANDINA-BOGOTÁ D.C.;PSICOLOGÍA;PSICOLOGÍA;BOGOTÁ;BOGOTÁ D.C.;155;137.0;143.0;120.0;138.0;142.0;140.0;28.0;25.0;27.0;30.0;30.0
9597;FUNDACION UNIVERSITARIA DEL AREA ANDINA;FUNDACION UNIVERSITARIA DEL AREA ANDINA-BOGOTÁ D.C.;PSICOLOGÍA;PSICOLOGÍA;BOGOTÁ;BOGOTÁ D.C.;536;143.0;151.0;129.0;145.0;148.0;144.0;26.0;25.0;28.0;32.0;30.0
28285;FUNDACION UNIVERSITARIA DEL AREA ANDINA;FUNDACION UNIVERSITARIA DEL AREA ANDINA-BOGOTÁ D.C.;SOCIOLOGÍA;SOCIOLOGÍA, TRABAJO SOCIAL Y AFINES;BOGOTÁ;BOGOTÁ D.C.;11;160.0;180.0;144.0;165.0;150.0;161.0;18.0;20.0;27.0;24.0;19.0
1934;FUNDACION UNIVERSITARIA DEL AREA ANDINA;FUNDACION UNIVERSITARIA DEL AREA ANDINA-BOGOTÁ D.C.;TERAPIA RESPIRATORIA;TERAPIAS;BOGOTÁ;BOGOTÁ D.C.;72;140.0;146.0;132.0;134.0;149.0;141.0;22.0;21.0;27.0;26.0;25.0
1955;FUNDACION UNIVERSITARIA DEL AREA ANDINA;FUNDACION UNIVERSITARIA DEL AREA ANDINA-PEREIRA;TERAPIA RESPIRATORIA;TERAPIAS;RISARALDA;PEREIRA;30;147.0;153.0;134.0;144.0;151.0;152.0;23.0;25.0;27.0;37.0;22.0
28187;FUNDACION UNIVERSITARIA DEL AREA ANDINA;FUNDACION UNIVERSITARIA DEL AREA ANDINA-BOGOTÁ D.C.;TRABAJO SOCIAL;SOCIOLOGÍA, TRABAJO SOCIAL Y AFINES;BOGOTÁ;BOGOTÁ D.C.;16;139.0;146.0;132.0;136.0;139.0;140.0;29.0;15.0;27.0;30.0;19.0
28270;FUNDACION UNIVERSITARIA INTERNACIONAL DE COLOMBIA - UNINCOL;FUNDACION UNIVERSITARIA INTERNACIONAL DE COLOMBIA - UNINCOL;ADMINISTRACIÓN DE NEGOCIOS INTERNACIONALES;ADMINISTRACIÓN;BOGOTÁ;BOGOTÁ D.C.;3;147.0;146.0;135.0;143.0;153.0;159.0;2.0;26.0;25.0;46.0;25.0
20725;FUNDACION UNIVERSITARIA INTERNACIONAL DE COLOMBIA - UNINCOL;FUNDACION UNIVERSITARIA INTERNACIONAL DE COLOMBIA - UNINCOL;CIENCIAS POLITICAS Y RELACIONES INTERNACIONALES;PSICOLOGÍA;BOGOTÁ;BOGOTÁ D.C.;10;142.0;153.0;128.0;155.0;120.0;156.0;36.0;33.0;33.0;68.0;36.0
26203;FUNDACION UNIVERSITARIA INTERNACIONAL DE COLOMBIA - UNINCOL;FUNDACION UNIVERSITARIA INTERNACIONAL DE COLOMBIA - UNINCOL;INGENIERÍA INDUSTRIAL;INGENIERÍA INDUSTRIAL Y AFINES;BOGOTÁ;BOGOTÁ D.C.;1;141.0;165.0;137.0;137.0;159.0;107.0;0.0;0.0;0.0;0.0;0.0
28189;FUNDACION UNIVERSITARIA INTERNACIONAL DE COLOMBIA - UNINCOL;FUNDACION UNIVERSITARIA INTERNACIONAL DE COLOMBIA - UNINCOL;PUBLICIDAD Y RELACIONES PÚBLICAS;COMUNICACIÓN SOCIAL, PERIODISMO Y AFINES;BOGOTÁ;BOGOTÁ D.C.;1;151.0;149.0;142.0;143.0;175.0;147.0;0.0;0.0;0.0;0.0;0.0
25595;FUNDACION UNIVERSITARIA INTERNACIONAL DE LA RIOJA - UNIR;FUNDACION UNIVERSITARIA INTERNACIONAL DE LA RIOJA - UNIR;ADMINISTRACIÓN DE EMPRESAS;ADMINISTRACIÓN;BOGOTÁ;BOGOTÁ D.C.;88;142.0;148.0;137.0;139.0;143.0;144.0;25.0;26.0;31.0;34.0;30.0
24931;FUNDACION UNIVERSITARIA INTERNACIONAL DE LA RIOJA - UNIR;FUNDACION UNIVERSITARIA INTERNACIONAL DE LA RIOJA - UNIR;ADMINISTRACIÓN DE LA SEGURIDAD Y SALUD EN EL TRABAJO;ADMINISTRACIÓN;BOGOTÁ;BOGOTÁ D.C.;110;130.0;135.0;119.0;128.0;139.0;130.0;27.0;23.0;25.0;31.0;24.0
26317;FUNDACION UNIVERSITARIA INTERNACIONAL DE LA RIOJA - UNIR;FUNDACION UNIVERSITARIA INTERNACIONAL DE LA RIOJA - UNIR;ADMINISTRACIÓN EN SALUD;ADMINISTRACIÓN;BOGOTÁ;BOGOTÁ D.C.;41;135.0;139.0;126.0;131.0;142.0;138.0;27.0;29.0;29.0;22.0;24.0
26054;FUNDACION UNIVERSITARIA INTERNACIONAL DE LA RIOJA - UNIR;FUNDACION UNIVERSITARIA INTERNACIONAL DE LA RIOJA - UNIR;CONTADURÍA PÚBLICA;CONTADURÍA PUBLICA;BOGOTÁ;BOGOTÁ D.C.;65;142.0;145.0;141.0;140.0;138.0;145.0;23.0;23.0;29.0;40.0;22.0
20695;FUNDACION UNIVERSITARIA INTERNACIONAL DE LA RIOJA - UNIR;FUNDACION UNIVERSITARIA INTERNACIONAL DE LA RIOJA - UNIR;INGENIERÍA INFORMÁTICA;INGENIERÍA DE SISTEMAS, TELEMÁTICA Y AFINES;BOGOTÁ;BOGOTÁ D.C.;106;149.0;149.0;152.0;141.0;142.0;163.0;30.0;35.0;35.0;42.0;36.0
30873;FUNDACION UNIVERSITARIA INTERNACIONAL DE LA RIOJA - UNIR;FUNDACION UNIVERSITARIA INTERNACIONAL DE LA RIOJA - UNIR;LICENCIATURA EN EDUCACIÓN BÁSICA PRIMARIA;EDUCACIÓN;BOGOTÁ;BOGOTÁ D.C.;1;155.0;180.0;134.0;129.0;173.0;159.0;0.0;0.0;0.0;0.0;0.0
26256;FUNDACION UNIVERSITARIA INTERNACIONAL DE LA RIOJA - UNIR;FUNDACION UNIVERSITARIA INTERNACIONAL DE LA RIOJA - UNIR;LICENCIATURA EN EDUCACIÓN INFANTIL;EDUCACIÓN;BOGOTÁ;BOGOTÁ D.C.;60;112.0;117.0;105.0;112.0;108.0;117.0;27.0;29.0;26.0;60.0;24.0
24932;FUNDACION UNIVERSITARIA INTERNACIONAL DE LA RIOJA - UNIR;FUNDACION UNIVERSITARIA INTERNACIONAL DE LA RIOJA - UNIR;MARKETING Y PUBLICIDAD;PUBLICIDAD Y AFINES;BOGOTÁ;BOGOTÁ D.C.;67;144.0;147.0;135.0;132.0;146.0;160.0;27.0;26.0;29.0;41.0;33.0
24933;FUNDACION UNIVERSITARIA INTERNACIONAL DE LA RIOJA - UNIR;FUNDACION UNIVERSITARIA INTERNACIONAL DE LA RIOJA - UNIR;NEGOCIOS INTERNACIONALES;ADMINISTRACIÓN;BOGOTÁ;BOGOTÁ D.C.;35;140.0;140.0;134.0;131.0;142.0;150.0;30.0;28.0;33.0;36.0;31.0
26558;FUNDACION UNIVERSITARIA JUAN DE CASTELLANOS;FUNDACION UNIVERSITARIA JUAN DE CASTELLANOS-TUNJA;ADMINISTRACIÓN DE EMPRESAS;ADMINISTRACIÓN;BOYACA;TUNJA;21;145.0;150.0;141.0;130.0;156.0;146.0;28.0;21.0;27.0;25.0;20.0
7480;FUNDACION UNIVERSITARIA JUAN DE CASTELLANOS;FUNDACION UNIVERSITARIA JUAN DE CASTELLANOS-TUNJA;ADMINISTRACIÓN TURÍSTICA Y HOTELERA;ADMINISTRACIÓN;BOYACA;TUNJA;5;122.0;126.0;109.0;112.0;131.0;129.0;20.0;38.0;22.0;14.0;24.0
17170;FUNDACION UNIVERSITARIA JUAN DE CASTELLANOS;FUNDACION UNIVERSITARIA JUAN DE CASTELLANOS-TUNJA;ARTES VISUALES;ARTES PLÁSTICAS, VISUALES Y AFINES;BOYACA;TUNJA;16;145.0;158.0;132.0;135.0;145.0;158.0;22.0;26.0;32.0;28.0;19.0
24986;FUNDACION UNIVERSITARIA JUAN DE CASTELLANOS;FUNDACION UNIVERSITARIA JUAN DE CASTELLANOS-TUNJA;CIENCIAS DEL DEPORTE Y DE LA ACTIVIDAD FÍSICA;DEPORTES, EDUCACIÓN FÍSICA Y RECREACIÓN;BOYACA;TUNJA;7;138.0;141.0;135.0;121.0;144.0;151.0;19.0;27.0;18.0;18.0;23.0
9664;FUNDACION UNIVERSITARIA JUAN DE CASTELLANOS;FUNDACION UNIVERSITARIA JUAN DE CASTELLANOS-TUNJA;CIENCIAS POLÍTICAS Y RELACIONES INTERNACIONALES;CIENCIA POLÍTICA, RELACIONES INTERNACIONALES;BOYACA;TUNJA;1;162.0;176.0;154.0;173.0;116.0;189.0;0.0;0.0;0.0;0.0;0.0
1234;FUNDACION UNIVERSITARIA JUAN DE CASTELLANOS;FUNDACION UNIVERSITARIA JUAN DE CASTELLANOS-TUNJA;CONTADURIA PUBLICA;CONTADURÍA PUBLICA;BOYACA;TUNJA;16;148.0;149.0;155.0;146.0;145.0;145.0;22.0;25.0;27.0;26.0;21.0
2065;FUNDACION UNIVERSITARIA JUAN DE CASTELLANOS;FUNDACION UNIVERSITARIA JUAN DE CASTELLANOS-TUNJA;DERECHO;DERECHO Y AFINES;BOYACA;TUNJA;106;145.0;151.0;130.0;152.0;152.0;138.0;27.0;26.0;31.0;29.0;24.0
6543;FUNDACION UNIVERSITARIA JUAN DE CASTELLANOS;FUNDACION UNIVERSITARIA JUAN DE CASTELLANOS-TUNJA;INGENIERIA AGROPECUARIA;AGRONOMÍA;BOYACA;TUNJA;18;135.0;135.0;142.0;133.0;138.0;129.0;24.0;23.0;23.0;41.0;21.0
1764;FUNDACION UNIVERSITARIA JUAN DE CASTELLANOS;FUNDACION UNIVERSITARIA JUAN DE CASTELLANOS-TUNJA;INGENIERIA DE SISTEMAS;INGENIERÍA DE SISTEMAS, TELEMÁTICA Y AFINES;BOYACA;TUNJA;51;147.0;149.0;151.0;143.0;138.0;157.0;26.0;23.0;21.0;33.0;28.0
25150;FUNDACION UNIVERSITARIA JUAN DE CASTELLANOS;FUNDACION UNIVERSITARIA JUAN DE CASTELLANOS-TUNJA;INGENIERÍA AMBIENTAL;GEOLOGÍA, OTROS PROGRAMAS DE CIENCIAS NATURALES;BOYACA;TUNJA;19;143.0;141.0;143.0;141.0;150.0;139.0;22.0;20.0;29.0;25.0;19.0
8942;FUNDACION UNIVERSITARIA JUAN DE CASTELLANOS;FUNDACION UNIVERSITARIA JUAN DE CASTELLANOS-TUNJA;INGENIERÍA CIVIL;INGENIERÍA CIVIL Y AFINES;BOYACA;TUNJA;60;144.0;143.0;154.0;136.0;146.0;139.0;22.0;26.0;30.0;24.0;18.0
7118;FUNDACION UNIVERSITARIA JUAN DE CASTELLANOS;FUNDACION UNIVERSITARIA JUAN DE CASTELLANOS-TUNJA;LICENCIATURA EN EDUCACION FISICA, RECREACION Y DEPORTES;EDUCACIÓN;BOYACA;TUNJA;36;132.0;134.0;127.0;122.0;138.0;137.0;20.0;23.0;24.0;42.0;21.0
3673;FUNDACION UNIVERSITARIA JUAN DE CASTELLANOS;FUNDACION UNIVERSITARIA JUAN DE CASTELLANOS-TUNJA;MEDICINA VETERINARIA;MEDICINA VETERINARIA;BOYACA;TUNJA;56;142.0;145.0;144.0;131.0;146.0;143.0;23.0;21.0;25.0;24.0;31.0
20747;FUNDACION UNIVERSITARIA JUAN DE CASTELLANOS;FUNDACION UNIVERSITARIA JUAN DE CASTELLANOS-TUNJA;MÚSICA;MÚSICA;BOYACA;TUNJA;1;163.0;176.0;154.0;152.0;131.0;203.0;0.0;0.0;0.0;0.0;0.0
5558;FUNDACION UNIVERSITARIA JUAN DE CASTELLANOS;FUNDACION UNIVERSITARIA JUAN DE CASTELLANOS-TUNJA;TRABAJO SOCIAL;SOCIOLOGÍA, TRABAJO SOCIAL Y AFINES;BOYACA;TUNJA;62;140.0;148.0;130.0;139.0;144.0;138.0;23.0;21.0;24.0;33.0;19.0
9821;FUNDACION UNIVERSITARIA JUAN N. CORPAS;FUNDACION UNIVERSITARIA JUAN N. CORPAS-BOGOTÁ D.C.;ENFERMERÍA;ENFERMERÍA;BOGOTÁ;BOGOTÁ D.C.;64;140.0;146.0;136.0;139.0;141.0;141.0;23.0;19.0;25.0;30.0;23.0
17098;FUNDACION UNIVERSITARIA JUAN N. CORPAS;FUNDACION UNIVERSITARIA JUAN N. CORPAS-BOGOTÁ D.C.;LICENCIATURA EN LENGUAS EXTRANJERAS;EDUCACIÓN;BOGOTÁ;BOGOTÁ D.C.;8;160.0;157.0;131.0;148.0;172.0;192.0;20.0;31.0;21.0;21.0;15.0
1442;FUNDACION UNIVERSITARIA JUAN N. CORPAS;FUNDACION UNIVERSITARIA JUAN N. CORPAS-BOGOTÁ D.C.;MEDICINA;MEDICINA;BOGOTÁ;BOGOTÁ D.C.;243;158.0;163.0;152.0;155.0;151.0;169.0;23.0;23.0;28.0;30.0;25.0
2868;FUNDACION UNIVERSITARIA JUAN N. CORPAS;FUNDACION UNIVERSITARIA JUAN N. CORPAS-BOGOTÁ D.C.;MUSICA;MÚSICA;BOGOTÁ;BOGOTÁ D.C.;3;172.0;189.0;154.0;147.0;141.0;227.0;24.0;51.0;56.0;17.0;66.0
2194;FUNDACION UNIVERSITARIA KONRAD LORENZ;FUNDACION UNIVERSITARIA KONRAD LORENZ-BOGOTÁ D.C.;ADMINISTRACION DE NEGOCIOS INTERNACIONALES;ADMINISTRACIÓN;BOGOTÁ;BOGOTÁ D.C.;50;157.0;158.0;149.0;149.0;158.0;169.0;28.0;23.0;31.0;30.0;26.0
1743;FUNDACION UNIVERSITARIA KONRAD LORENZ;FUNDACION UNIVERSITARIA KONRAD LORENZ-BOGOTÁ D.C.;INGENIERIA DE SISTEMAS;INGENIERÍA DE SISTEMAS, TELEMÁTICA Y AFINES;BOGOTÁ;BOGOTÁ D.C.;44;157.0;160.0;165.0;150.0;139.0;172.0;28.0;21.0;32.0;34.0;28.0
6708;FUNDACION UNIVERSITARIA KONRAD LORENZ;FUNDACION UNIVERSITARIA KONRAD LORENZ-BOGOTÁ D.C.;INGENIERIA INDUSTRIAL;INGENIERÍA INDUSTRIAL Y AFINES;BOGOTÁ;BOGOTÁ D.C.;5;168.0;176.0;182.0;166.0;141.0;176.0;9.0;13.0;2.0;24.0;14.0
30787;FUNDACION UNIVERSITARIA KONRAD LORENZ;FUNDACION UNIVERSITARIA KONRAD LORENZ-BOGOTÁ D.C.;MARKETING;SIN CLASIFICAR;BOGOTÁ;BOGOTÁ D.C.;20;159.0;170.0;146.0;146.0;158.0;175.0;22.0;24.0;29.0;21.0;24.0
32205;FUNDACION UNIVERSITARIA KONRAD LORENZ;FUNDACION UNIVERSITARIA KONRAD LORENZ-BOGOTÁ D.C.;MARKETING;SIN CLASIFICAR;BOGOTÁ;BOGOTÁ D.C.;1;104.0;103.0;88.0;103.0;134.0;94.0;0.0;0.0;0.0;0.0;0.0
4782;FUNDACION UNIVERSITARIA KONRAD LORENZ;FUNDACION UNIVERSITARIA KONRAD LORENZ-BOGOTÁ D.C.;MATEMATICAS;MATEMÁTICAS, ESTADÍSTICA Y AFINES;BOGOTÁ;BOGOTÁ D.C.;11;170.0;168.0;185.0;146.0;158.0;196.0;25.0;21.0;40.0;21.0;39.0
761;FUNDACION UNIVERSITARIA KONRAD LORENZ;FUNDACION UNIVERSITARIA KONRAD LORENZ-BOGOTÁ D.C.;MERCADEO;ADMINISTRACIÓN;BOGOTÁ;BOGOTÁ D.C.;33;153.0;153.0;142.0;150.0;160.0;160.0;23.0;24.0;29.0;24.0;31.0
4160;FUNDACION UNIVERSITARIA KONRAD LORENZ;FUNDACION UNIVERSITARIA KONRAD LORENZ-BOGOTÁ D.C.;PSICOLOGIA;PSICOLOGÍA;BOGOTÁ;BOGOTÁ D.C.;318;162.0;172.0;149.0;160.0;154.0;175.0;23.0;23.0;30.0;29.0;31.0
5947;FUNDACION UNIVERSITARIA LOS LIBERTADORES;FUNDACION UNIVERSITARIA LOS LIBERTADORES-BOGOTÁ D.C.;ADMINISTRACION DE EMPRESAS;ADMINISTRACIÓN;BOGOTÁ;BOGOTÁ D.C.;18;146.0;152.0;141.0;143.0;150.0;143.0;24.0;23.0;31.0;20.0;22.0
9129;FUNDACION UNIVERSITARIA LOS LIBERTADORES;FUNDACION UNIVERSITARIA LOS LIBERTADORES-BOGOTÁ D.C.;ADMINISTRACION DE EMPRESAS;ADMINISTRACIÓN;BOGOTÁ;BOGOTÁ D.C.;62;136.0;136.0;129.0;130.0;144.0;140.0;25.0;23.0;28.0;30.0;27.0
3021;FUNDACION UNIVERSITARIA LOS LIBERTADORES;FUNDACION UNIVERSITARIA LOS LIBERTADORES-BOGOTÁ D.C.;ADMINISTRACION HOTELERA Y TURISTICA;ADMINISTRACIÓN;BOGOTÁ;BOGOTÁ D.C.;1;128.0;133.0;148.0;118.0;151.0;90.0;0.0;0.0;0.0;0.0;0.0
6912;FUNDACION UNIVERSITARIA LOS LIBERTADORES;FUNDACION UNIVERSITARIA LOS LIBERTADORES-BOGOTÁ D.C.;ADMINISTRACION TURISTICA Y HOTELERA;ADMINISTRACIÓN;BOGOTÁ;BOGOTÁ D.C.;14;143.0;146.0;133.0;125.0;156.0;157.0;23.0;20.0;32.0;51.0;27.0
28330;FUNDACION UNIVERSITARIA LOS LIBERTADORES;FUNDACION UNIVERSITARIA LOS LIBERTADORES-BOGOTÁ D.C.;ADMINISTRACIÓN DEL TURISMO SOSTENIBLE;ADMINISTRACIÓN;BOGOTÁ;BOGOTÁ D.C.;3;149.0;151.0;132.0;147.0;152.0;163.0;12.0;20.0;11.0;30.0;24.0
26433;FUNDACION UNIVERSITARIA LOS LIBERTADORES;FUNDACION UNIVERSITARIA LOS LIBERTADORES-BOGOTÁ D.C.;ADMINISTRACIÓN LOGÍSTICA;ADMINISTRACIÓN;BOGOTÁ;BOGOTÁ D.C.;20;138.0;139.0;143.0;129.0;141.0;138.0;23.0;19.0;24.0;22.0;19.0
30890;FUNDACION UNIVERSITARIA LOS LIBERTADORES;FUNDACION UNIVERSITARIA LOS LIBERTADORES-BOGOTÁ D.C.;ADMINISTRACIÓN LOGÍSTICA;ADMINISTRACIÓN;BOGOTÁ;BOGOTÁ D.C.;4;134.0;137.0;130.0;133.0;143.0;129.0;13.0;31.0;31.0;40.0;9.0
26242;FUNDACION UNIVERSITARIA LOS LIBERTADORES;FUNDACION UNIVERSITARIA LOS LIBERTADORES-BOGOTÁ D.C.;CIENCIA POLÍTICA Y GOBIERNO;CIENCIA POLÍTICA, RELACIONES INTERNACIONALES;BOGOTÁ;BOGOTÁ D.C.;3;126.0;150.0;110.0;125.0;144.0;100.0;11.0;18.0;42.0;44.0;6.0
26495;FUNDACION UNIVERSITARIA LOS LIBERTADORES;FUNDACION UNIVERSITARIA LOS LIBERTADORES-BOGOTÁ D.C.;CIENCIA POLÍTICA Y GOBIERNO;CIENCIA POLÍTICA, RELACIONES INTERNACIONALES;BOGOTÁ;BOGOTÁ D.C.;17;152.0;160.0;134.0;167.0;151.0;147.0;23.0;27.0;26.0;23.0;25.0
4774;FUNDACION UNIVERSITARIA LOS LIBERTADORES;FUNDACION UNIVERSITARIA LOS LIBERTADORES-BOGOTÁ D.C.;COMUNICACION SOCIAL- PERIODISMO;COMUNICACIÓN SOCIAL, PERIODISMO Y AFINES;BOGOTÁ;BOGOTÁ D.C.;58;157.0;167.0;145.0;157.0;151.0;166.0;21.0;21.0;24.0;26.0;27.0
447;FUNDACION UNIVERSITARIA LOS LIBERTADORES;FUNDACION UNIVERSITARIA LOS LIBERTADORES-BOGOTÁ D.C.;CONTADURIA PUBLICA;CONTADURÍA PUBLICA;BOGOTÁ;BOGOTÁ D.C.;96;144.0;146.0;145.0;137.0;149.0;144.0;26.0;25.0;27.0;28.0;22.0
1805;FUNDACION UNIVERSITARIA LOS LIBERTADORES;FUNDACION UNIVERSITARIA LOS LIBERTADORES-BOGOTÁ D.C.;CONTADURIA PUBLICA;CONTADURÍA PUBLICA;BOGOTÁ;BOGOTÁ D.C.;1;145.0;160.0;161.0;110.0;148.0;144.0;0.0;0.0;0.0;0.0;0.0
25948;FUNDACION UNIVERSITARIA LOS LIBERTADORES;FUNDACION UNIVERSITARIA LOS LIBERTADORES-BOGOTÁ D.C.;CONTADURÍA PÚBLICA;CONTADURÍA PUBLICA;BOGOTÁ;BOGOTÁ D.C.;5;132.0;134.0;140.0;105.0;142.0;140.0;20.0;27.0;12.0;25.0;24.0
1093;FUNDACION UNIVERSITARIA LOS LIBERTADORES;FUNDACION UNIVERSITARIA LOS LIBERTADORES-BOGOTÁ D.C.;DERECHO;DERECHO Y AFINES;BOGOTÁ;BOGOTÁ D.C.;76;156.0;162.0;137.0;170.0;158.0;152.0;27.0;24.0;23.0;25.0;26.0
1502;FUNDACION UNIVERSITARIA LOS LIBERTADORES;FUNDACION UNIVERSITARIA LOS LIBERTADORES-BOGOTÁ D.C.;DISEÑO GRAFICO;DISEÑO;BOGOTÁ;BOGOTÁ D.C.;81;149.0;154.0;139.0;137.0;145.0;169.0;26.0;26.0;31.0;33.0;24.0
30788;FUNDACION UNIVERSITARIA LOS LIBERTADORES;FUNDACION UNIVERSITARIA LOS LIBERTADORES-BOGOTÁ D.C.;DISEÑO GRÁFICO;DISEÑO;BOGOTÁ;BOGOTÁ D.C.;39;154.0;159.0;150.0;145.0;144.0;171.0;24.0;26.0;30.0;35.0;29.0
25140;FUNDACION UNIVERSITARIA LOS LIBERTADORES;FUNDACION UNIVERSITARIA LOS LIBERTADORES-BOGOTÁ D.C.;DISEÑO HIPERMEDIA;PUBLICIDAD Y AFINES;BOGOTÁ;BOGOTÁ D.C.;18;151.0;162.0;131.0;145.0;142.0;172.0;24.0;35.0;31.0;22.0;33.0
26243;FUNDACION UNIVERSITARIA LOS LIBERTADORES;FUNDACION UNIVERSITARIA LOS LIBERTADORES-BOGOTÁ D.C.;DISEÑO HIPERMEDIA;DISEÑO;BOGOTÁ;BOGOTÁ D.C.;24;160.0;162.0;148.0;146.0;162.0;182.0;31.0;32.0;34.0;37.0;46.0
2319;FUNDACION UNIVERSITARIA LOS LIBERTADORES;FUNDACION UNIVERSITARIA LOS LIBERTADORES-BOGOTÁ D.C.;ECONOMIA;ECONOMÍA;BOGOTÁ;BOGOTÁ D.C.;18;158.0;168.0;156.0;161.0;150.0;155.0;26.0;23.0;29.0;31.0;26.0
25141;FUNDACION UNIVERSITARIA LOS LIBERTADORES;FUNDACION UNIVERSITARIA LOS LIBERTADORES-BOGOTÁ D.C.;ESTADÍSTICA;MATEMÁTICAS, ESTADÍSTICA Y AFINES;BOGOTÁ;BOGOTÁ D.C.;12;158.0;153.0;174.0;157.0;143.0;162.0;20.0;13.0;29.0;18.0;47.0
2389;FUNDACION UNIVERSITARIA LOS LIBERTADORES;FUNDACION UNIVERSITARIA LOS LIBERTADORES-BOGOTÁ D.C.;INGENIERIA AERONAUTICA;INGENIERÍA MECÁNICA Y AFINES;BOGOTÁ;BOGOTÁ D.C.;49;155.0;154.0;162.0;143.0;149.0;167.0;23.0;27.0;25.0;41.0;25.0
888;FUNDACION UNIVERSITARIA LOS LIBERTADORES;FUNDACION UNIVERSITARIA LOS LIBERTADORES-BOGOTÁ D.C.;INGENIERIA DE SISTEMAS;INGENIERÍA DE SISTEMAS, TELEMÁTICA Y AFINES;BOGOTÁ;BOGOTÁ D.C.;32;152.0;150.0;154.0;141.0;154.0;162.0;22.0;18.0;30.0;22.0;28.0
3022;FUNDACION UNIVERSITARIA LOS LIBERTADORES;FUNDACION UNIVERSITARIA LOS LIBERTADORES-BOGOTÁ D.C.;INGENIERIA ELECTRONICA;INGENIERÍA ELECTRÓNICA, TELECOMUNICACIONES Y AFINES;BOGOTÁ;BOGOTÁ D.C.;8;145.0;148.0;141.0;130.0;144.0;164.0;19.0;27.0;32.0;20.0;31.0
6788;FUNDACION UNIVERSITARIA LOS LIBERTADORES;FUNDACION UNIVERSITARIA LOS LIBERTADORES-BOGOTÁ D.C.;INGENIERIA INDUSTRIAL;INGENIERÍA INDUSTRIAL Y AFINES;BOGOTÁ;BOGOTÁ D.C.;26;145.0;145.0;154.0;137.0;145.0;143.0;29.0;21.0;28.0;29.0;20.0
42;FUNDACION UNIVERSITARIA LOS LIBERTADORES;FUNDACION UNIVERSITARIA LOS LIBERTADORES-BOGOTÁ D.C.;INGENIERIA MECANICA;INGENIERÍA MECÁNICA Y AFINES;BOGOTÁ;BOGOTÁ D.C.;28;147.0;147.0;163.0;133.0;144.0;146.0;25.0;26.0;29.0;21.0;23.0
25480;FUNDACION UNIVERSITARIA LOS LIBERTADORES;FUNDACION UNIVERSITARIA LOS LIBERTADORES-BOGOTÁ D.C.;INGENIERÍA DE SISTEMAS Y COMPUTACI¿N;INGENIERÍA DE SISTEMAS, TELEMÁTICA Y AFINES;BOGOTÁ;BOGOTÁ D.C.;14;161.0;176.0;161.0;148.0;154.0;164.0;19.0;23.0;27.0;20.0;22.0
26364;FUNDACION UNIVERSITARIA LOS LIBERTADORES;FUNDACION UNIVERSITARIA LOS LIBERTADORES-BOGOTÁ D.C.;INGENIERÍA MECATRÓNICA;INGENIERÍA MECÁNICA Y AFINES;BOGOTÁ;BOGOTÁ D.C.;5;146.0;141.0;160.0;147.0;116.0;166.0;18.0;22.0;33.0;69.0;11.0
4341;FUNDACION UNIVERSITARIA LOS LIBERTADORES;FUNDACION UNIVERSITARIA LOS LIBERTADORES-BOGOTÁ D.C.;LICENCIATURA EN EDUCACION ESPECIAL;EDUCACIÓN;BOGOTÁ;BOGOTÁ D.C.;15;136.0;151.0;124.0;129.0;140.0;137.0;23.0;27.0;29.0;46.0;24.0
17060;FUNDACION UNIVERSITARIA LOS LIBERTADORES;FUNDACION UNIVERSITARIA LOS LIBERTADORES-BOGOTÁ D.C.;LICENCIATURA EN EDUCACIÓN INFANTIL;EDUCACIÓN;BOGOTÁ;BOGOTÁ D.C.;29;144.0;151.0;130.0;137.0;155.0;148.0;20.0;16.0;25.0;37.0;22.0
24823;FUNDACION UNIVERSITARIA LOS LIBERTADORES;FUNDACION UNIVERSITARIA LOS LIBERTADORES-BOGOTÁ D.C.;LICENCIATURA EN EDUCACIÓN INFANTIL;EDUCACIÓN;BOGOTÁ;BOGOTÁ D.C.;29;127.0;129.0;119.0;119.0;136.0;130.0;25.0;25.0;24.0;29.0;21.0
5081;FUNDACION UNIVERSITARIA LOS LIBERTADORES;FUNDACION UNIVERSITARIA LOS LIBERTADORES-BOGOTÁ D.C.;PSICOLOGIA;PSICOLOGÍA;BOGOTÁ;BOGOTÁ D.C.;71;153.0;162.0;141.0;153.0;150.0;159.0;25.0;24.0;30.0;26.0;26.0
3217;FUNDACION UNIVERSITARIA LOS LIBERTADORES;FUNDACION UNIVERSITARIA LOS LIBERTADORES-BOGOTÁ D.C.;PUBLICIDAD Y MERCADEO;PUBLICIDAD Y AFINES;BOGOTÁ;BOGOTÁ D.C.;64;148.0;155.0;137.0;140.0;148.0;160.0;23.0;22.0;27.0;25.0;25.0
30791;FUNDACION UNIVERSITARIA LOS LIBERTADORES;FUNDACION UNIVERSITARIA LOS LIBERTADORES-BOGOTÁ D.C.;PUBLICIDAD Y MERCADEO;ADMINISTRACIÓN;BOGOTÁ;BOGOTÁ D.C.;31;154.0;160.0;147.0;153.0;142.0;167.0;23.0;25.0;23.0;47.0;28.0
4418;FUNDACION UNIVERSITARIA LUIS AMIGO FUNLAM;FUNDACION UNIVERSITARIA LUIS AMIGO FUNLAM-MEDELLIN;ACTIVIDAD FISICA Y DEPORTE;DEPORTES, EDUCACIÓN FÍSICA Y RECREACIÓN;ANTIOQUIA;MEDELLÍN;91;131.0;132.0;124.0;123.0;136.0;141.0;25.0;25.0;26.0;40.0;27.0
155;FUNDACION UNIVERSITARIA LUIS AMIGO FUNLAM;FUNDACION UNIVERSITARIA LUIS AMIGO FUNLAM-MEDELLIN;ADMINISTRACION DE EMPRESAS;ADMINISTRACIÓN;ANTIOQUIA;MEDELLÍN;103;145.0;148.0;138.0;135.0;155.0;152.0;25.0;28.0;30.0;34.0;32.0
4635;FUNDACION UNIVERSITARIA LUIS AMIGO FUNLAM;FUNDACION UNIVERSITARIA LUIS AMIGO FUNLAM-MEDELLIN;ADMINISTRACION DE EMPRESAS;ADMINISTRACIÓN;ANTIOQUIA;MEDELLÍN;29;142.0;144.0;132.0;138.0;152.0;142.0;26.0;28.0;30.0;40.0;25.0
7592;FUNDACION UNIVERSITARIA LUIS AMIGO FUNLAM;FUNDACION UNIVERSITARIA LUIS AMIGO FUNLAM-MEDELLIN;ARQUITECTURA;ARQUITECTURA;ANTIOQUIA;MEDELLÍN;10;147.0;154.0;149.0;131.0;150.0;151.0;32.0;32.0;39.0;26.0;29.0
4777;FUNDACION UNIVERSITARIA LUIS AMIGO FUNLAM;FUNDACION UNIVERSITARIA LUIS AMIGO FUNLAM-MEDELLIN;COMUNICACION SOCIAL;COMUNICACIÓN SOCIAL, PERIODISMO Y AFINES;ANTIOQUIA;MEDELLÍN;210;147.0;156.0;129.0;144.0;153.0;151.0;25.0;26.0;31.0;38.0;30.0
8589;FUNDACION UNIVERSITARIA LUIS AMIGO FUNLAM;FUNDACION UNIVERSITARIA LUIS AMIGO FUNLAM-MEDELLIN;COMUNICACIÓN SOCIAL;COMUNICACIÓN SOCIAL, PERIODISMO Y AFINES;ANTIOQUIA;MEDELLÍN;10;129.0;141.0;110.0;114.0;139.0;141.0;35.0;34.0;24.0;51.0;29.0
5059;FUNDACION UNIVERSITARIA LUIS AMIGO FUNLAM;FUNDACION UNIVERSITARIA LUIS AMIGO FUNLAM-MEDELLIN;CONTADURIA PUBLICA;CONTADURÍA PUBLICA;ANTIOQUIA;MEDELLÍN;62;144.0;140.0;142.0;136.0;153.0;147.0;26.0;21.0;28.0;31.0;25.0
2613;FUNDACION UNIVERSITARIA LUIS AMIGO FUNLAM;FUNDACION UNIVERSITARIA LUIS AMIGO FUNLAM-MEDELLIN;DERECHO;DERECHO Y AFINES;ANTIOQUIA;MEDELLÍN;127;148.0;156.0;128.0;158.0;154.0;145.0;28.0;30.0;32.0;34.0;30.0
7745;FUNDACION UNIVERSITARIA LUIS AMIGO FUNLAM;FUNDACION UNIVERSITARIA LUIS AMIGO FUNLAM-MEDELLIN;DERECHO;DERECHO Y AFINES;ANTIOQUIA;MEDELLÍN;11;133.0;133.0;116.0;144.0;142.0;132.0;36.0;25.0;38.0;27.0;29.0
8948;FUNDACION UNIVERSITARIA LUIS AMIGO FUNLAM;FUNDACION UNIVERSITARIA LUIS AMIGO FUNLAM-MEDELLIN;DERECHO;DERECHO Y AFINES;ANTIOQUIA;MEDELLÍN;140;148.0;154.0;134.0;155.0;151.0;145.0;25.0;24.0;28.0;32.0;32.0
16999;FUNDACION UNIVERSITARIA LUIS AMIGO FUNLAM;FUNDACION UNIVERSITARIA LUIS AMIGO FUNLAM-MEDELLIN;DERECHO Y CIENCIAS HUMANAS;DERECHO Y AFINES;ANTIOQUIA;MEDELLÍN;1;142.0;166.0;103.0;173.0;182.0;84.0;0.0;0.0;0.0;0.0;0.0
3188;FUNDACION UNIVERSITARIA LUIS AMIGO FUNLAM;FUNDACION UNIVERSITARIA LUIS AMIGO FUNLAM-MEDELLIN;DESARROLLO FAMILIAR;SOCIOLOGÍA, TRABAJO SOCIAL Y AFINES;ANTIOQUIA;MEDELLÍN;1;140.0;158.0;139.0;142.0;133.0;130.0;0.0;0.0;0.0;0.0;0.0
8430;FUNDACION UNIVERSITARIA LUIS AMIGO FUNLAM;FUNDACION UNIVERSITARIA LUIS AMIGO FUNLAM-MEDELLIN;DISEÑO GRÁFICO;DISEÑO;ANTIOQUIA;MEDELLÍN;96;150.0;155.0;138.0;140.0;153.0;166.0;28.0;25.0;31.0;39.0;33.0
3794;FUNDACION UNIVERSITARIA LUIS AMIGO FUNLAM;FUNDACION UNIVERSITARIA LUIS AMIGO FUNLAM-MEDELLIN;FILOSOFIA;FILOSOFÍA, TEOLOGÍA Y AFINES;ANTIOQUIA;MEDELLÍN;11;158.0;165.0;114.0;153.0;188.0;168.0;25.0;26.0;28.0;62.0;29.0
8158;FUNDACION UNIVERSITARIA LUIS AMIGO FUNLAM;FUNDACION UNIVERSITARIA LUIS AMIGO FUNLAM-MEDELLIN;GASTRONOMÍA;ADMINISTRACIÓN;ANTIOQUIA;MEDELLÍN;61;151.0;153.0;139.0;141.0;157.0;166.0;27.0;30.0;34.0;43.0;27.0
7322;FUNDACION UNIVERSITARIA LUIS AMIGO FUNLAM;FUNDACION UNIVERSITARIA LUIS AMIGO FUNLAM-MEDELLIN;INGENIERIA CIVIL;INGENIERÍA CIVIL Y AFINES;ANTIOQUIA;MEDELLÍN;12;152.0;149.0;175.0;130.0;163.0;145.0;31.0;21.0;29.0;28.0;21.0
6769;FUNDACION UNIVERSITARIA LUIS AMIGO FUNLAM;FUNDACION UNIVERSITARIA LUIS AMIGO FUNLAM-MEDELLIN;INGENIERIA DE SISTEMAS;INGENIERÍA DE SISTEMAS, TELEMÁTICA Y AFINES;ANTIOQUIA;MEDELLÍN;40;155.0;155.0;155.0;136.0;160.0;171.0;22.0;25.0;28.0;41.0;20.0
7900;FUNDACION UNIVERSITARIA LUIS AMIGO FUNLAM;FUNDACION UNIVERSITARIA LUIS AMIGO FUNLAM-MEDELLIN;INGENIERIA DE SISTEMAS;INGENIERÍA DE SISTEMAS, TELEMÁTICA Y AFINES;ANTIOQUIA;MEDELLÍN;20;140.0;138.0;144.0;127.0;136.0;153.0;31.0;28.0;27.0;50.0;27.0
7288;FUNDACION UNIVERSITARIA LUIS AMIGO FUNLAM;FUNDACION UNIVERSITARIA LUIS AMIGO FUNLAM-MEDELLIN;INGENIERIA INDUSTRIAL;INGENIERÍA INDUSTRIAL Y AFINES;ANTIOQUIA;MEDELLÍN;2;128.0;134.0;144.0;97.0;155.0;107.0;11.0;25.0;13.0;46.0;21.0
9697;FUNDACION UNIVERSITARIA LUIS AMIGO FUNLAM;FUNDACION UNIVERSITARIA LUIS AMIGO FUNLAM-MEDELLIN;LICENCIATURA EN EDUCACION INFANTIL;EDUCACIÓN;ANTIOQUIA;MEDELLÍN;39;139.0;144.0;129.0;134.0;148.0;141.0;31.0;29.0;34.0;37.0;31.0
5060;FUNDACION UNIVERSITARIA LUIS AMIGO FUNLAM;FUNDACION UNIVERSITARIA LUIS AMIGO FUNLAM-MEDELLIN;LICENCIATURA EN EDUCACION PREESCOLAR;EDUCACIÓN;ANTIOQUIA;MEDELLÍN;4;114.0;130.0;107.0;108.0;109.0;118.0;13.0;16.0;22.0;79.0;20.0
7487;FUNDACION UNIVERSITARIA LUIS AMIGO FUNLAM;FUNDACION UNIVERSITARIA LUIS AMIGO FUNLAM-MEDELLIN;LICENCIATURA EN INGLES;EDUCACIÓN;ANTIOQUIA;MEDELLÍN;4;162.0;159.0;132.0;149.0;174.0;196.0;21.0;23.0;33.0;9.0;5.0
1056;FUNDACION UNIVERSITARIA LUIS AMIGO FUNLAM;FUNDACION UNIVERSITARIA LUIS AMIGO FUNLAM-MEDELLIN;LICENCIATURA EN TEOLOGIA;EDUCACIÓN;ANTIOQUIA;MEDELLÍN;1;126.0;119.0;86.0;121.0;182.0;122.0;0.0;0.0;0.0;0.0;0.0
9709;FUNDACION UNIVERSITARIA LUIS AMIGO FUNLAM;FUNDACION UNIVERSITARIA LUIS AMIGO FUNLAM-MEDELLIN;LICENCIATURA LENGUAS EXTRANJERAS CON ENFASIS EN INGLES;EDUCACIÓN;ANTIOQUIA;MEDELLÍN;69;164.0;166.0;131.0;149.0;168.0;203.0;26.0;28.0;34.0;44.0;29.0
2450;FUNDACION UNIVERSITARIA LUIS AMIGO FUNLAM;FUNDACION UNIVERSITARIA LUIS AMIGO FUNLAM-MEDELLIN;NEGOCIOS INTERNACIONALES;ECONOMÍA;ANTIOQUIA;MEDELLÍN;90;149.0;152.0;137.0;140.0;157.0;162.0;28.0;28.0;38.0;27.0;31.0
7341;FUNDACION UNIVERSITARIA LUIS AMIGO FUNLAM;FUNDACION UNIVERSITARIA LUIS AMIGO FUNLAM-MEDELLIN;NEGOCIOS INTERNACIONALES;ECONOMÍA;ANTIOQUIA;MEDELLÍN;43;143.0;147.0;135.0;129.0;141.0;164.0;29.0;25.0;27.0;34.0;24.0
268;FUNDACION UNIVERSITARIA LUIS AMIGO FUNLAM;FUNDACION UNIVERSITARIA LUIS AMIGO FUNLAM-MEDELLIN;PSICOLOGIA;PSICOLOGÍA;ANTIOQUIA;MEDELLÍN;1;167.0;168.0;145.0;161.0;190.0;171.0;0.0;0.0;0.0;0.0;0.0
2802;FUNDACION UNIVERSITARIA LUIS AMIGO FUNLAM;FUNDACION UNIVERSITARIA LUIS AMIGO FUNLAM-MEDELLIN;PSICOLOGIA;PSICOLOGÍA;ANTIOQUIA;MEDELLÍN;1;131.0;123.0;139.0;134.0;135.0;124.0;0.0;0.0;0.0;0.0;0.0
4386;FUNDACION UNIVERSITARIA LUIS AMIGO FUNLAM;FUNDACION UNIVERSITARIA LUIS AMIGO FUNLAM-MEDELLIN;PSICOLOGIA;PSICOLOGÍA;ANTIOQUIA;MEDELLÍN;331;147.0;157.0;130.0;146.0;152.0;150.0;27.0;26.0;30.0;33.0;31.0
8195;FUNDACION UNIVERSITARIA LUIS AMIGO FUNLAM;FUNDACION UNIVERSITARIA LUIS AMIGO FUNLAM-MEDELLIN;PSICOLOGÍA;PSICOLOGÍA;ANTIOQUIA;MEDELLÍN;140;144.0;149.0;126.0;140.0;150.0;152.0;26.0;27.0;29.0;29.0;35.0
8272;FUNDACION UNIVERSITARIA LUIS AMIGO FUNLAM;FUNDACION UNIVERSITARIA LUIS AMIGO FUNLAM-MEDELLIN;PSICOLOGÍA;PSICOLOGÍA;ANTIOQUIA;MEDELLÍN;27;142.0;150.0;120.0;142.0;169.0;131.0;30.0;26.0;32.0;68.0;30.0
8586;FUNDACION UNIVERSITARIA LUIS AMIGO FUNLAM;FUNDACION UNIVERSITARIA LUIS AMIGO FUNLAM-MEDELLIN;PSICOLOGÍA;PSICOLOGÍA;ANTIOQUIA;MEDELLÍN;30;133.0;147.0;108.0;126.0;150.0;133.0;24.0;27.0;29.0;27.0;26.0
6650;FUNDACION UNIVERSITARIA LUIS AMIGO FUNLAM;FUNDACION UNIVERSITARIA LUIS AMIGO FUNLAM-MEDELLIN;PUBLICIDAD;PUBLICIDAD Y AFINES;ANTIOQUIA;MEDELLÍN;33;149.0;159.0;130.0;139.0;156.0;160.0;24.0;22.0;30.0;37.0;26.0
4312;FUNDACION UNIVERSITARIA LUIS AMIGO FUNLAM;FUNDACION UNIVERSITARIA LUIS AMIGO FUNLAM-MEDELLIN;TEOLOGIA;FILOSOFÍA, TEOLOGÍA Y AFINES;ANTIOQUIA;MEDELLÍN;6;146.0;140.0;142.0;130.0;163.0;157.0;19.0;29.0;34.0;36.0;27.0
8606;FUNDACION UNIVERSITARIA LUIS AMIGO FUNLAM;FUNDACION UNIVERSITARIA LUIS AMIGO FUNLAM-MEDELLIN;TRABAJO SOCIAL;SOCIOLOGÍA, TRABAJO SOCIAL Y AFINES;ANTIOQUIA;MEDELLÍN;32;139.0;151.0;123.0;138.0;146.0;136.0;24.0;25.0;26.0;26.0;23.0
562;FUNDACION UNIVERSITARIA MARIA CANO;"FUNDACION UNIVERSITARIA ""MARIA CANO""-MEDELLIN";ADMINISTRACION DE EMPRESAS;ADMINISTRACIÓN;ANTIOQUIA;MEDELLÍN;1;122.0;118.0;93.0;102.0;163.0;136.0;0.0;0.0;0.0;0.0;0.0
1404;FUNDACION UNIVERSITARIA MARIA CANO;"FUNDACION UNIVERSITARIA ""MARIA CANO""-MEDELLIN";ADMINISTRACION DE EMPRESAS;ADMINISTRACIÓN;ANTIOQUIA;MEDELLÍN;33;138.0;140.0;132.0;134.0;148.0;135.0;21.0;19.0;21.0;26.0;20.0
8927;FUNDACION UNIVERSITARIA MARIA CANO;"FUNDACION UNIVERSITARIA ""MARIA CANO""-MEDELLIN";ADMINISTRACIÓN DE EMPRESAS;ADMINISTRACIÓN;ANTIOQUIA;MEDELLÍN;89;137.0;144.0;129.0;133.0;145.0;135.0;24.0;26.0;27.0;43.0;26.0
5513;FUNDACION UNIVERSITARIA MARIA CANO;"FUNDACION UNIVERSITARIA ""MARIA CANO""-MEDELLIN";CONTADURIA PUBLICA;CONTADURÍA PUBLICA;ANTIOQUIA;MEDELLÍN;28;142.0;145.0;140.0;133.0;149.0;142.0;33.0;26.0;28.0;27.0;26.0
7975;FUNDACION UNIVERSITARIA MARIA CANO;"FUNDACION UNIVERSITARIA ""MARIA CANO""-MEDELLIN";CONTADURÍA PÚBLICA;CONTADURÍA PUBLICA;ANTIOQUIA;MEDELLÍN;38;146.0;153.0;141.0;142.0;150.0;143.0;29.0;27.0;25.0;27.0;23.0
929;FUNDACION UNIVERSITARIA MARIA CANO;"FUNDACION UNIVERSITARIA ""MARIA CANO""-MEDELLIN";FISIOTERAPIA;TERAPIAS;ANTIOQUIA;MEDELLÍN;62;135.0;143.0;125.0;133.0;138.0;136.0;26.0;26.0;28.0;41.0;29.0
2702;FUNDACION UNIVERSITARIA MARIA CANO;"FUNDACION UNIVERSITARIA ""MARIA CANO""-MEDELLIN";FISIOTERAPIA;TERAPIAS;ANTIOQUIA;MEDELLÍN;31;136.0;145.0;130.0;132.0;134.0;139.0;21.0;25.0;27.0;35.0;24.0
4178;FUNDACION UNIVERSITARIA MARIA CANO;"FUNDACION UNIVERSITARIA ""MARIA CANO""-MEDELLIN";FISIOTERAPIA;TERAPIAS;ANTIOQUIA;MEDELLÍN;37;141.0;150.0;130.0;134.0;149.0;142.0;21.0;21.0;26.0;40.0;23.0
5061;FUNDACION UNIVERSITARIA MARIA CANO;"FUNDACION UNIVERSITARIA ""MARIA CANO""-MEDELLIN";FISIOTERAPIA;TERAPIAS;ANTIOQUIA;MEDELLÍN;182;146.0;155.0;137.0;142.0;142.0;153.0;23.0;25.0;27.0;45.0;27.0
425;FUNDACION UNIVERSITARIA MARIA CANO;"FUNDACION UNIVERSITARIA ""MARIA CANO""-MEDELLIN";FONOAUDIOLOGIA;TERAPIAS;ANTIOQUIA;MEDELLÍN;42;147.0;153.0;126.0;145.0;156.0;156.0;27.0;27.0;23.0;41.0;26.0
25780;FUNDACION UNIVERSITARIA MARIA CANO;"FUNDACION UNIVERSITARIA ""MARIA CANO""-MEDELLIN";FONOAUDIOLOGÍA;TERAPIAS;ANTIOQUIA;MEDELLÍN;15;139.0;149.0;117.0;131.0;146.0;150.0;24.0;28.0;25.0;19.0;23.0
26498;FUNDACION UNIVERSITARIA MARIA CANO;"FUNDACION UNIVERSITARIA ""MARIA CANO""-MEDELLIN";FONOAUDIOLOGÍA;TERAPIAS;ANTIOQUIA;MEDELLÍN;21;138.0;141.0;123.0;136.0;150.0;138.0;22.0;28.0;27.0;42.0;20.0
28041;FUNDACION UNIVERSITARIA MARIA CANO;"FUNDACION UNIVERSITARIA ""MARIA CANO""-MEDELLIN";FONOAUDIOLOGÍA;TERAPIAS;ANTIOQUIA;MEDELLÍN;5;135.0;147.0;122.0;134.0;128.0;144.0;32.0;19.0;37.0;18.0;26.0
7411;FUNDACION UNIVERSITARIA MARIA CANO;"FUNDACION UNIVERSITARIA ""MARIA CANO""-MEDELLIN";INGENIERÍA DE SOFTWARE;INGENIERÍA DE SISTEMAS, TELEMÁTICA Y AFINES;ANTIOQUIA;MEDELLÍN;18;147.0;158.0;152.0;140.0;125.0;162.0;29.0;20.0;33.0;51.0;25.0
4638;FUNDACION UNIVERSITARIA MARIA CANO;"FUNDACION UNIVERSITARIA ""MARIA CANO""-MEDELLIN";PSICOLOGIA;PSICOLOGÍA;ANTIOQUIA;MEDELLÍN;48;139.0;154.0;122.0;137.0;139.0;143.0;27.0;25.0;33.0;28.0;29.0
1335;FUNDACION UNIVERSITARIA MONSERRATE;FUNDACION UNIVERSITARIA MONSERRATE - UNIMONSERRATE-BOGOTÁ D.C.;ADMINISTRACION DE EMPRESAS  Y  GESTION AMBIENTAL;ADMINISTRACIÓN;BOGOTÁ;BOGOTÁ D.C.;33;142.0;148.0;134.0;140.0;147.0;142.0;23.0;20.0;18.0;26.0;24.0
25483;FUNDACION UNIVERSITARIA MONSERRATE;FUNDACION UNIVERSITARIA MONSERRATE - UNIMONSERRATE-BOGOTÁ D.C.;CONTADURÍA PÚBLICA;CONTADURÍA PUBLICA;BOGOTÁ;BOGOTÁ D.C.;15;142.0;149.0;150.0;141.0;136.0;134.0;17.0;23.0;28.0;60.0;39.0
1013;FUNDACION UNIVERSITARIA MONSERRATE;FUNDACION UNIVERSITARIA MONSERRATE - UNIMONSERRATE-BOGOTÁ D.C.;FINANZAS Y NEGOCIOS INTERNACIONALES;ADMINISTRACIÓN;BOGOTÁ;BOGOTÁ D.C.;25;154.0;157.0;154.0;144.0;152.0;161.0;25.0;16.0;24.0;23.0;29.0
25148;FUNDACION UNIVERSITARIA MONSERRATE;FUNDACION UNIVERSITARIA MONSERRATE - UNIMONSERRATE-BOGOTÁ D.C.;INGENIERÍA DE SISTEMAS;INGENIERÍA DE SISTEMAS, TELEMÁTICA Y AFINES;BOGOTÁ;BOGOTÁ D.C.;12;153.0;158.0;159.0;146.0;143.0;158.0;24.0;20.0;24.0;22.0;23.0
25638;FUNDACION UNIVERSITARIA MONSERRATE;FUNDACION UNIVERSITARIA MONSERRATE - UNIMONSERRATE-BOGOTÁ D.C.;INGENIERÍA EN LOGÍSTICA;INGENIERÍA QUÍMICA Y AFINES;BOGOTÁ;BOGOTÁ D.C.;11;147.0;145.0;152.0;135.0;156.0;149.0;19.0;24.0;29.0;24.0;19.0
7219;FUNDACION UNIVERSITARIA MONSERRATE;FUNDACION UNIVERSITARIA MONSERRATE - UNIMONSERRATE-BOGOTÁ D.C.;LICENCIATURA EN EDUCACIÓN BILINGUE;EDUCACIÓN;BOGOTÁ;BOGOTÁ D.C.;7;159.0;152.0;135.0;150.0;163.0;196.0;23.0;31.0;17.0;14.0;11.0
20798;FUNDACION UNIVERSITARIA MONSERRATE;FUNDACION UNIVERSITARIA MONSERRATE - UNIMONSERRATE-BOGOTÁ D.C.;LICENCIATURA EN EDUCACIÓN BÁSICA PRIMARIA;EDUCACIÓN;BOGOTÁ;BOGOTÁ D.C.;21;144.0;149.0;139.0;140.0;147.0;146.0;26.0;31.0;29.0;54.0;23.0
20746;FUNDACION UNIVERSITARIA MONSERRATE;FUNDACION UNIVERSITARIA MONSERRATE - UNIMONSERRATE-BOGOTÁ D.C.;LICENCIATURA EN EDUCACIÓN INFANTIL;EDUCACIÓN;BOGOTÁ;BOGOTÁ D.C.;123;130.0;132.0;118.0;126.0;143.0;131.0;27.0;24.0;28.0;30.0;23.0
7220;FUNDACION UNIVERSITARIA MONSERRATE;FUNDACION UNIVERSITARIA MONSERRATE - UNIMONSERRATE-BOGOTÁ D.C.;TEOLOGÍA;FILOSOFÍA, TEOLOGÍA Y AFINES;BOGOTÁ;BOGOTÁ D.C.;20;148.0;163.0;133.0;149.0;157.0;137.0;22.0;28.0;30.0;24.0;28.0
3652;FUNDACION UNIVERSITARIA MONSERRATE;FUNDACION UNIVERSITARIA MONSERRATE - UNIMONSERRATE-BOGOTÁ D.C.;TRABAJO SOCIAL;SOCIOLOGÍA, TRABAJO SOCIAL Y AFINES;BOGOTÁ;BOGOTÁ D.C.;74;142.0;150.0;124.0;142.0;154.0;141.0;25.0;24.0;29.0;21.0;30.0
8845;FUNDACION UNIVERSITARIA NAVARRA - UNINAVARRA;FUNDACION UNIVERSITARIA NAVARRA - UNINAVARRA-NEIVA;ADMINISTRACION DE EMPRESAS;ADMINISTRACIÓN;HUILA;NEIVA;24;138.0;140.0;142.0;127.0;139.0;144.0;29.0;23.0;40.0;24.0;21.0
8477;FUNDACION UNIVERSITARIA NAVARRA - UNINAVARRA;FUNDACION UNIVERSITARIA NAVARRA - UNINAVARRA-NEIVA;DERECHO;DERECHO Y AFINES;HUILA;NEIVA;60;139.0;145.0;122.0;146.0;144.0;139.0;26.0;24.0;27.0;32.0;25.0
9062;FUNDACION UNIVERSITARIA NAVARRA - UNINAVARRA;FUNDACION UNIVERSITARIA NAVARRA - UNINAVARRA-NEIVA;ENFERMERIA;ENFERMERÍA;HUILA;NEIVA;113;130.0;132.0;125.0;121.0;140.0;129.0;26.0;22.0;25.0;28.0;22.0
8333;FUNDACION UNIVERSITARIA NAVARRA - UNINAVARRA;FUNDACION UNIVERSITARIA NAVARRA - UNINAVARRA-NEIVA;INGENIERIA AMBIENTAL;INGENIERÍA AMBIENTAL, SANITARIA Y AFINES;HUILA;NEIVA;13;132.0;135.0;137.0;125.0;120.0;143.0;21.0;22.0;27.0;59.0;19.0
7873;FUNDACION UNIVERSITARIA NAVARRA - UNINAVARRA;FUNDACION UNIVERSITARIA NAVARRA - UNINAVARRA-NEIVA;INGENIERIA INDUSTRIAL;INGENIERÍA INDUSTRIAL Y AFINES;HUILA;NEIVA;9;132.0;137.0;138.0;117.0;118.0;149.0;26.0;13.0;23.0;17.0;20.0
8009;FUNDACION UNIVERSITARIA NAVARRA - UNINAVARRA;FUNDACION UNIVERSITARIA NAVARRA - UNINAVARRA-NEIVA;MEDICINA;MEDICINA;HUILA;NEIVA;77;150.0;151.0;147.0;149.0;144.0;162.0;27.0;24.0;27.0;29.0;28.0
5037;FUNDACION UNIVERSITARIA SAN AGUSTIN;FUNDACION UNIVERSITARIA CERVANTINA SAN AGUSTIN - UNICERVANTINA SAN AGUSTIN-BOGOTÁ D.C.;ADMINISTRACIÓN DE EMPRESAS;ADMINISTRACIÓN;BOGOTÁ;BOGOTÁ D.C.;10;147.0;156.0;143.0;133.0;145.0;158.0;24.0;28.0;27.0;34.0;14.0
9058;FUNDACION UNIVERSITARIA SAN AGUSTIN;FUNDACION UNIVERSITARIA CERVANTINA SAN AGUSTIN - UNICERVANTINA SAN AGUSTIN-BOGOTÁ D.C.;CIENCIA POLÍTICA;CIENCIA POLÍTICA, RELACIONES INTERNACIONALES;BOGOTÁ;BOGOTÁ D.C.;8;148.0;155.0;143.0;165.0;145.0;132.0;26.0;20.0;20.0;61.0;59.0
1704;FUNDACION UNIVERSITARIA SAN AGUSTIN;FUNDACION UNIVERSITARIA CERVANTINA SAN AGUSTIN - UNICERVANTINA SAN AGUSTIN-BOGOTÁ D.C.;CONTADURÍA PUBLICA;CONTADURÍA PUBLICA;BOGOTÁ;BOGOTÁ D.C.;2;179.0;186.0;166.0;182.0;173.0;187.0;16.0;5.0;28.0;20.0;6.0
2147;FUNDACION UNIVERSITARIA SAN AGUSTIN;FUNDACION UNIVERSITARIA CERVANTINA SAN AGUSTIN - UNICERVANTINA SAN AGUSTIN-BOGOTÁ D.C.;DERECHO;DERECHO Y AFINES;BOGOTÁ;BOGOTÁ D.C.;109;143.0;145.0;133.0;150.0;151.0;138.0;26.0;28.0;27.0;38.0;27.0
32161;FUNDACION UNIVERSITARIA SAN AGUSTIN;FUNDACION UNIVERSITARIA CERVANTINA SAN AGUSTIN - UNICERVANTINA SAN AGUSTIN-BOGOTÁ D.C.;DERECHO;SIN CLASIFICAR;BOGOTÁ;BOGOTÁ D.C.;1;143.0;115.0;145.0;172.0;146.0;137.0;0.0;0.0;0.0;0.0;0.0
6734;FUNDACION UNIVERSITARIA SAN AGUSTIN;FUNDACION UNIVERSITARIA CERVANTINA SAN AGUSTIN - UNICERVANTINA SAN AGUSTIN-BOGOTÁ D.C.;FINANZAS Y NEGOCIOS INTERNACIONALES;ADMINISTRACIÓN;BOGOTÁ;BOGOTÁ D.C.;8;159.0;170.0;140.0;150.0;161.0;175.0;18.0;20.0;26.0;25.0;21.0
1303;FUNDACION UNIVERSITARIA SAN AGUSTIN;FUNDACION UNIVERSITARIA CERVANTINA SAN AGUSTIN - UNICERVANTINA SAN AGUSTIN-BOGOTÁ D.C.;PSICOLOGÍA;PSICOLOGÍA;BOGOTÁ;BOGOTÁ D.C.;29;154.0;166.0;141.0;151.0;147.0;163.0;24.0;20.0;24.0;52.0;23.0
743;FUNDACION UNIVERSITARIA SAN AGUSTIN;FUNDACION UNIVERSITARIA CERVANTINA SAN AGUSTIN - UNICERVANTINA SAN AGUSTIN-BOGOTÁ D.C.;TEOLOGIA;FILOSOFÍA, TEOLOGÍA Y AFINES;BOGOTÁ;BOGOTÁ D.C.;37;158.0;162.0;150.0;163.0;161.0;156.0;28.0;35.0;30.0;22.0;32.0
7581;FUNDACION UNIVERSITARIA SAN AGUSTIN;FUNDACION UNIVERSITARIA CERVANTINA SAN AGUSTIN - UNICERVANTINA SAN AGUSTIN-BOGOTÁ D.C.;TRABAJO SOCIAL;SOCIOLOGÍA, TRABAJO SOCIAL Y AFINES;BOGOTÁ;BOGOTÁ D.C.;47;134.0;136.0;124.0;131.0;146.0;131.0;25.0;24.0;28.0;21.0;22.0
5536;FUNDACION UNIVERSITARIA SAN MARTIN;FUNDACION UNIVERSITARIA SAN MARTIN-BOGOTÁ D.C.;ADMINISTRACION DE EMPRESAS;ADMINISTRACIÓN;BOGOTÁ;BOGOTÁ D.C.;70;131.0;135.0;123.0;125.0;137.0;134.0;25.0;26.0;26.0;37.0;24.0
1744;FUNDACION UNIVERSITARIA SAN MARTIN;FUNDACION UNIVERSITARIA SAN MARTIN-BOGOTÁ D.C.;CONTADURIA PUBLICA;CONTADURÍA PUBLICA;BOGOTÁ;BOGOTÁ D.C.;104;136.0;141.0;133.0;129.0;145.0;134.0;22.0;24.0;29.0;37.0;22.0
2631;FUNDACION UNIVERSITARIA SAN MARTIN;FUNDACION UNIVERSITARIA SAN MARTIN-BOGOTÁ D.C.;DERECHO;DERECHO Y AFINES;BOGOTÁ;BOGOTÁ D.C.;11;143.0;142.0;145.0;155.0;136.0;137.0;25.0;20.0;29.0;52.0;25.0
2770;FUNDACION UNIVERSITARIA SAN MARTIN;FUNDACION UNIVERSITARIA SAN MARTIN-BOGOTÁ D.C.;MEDICINA;MEDICINA;BOGOTÁ;BOGOTÁ D.C.;83;169.0;173.0;160.0;162.0;157.0;192.0;22.0;27.0;28.0;32.0;18.0
6049;FUNDACION UNIVERSITARIA SAN MARTIN;FUNDACION UNIVERSITARIA SAN MARTIN-BOGOTÁ D.C.;MEDICINA;MEDICINA;BOGOTÁ;BOGOTÁ D.C.;127;147.0;153.0;142.0;142.0;148.0;151.0;24.0;25.0;26.0;41.0;22.0
6506;FUNDACION UNIVERSITARIA SAN MARTIN;FUNDACION UNIVERSITARIA SAN MARTIN-BOGOTÁ D.C.;MEDICINA;MEDICINA;BOGOTÁ;BOGOTÁ D.C.;87;155.0;158.0;145.0;154.0;151.0;165.0;26.0;22.0;30.0;25.0;25.0
6920;FUNDACION UNIVERSITARIA SAN MARTIN;FUNDACION UNIVERSITARIA SAN MARTIN-BOGOTÁ D.C.;MEDICINA;MEDICINA;BOGOTÁ;BOGOTÁ D.C.;69;151.0;153.0;146.0;145.0;155.0;154.0;28.0;21.0;26.0;41.0;19.0
6922;FUNDACION UNIVERSITARIA SAN MARTIN;FUNDACION UNIVERSITARIA SAN MARTIN-BOGOTÁ D.C.;MEDICINA;MEDICINA;BOGOTÁ;BOGOTÁ D.C.;154;143.0;150.0;135.0;142.0;141.0;147.0;26.0;26.0;28.0;45.0;29.0
9797;FUNDACION UNIVERSITARIA SAN MARTIN;FUNDACION UNIVERSITARIA SAN MARTIN-BOGOTÁ D.C.;MEDICINA;MEDICINA;BOGOTÁ;BOGOTÁ D.C.;1;138.0;134.0;150.0;135.0;115.0;155.0;0.0;0.0;0.0;0.0;0.0
20829;FUNDACION UNIVERSITARIA SAN MARTIN;FUNDACION UNIVERSITARIA SAN MARTIN-BOGOTÁ D.C.;MEDICINA;MEDICINA;BOGOTÁ;BOGOTÁ D.C.;1;145.0;154.0;128.0;118.0;196.0;131.0;0.0;0.0;0.0;0.0;0.0
1330;FUNDACION UNIVERSITARIA SAN MARTIN;FUNDACION UNIVERSITARIA SAN MARTIN-BOGOTÁ D.C.;MEDICINA VETERINARIA Y ZOOTECNIA;MEDICINA VETERINARIA;BOGOTÁ;BOGOTÁ D.C.;47;140.0;146.0;130.0;132.0;139.0;152.0;27.0;26.0;30.0;34.0;29.0
5087;FUNDACION UNIVERSITARIA SAN MARTIN;FUNDACION UNIVERSITARIA SAN MARTIN-BOGOTÁ D.C.;MEDICINA VETERINARIA Y ZOOTECNIA;MEDICINA VETERINARIA;BOGOTÁ;BOGOTÁ D.C.;50;142.0;146.0;135.0;131.0;150.0;151.0;27.0;29.0;33.0;23.0;27.0
20745;FUNDACION UNIVERSITARIA SAN MARTIN;FUNDACION UNIVERSITARIA SAN MARTIN-BOGOTÁ D.C.;MEDICINA VETERINARIA Y ZOOTECNIA;MEDICINA VETERINARIA;BOGOTÁ;BOGOTÁ D.C.;30;147.0;152.0;136.0;135.0;154.0;156.0;24.0;25.0;27.0;34.0;23.0
25146;FUNDACION UNIVERSITARIA SAN MARTIN;FUNDACION UNIVERSITARIA SAN MARTIN-BOGOTÁ D.C.;NEGOCIOS INTERNACIONALES;ADMINISTRACIÓN;BOGOTÁ;BOGOTÁ D.C.;4;139.0;148.0;124.0;116.0;169.0;137.0;16.0;23.0;10.0;38.0;26.0
25953;FUNDACION UNIVERSITARIA SAN MARTIN;FUNDACION UNIVERSITARIA SAN MARTIN-BOGOTÁ D.C.;NUTRICIÒN Y DIETETICA;NUTRICIÓN Y DIETÉTICA;BOGOTÁ;BOGOTÁ D.C.;66;126.0;131.0;120.0;120.0;130.0;127.0;23.0;21.0;27.0;36.0;19.0
5539;FUNDACION UNIVERSITARIA SAN MARTIN;FUNDACION UNIVERSITARIA SAN MARTIN-BOGOTÁ D.C.;ODONTOLOGIA;ODONTOLOGÍA;BOGOTÁ;BOGOTÁ D.C.;26;138.0;142.0;129.0;139.0;136.0;145.0;26.0;27.0;26.0;40.0;30.0
6781;FUNDACION UNIVERSITARIA SAN MARTIN;FUNDACION UNIVERSITARIA SAN MARTIN-BOGOTÁ D.C.;ODONTOLOGIA;ODONTOLOGÍA;BOGOTÁ;BOGOTÁ D.C.;16;131.0;133.0;118.0;123.0;140.0;140.0;24.0;37.0;22.0;44.0;31.0
5088;FUNDACION UNIVERSITARIA SAN MARTIN;FUNDACION UNIVERSITARIA SAN MARTIN-BOGOTÁ D.C.;PSICOLOGIA;PSICOLOGÍA;BOGOTÁ;BOGOTÁ D.C.;7;143.0;139.0;132.0;139.0;153.0;151.0;27.0;13.0;25.0;42.0;28.0
1501;FUNDACION UNIVERSITARIA SAN MARTIN;FUNDACION UNIVERSITARIA SAN MARTIN-BOGOTÁ D.C.;PUBLICIDAD Y MERCADEO;PUBLICIDAD Y AFINES;BOGOTÁ;BOGOTÁ D.C.;6;136.0;143.0;124.0;134.0;135.0;146.0;28.0;28.0;28.0;33.0;30.0
6573;FUNDACION UNIVERSITARIA SANITAS;FUNDACION UNIVERSITARIA SANITAS-BOGOTÁ D.C.;ENFERMERIA;ENFERMERÍA;BOGOTÁ;BOGOTÁ D.C.;91;144.0;150.0;136.0;139.0;152.0;142.0;23.0;21.0;25.0;29.0;30.0
3962;FUNDACION UNIVERSITARIA SANITAS;FUNDACION UNIVERSITARIA SANITAS-BOGOTÁ D.C.;MEDICINA;MEDICINA;BOGOTÁ;BOGOTÁ D.C.;88;167.0;175.0;156.0;163.0;159.0;182.0;19.0;21.0;26.0;27.0;26.0
1190;FUNDACION UNIVERSITARIA SANITAS;FUNDACION UNIVERSITARIA SANITAS-BOGOTÁ D.C.;PSICOLOGIA;PSICOLOGÍA;BOGOTÁ;BOGOTÁ D.C.;33;151.0;159.0;137.0;152.0;148.0;161.0;21.0;20.0;26.0;36.0;36.0
1963;FUNDACION UNIVERSITARIA SEMINARIO BIBLICO DE COLOMBIA;FUNDACION UNIVERSITARIA SEMINARIO BIBLICO DE COLOMBIA- FUSBC-MEDELLIN;TEOLOGIA;FILOSOFÍA, TEOLOGÍA Y AFINES;ANTIOQUIA;MEDELLÍN;12;143.0;157.0;120.0;143.0;151.0;146.0;25.0;34.0;26.0;56.0;28.0
8129;FUNDACION UNIVERSITARIA SEMINARIO BIBLICO DE COLOMBIA;FUNDACION UNIVERSITARIA SEMINARIO BIBLICO DE COLOMBIA- FUSBC-MEDELLIN;TEOLOGÍA;FILOSOFÍA, TEOLOGÍA Y AFINES;ANTIOQUIA;MEDELLÍN;18;159.0;169.0;135.0;165.0;156.0;169.0;31.0;34.0;27.0;57.0;39.0
6611;FUNDACION UNIVERSITARIA SEMINARIO TEOLOGICO BAUTISTA INTERNACIONAL;FUNDACION UNIVERSITARIA SEMINARIO TEOLOGICO BAUTISTA INTERNACIONAL- UNIBAUTISTA-CALI;TEOLOGIA;FILOSOFÍA, TEOLOGÍA Y AFINES;VALLE;CALI;3;148.0;149.0;127.0;158.0;150.0;153.0;47.0;49.0;34.0;28.0;39.0
20675;FUNDACION UNIVERSITARIA SEMINARIO TEOLOGICO BAUTISTA INTERNACIONAL;FUNDACION UNIVERSITARIA SEMINARIO TEOLOGICO BAUTISTA INTERNACIONAL- UNIBAUTISTA-CALI;TEOLOGÍA;FILOSOFÍA, TEOLOGÍA Y AFINES;VALLE;CALI;27;138.0;143.0;130.0;133.0;153.0;133.0;28.0;32.0;33.0;25.0;45.0
3213;FUNDACION UNIVERSITARIA TECNOLOGICO COMFENALCO - CARTAGENA;FUNDACION UNIVERSITARIA TECNOLOGICO COMFENALCO - CARTAGENA      -CARTAGENA;ADMINISTRACION DE EMPRESAS;ADMINISTRACIÓN;BOLIVAR;CARTAGENA DE INDIAS;226;133.0;135.0;124.0;124.0;142.0;139.0;24.0;26.0;28.0;29.0;25.0
26503;FUNDACION UNIVERSITARIA TECNOLOGICO COMFENALCO - CARTAGENA;FUNDACION UNIVERSITARIA TECNOLOGICO COMFENALCO - CARTAGENA      -CARTAGENA;ADMINISTRACIÓN EN SEGURIDAD Y SALUD EN EL TRABAJO;ADMINISTRACIÓN;BOLIVAR;CARTAGENA DE INDIAS;18;127.0;124.0;122.0;117.0;139.0;131.0;24.0;21.0;23.0;17.0;14.0
2905;FUNDACION UNIVERSITARIA TECNOLOGICO COMFENALCO - CARTAGENA;FUNDACION UNIVERSITARIA TECNOLOGICO COMFENALCO - CARTAGENA      -CARTAGENA;CONTADURIA PUBLICA;CONTADURÍA PUBLICA;BOLIVAR;CARTAGENA DE INDIAS;89;137.0;136.0;128.0;130.0;149.0;139.0;24.0;22.0;30.0;26.0;24.0
7572;FUNDACION UNIVERSITARIA TECNOLOGICO COMFENALCO - CARTAGENA;FUNDACION UNIVERSITARIA TECNOLOGICO COMFENALCO - CARTAGENA      -CARTAGENA;DERECHO;DERECHO Y AFINES;BOLIVAR;CARTAGENA DE INDIAS;72;135.0;146.0;115.0;140.0;143.0;133.0;22.0;24.0;31.0;33.0;26.0
2109;FUNDACION UNIVERSITARIA TECNOLOGICO COMFENALCO - CARTAGENA;FUNDACION UNIVERSITARIA TECNOLOGICO COMFENALCO - CARTAGENA      -CARTAGENA;INGENIERIA AMBIENTAL;INGENIERÍA AMBIENTAL, SANITARIA Y AFINES;BOLIVAR;CARTAGENA DE INDIAS;23;150.0;154.0;147.0;149.0;147.0;152.0;28.0;29.0;33.0;22.0;29.0
5478;FUNDACION UNIVERSITARIA TECNOLOGICO COMFENALCO - CARTAGENA;FUNDACION UNIVERSITARIA TECNOLOGICO COMFENALCO - CARTAGENA      -CARTAGENA;INGENIERIA DE PROCESOS;OTRAS INGENIERÍAS;BOLIVAR;CARTAGENA DE INDIAS;32;143.0;139.0;150.0;129.0;150.0;145.0;27.0;24.0;26.0;21.0;25.0
1157;FUNDACION UNIVERSITARIA TECNOLOGICO COMFENALCO - CARTAGENA;FUNDACION UNIVERSITARIA TECNOLOGICO COMFENALCO - CARTAGENA      -CARTAGENA;INGENIERIA DE SISTEMAS;INGENIERÍA DE SISTEMAS, TELEMÁTICA Y AFINES;BOLIVAR;CARTAGENA DE INDIAS;72;141.0;141.0;134.0;125.0;151.0;156.0;27.0;26.0;33.0;27.0;25.0
1906;FUNDACION UNIVERSITARIA TECNOLOGICO COMFENALCO - CARTAGENA;FUNDACION UNIVERSITARIA TECNOLOGICO COMFENALCO - CARTAGENA      -CARTAGENA;INGENIERIA INDUSTRIAL;INGENIERÍA INDUSTRIAL Y AFINES;BOLIVAR;CARTAGENA DE INDIAS;255;139.0;142.0;140.0;130.0;145.0;140.0;24.0;26.0;30.0;28.0;23.0
25506;FUNDACION UNIVERSITARIA TECNOLOGICO COMFENALCO - CARTAGENA;FUNDACION UNIVERSITARIA TECNOLOGICO COMFENALCO - CARTAGENA      -CARTAGENA;INGENIERÍA CIVIL;INGENIERÍA CIVIL Y AFINES;BOLIVAR;CARTAGENA DE INDIAS;15;144.0;139.0;156.0;134.0;154.0;138.0;22.0;24.0;29.0;19.0;22.0
7431;FUNDACION UNIVERSITARIA TECNOLOGICO COMFENALCO - CARTAGENA;FUNDACION UNIVERSITARIA TECNOLOGICO COMFENALCO - CARTAGENA      -CARTAGENA;INGENIERÍA ELECTRÓNICA;INGENIERÍA ELECTRÓNICA, TELECOMUNICACIONES Y AFINES;BOLIVAR;CARTAGENA DE INDIAS;60;138.0;135.0;151.0;125.0;134.0;147.0;25.0;29.0;30.0;38.0;29.0
32234;FUNDACION UNIVERSITARIA TECNOLOGICO COMFENALCO - CARTAGENA;FUNDACION UNIVERSITARIA TECNOLOGICO COMFENALCO - CARTAGENA      -CARTAGENA;Negocios Internacionales;SIN CLASIFICAR;BOLIVAR;CARTAGENA DE INDIAS;20;138.0;144.0;128.0;121.0;146.0;149.0;25.0;25.0;30.0;30.0;20.0
8915;FUNDACION UNIVERSITARIA TECNOLOGICO COMFENALCO - CARTAGENA;FUNDACION UNIVERSITARIA TECNOLOGICO COMFENALCO - CARTAGENA      -CARTAGENA;PSICOLOGIA;PSICOLOGÍA;BOLIVAR;CARTAGENA DE INDIAS;93;136.0;143.0;116.0;131.0;146.0;142.0;24.0;25.0;27.0;27.0;20.0
20749;FUNDACION UNIVERSITARIA TECNOLOGICO COMFENALCO - CARTAGENA;FUNDACION UNIVERSITARIA TECNOLOGICO COMFENALCO - CARTAGENA      -CARTAGENA;TRABAJO SOCIAL;SOCIOLOGÍA, TRABAJO SOCIAL Y AFINES;BOLIVAR;CARTAGENA DE INDIAS;23;123.0;132.0;103.0;130.0;119.0;133.0;31.0;24.0;30.0;53.0;13.0
26;FUNDACION UNIVERSITARIA-CEIPA-;FUNDACION UNIVERSITARIA-CEIPA-SABANETA;ADMINISTRACION DE EMPRESAS;ADMINISTRACIÓN;ANTIOQUIA;SABANETA;4;146.0;147.0;121.0;145.0;139.0;175.0;34.0;28.0;43.0;20.0;34.0
4923;FUNDACION UNIVERSITARIA-CEIPA-;FUNDACION UNIVERSITARIA-CEIPA-SABANETA;ADMINISTRACION DE EMPRESAS;ADMINISTRACIÓN;ANTIOQUIA;SABANETA;204;148.0;149.0;141.0;142.0;149.0;159.0;27.0;28.0;32.0;40.0;34.0
5062;FUNDACION UNIVERSITARIA-CEIPA-;FUNDACION UNIVERSITARIA-CEIPA-SABANETA;ADMINISTRACION DE EMPRESAS;ADMINISTRACIÓN;ANTIOQUIA;SABANETA;59;145.0;144.0;140.0;136.0;143.0;164.0;32.0;27.0;36.0;34.0;28.0
5514;FUNDACION UNIVERSITARIA-CEIPA-;FUNDACION UNIVERSITARIA-CEIPA-SABANETA;ADMINISTRACION DE EMPRESAS;ADMINISTRACIÓN;ANTIOQUIA;SABANETA;6;144.0;136.0;131.0;133.0;162.0;161.0;36.0;14.0;34.0;29.0;35.0
692;FUNDACION UNIVERSITARIA-CEIPA-;FUNDACION UNIVERSITARIA-CEIPA-SABANETA;ADMINISTRACION DE MERCADEO;ADMINISTRACIÓN;ANTIOQUIA;SABANETA;66;150.0;149.0;141.0;138.0;152.0;172.0;31.0;24.0;32.0;27.0;29.0
1159;FUNDACION UNIVERSITARIA-CEIPA-;FUNDACION UNIVERSITARIA-CEIPA-SABANETA;ADMINISTRACION DE MERCADEO;ADMINISTRACIÓN;ANTIOQUIA;SABANETA;72;147.0;150.0;137.0;142.0;148.0;159.0;27.0;26.0;30.0;39.0;36.0
2021;FUNDACION UNIVERSITARIA-CEIPA-;FUNDACION UNIVERSITARIA-CEIPA-SABANETA;ADMINISTRACION DE NEGOCIOS INTERNACIONALES;ADMINISTRACIÓN;ANTIOQUIA;SABANETA;72;153.0;155.0;142.0;144.0;150.0;176.0;26.0;27.0;29.0;33.0;33.0
4907;FUNDACION UNIVERSITARIA-CEIPA-;FUNDACION UNIVERSITARIA-CEIPA-SABANETA;ADMINISTRACION DE NEGOCIOS INTERNACIONALES;ADMINISTRACIÓN;ANTIOQUIA;SABANETA;57;154.0;157.0;143.0;144.0;157.0;171.0;24.0;23.0;28.0;32.0;36.0
1567;FUNDACION UNIVERSITARIA-CEIPA-;FUNDACION UNIVERSITARIA-CEIPA-SABANETA;ADMINISTRACION FINANCIERA;ADMINISTRACIÓN;ANTIOQUIA;SABANETA;48;157.0;157.0;152.0;145.0;156.0;178.0;29.0;21.0;36.0;34.0;35.0
7050;FUNDACION UNIVERSITARIA-CEIPA-;FUNDACION UNIVERSITARIA-CEIPA-SABANETA;ADMINISTRACION FINANCIERA;ADMINISTRACIÓN;ANTIOQUIA;SABANETA;80;151.0;152.0;145.0;147.0;148.0;162.0;29.0;27.0;35.0;31.0;27.0
2464;FUNDACION UNIVERSITARIA-CEIPA-;FUNDACION UNIVERSITARIA-CEIPA-SABANETA;ADMINISTRACION HUMANA;ADMINISTRACIÓN;ANTIOQUIA;SABANETA;2;151.0;161.0;152.0;139.0;152.0;148.0;40.0;9.0;1.0;33.0;11.0
4119;FUNDACION UNIVERSITARIA-CEIPA-;FUNDACION UNIVERSITARIA-CEIPA-SABANETA;ADMINISTRACION HUMANA;ADMINISTRACIÓN;ANTIOQUIA;SABANETA;91;139.0;146.0;126.0;134.0;147.0;141.0;27.0;27.0;33.0;38.0;30.0
7543;FUNDACION UNIVERSITARIA-CEIPA-;FUNDACION UNIVERSITARIA-CEIPA-SABANETA;ADMINISTRACION HUMANA;ADMINISTRACIÓN;ANTIOQUIA;SABANETA;25;141.0;145.0;133.0;133.0;150.0;145.0;25.0;18.0;27.0;37.0;26.0
7919;FUNDACION UNIVERSITARIA-CEIPA-;FUNDACION UNIVERSITARIA-CEIPA-SABANETA;CONTADURÍA PÚBLICA;CONTADURÍA PUBLICA;ANTIOQUIA;SABANETA;43;145.0;151.0;142.0;139.0;148.0;142.0;24.0;24.0;27.0;35.0;33.0
7997;FUNDACION UNIVERSITARIA-CEIPA-;FUNDACION UNIVERSITARIA-CEIPA-SABANETA;CONTADURÍA PÚBLICA;CONTADURÍA PUBLICA;ANTIOQUIA;SABANETA;15;156.0;158.0;153.0;150.0;163.0;155.0;21.0;23.0;31.0;46.0;28.0
2374;FUNDACION UNIVERSITARIA-INPAHU;FUNDACION UNIVERSITARIA PARA EL DESARROLLO HUMANO - UNINPAHU-BOGOTÁ D.C.;ADMINISTRACION DE EMPRESAS;ADMINISTRACIÓN;BOGOTÁ;BOGOTÁ D.C.;57;136.0;136.0;133.0;130.0;139.0;143.0;25.0;28.0;29.0;42.0;23.0
1609;FUNDACION UNIVERSITARIA-INPAHU;FUNDACION UNIVERSITARIA PARA EL DESARROLLO HUMANO - UNINPAHU-BOGOTÁ D.C.;CIENCIA DE LA INFORMACION Y BIBLIOTECOLOGIA;BIBLIOTECOLOGÍA, OTROS DE CIENCIAS SOCIALES Y HUMANAS;BOGOTÁ;BOGOTÁ D.C.;239;135.0;138.0;122.0;132.0;145.0;137.0;25.0;25.0;28.0;33.0;24.0
5675;FUNDACION UNIVERSITARIA-INPAHU;FUNDACION UNIVERSITARIA PARA EL DESARROLLO HUMANO - UNINPAHU-BOGOTÁ D.C.;COMUNICACION SOCIAL;COMUNICACIÓN SOCIAL, PERIODISMO Y AFINES;BOGOTÁ;BOGOTÁ D.C.;52;145.0;152.0;128.0;151.0;138.0;154.0;31.0;32.0;31.0;48.0;31.0
7256;FUNDACION UNIVERSITARIA-INPAHU;FUNDACION UNIVERSITARIA PARA EL DESARROLLO HUMANO - UNINPAHU-BOGOTÁ D.C.;INGENIERÍA DE SOFTWARE;INGENIERÍA DE SISTEMAS, TELEMÁTICA Y AFINES;BOGOTÁ;BOGOTÁ D.C.;50;148.0;146.0;150.0;136.0;144.0;163.0;33.0;32.0;37.0;38.0;25.0
30928;FUNDACION UNIVERSITARIA-INPAHU;FUNDACION UNIVERSITARIA PARA EL DESARROLLO HUMANO - UNINPAHU-BOGOTÁ D.C.;NARRATIVAS DIGITALES Y AUDIOVISUALES;ARTES PLÁSTICAS, VISUALES Y AFINES;BOGOTÁ;BOGOTÁ D.C.;19;150.0;155.0;140.0;141.0;149.0;166.0;29.0;30.0;33.0;23.0;26.0
20841;FUNDACION UNIVERSITARIA-INPAHU;FUNDACION UNIVERSITARIA PARA EL DESARROLLO HUMANO - UNINPAHU-BOGOTÁ D.C.;PROFESIONAL EN TURISMO Y GASTRONOMÍA;ADMINISTRACIÓN;BOGOTÁ;BOGOTÁ D.C.;22;143.0;147.0;136.0;134.0;148.0;148.0;27.0;31.0;31.0;28.0;47.0
20649;FUNDACION UNIVERSITARIA-INPAHU;FUNDACION UNIVERSITARIA PARA EL DESARROLLO HUMANO - UNINPAHU-BOGOTÁ D.C.;SEGURIDAD Y SALUD EN EL TRABAJO;SALUD PUBLICA;BOGOTÁ;BOGOTÁ D.C.;64;138.0;141.0;130.0;136.0;143.0;142.0;27.0;26.0;28.0;34.0;19.0
3135;FUNDACION UNIVESITARIA EMPRESARIAL DE LA CAMARA DE COMERCIO DE BOGOTA;FUNDACION UNIVERSITARIA EMPRESARIAL DE LA CAMARA DE COMERCIO DE Bogotá -BOGOTÁ D.C.;ADMINISTRACION DE EMPRESAS;ADMINISTRACIÓN;BOGOTÁ;BOGOTÁ D.C.;15;160.0;165.0;154.0;155.0;159.0;168.0;19.0;30.0;29.0;25.0;30.0
2010;FUNDACION UNIVESITARIA EMPRESARIAL DE LA CAMARA DE COMERCIO DE BOGOTA;FUNDACION UNIVERSITARIA EMPRESARIAL DE LA CAMARA DE COMERCIO DE Bogotá -BOGOTÁ D.C.;FINANZAS Y COMERCIO EXTERIOR;ECONOMÍA;BOGOTÁ;BOGOTÁ D.C.;13;152.0;161.0;150.0;145.0;144.0;157.0;24.0;24.0;25.0;23.0;14.0
7823;FUNDACION UNIVESITARIA EMPRESARIAL DE LA CAMARA DE COMERCIO DE BOGOTA;FUNDACION UNIVERSITARIA EMPRESARIAL DE LA CAMARA DE COMERCIO DE Bogotá -BOGOTÁ D.C.;INGENIERIA DE SOFTWARE;INGENIERÍA DE SISTEMAS, TELEMÁTICA Y AFINES;BOGOTÁ;BOGOTÁ D.C.;58;154.0;156.0;155.0;146.0;146.0;168.0;26.0;23.0;31.0;37.0;26.0
8434;FUNDACION UNIVESITARIA EMPRESARIAL DE LA CAMARA DE COMERCIO DE BOGOTA;FUNDACION UNIVERSITARIA EMPRESARIAL DE LA CAMARA DE COMERCIO DE Bogotá -BOGOTÁ D.C.;INGENIERIA INDUSTRIAL;INGENIERÍA INDUSTRIAL Y AFINES;BOGOTÁ;BOGOTÁ D.C.;2;146.0;161.0;153.0;149.0;113.0;157.0;33.0;40.0;52.0;12.0;69.0
3963;FUNDACION UNIVESITARIA EMPRESARIAL DE LA CAMARA DE COMERCIO DE BOGOTA;FUNDACION UNIVERSITARIA EMPRESARIAL DE LA CAMARA DE COMERCIO DE Bogotá -BOGOTÁ D.C.;MARKETING Y LOGISTICA;ADMINISTRACIÓN;BOGOTÁ;BOGOTÁ D.C.;1;146.0;145.0;141.0;161.0;154.0;127.0;0.0;0.0;0.0;0.0;0.0
776;FUNDACION UNIVESITARIA EMPRESARIAL DE LA CAMARA DE COMERCIO DE BOGOTA;FUNDACION UNIVERSITARIA EMPRESARIAL DE LA CAMARA DE COMERCIO DE Bogotá -BOGOTÁ D.C.;NEGOCIOS INTERNACIONALES;ADMINISTRACIÓN;BOGOTÁ;BOGOTÁ D.C.;23;153.0;158.0;152.0;142.0;140.0;172.0;30.0;21.0;28.0;40.0;22.0
32135;FUNDACIÓN TECNOLÓGICA ALBERTO MERANI;FUNDACION TECNOLOGICA ALBERTO MERANI-BOGOTÁ D.C.;INVESTIGACIÓN CRIMINALÍSTICA Y JUDICIAL;SIN CLASIFICAR;BOGOTÁ;BOGOTÁ D.C.;30;148.0;153.0;138.0;148.0;147.0;156.0;25.0;21.0;23.0;28.0;24.0
9787;"FUNDACIÓN UNIVERSITARIA DEL ESPINAL ""FUNDES""";"FUNDACION DE ESTUDIOS SUPERIORES ""MONSEÑOR ABRAHAM ESCUDERO MONTOYA""- FUNDES-ESPINAL";DERECHO;DERECHO Y AFINES;TOLIMA;ESPINAL;14;126.0;132.0;120.0;142.0;105.0;130.0;25.0;23.0;22.0;75.0;24.0
961;"FUNDACIÓN UNIVERSITARIA DEL ESPINAL ""FUNDES""";"FUNDACION DE ESTUDIOS SUPERIORES ""MONSEÑOR ABRAHAM ESCUDERO MONTOYA""- FUNDES-ESPINAL";PSICOLOGIA;PSICOLOGÍA;TOLIMA;ESPINAL;50;128.0;131.0;123.0;123.0;133.0;131.0;23.0;21.0;26.0;47.0;25.0
24934;FUNDACIÓN UNIVERSITARIA SALESIANA;FUNDACIÓN UNIVERSITARIA SALESIANA;INGENIERÍA ENERGÉTICA;INGENIERÍA ELÉCTRICA Y AFINES;BOGOTÁ;BOGOTÁ D.C.;4;169.0;170.0;188.0;158.0;154.0;174.0;35.0;14.0;35.0;20.0;22.0
25448;FUNDACIÓN UNIVERSITARIA SALESIANA;FUNDACIÓN UNIVERSITARIA SALESIANA;INGENIERÍA INFORMÁTICA;INGENIERÍA DE SISTEMAS, TELEMÁTICA Y AFINES;BOGOTÁ;BOGOTÁ D.C.;3;149.0;156.0;154.0;139.0;126.0;169.0;26.0;18.0;26.0;20.0;42.0
25599;FUNDACIÓN UNIVERSITARIA SALESIANA;FUNDACIÓN UNIVERSITARIA SALESIANA;QUÍMICA FARMACÉUTICA;QUÍMICA Y AFINES;BOGOTÁ;BOGOTÁ D.C.;32;159.0;163.0;157.0;157.0;159.0;159.0;25.0;19.0;28.0;36.0;23.0
1077;FUNDACIÓN UNIVERSITARIA SAN ALFONSO- FUSA-;FUNDACIÓN UNIVERSITARIA SAN ALFONSO- FUSA-BOGOTÁ D.C.;COMUNICACION SOCIAL;COMUNICACIÓN SOCIAL, PERIODISMO Y AFINES;BOGOTÁ;BOGOTÁ D.C.;16;151.0;156.0;138.0;157.0;150.0;155.0;25.0;21.0;25.0;58.0;32.0
5772;FUNDACIÓN UNIVERSITARIA SAN ALFONSO- FUSA-;FUNDACIÓN UNIVERSITARIA SAN ALFONSO- FUSA-BOGOTÁ D.C.;LICENCIATURA EN FILOSOFÍA;EDUCACIÓN;BOGOTÁ;BOGOTÁ D.C.;5;139.0;156.0;132.0;135.0;159.0;113.0;22.0;29.0;34.0;29.0;69.0
1153;FUNDACIÓN UNIVERSITARIA SAN ALFONSO- FUSA-;FUNDACIÓN UNIVERSITARIA SAN ALFONSO- FUSA-BOGOTÁ D.C.;LICENCIATURA EN TEOLOGÍA;EDUCACIÓN;BOGOTÁ;BOGOTÁ D.C.;16;135.0;145.0;122.0;134.0;143.0;133.0;22.0;37.0;17.0;45.0;24.0
3350;FUNDACIÓN UNIVERSITARIA SAN ALFONSO- FUSA-;FUNDACIÓN UNIVERSITARIA SAN ALFONSO- FUSA-BOGOTÁ D.C.;PSICOLOGÍA;PSICOLOGÍA;BOGOTÁ;BOGOTÁ D.C.;2;154.0;160.0;131.0;171.0;140.0;169.0;30.0;23.0;33.0;25.0;32.0
25449;FUNDACIÓN UNIVERSITARIA SAN PABLO - UNISANPABLO;FUNDACIÓN UNIVERSITARIA SAN PABLO - UNISANPABLO;ADMINISTRACIÓN DE EMPRESAS;ADMINISTRACIÓN;BOGOTÁ;BOGOTÁ D.C.;3;136.0;138.0;132.0;126.0;154.0;133.0;12.0;22.0;28.0;39.0;30.0
26057;FUNDACIÓN UNIVERSITARIA SAN PABLO - UNISANPABLO;FUNDACIÓN UNIVERSITARIA SAN PABLO - UNISANPABLO;COMUNICACIÓN SOCIAL;COMUNICACIÓN SOCIAL, PERIODISMO Y AFINES;BOGOTÁ;BOGOTÁ D.C.;2;137.0;137.0;147.0;123.0;149.0;130.0;11.0;23.0;16.0;41.0;13.0
3757;INSTITUCION UNIVERSITARIA  SALAZAR Y HERRERA;INSTITUCION UNIVERSITARIA SALAZAR Y HERRERA-MEDELLIN;ADMINISTRACION DE EMPRESAS;ADMINISTRACIÓN;ANTIOQUIA;MEDELLÍN;44;144.0;145.0;136.0;140.0;147.0;151.0;23.0;27.0;28.0;41.0;22.0
9500;INSTITUCION UNIVERSITARIA  SALAZAR Y HERRERA;INSTITUCION UNIVERSITARIA SALAZAR Y HERRERA-MEDELLIN;ANIMACIÓN;DISEÑO;ANTIOQUIA;MEDELLÍN;15;159.0;164.0;143.0;146.0;160.0;179.0;32.0;26.0;28.0;45.0;25.0
8254;INSTITUCION UNIVERSITARIA  SALAZAR Y HERRERA;INSTITUCION UNIVERSITARIA SALAZAR Y HERRERA-MEDELLIN;COMUNICACION ORGANIZACIONAL;COMUNICACIÓN SOCIAL, PERIODISMO Y AFINES;ANTIOQUIA;MEDELLÍN;15;148.0;158.0;127.0;154.0;145.0;158.0;21.0;43.0;35.0;26.0;21.0
2502;INSTITUCION UNIVERSITARIA  SALAZAR Y HERRERA;INSTITUCION UNIVERSITARIA SALAZAR Y HERRERA-MEDELLIN;CONTADURÍA PÚBLICA.;CONTADURÍA PUBLICA;ANTIOQUIA;MEDELLÍN;16;151.0;156.0;145.0;144.0;149.0;161.0;16.0;27.0;32.0;27.0;22.0
4954;INSTITUCION UNIVERSITARIA  SALAZAR Y HERRERA;INSTITUCION UNIVERSITARIA SALAZAR Y HERRERA-MEDELLIN;DERECHO;DERECHO Y AFINES;ANTIOQUIA;MEDELLÍN;9;156.0;165.0;138.0;163.0;162.0;154.0;21.0;26.0;28.0;77.0;32.0
9717;INSTITUCION UNIVERSITARIA  SALAZAR Y HERRERA;INSTITUCION UNIVERSITARIA SALAZAR Y HERRERA-MEDELLIN;DISEÑO DE MODAS;DISEÑO;ANTIOQUIA;MEDELLÍN;18;145.0;150.0;137.0;134.0;142.0;161.0;26.0;32.0;32.0;44.0;22.0
9579;INSTITUCION UNIVERSITARIA  SALAZAR Y HERRERA;INSTITUCION UNIVERSITARIA SALAZAR Y HERRERA-MEDELLIN;DISEÑO GRÁFICO;DISEÑO;ANTIOQUIA;MEDELLÍN;9;153.0;155.0;136.0;143.0;154.0;175.0;25.0;25.0;28.0;27.0;25.0
2328;INSTITUCION UNIVERSITARIA  SALAZAR Y HERRERA;INSTITUCION UNIVERSITARIA SALAZAR Y HERRERA-MEDELLIN;INGENIERIA DE SISTEMAS;INGENIERÍA DE SISTEMAS, TELEMÁTICA Y AFINES;ANTIOQUIA;MEDELLÍN;20;157.0;154.0;160.0;138.0;151.0;182.0;30.0;24.0;40.0;22.0;40.0
2798;INSTITUCION UNIVERSITARIA  SALAZAR Y HERRERA;INSTITUCION UNIVERSITARIA SALAZAR Y HERRERA-MEDELLIN;INGENIERIA ELECTRONICA;INGENIERÍA ELECTRÓNICA, TELECOMUNICACIONES Y AFINES;ANTIOQUIA;MEDELLÍN;21;133.0;144.0;138.0;112.0;138.0;137.0;25.0;27.0;28.0;23.0;31.0
2821;INSTITUCION UNIVERSITARIA  SALAZAR Y HERRERA;INSTITUCION UNIVERSITARIA SALAZAR Y HERRERA-MEDELLIN;INGENIERIA INDUSTRIAL;INGENIERÍA INDUSTRIAL Y AFINES;ANTIOQUIA;MEDELLÍN;8;140.0;140.0;145.0;132.0;138.0;146.0;31.0;23.0;26.0;61.0;20.0
25347;INSTITUCION UNIVERSITARIA  SALAZAR Y HERRERA;INSTITUCION UNIVERSITARIA SALAZAR Y HERRERA-MEDELLIN;INGENIERÍA EN INTELIGENCIA DE NEGOCIOS;INGENIERÍA DE SISTEMAS, TELEMÁTICA Y AFINES;ANTIOQUIA;MEDELLÍN;1;151.0;145.0;181.0;87.0;137.0;205.0;0.0;0.0;0.0;0.0;0.0
7463;INSTITUCION UNIVERSITARIA  SALAZAR Y HERRERA;INSTITUCION UNIVERSITARIA SALAZAR Y HERRERA-MEDELLIN;MERCADEO;ADMINISTRACIÓN;ANTIOQUIA;MEDELLÍN;11;151.0;150.0;142.0;131.0;161.0;169.0;24.0;17.0;30.0;26.0;25.0
4955;INSTITUCION UNIVERSITARIA  SALAZAR Y HERRERA;INSTITUCION UNIVERSITARIA SALAZAR Y HERRERA-MEDELLIN;NEGOCIOS INTERNACIONALES;ADMINISTRACIÓN;ANTIOQUIA;MEDELLÍN;18;153.0;149.0;142.0;143.0;157.0;176.0;32.0;24.0;37.0;28.0;21.0
8886;INSTITUCION UNIVERSITARIA  SALAZAR Y HERRERA;INSTITUCION UNIVERSITARIA SALAZAR Y HERRERA-MEDELLIN;PUBLICIDAD;PUBLICIDAD Y AFINES;ANTIOQUIA;MEDELLÍN;2;149.0;159.0;116.0;144.0;155.0;170.0;16.0;47.0;59.0;5.0;6.0
9841;INSTITUCION UNIVERSITARIA  SALAZAR Y HERRERA;INSTITUCION UNIVERSITARIA SALAZAR Y HERRERA-MEDELLIN;REALIZACIÓN Y PRODUCCIÓN MUSICAL;MÚSICA;ANTIOQUIA;MEDELLÍN;7;144.0;132.0;133.0;124.0;125.0;205.0;38.0;13.0;37.0;59.0;67.0
2473;INSTITUCION UNIVERSITARIA BELLAS ARTES Y CIENCIAS DE BOLIVAR;INSTITUCION UNIVERSITARIA BELLAS ARTES Y CIENCIAS DE BOLIVAR-CARTAGENA;ARTES ESCENICAS;ARTES REPRESENTATIVAS;BOLIVAR;CARTAGENA DE INDIAS;27;137.0;144.0;119.0;126.0;153.0;143.0;26.0;27.0;32.0;28.0;27.0
2892;INSTITUCION UNIVERSITARIA BELLAS ARTES Y CIENCIAS DE BOLIVAR;INSTITUCION UNIVERSITARIA BELLAS ARTES Y CIENCIAS DE BOLIVAR-CARTAGENA;ARTES PLASTICAS;ARTES PLÁSTICAS, VISUALES Y AFINES;BOLIVAR;CARTAGENA DE INDIAS;31;143.0;155.0;132.0;134.0;132.0;161.0;28.0;30.0;34.0;53.0;34.0
7931;INSTITUCION UNIVERSITARIA BELLAS ARTES Y CIENCIAS DE BOLIVAR;INSTITUCION UNIVERSITARIA BELLAS ARTES Y CIENCIAS DE BOLIVAR-CARTAGENA;COMUNICACIÓN AUDIOVISUAL;COMUNICACIÓN SOCIAL, PERIODISMO Y AFINES;BOLIVAR;CARTAGENA DE INDIAS;42;140.0;148.0;126.0;126.0;144.0;155.0;29.0;22.0;32.0;23.0;35.0
294;INSTITUCION UNIVERSITARIA BELLAS ARTES Y CIENCIAS DE BOLIVAR;INSTITUCION UNIVERSITARIA BELLAS ARTES Y CIENCIAS DE BOLIVAR-CARTAGENA;DISEÑO GRAFICO;DISEÑO;BOLIVAR;CARTAGENA DE INDIAS;57;145.0;160.0;129.0;133.0;143.0;158.0;32.0;27.0;31.0;25.0;27.0
7759;INSTITUCION UNIVERSITARIA BELLAS ARTES Y CIENCIAS DE BOLIVAR;INSTITUCION UNIVERSITARIA BELLAS ARTES Y CIENCIAS DE BOLIVAR-CARTAGENA;DISEÑO INDUSTRIAL;DISEÑO;BOLIVAR;CARTAGENA DE INDIAS;34;153.0;162.0;146.0;143.0;154.0;159.0;23.0;20.0;25.0;38.0;27.0
6199;INSTITUCION UNIVERSITARIA BELLAS ARTES Y CIENCIAS DE BOLIVAR;INSTITUCION UNIVERSITARIA BELLAS ARTES Y CIENCIAS DE BOLIVAR-CARTAGENA;MUSICA;MÚSICA;BOLIVAR;CARTAGENA DE INDIAS;40;136.0;140.0;124.0;124.0;139.0;152.0;29.0;22.0;27.0;47.0;28.0
151;INSTITUCION UNIVERSITARIA CENTRO DE ESTUDIOS SUPERIORES MARIA GORETTI;INSTITUCION UNIVERSITARIA CENTRO DE ESTUDIOS SUPERIORES MARIA GORETTI-PASTO;ADMINISTRACION DE EMPRESAS;ADMINISTRACIÓN;NARIÑO;PASTO;70;141.0;143.0;137.0;135.0;150.0;142.0;23.0;22.0;29.0;28.0;25.0
2724;INSTITUCION UNIVERSITARIA CENTRO DE ESTUDIOS SUPERIORES MARIA GORETTI;INSTITUCION UNIVERSITARIA CENTRO DE ESTUDIOS SUPERIORES MARIA GORETTI-PASTO;ARQUITECTURA;ARQUITECTURA;NARIÑO;PASTO;99;143.0;144.0;148.0;131.0;145.0;148.0;25.0;24.0;28.0;32.0;30.0
1015;INSTITUCION UNIVERSITARIA CENTRO DE ESTUDIOS SUPERIORES MARIA GORETTI;INSTITUCION UNIVERSITARIA CENTRO DE ESTUDIOS SUPERIORES MARIA GORETTI-PASTO;CONTADURIA PUBLICA;CONTADURÍA PUBLICA;NARIÑO;PASTO;105;138.0;141.0;138.0;130.0;145.0;134.0;23.0;25.0;25.0;31.0;21.0
2048;INSTITUCION UNIVERSITARIA CENTRO DE ESTUDIOS SUPERIORES MARIA GORETTI;INSTITUCION UNIVERSITARIA CENTRO DE ESTUDIOS SUPERIORES MARIA GORETTI-PASTO;DERECHO;DERECHO Y AFINES;NARIÑO;PASTO;243;141.0;148.0;130.0;149.0;145.0;135.0;28.0;25.0;31.0;33.0;30.0
1936;INSTITUCION UNIVERSITARIA CENTRO DE ESTUDIOS SUPERIORES MARIA GORETTI;INSTITUCION UNIVERSITARIA CENTRO DE ESTUDIOS SUPERIORES MARIA GORETTI-PASTO;DISEÑO GRAFICO;DISEÑO;NARIÑO;PASTO;66;142.0;145.0;130.0;131.0;149.0;154.0;25.0;26.0;28.0;37.0;26.0
3119;INSTITUCION UNIVERSITARIA CENTRO DE ESTUDIOS SUPERIORES MARIA GORETTI;INSTITUCION UNIVERSITARIA CENTRO DE ESTUDIOS SUPERIORES MARIA GORETTI-PASTO;INGENIERIA DE SISTEMAS;INGENIERÍA DE SISTEMAS, TELEMÁTICA Y AFINES;NARIÑO;PASTO;69;145.0;147.0;145.0;137.0;142.0;152.0;23.0;25.0;32.0;38.0;28.0
7134;INSTITUCION UNIVERSITARIA CENTRO DE ESTUDIOS SUPERIORES MARIA GORETTI;INSTITUCION UNIVERSITARIA CENTRO DE ESTUDIOS SUPERIORES MARIA GORETTI-PASTO;INGENIERÍA ELECTRÓNICA;INGENIERÍA ELECTRÓNICA, TELECOMUNICACIONES Y AFINES;NARIÑO;PASTO;43;147.0;147.0;156.0;141.0;135.0;155.0;31.0;27.0;29.0;39.0;24.0
1879;INSTITUCION UNIVERSITARIA CENTRO DE ESTUDIOS SUPERIORES MARIA GORETTI;INSTITUCION UNIVERSITARIA CENTRO DE ESTUDIOS SUPERIORES MARIA GORETTI-PASTO;LICENCIATURA EN EDUCACION FISICA;EDUCACIÓN;NARIÑO;PASTO;118;129.0;133.0;124.0;121.0;139.0;128.0;26.0;24.0;26.0;39.0;21.0
9678;INSTITUCION UNIVERSITARIA CENTRO DE ESTUDIOS SUPERIORES MARIA GORETTI;INSTITUCION UNIVERSITARIA CENTRO DE ESTUDIOS SUPERIORES MARIA GORETTI-PASTO;LICENCIATURA EN EDUCACION INFANTIL;EDUCACIÓN;NARIÑO;PASTO;60;133.0;141.0;123.0;124.0;142.0;135.0;25.0;25.0;27.0;41.0;25.0
9688;INSTITUCION UNIVERSITARIA CENTRO DE ESTUDIOS SUPERIORES MARIA GORETTI;INSTITUCION UNIVERSITARIA CENTRO DE ESTUDIOS SUPERIORES MARIA GORETTI-PASTO;LICENCIATURA EN QUIMICA;EDUCACIÓN;NARIÑO;PASTO;12;141.0;148.0;151.0;122.0;158.0;128.0;30.0;28.0;34.0;17.0;16.0
3935;INSTITUCION UNIVERSITARIA CENTRO DE ESTUDIOS SUPERIORES MARIA GORETTI;INSTITUCION UNIVERSITARIA CENTRO DE ESTUDIOS SUPERIORES MARIA GORETTI-PASTO;PSICOLOGIA;PSICOLOGÍA;NARIÑO;PASTO;151;138.0;148.0;127.0;135.0;147.0;136.0;26.0;24.0;27.0;27.0;25.0
9488;INSTITUCION UNIVERSITARIA COLOMBO AMERICANA;INSTITUCION UNIVERSITARIA COLOMBO AMERICANA - UNICA-BOGOTÁ D.C.;LICENCIATURA EN BILINGUISMO CON ENFASIS EN ESPAÑOL E INGLES;EDUCACIÓN;BOGOTÁ;BOGOTÁ D.C.;23;174.0;174.0;142.0;169.0;186.0;198.0;17.0;27.0;28.0;71.0;28.0
5457;INSTITUCION UNIVERSITARIA COLOMBO AMERICANA;INSTITUCION UNIVERSITARIA COLOMBO AMERICANA - UNICA-BOGOTÁ D.C.;LICENCIATURA EN EDUCACION BILINGUE-ESPAÑOL-INGLES;EDUCACIÓN;BOGOTÁ;BOGOTÁ D.C.;1;105.0;100.0;103.0;84.0;118.0;120.0;0.0;0.0;0.0;0.0;0.0
26060;INSTITUCION UNIVERSITARIA COMANDO DE EDUCACION Y DOCTRINA - CEDOC;INSTITUCION UNIVERSITARIA COMANDO DE EDUCACION Y DOCTRINA - CEDOC;INGENIERÍA ELECTRÓNICA Y TELECOMUNICACIONES;SIN CLASIFICAR;CUNDINAMARCA;FACATATIVÁ;21;149.0;147.0;153.0;131.0;149.0;163.0;24.0;28.0;33.0;28.0;34.0
2929;INSTITUCION UNIVERSITARIA DE COLOMBIA - UNIVERSITARIA DE COLOMBIA;INSTITUCION UNIVERSITARIA DE COLOMBIA - UNIVERSITARIA DE COLOMBIA-BOGOTÁ D.C.;ADMINISTRACION DE EMPRESAS;ECONOMÍA;BOGOTÁ;BOGOTÁ D.C.;52;137.0;141.0;134.0;131.0;141.0;136.0;23.0;25.0;27.0;29.0;23.0
25745;INSTITUCION UNIVERSITARIA DE COLOMBIA - UNIVERSITARIA DE COLOMBIA;INSTITUCION UNIVERSITARIA DE COLOMBIA - UNIVERSITARIA DE COLOMBIA-BOGOTÁ D.C.;ARQUITECTURA;ARQUITECTURA;BOGOTÁ;BOGOTÁ D.C.;152;142.0;144.0;147.0;134.0;144.0;143.0;24.0;25.0;26.0;36.0;26.0
1685;INSTITUCION UNIVERSITARIA DE COLOMBIA - UNIVERSITARIA DE COLOMBIA;INSTITUCION UNIVERSITARIA DE COLOMBIA - UNIVERSITARIA DE COLOMBIA-BOGOTÁ D.C.;COMUNICACION SOCIAL;COMUNICACIÓN SOCIAL, PERIODISMO Y AFINES;BOGOTÁ;BOGOTÁ D.C.;10;151.0;162.0;138.0;150.0;149.0;157.0;31.0;26.0;39.0;58.0;24.0
2501;INSTITUCION UNIVERSITARIA DE COLOMBIA - UNIVERSITARIA DE COLOMBIA;INSTITUCION UNIVERSITARIA DE COLOMBIA - UNIVERSITARIA DE COLOMBIA-BOGOTÁ D.C.;CONTADURIA PUBLICA;CONTADURÍA PUBLICA;BOGOTÁ;BOGOTÁ D.C.;45;139.0;140.0;135.0;137.0;144.0;139.0;25.0;26.0;27.0;39.0;23.0
2982;INSTITUCION UNIVERSITARIA DE COLOMBIA - UNIVERSITARIA DE COLOMBIA;INSTITUCION UNIVERSITARIA DE COLOMBIA - UNIVERSITARIA DE COLOMBIA-BOGOTÁ D.C.;DERECHO;DERECHO Y AFINES;BOGOTÁ;BOGOTÁ D.C.;282;141.0;147.0;132.0;150.0;140.0;135.0;24.0;25.0;27.0;39.0;27.0
5832;INSTITUCION UNIVERSITARIA DE COLOMBIA - UNIVERSITARIA DE COLOMBIA;INSTITUCION UNIVERSITARIA DE COLOMBIA - UNIVERSITARIA DE COLOMBIA-BOGOTÁ D.C.;INGENIERIA DE SISTEMAS;INGENIERÍA DE SISTEMAS, TELEMÁTICA Y AFINES;BOGOTÁ;BOGOTÁ D.C.;86;147.0;150.0;148.0;141.0;138.0;157.0;27.0;26.0;27.0;39.0;25.0
26052;INSTITUCION UNIVERSITARIA DE COLOMBIA - UNIVERSITARIA DE COLOMBIA;INSTITUCION UNIVERSITARIA DE COLOMBIA - UNIVERSITARIA DE COLOMBIA-BOGOTÁ D.C.;INGENIERIA DE SISTEMAS;INGENIERÍA DE SISTEMAS, TELEMÁTICA Y AFINES;BOGOTÁ;BOGOTÁ D.C.;1;122.0;114.0;117.0;107.0;142.0;131.0;0.0;0.0;0.0;0.0;0.0
5445;INSTITUCION UNIVERSITARIA DE COLOMBIA - UNIVERSITARIA DE COLOMBIA;INSTITUCION UNIVERSITARIA DE COLOMBIA - UNIVERSITARIA DE COLOMBIA-BOGOTÁ D.C.;INGENIERIA INDUSTRIAL;INGENIERÍA INDUSTRIAL Y AFINES;BOGOTÁ;BOGOTÁ D.C.;56;138.0;137.0;142.0;129.0;143.0;140.0;22.0;25.0;27.0;30.0;25.0
28488;INSTITUCION UNIVERSITARIA DE COLOMBIA - UNIVERSITARIA DE COLOMBIA;INSTITUCION UNIVERSITARIA DE COLOMBIA - UNIVERSITARIA DE COLOMBIA-BOGOTÁ D.C.;INGENIERÍA DE SOFTWARE;INGENIERÍA DE SISTEMAS, TELEMÁTICA Y AFINES;BOGOTÁ;BOGOTÁ D.C.;65;150.0;152.0;149.0;141.0;148.0;160.0;26.0;24.0;34.0;27.0;28.0
7208;INSTITUCION UNIVERSITARIA DE COLOMBIA - UNIVERSITARIA DE COLOMBIA;INSTITUCION UNIVERSITARIA DE COLOMBIA - UNIVERSITARIA DE COLOMBIA-BOGOTÁ D.C.;PSICOLOGIA;PSICOLOGÍA;BOGOTÁ;BOGOTÁ D.C.;211;143.0;150.0;130.0;141.0;150.0;143.0;25.0;24.0;27.0;33.0;28.0
4248;INSTITUCION UNIVERSITARIA DE ENVIGADO;INSTITUCION UNIVERSITARIA DE ENVIGADO-ENVIGADO;ADMINISTRACION DE NEGOCIOS INTERNACIONALES;ADMINISTRACIÓN;ANTIOQUIA;ENVIGADO;59;160.0;157.0;147.0;148.0;165.0;184.0;24.0;25.0;34.0;27.0;33.0
9769;INSTITUCION UNIVERSITARIA DE ENVIGADO;INSTITUCION UNIVERSITARIA DE ENVIGADO-ENVIGADO;ADMINISTRACION FINANCIERA;ADMINISTRACIÓN;ANTIOQUIA;ENVIGADO;40;147.0;142.0;147.0;139.0;148.0;160.0;36.0;24.0;35.0;43.0;22.0
4629;INSTITUCION UNIVERSITARIA DE ENVIGADO;INSTITUCION UNIVERSITARIA DE ENVIGADO-ENVIGADO;CONTADURIA PUBLICA;CONTADURÍA PUBLICA;ANTIOQUIA;ENVIGADO;52;150.0;152.0;149.0;142.0;156.0;153.0;24.0;27.0;30.0;26.0;24.0
5927;INSTITUCION UNIVERSITARIA DE ENVIGADO;INSTITUCION UNIVERSITARIA DE ENVIGADO-ENVIGADO;DERECHO;DERECHO Y AFINES;ANTIOQUIA;ENVIGADO;197;151.0;157.0;131.0;160.0;155.0;151.0;25.0;25.0;30.0;37.0;30.0
423;INSTITUCION UNIVERSITARIA DE ENVIGADO;INSTITUCION UNIVERSITARIA DE ENVIGADO-ENVIGADO;INGENIERIA DE SISTEMAS;INGENIERÍA DE SISTEMAS, TELEMÁTICA Y AFINES;ANTIOQUIA;ENVIGADO;6;142.0;136.0;142.0;134.0;141.0;155.0;21.0;18.0;26.0;22.0;20.0
5057;INSTITUCION UNIVERSITARIA DE ENVIGADO;INSTITUCION UNIVERSITARIA DE ENVIGADO-ENVIGADO;INGENIERIA ELECTRONICA;INGENIERÍA ELECTRÓNICA, TELECOMUNICACIONES Y AFINES;ANTIOQUIA;ENVIGADO;4;150.0;138.0;164.0;130.0;144.0;177.0;37.0;17.0;19.0;36.0;16.0
28613;INSTITUCION UNIVERSITARIA DE ENVIGADO;INSTITUCION UNIVERSITARIA DE ENVIGADO-ENVIGADO;INGENIERIA INFORMATICA;INGENIERÍA DE SISTEMAS, TELEMÁTICA Y AFINES;ANTIOQUIA;ENVIGADO;79;156.0;154.0;160.0;143.0;152.0;169.0;29.0;28.0;30.0;37.0;25.0
20797;INSTITUCION UNIVERSITARIA DE ENVIGADO;INSTITUCION UNIVERSITARIA DE ENVIGADO-ENVIGADO;INGENIERÍA INDUSTRIAL;INGENIERÍA QUÍMICA Y AFINES;ANTIOQUIA;ENVIGADO;21;155.0;156.0;160.0;143.0;153.0;162.0;30.0;28.0;31.0;30.0;29.0
17022;INSTITUCION UNIVERSITARIA DE ENVIGADO;INSTITUCION UNIVERSITARIA DE ENVIGADO-ENVIGADO;MERCADEO;ADMINISTRACIÓN;ANTIOQUIA;ENVIGADO;38;145.0;145.0;138.0;131.0;155.0;155.0;26.0;30.0;33.0;37.0;24.0
1727;INSTITUCION UNIVERSITARIA DE ENVIGADO;INSTITUCION UNIVERSITARIA DE ENVIGADO-ENVIGADO;PSICOLOGIA;PSICOLOGÍA;ANTIOQUIA;ENVIGADO;167;148.0;158.0;133.0;145.0;151.0;154.0;27.0;27.0;27.0;34.0;33.0
20642;INSTITUCION UNIVERSITARIA DE ENVIGADO;INSTITUCION UNIVERSITARIA DE ENVIGADO-ENVIGADO;SEGURIDAD Y SALUD EN EL TRABAJO;SALUD PUBLICA;ANTIOQUIA;ENVIGADO;57;140.0;139.0;129.0;134.0;152.0;145.0;27.0;23.0;27.0;32.0;26.0
26616;INSTITUCION UNIVERSITARIA DE ENVIGADO;INSTITUCION UNIVERSITARIA DE ENVIGADO-ENVIGADO;TRABAJO SOCIAL;SOCIOLOGÍA, TRABAJO SOCIAL Y AFINES;ANTIOQUIA;ENVIGADO;46;142.0;146.0;119.0;140.0;161.0;146.0;31.0;26.0;29.0;49.0;28.0
25596;INSTITUCION UNIVERSITARIA DIGITAL DE ANTIOQUIA -IU. DIGITAL;INSTITUCION UNIVERSITARIA DIGITAL DE ANTIOQUIA -IU. DIGITAL;ADMINISTRACIÓN DE EMPRESAS;ADMINISTRACIÓN;ANTIOQUIA;MEDELLÍN;408;138.0;142.0;130.0;135.0;148.0;136.0;25.0;27.0;30.0;34.0;26.0
25905;INSTITUCION UNIVERSITARIA DIGITAL DE ANTIOQUIA -IU. DIGITAL;INSTITUCION UNIVERSITARIA DIGITAL DE ANTIOQUIA -IU. DIGITAL;ADMINISTRACIÓN DE EMPRESAS TURÍSTICAS Y HOTELERAS;ADMINISTRACIÓN;ANTIOQUIA;MEDELLÍN;123;132.0;139.0;121.0;127.0;142.0;133.0;24.0;25.0;30.0;35.0;28.0
25597;INSTITUCION UNIVERSITARIA DIGITAL DE ANTIOQUIA -IU. DIGITAL;INSTITUCION UNIVERSITARIA DIGITAL DE ANTIOQUIA -IU. DIGITAL;ADMINISTRACIÓN EN SEGURIDAD Y SALUD EN EL TRABAJO;ADMINISTRACIÓN;ANTIOQUIA;MEDELLÍN;304;130.0;136.0;120.0;126.0;142.0;128.0;25.0;24.0;28.0;35.0;23.0
26382;INSTITUCION UNIVERSITARIA DIGITAL DE ANTIOQUIA -IU. DIGITAL;INSTITUCION UNIVERSITARIA DIGITAL DE ANTIOQUIA -IU. DIGITAL;CIENCIAS AMBIENTALES;BIOLOGÍA, MICROBIOLOGÍA Y AFINES;ANTIOQUIA;MEDELLÍN;128;136.0;141.0;128.0;134.0;147.0;131.0;25.0;29.0;30.0;41.0;22.0
26383;INSTITUCION UNIVERSITARIA DIGITAL DE ANTIOQUIA -IU. DIGITAL;INSTITUCION UNIVERSITARIA DIGITAL DE ANTIOQUIA -IU. DIGITAL;INGENIERÍA MECATRÓNICA;INGENIERÍA MECÁNICA Y AFINES;ANTIOQUIA;MEDELLÍN;13;155.0;150.0;167.0;136.0;153.0;166.0;21.0;31.0;27.0;30.0;23.0
31698;INSTITUCION UNIVERSITARIA DIGITAL DE ANTIOQUIA -IU. DIGITAL;INSTITUCION UNIVERSITARIA DIGITAL DE ANTIOQUIA -IU. DIGITAL;Ingeniería de Software y Datos;SIN CLASIFICAR;ANTIOQUIA;MEDELLÍN;133;152.0;153.0;153.0;143.0;144.0;164.0;27.0;27.0;33.0;36.0;26.0
26055;INSTITUCION UNIVERSITARIA DIGITAL DE ANTIOQUIA -IU. DIGITAL;INSTITUCION UNIVERSITARIA DIGITAL DE ANTIOQUIA -IU. DIGITAL;PUBLICIDAD Y MERCADEO DIGITAL;PUBLICIDAD Y AFINES;ANTIOQUIA;MEDELLÍN;143;142.0;147.0;128.0;135.0;152.0;150.0;26.0;24.0;30.0;38.0;26.0
26204;INSTITUCION UNIVERSITARIA DIGITAL DE ANTIOQUIA -IU. DIGITAL;INSTITUCION UNIVERSITARIA DIGITAL DE ANTIOQUIA -IU. DIGITAL;TRABAJO SOCIAL;SOCIOLOGÍA, TRABAJO SOCIAL Y AFINES;ANTIOQUIA;MEDELLÍN;303;129.0;138.0;113.0;129.0;146.0;122.0;25.0;22.0;26.0;33.0;21.0
5231;INSTITUCION UNIVERSITARIA EAM QUINDIO-ARMENIA;INSTITUCION UNIVERSITARIA EAM QUINDIO-ARMENIA;ADMINISTRACION DE EMPRESAS;ADMINISTRACIÓN;QUINDIO;ARMENIA;33;137.0;136.0;135.0;123.0;144.0;145.0;27.0;24.0;22.0;25.0;26.0
4781;INSTITUCION UNIVERSITARIA EAM QUINDIO-ARMENIA;INSTITUCION UNIVERSITARIA EAM QUINDIO-ARMENIA;ADMINISTRACION DE NEGOCIOS INTERNACIONALES;ADMINISTRACIÓN;QUINDIO;ARMENIA;44;140.0;132.0;136.0;122.0;144.0;165.0;30.0;25.0;34.0;24.0;26.0
4423;INSTITUCION UNIVERSITARIA EAM QUINDIO-ARMENIA;INSTITUCION UNIVERSITARIA EAM QUINDIO-ARMENIA;CONTADURIA PUBLICA;CONTADURÍA PUBLICA;QUINDIO;ARMENIA;3;129.0;127.0;123.0;106.0;145.0;143.0;13.0;22.0;10.0;26.0;24.0
857;INSTITUCION UNIVERSITARIA EAM QUINDIO-ARMENIA;INSTITUCION UNIVERSITARIA EAM QUINDIO-ARMENIA;DISEÑO VISUAL DIGITAL;DISEÑO;QUINDIO;ARMENIA;51;152.0;160.0;135.0;145.0;149.0;172.0;26.0;32.0;34.0;27.0;26.0
25431;INSTITUCION UNIVERSITARIA EAM QUINDIO-ARMENIA;INSTITUCION UNIVERSITARIA EAM QUINDIO-ARMENIA;HOTELERÍA Y TURISMO;ADMINISTRACIÓN;QUINDIO;ARMENIA;9;159.0;163.0;148.0;140.0;165.0;178.0;23.0;25.0;47.0;18.0;23.0
2366;INSTITUCION UNIVERSITARIA EAM QUINDIO-ARMENIA;INSTITUCION UNIVERSITARIA EAM QUINDIO-ARMENIA;INGENIERIA DE SOFTWARE;INGENIERÍA DE SISTEMAS, TELEMÁTICA Y AFINES;QUINDIO;ARMENIA;42;147.0;142.0;150.0;126.0;142.0;174.0;36.0;31.0;37.0;37.0;30.0
5016;INSTITUCION UNIVERSITARIA EAM QUINDIO-ARMENIA;INSTITUCION UNIVERSITARIA EAM QUINDIO-ARMENIA;INGENIERIA INDUSTRIAL;INGENIERÍA INDUSTRIAL Y AFINES;QUINDIO;ARMENIA;10;141.0;137.0;143.0;117.0;151.0;158.0;28.0;33.0;31.0;22.0;27.0
5856;INSTITUCION UNIVERSITARIA EAM QUINDIO-ARMENIA;INSTITUCION UNIVERSITARIA EAM QUINDIO-ARMENIA;INGENIERIA MECATRONICA;INGENIERÍA ELECTRÓNICA, TELECOMUNICACIONES Y AFINES;QUINDIO;ARMENIA;16;157.0;155.0;162.0;142.0;149.0;178.0;29.0;25.0;30.0;24.0;27.0
30925;INSTITUCION UNIVERSITARIA EAM QUINDIO-ARMENIA;INSTITUCION UNIVERSITARIA EAM QUINDIO-ARMENIA;PUBLICIDAD DIGITAL Y MERCADEO;ADMINISTRACIÓN;QUINDIO;ARMENIA;23;144.0;153.0;125.0;131.0;142.0;169.0;29.0;27.0;36.0;51.0;47.0
8665;INSTITUCION UNIVERSITARIA FUNDACION EDUCATIVA ESUMER;FUNDACION UNIVERSITARIA ESUMER-MEDELLIN;ADMINISTRACION COMERCIAL Y DE MERCADEO;ADMINISTRACIÓN;ANTIOQUIA;MEDELLÍN;3;153.0;159.0;120.0;161.0;158.0;167.0;36.0;49.0;40.0;42.0;37.0
9750;INSTITUCION UNIVERSITARIA FUNDACION EDUCATIVA ESUMER;FUNDACION UNIVERSITARIA ESUMER-MEDELLIN;ADMINISTRACION COMERCIAL Y DE MERCADEO;ADMINISTRACIÓN;ANTIOQUIA;MEDELLÍN;134;141.0;143.0;132.0;137.0;145.0;146.0;27.0;27.0;32.0;36.0;29.0
7960;INSTITUCION UNIVERSITARIA FUNDACION EDUCATIVA ESUMER;FUNDACION UNIVERSITARIA ESUMER-MEDELLIN;ADMINISTRACION DE EMPRESAS;ADMINISTRACIÓN;ANTIOQUIA;MEDELLÍN;96;144.0;145.0;139.0;134.0;156.0;149.0;26.0;26.0;31.0;24.0;28.0
171;INSTITUCION UNIVERSITARIA FUNDACION EDUCATIVA ESUMER;FUNDACION UNIVERSITARIA ESUMER-MEDELLIN;ADMINISTRACION FINANCIERA ;ADMINISTRACIÓN;ANTIOQUIA;MEDELLÍN;35;138.0;138.0;135.0;135.0;146.0;136.0;24.0;28.0;33.0;37.0;30.0
26309;INSTITUCION UNIVERSITARIA FUNDACION EDUCATIVA ESUMER;FUNDACION UNIVERSITARIA ESUMER-MEDELLIN;ADMINISTRACIÓN FINANCIERA;CONTADURÍA PUBLICA;ANTIOQUIA;MEDELLÍN;25;141.0;141.0;138.0;140.0;140.0;146.0;26.0;23.0;27.0;24.0;39.0
7828;INSTITUCION UNIVERSITARIA FUNDACION EDUCATIVA ESUMER;FUNDACION UNIVERSITARIA ESUMER-MEDELLIN;ADMINISTRACIÓN LOGÍSTICA;ADMINISTRACIÓN;ANTIOQUIA;MEDELLÍN;67;138.0;140.0;133.0;134.0;144.0;140.0;26.0;26.0;26.0;32.0;21.0
24858;INSTITUCION UNIVERSITARIA FUNDACION EDUCATIVA ESUMER;FUNDACION UNIVERSITARIA ESUMER-MEDELLIN;NEGOCIOS INTERNACIONALES;ADMINISTRACIÓN;ANTIOQUIA;MEDELLÍN;30;146.0;154.0;129.0;141.0;145.0;161.0;22.0;25.0;25.0;49.0;35.0
1974;INSTITUCION UNIVERSITARIA FUNDACION EDUCATIVA ESUMER;FUNDACION UNIVERSITARIA ESUMER-MEDELLIN;NEGOCIOS INTERNACIONALES SEGUNDO CICLO;ADMINISTRACIÓN;ANTIOQUIA;MEDELLÍN;80;146.0;146.0;135.0;136.0;148.0;163.0;30.0;29.0;33.0;28.0;32.0
25975;INSTITUCION UNIVERSITARIA MARCO FIDEL SUAREZ;INSTITUCION UNIVERSITARIA MARCO FIDEL SUAREZ-BELLO;ADMINISTRACION FINANCIERA;ADMINISTRACIÓN;ANTIOQUIA;BELLO;5;121.0;121.0;115.0;116.0;137.0;115.0;22.0;25.0;22.0;12.0;28.0
20723;INSTITUCION UNIVERSITARIA MARCO FIDEL SUAREZ;INSTITUCION UNIVERSITARIA MARCO FIDEL SUAREZ-BELLO;ADMINISTRACIÓN DE EMPRESAS;ADMINISTRACIÓN;ANTIOQUIA;BELLO;40;128.0;130.0;117.0;126.0;136.0;130.0;21.0;26.0;25.0;41.0;23.0
25014;INSTITUCION UNIVERSITARIA MARCO FIDEL SUAREZ;INSTITUCION UNIVERSITARIA MARCO FIDEL SUAREZ-BELLO;CONTADURÍA PÚBLICA;CONTADURÍA PUBLICA;ANTIOQUIA;BELLO;18;140.0;141.0;137.0;129.0;151.0;141.0;25.0;29.0;25.0;45.0;25.0
20692;INSTITUCION UNIVERSITARIA MARCO FIDEL SUAREZ;INSTITUCION UNIVERSITARIA MARCO FIDEL SUAREZ-BELLO;DERECHO;DERECHO Y AFINES;ANTIOQUIA;BELLO;17;128.0;136.0;118.0;131.0;134.0;121.0;22.0;22.0;22.0;43.0;18.0
20653;INSTITUCION UNIVERSITARIA MARCO FIDEL SUAREZ;INSTITUCION UNIVERSITARIA MARCO FIDEL SUAREZ-BELLO;INGENIERÍA DE SISTEMAS;INGENIERÍA DE SISTEMAS, TELEMÁTICA Y AFINES;ANTIOQUIA;BELLO;19;131.0;133.0;131.0;119.0;130.0;146.0;26.0;27.0;30.0;24.0;29.0
25976;INSTITUCION UNIVERSITARIA MARCO FIDEL SUAREZ;INSTITUCION UNIVERSITARIA MARCO FIDEL SUAREZ-BELLO;LICENCIATURA EN EDUCACIÓN FÍSICA, RECREACIÓN Y DEPORTE;EDUCACIÓN;ANTIOQUIA;BELLO;69;127.0;132.0;120.0;122.0;136.0;126.0;25.0;25.0;26.0;35.0;22.0
25818;INSTITUCION UNIVERSITARIA MARCO FIDEL SUAREZ;INSTITUCION UNIVERSITARIA MARCO FIDEL SUAREZ-BELLO;LICENCIATURA EN EDUCACIÓN INFANTIL;EDUCACIÓN;ANTIOQUIA;BELLO;23;133.0;139.0;117.0;126.0;153.0;131.0;24.0;25.0;23.0;28.0;21.0
24984;INSTITUCIÓN UNIVERSITARIA COLEGIOS DE COLOMBIA-UNICOC;INSTITUCION UNIVERSITARIA COLEGIOS DE COLOMBIA -UNICOC-BOGOTÁ D.C.;ADMINISTRACIÓN DE EMPRESAS;ADMINISTRACIÓN;BOGOTÁ;BOGOTÁ D.C.;5;165.0;167.0;167.0;155.0;162.0;174.0;22.0;21.0;33.0;19.0;21.0
17036;INSTITUCIÓN UNIVERSITARIA COLEGIOS DE COLOMBIA-UNICOC;INSTITUCION UNIVERSITARIA COLEGIOS DE COLOMBIA -UNICOC-BOGOTÁ D.C.;DERECHO;DERECHO Y AFINES;BOGOTÁ;BOGOTÁ D.C.;12;153.0;163.0;142.0;158.0;152.0;151.0;29.0;15.0;29.0;53.0;30.0
5405;INSTITUCIÓN UNIVERSITARIA COLEGIOS DE COLOMBIA-UNICOC;INSTITUCION UNIVERSITARIA COLEGIOS DE COLOMBIA -UNICOC-BOGOTÁ D.C.;NEGOCIOS INTERNACIONALES;ADMINISTRACIÓN;BOGOTÁ;BOGOTÁ D.C.;39;157.0;162.0;153.0;158.0;148.0;165.0;26.0;23.0;24.0;23.0;36.0
2701;INSTITUCIÓN UNIVERSITARIA COLEGIOS DE COLOMBIA-UNICOC;INSTITUCION UNIVERSITARIA COLEGIOS DE COLOMBIA -UNICOC-BOGOTÁ D.C.;ODONTOLOGIA;ODONTOLOGÍA;BOGOTÁ;BOGOTÁ D.C.;38;149.0;152.0;137.0;143.0;157.0;158.0;22.0;25.0;23.0;21.0;23.0
4154;INSTITUCIÓN UNIVERSITARIA COLEGIOS DE COLOMBIA-UNICOC;INSTITUCION UNIVERSITARIA COLEGIOS DE COLOMBIA -UNICOC-BOGOTÁ D.C.;ODONTOLOGIA;ODONTOLOGÍA;BOGOTÁ;BOGOTÁ D.C.;143;150.0;155.0;143.0;143.0;148.0;160.0;24.0;23.0;28.0;26.0;24.0
25954;INSTITUCIÓN UNIVERSITARIA COLEGIOS DE COLOMBIA-UNICOC;INSTITUCION UNIVERSITARIA COLEGIOS DE COLOMBIA -UNICOC-BOGOTÁ D.C.;PSICOLOGIA;PSICOLOGÍA;BOGOTÁ;BOGOTÁ D.C.;9;159.0;171.0;140.0;162.0;156.0;165.0;23.0;29.0;34.0;30.0;20.0
9458;INSTITUCIÓN UNIVERSITARIA COMFAMILIAR RISARALDA;INSTITUCIÓN UNIVERSITARIA COMFAMILIAR RISARALDA;ADMINISTRACION DE EMPRESAS;ADMINISTRACIÓN;RISARALDA;PEREIRA;61;133.0;131.0;121.0;125.0;136.0;149.0;27.0;25.0;28.0;40.0;23.0
9455;INSTITUCIÓN UNIVERSITARIA COMFAMILIAR RISARALDA;INSTITUCIÓN UNIVERSITARIA COMFAMILIAR RISARALDA;ADMINISTRACION DE MERCADEO;ADMINISTRACIÓN;RISARALDA;PEREIRA;28;140.0;138.0;129.0;133.0;146.0;154.0;25.0;22.0;30.0;25.0;22.0
9465;INSTITUCIÓN UNIVERSITARIA COMFAMILIAR RISARALDA;INSTITUCIÓN UNIVERSITARIA COMFAMILIAR RISARALDA;ADMINISTRACION DE SISTEMAS;ADMINISTRACIÓN;RISARALDA;PEREIRA;24;130.0;121.0;119.0;112.0;137.0;160.0;39.0;37.0;34.0;38.0;21.0
9462;INSTITUCIÓN UNIVERSITARIA COMFAMILIAR RISARALDA;INSTITUCIÓN UNIVERSITARIA COMFAMILIAR RISARALDA;ADMINISTRACION FINANCIERA;ADMINISTRACIÓN;RISARALDA;PEREIRA;43;142.0;144.0;139.0;135.0;140.0;152.0;26.0;25.0;28.0;30.0;19.0
8307;INSTITUCIÓN UNIVERSITARIA MAYOR DE CARTAGENA;INSTITUCIÓN UNIVERSITARIA MAYOR DE CARTAGENA;ADMINISTRACIÓN DE COMERCIO EXTERIOR;ADMINISTRACIÓN;BOLIVAR;CARTAGENA DE INDIAS;61;129.0;130.0;121.0;122.0;134.0;137.0;26.0;25.0;29.0;41.0;24.0
9696;INSTITUCIÓN UNIVERSITARIA MAYOR DE CARTAGENA;INSTITUCIÓN UNIVERSITARIA MAYOR DE CARTAGENA;ADMINISTRACIÓN DE EMPRESAS;ADMINISTRACIÓN;BOLIVAR;CARTAGENA DE INDIAS;93;134.0;135.0;124.0;125.0;147.0;137.0;22.0;22.0;28.0;26.0;22.0
9525;INSTITUCIÓN UNIVERSITARIA MAYOR DE CARTAGENA;INSTITUCIÓN UNIVERSITARIA MAYOR DE CARTAGENA;ADMINISTRACIÓN TURÍSTICA;ADMINISTRACIÓN;BOLIVAR;CARTAGENA DE INDIAS;31;134.0;133.0;117.0;126.0;147.0;146.0;28.0;24.0;29.0;26.0;28.0
31877;INSTITUCIÓN UNIVERSITARIA MAYOR DE CARTAGENA;INSTITUCIÓN UNIVERSITARIA MAYOR DE CARTAGENA;Administración de Empresas;ADMINISTRACIÓN;BOLIVAR;CARTAGENA DE INDIAS;25;132.0;134.0;123.0;122.0;149.0;134.0;26.0;28.0;26.0;23.0;16.0
2893;INSTITUTO DE EDUCACION TECNICA PROFESIONAL DE ROLDANILLO;INSTITUTO DE EDUCACION TECNICA PROFESIONAL DE ROLDANILLO-ROLDANILLO;ADMINISTRACION AGROPECUARIA;ADMINISTRACIÓN;VALLE;ROLDANILLO;79;125.0;128.0;118.0;113.0;136.0;127.0;26.0;25.0;25.0;30.0;22.0
9165;INSTITUTO DE EDUCACION TECNICA PROFESIONAL DE ROLDANILLO;INSTITUTO DE EDUCACION TECNICA PROFESIONAL DE ROLDANILLO-ROLDANILLO;ADMINISTRACION AMBIENTAL;ADMINISTRACIÓN;VALLE;ROLDANILLO;92;128.0;130.0;122.0;126.0;134.0;128.0;29.0;25.0;34.0;35.0;28.0
2912;INSTITUTO DE EDUCACION TECNICA PROFESIONAL DE ROLDANILLO;INSTITUTO DE EDUCACION TECNICA PROFESIONAL DE ROLDANILLO-ROLDANILLO;ADMINISTRACION DE EMPRESAS;ADMINISTRACIÓN;VALLE;ROLDANILLO;223;126.0;129.0;120.0;120.0;135.0;129.0;25.0;27.0;28.0;36.0;24.0
4384;INSTITUTO DE EDUCACION TECNICA PROFESIONAL DE ROLDANILLO;INSTITUTO DE EDUCACION TECNICA PROFESIONAL DE ROLDANILLO-ROLDANILLO;CONTADURIA PUBLICA;CONTADURÍA PUBLICA;VALLE;ROLDANILLO;148;130.0;131.0;127.0;121.0;142.0;130.0;24.0;26.0;27.0;33.0;21.0
7427;INSTITUTO DE EDUCACION TECNICA PROFESIONAL DE ROLDANILLO;INSTITUTO DE EDUCACION TECNICA PROFESIONAL DE ROLDANILLO-ROLDANILLO;CONTADURIA PUBLICA;CONTADURÍA PUBLICA;VALLE;ROLDANILLO;59;135.0;136.0;132.0;128.0;145.0;134.0;25.0;29.0;29.0;26.0;19.0
8532;INSTITUTO DE EDUCACION TECNICA PROFESIONAL DE ROLDANILLO;INSTITUTO DE EDUCACION TECNICA PROFESIONAL DE ROLDANILLO-ROLDANILLO;CONTADURIA PUBLICA;CONTADURÍA PUBLICA;VALLE;ROLDANILLO;13;130.0;135.0;126.0;119.0;141.0;130.0;23.0;33.0;32.0;31.0;26.0
5913;INSTITUTO DE EDUCACION TECNICA PROFESIONAL DE ROLDANILLO;INSTITUTO DE EDUCACION TECNICA PROFESIONAL DE ROLDANILLO-ROLDANILLO;PROFESIONAL EN AGROINDUSTRIA;AGRONOMÍA;VALLE;ROLDANILLO;64;134.0;140.0;133.0;127.0;133.0;136.0;27.0;30.0;31.0;37.0;26.0
3873;INSTITUTO DEPARTAMENTAL DE BELLAS ARTES;INSTITUTO DEPARTAMENTAL DE BELLAS ARTES-CALI;ARTES PLASTICAS;ARTES PLÁSTICAS, VISUALES Y AFINES;VALLE;CALI;39;143.0;153.0;131.0;139.0;140.0;153.0;32.0;28.0;28.0;28.0;45.0
1131;INSTITUTO DEPARTAMENTAL DE BELLAS ARTES;INSTITUTO DEPARTAMENTAL DE BELLAS ARTES-CALI;DISEÑO GRAFICO;DISEÑO;VALLE;CALI;40;160.0;176.0;141.0;150.0;153.0;182.0;23.0;27.0;25.0;23.0;26.0
5648;INSTITUTO DEPARTAMENTAL DE BELLAS ARTES;INSTITUTO DEPARTAMENTAL DE BELLAS ARTES-CALI;INTERPRETACION MUSICAL;MÚSICA;VALLE;CALI;27;159.0;170.0;151.0;154.0;154.0;168.0;24.0;22.0;31.0;27.0;34.0
9755;INSTITUTO DEPARTAMENTAL DE BELLAS ARTES;INSTITUTO DEPARTAMENTAL DE BELLAS ARTES-CALI;LICENCIATURA EN ARTES ESCÉNICAS;ARTES REPRESENTATIVAS;VALLE;CALI;36;143.0;157.0;129.0;142.0;136.0;148.0;28.0;34.0;33.0;31.0;30.0
31210;"INSTITUTO NACIONAL DE FORMACION TECNICA PROFESIONAL""HUMBERTO VELAZQUEZ GARCIA""";"INSTITUTO NACIONAL DE FORMACION TECNICA PROFESIONAL""HUMBERTO VELASQUEZ GARCIA""-CIENAGA";CONTADURIA PUBLICA;CONTADURÍA PUBLICA;MAGDALENA;CIÉNAGA;5;131.0;132.0;114.0;129.0;162.0;116.0;22.0;26.0;11.0;21.0;27.0
31980;"INSTITUTO NACIONAL DE FORMACION TECNICA PROFESIONAL""HUMBERTO VELAZQUEZ GARCIA""";"INSTITUTO NACIONAL DE FORMACION TECNICA PROFESIONAL""HUMBERTO VELASQUEZ GARCIA""-CIENAGA";INGENIERÍA INFORMÁTICA;SIN CLASIFICAR;MAGDALENA;CIÉNAGA;1;145.0;145.0;130.0;138.0;182.0;131.0;0.0;0.0;0.0;0.0;0.0
9489;INSTITUTO SUPERIOR DE CIENCIAS SOCIALES Y ECONOMICO FAMILIARES-ICSEF-;INSTITUTO SUPERIOR DE CIENCIAS SOCIALES Y ECONOMICO FAMILIARES-ICSEF-BOGOTÁ D.C.;ADMINISTRACIÓN HOTELERA Y DE SERVICIOS;ADMINISTRACIÓN;BOGOTÁ;BOGOTÁ D.C.;7;149.0;156.0;138.0;156.0;139.0;156.0;19.0;19.0;28.0;33.0;20.0
23430;INSTITUTO TECNICO AGRICOLA-ITA-;INSTITUTO TECNICO AGRICOLA-ITA-BUGA;PROFESIONAL EN AGRONEGOCIOS;INGENIERÍA AGRONÓMICA, PECUARIA Y AFINES;VALLE;GUADALAJARA DE BUGA;49;130.0;136.0;123.0;130.0;134.0;125.0;25.0;24.0;27.0;31.0;22.0
8016;INSTITUTO TECNOLOGICO DE EDUCACION SUPERIOR DE COMFACAUCA I.T.C.;CORPORACION UNIVERSITARIA COMFACAUCA - UNICOMFACAUCA-POPAYAN;ADMINISTRACIÓN DE EMPRESAS;ADMINISTRACIÓN;CAUCA;POPAYÁN;67;138.0;138.0;134.0;133.0;143.0;140.0;25.0;24.0;26.0;22.0;22.0
4040;INSTITUTO TECNOLOGICO DE EDUCACION SUPERIOR DE COMFACAUCA I.T.C.;CORPORACION UNIVERSITARIA COMFACAUCA - UNICOMFACAUCA-POPAYAN;COMUNICACION SOCIAL Y PERIODISMO;COMUNICACIÓN SOCIAL, PERIODISMO Y AFINES;CAUCA;POPAYÁN;26;143.0;150.0;127.0;141.0;144.0;155.0;23.0;22.0;29.0;25.0;22.0
5384;INSTITUTO TECNOLOGICO DE EDUCACION SUPERIOR DE COMFACAUCA I.T.C.;CORPORACION UNIVERSITARIA COMFACAUCA - UNICOMFACAUCA-POPAYAN;CONTADURIA PUBLICA;CONTADURÍA PUBLICA;CAUCA;POPAYÁN;132;139.0;138.0;135.0;136.0;148.0;138.0;26.0;23.0;27.0;28.0;19.0
9112;INSTITUTO TECNOLOGICO DE EDUCACION SUPERIOR DE COMFACAUCA I.T.C.;CORPORACION UNIVERSITARIA COMFACAUCA - UNICOMFACAUCA-POPAYAN;DERECHO;DERECHO Y AFINES;CAUCA;POPAYÁN;42;144.0;150.0;123.0;155.0;152.0;140.0;25.0;25.0;32.0;23.0;25.0
2108;INSTITUTO TECNOLOGICO DE EDUCACION SUPERIOR DE COMFACAUCA I.T.C.;CORPORACION UNIVERSITARIA COMFACAUCA - UNICOMFACAUCA-POPAYAN;INGENIERIA DE SISTEMAS;INGENIERÍA DE SISTEMAS, TELEMÁTICA Y AFINES;CAUCA;POPAYÁN;54;147.0;145.0;150.0;133.0;154.0;155.0;27.0;26.0;30.0;32.0;24.0
17;INSTITUTO TECNOLOGICO DE EDUCACION SUPERIOR DE COMFACAUCA I.T.C.;CORPORACION UNIVERSITARIA COMFACAUCA - UNICOMFACAUCA-POPAYAN;INGENIERIA INDUSTRIAL;INGENIERÍA INDUSTRIAL Y AFINES;CAUCA;POPAYÁN;53;140.0;139.0;145.0;128.0;144.0;143.0;26.0;26.0;28.0;26.0;22.0
1690;INSTITUTO TECNOLOGICO DE EDUCACION SUPERIOR DE COMFACAUCA I.T.C.;CORPORACION UNIVERSITARIA COMFACAUCA - UNICOMFACAUCA-POPAYAN;INGENIERIA MECATRONICA;OTRAS INGENIERÍAS;CAUCA;POPAYÁN;22;148.0;141.0;162.0;136.0;152.0;148.0;23.0;31.0;35.0;21.0;23.0
28511;INSTITUTO TECNOLOGICO DE EDUCACION SUPERIOR DE COMFACAUCA I.T.C.;CORPORACION UNIVERSITARIA COMFACAUCA - UNICOMFACAUCA-POPAYAN;INGENIERÍA AGROAMBIENTAL;INGENIERÍA AGRÍCOLA, FORESTAL Y AFINES;CAUCA;POPAYÁN;15;122.0;127.0;110.0;114.0;137.0;123.0;19.0;23.0;27.0;25.0;21.0
28217;INSTITUTO TECNOLOGICO DE EDUCACION SUPERIOR DE COMFACAUCA I.T.C.;CORPORACION UNIVERSITARIA COMFACAUCA - UNICOMFACAUCA-POPAYAN;TRABAJO SOCIAL;SOCIOLOGÍA, TRABAJO SOCIAL Y AFINES;CAUCA;POPAYÁN;43;132.0;142.0;116.0;130.0;141.0;132.0;22.0;20.0;20.0;32.0;19.0
1708;INSTITUTO TECNOLOGICO DE SOLEDAD ATLANTICO;INSTITUCION UNIVERSITARIA ITSA-SOLEDAD;ADMINISTRACIÓN DE NEGOCIOS INTERNACIONALES;ADMINISTRACIÓN;ATLANTICO;SOLEDAD;115;141.0;144.0;129.0;130.0;144.0;157.0;25.0;27.0;30.0;36.0;28.0
25669;INSTITUTO TECNOLOGICO DE SOLEDAD ATLANTICO;INSTITUCION UNIVERSITARIA ITSA-SOLEDAD;INGENIERIA INDUSTRIAL;INGENIERÍA INDUSTRIAL Y AFINES;ATLANTICO;SOLEDAD;131;139.0;140.0;137.0;129.0;140.0;148.0;28.0;32.0;29.0;33.0;23.0
4537;INSTITUTO TECNOLOGICO DE SOLEDAD ATLANTICO;INSTITUCION UNIVERSITARIA ITSA-SOLEDAD;INGENIERIA TELEMÁTICA;INGENIERÍA DE SISTEMAS, TELEMÁTICA Y AFINES;ATLANTICO;SOLEDAD;27;137.0;129.0;131.0;125.0;144.0;154.0;29.0;27.0;30.0;25.0;15.0
28443;INSTITUTO TECNOLOGICO DE SOLEDAD ATLANTICO;INSTITUCION UNIVERSITARIA ITSA-SOLEDAD;INGENIERÍA EN SEGURIDAD Y SALUD EN EL TRABAJO;INGENIERÍA INDUSTRIAL Y AFINES;ATLANTICO;SOLEDAD;12;145.0;158.0;136.0;129.0;151.0;153.0;29.0;19.0;32.0;18.0;26.0
1215;INSTITUTO TECNOLOGICO DE SOLEDAD ATLANTICO;INSTITUCION UNIVERSITARIA ITSA-SOLEDAD;INGENIERÍA MECATRÓNICA - CICLO PROFESIONAL UNIVERSITARIO;INGENIERÍA ELECTRÓNICA, TELECOMUNICACIONES Y AFINES;ATLANTICO;SOLEDAD;122;146.0;142.0;156.0;132.0;146.0;153.0;29.0;28.0;33.0;27.0;27.0
8443;INSTITUTO TECNOLOGICO DE SOLEDAD ATLANTICO;INSTITUCION UNIVERSITARIA ITSA-SOLEDAD;PROFESIONAL EN DISEÑO GRÁFICO;DISEÑO;ATLANTICO;SOLEDAD;98;140.0;144.0;124.0;127.0;143.0;163.0;29.0;30.0;31.0;33.0;31.0
6122;INSTITUTO TECNOLOGICO DEL PUTUMAYO;INSTITUTO TECNOLOGICO DEL PUTUMAYO-MOCOA;ADMINISTRACION DE EMPRESAS;ADMINISTRACIÓN;PUTUMAYO;MOCOA;45;130.0;134.0;119.0;124.0;145.0;127.0;25.0;27.0;28.0;24.0;22.0
8322;INSTITUTO TECNOLOGICO DEL PUTUMAYO;INSTITUTO TECNOLOGICO DEL PUTUMAYO-MOCOA;CONTADURIA PUBLICA;CONTADURÍA PUBLICA;PUTUMAYO;MOCOA;34;137.0;138.0;138.0;127.0;146.0;137.0;29.0;32.0;35.0;35.0;26.0
1506;INSTITUTO TECNOLOGICO DEL PUTUMAYO;INSTITUTO TECNOLOGICO DEL PUTUMAYO-MOCOA;INGENIERIA AMBIENTAL;INGENIERÍA AMBIENTAL, SANITARIA Y AFINES;PUTUMAYO;MOCOA;32;137.0;145.0;135.0;130.0;141.0;135.0;31.0;22.0;29.0;33.0;23.0
31962;INSTITUTO TECNOLOGICO DEL PUTUMAYO;INSTITUTO TECNOLOGICO DEL PUTUMAYO-MOCOA;INGENIERIA CIVIL;SIN CLASIFICAR;PUTUMAYO;MOCOA;1;130.0;102.0;149.0;132.0;130.0;136.0;0.0;0.0;0.0;0.0;0.0
6607;INSTITUTO TECNOLOGICO DEL PUTUMAYO;INSTITUTO TECNOLOGICO DEL PUTUMAYO-MOCOA;INGENIERIA DE SISTEMAS;INGENIERÍA DE SISTEMAS, TELEMÁTICA Y AFINES;PUTUMAYO;MOCOA;26;133.0;134.0;139.0;118.0;136.0;139.0;24.0;22.0;27.0;28.0;20.0
24851;INSTITUTO TECNOLOGICO DEL PUTUMAYO;INSTITUTO TECNOLOGICO DEL PUTUMAYO-MOCOA;INGENIERÍA AGROINDUSTRIAL;INGENIERÍA AGROINDUSTRIAL, ALIMENTOS Y AFINES;PUTUMAYO;MOCOA;6;134.0;129.0;116.0;137.0;145.0;141.0;11.0;10.0;29.0;24.0;13.0
9582;INSTITUTO TECNOLOGICO DEL PUTUMAYO;INSTITUTO TECNOLOGICO DEL PUTUMAYO-MOCOA;INGENIERÍA CIVIL;INGENIERÍA CIVIL Y AFINES;PUTUMAYO;MOCOA;39;144.0;142.0;162.0;134.0;137.0;143.0;30.0;34.0;30.0;43.0;27.0
8703;INSTITUTO TECNOLOGICO DEL PUTUMAYO;INSTITUTO TECNOLOGICO DEL PUTUMAYO-MOCOA;INGENIERÍA FORESTAL;INGENIERÍA AGRÍCOLA, FORESTAL Y AFINES;PUTUMAYO;MOCOA;8;133.0;136.0;133.0;126.0;139.0;130.0;17.0;26.0;30.0;17.0;13.0
4940;INSTITUTO TECNOLOGICO METROPOLITANO;INSTITUTO TECNOLOGICO METROPOLITANO-MEDELLIN;ADMINISTRACIÓN TECNÓLOGICA;ADMINISTRACIÓN;ANTIOQUIA;MEDELLÍN;196;142.0;143.0;138.0;135.0;149.0;144.0;25.0;26.0;28.0;34.0;23.0
7952;INSTITUTO TECNOLOGICO METROPOLITANO;INSTITUTO TECNOLOGICO METROPOLITANO-MEDELLIN;ARTES DE LA GRABACION Y PRODUCCION MUSICAL;MÚSICA;ANTIOQUIA;MEDELLÍN;54;162.0;166.0;154.0;156.0;150.0;186.0;30.0;32.0;33.0;48.0;28.0
1218;INSTITUTO TECNOLOGICO METROPOLITANO;INSTITUTO TECNOLOGICO METROPOLITANO-MEDELLIN;ARTES VISUALES;ARTES PLÁSTICAS, VISUALES Y AFINES;ANTIOQUIA;MEDELLÍN;35;154.0;169.0;136.0;153.0;144.0;170.0;22.0;31.0;27.0;37.0;22.0
20626;INSTITUTO TECNOLOGICO METROPOLITANO;INSTITUTO TECNOLOGICO METROPOLITANO-MEDELLIN;CIENCIAS AMBIENTALES;INGENIERÍA AMBIENTAL, SANITARIA Y AFINES;ANTIOQUIA;MEDELLÍN;40;150.0;158.0;149.0;143.0;150.0;150.0;21.0;29.0;34.0;27.0;33.0
9626;INSTITUTO TECNOLOGICO METROPOLITANO;INSTITUTO TECNOLOGICO METROPOLITANO-MEDELLIN;CINE;ARTES PLÁSTICAS, VISUALES Y AFINES;ANTIOQUIA;MEDELLÍN;39;162.0;171.0;147.0;157.0;153.0;184.0;25.0;27.0;38.0;50.0;29.0
9594;INSTITUTO TECNOLOGICO METROPOLITANO;INSTITUTO TECNOLOGICO METROPOLITANO-MEDELLIN;CONTADURÍA PÚBLICA;CONTADURÍA PUBLICA;ANTIOQUIA;MEDELLÍN;185;143.0;144.0;144.0;138.0;148.0;143.0;26.0;25.0;28.0;33.0;23.0
4994;INSTITUTO TECNOLOGICO METROPOLITANO;INSTITUTO TECNOLOGICO METROPOLITANO-MEDELLIN;INGENIERIA BIOMEDICA;INGENIERÍA BIOMÉDICA Y AFINES;ANTIOQUIA;MEDELLÍN;114;155.0;156.0;160.0;147.0;149.0;164.0;27.0;26.0;31.0;31.0;26.0
9558;INSTITUTO TECNOLOGICO METROPOLITANO;INSTITUTO TECNOLOGICO METROPOLITANO-MEDELLIN;INGENIERIA DE LA CALIDAD;INGENIERÍA INDUSTRIAL Y AFINES;ANTIOQUIA;MEDELLÍN;39;148.0;150.0;148.0;140.0;156.0;143.0;24.0;23.0;35.0;43.0;25.0
204;INSTITUTO TECNOLOGICO METROPOLITANO;INSTITUTO TECNOLOGICO METROPOLITANO-MEDELLIN;INGENIERIA DE PRODUCCION;INGENIERÍA INDUSTRIAL Y AFINES;ANTIOQUIA;MEDELLÍN;59;145.0;144.0;147.0;134.0;152.0;145.0;23.0;29.0;30.0;33.0;22.0
2364;INSTITUTO TECNOLOGICO METROPOLITANO;INSTITUTO TECNOLOGICO METROPOLITANO-MEDELLIN;INGENIERIA DE SISTEMAS;INGENIERÍA DE SISTEMAS, TELEMÁTICA Y AFINES;ANTIOQUIA;MEDELLÍN;125;152.0;151.0;155.0;135.0;151.0;168.0;26.0;27.0;35.0;35.0;31.0
6105;INSTITUTO TECNOLOGICO METROPOLITANO;INSTITUTO TECNOLOGICO METROPOLITANO-MEDELLIN;INGENIERIA DE TELECOMUNICACIONES;INGENIERÍA ELECTRÓNICA, TELECOMUNICACIONES Y AFINES;ANTIOQUIA;MEDELLÍN;27;151.0;145.0;158.0;141.0;156.0;156.0;30.0;23.0;35.0;35.0;22.0
1063;INSTITUTO TECNOLOGICO METROPOLITANO;INSTITUTO TECNOLOGICO METROPOLITANO-MEDELLIN;INGENIERIA ELECTROMECANICA;INGENIERÍA MECÁNICA Y AFINES;ANTIOQUIA;MEDELLÍN;71;148.0;145.0;160.0;138.0;143.0;156.0;26.0;29.0;29.0;36.0;24.0
1062;INSTITUTO TECNOLOGICO METROPOLITANO;INSTITUTO TECNOLOGICO METROPOLITANO-MEDELLIN;INGENIERIA ELECTRONICA;INGENIERÍA ELECTRÓNICA, TELECOMUNICACIONES Y AFINES;ANTIOQUIA;MEDELLÍN;23;156.0;154.0;168.0;144.0;153.0;162.0;26.0;27.0;31.0;27.0;26.0
20625;INSTITUTO TECNOLOGICO METROPOLITANO;INSTITUTO TECNOLOGICO METROPOLITANO-MEDELLIN;INGENIERIA FINANCIERA;ADMINISTRACIÓN;ANTIOQUIA;MEDELLÍN;136;147.0;149.0;150.0;137.0;149.0;150.0;28.0;27.0;33.0;31.0;26.0
5695;INSTITUTO TECNOLOGICO METROPOLITANO;INSTITUTO TECNOLOGICO METROPOLITANO-MEDELLIN;INGENIERIA FINANCIERA Y DE NEGOCIOS;INGENIERÍA ADMINISTRATIVA Y AFINES;ANTIOQUIA;MEDELLÍN;3;157.0;150.0;158.0;155.0;158.0;164.0;24.0;35.0;47.0;9.0;25.0
7713;INSTITUTO TECNOLOGICO METROPOLITANO;INSTITUTO TECNOLOGICO METROPOLITANO-MEDELLIN;INGENIERÍA EN DISEÑO INDUSTRIAL;OTRAS INGENIERÍAS;ANTIOQUIA;MEDELLÍN;86;155.0;157.0;151.0;144.0;157.0;166.0;26.0;29.0;28.0;35.0;34.0
4452;INSTITUTO TECNOLOGICO METROPOLITANO;INSTITUTO TECNOLOGICO METROPOLITANO-MEDELLIN;INGENIERÍA MECATRÓNICA;INGENIERÍA MECÁNICA Y AFINES;ANTIOQUIA;MEDELLÍN;105;155.0;156.0;171.0;140.0;144.0;162.0;25.0;27.0;34.0;44.0;25.0
26507;INSTITUTO TECNOLOGICO METROPOLITANO;INSTITUTO TECNOLOGICO METROPOLITANO-MEDELLIN;INTERPRETACIÓN Y TRADUCCIÓN LENGUA DE SEÑAS COLOMBIANA - ESPAÑOL;LENGUAS MODERNAS, LITERATURA, LINGÜÍSTICA Y AFINES;ANTIOQUIA;MEDELLÍN;14;162.0;170.0;144.0;162.0;175.0;159.0;15.0;37.0;26.0;72.0;20.0
8212;INSTITUTO TECNOLOGICO METROPOLITANO;INSTITUTO TECNOLOGICO METROPOLITANO-MEDELLIN;QUÍMICA INDUSTRIAL;QUÍMICA Y AFINES;ANTIOQUIA;MEDELLÍN;30;155.0;162.0;159.0;147.0;150.0;158.0;22.0;30.0;29.0;27.0;28.0
3269;INSTITUTO TECNOLOGICO MUNICIPAL;INSTITUCION UNIVERSITARIA ANTONIO JOSE CAMACHO - UNIAJC-CALI;ADMINISTRACION DE EMPRESAS;ADMINISTRACIÓN;VALLE;CALI;227;133.0;135.0;128.0;125.0;142.0;134.0;25.0;24.0;29.0;36.0;23.0
3006;INSTITUTO TECNOLOGICO MUNICIPAL;INSTITUCION UNIVERSITARIA ANTONIO JOSE CAMACHO - UNIAJC-CALI;ADMINISTRACIÓN EN SALUD;ADMINISTRACIÓN;VALLE;CALI;129;129.0;131.0;119.0;123.0;144.0;125.0;24.0;24.0;26.0;38.0;23.0
20722;INSTITUTO TECNOLOGICO MUNICIPAL;INSTITUCION UNIVERSITARIA ANTONIO JOSE CAMACHO - UNIAJC-CALI;COMUNICACIÓN SOCIAL;COMUNICACIÓN SOCIAL, PERIODISMO Y AFINES;VALLE;CALI;46;129.0;142.0;117.0;129.0;133.0;125.0;24.0;25.0;28.0;43.0;21.0
3952;INSTITUTO TECNOLOGICO MUNICIPAL;INSTITUCION UNIVERSITARIA ANTONIO JOSE CAMACHO - UNIAJC-CALI;CONTADURIA PUBLICA;CONTADURÍA PUBLICA;VALLE;CALI;187;133.0;135.0;132.0;125.0;140.0;131.0;24.0;23.0;30.0;35.0;25.0
6;INSTITUTO TECNOLOGICO MUNICIPAL;INSTITUCION UNIVERSITARIA ANTONIO JOSE CAMACHO - UNIAJC-CALI;DISEÑO VISUAL;DISEÑO;VALLE;CALI;23;136.0;145.0;133.0;119.0;132.0;151.0;31.0;30.0;33.0;40.0;35.0
5446;INSTITUTO TECNOLOGICO MUNICIPAL;INSTITUCION UNIVERSITARIA ANTONIO JOSE CAMACHO - UNIAJC-CALI;INGENIERIA DE SISTEMAS;INGENIERÍA DE SISTEMAS, TELEMÁTICA Y AFINES;VALLE;CALI;104;139.0;142.0;141.0;128.0;137.0;147.0;26.0;27.0;31.0;38.0;34.0
1253;INSTITUTO TECNOLOGICO MUNICIPAL;INSTITUCION UNIVERSITARIA ANTONIO JOSE CAMACHO - UNIAJC-CALI;INGENIERIA ELECTRONICA;INGENIERÍA ELECTRÓNICA, TELECOMUNICACIONES Y AFINES;VALLE;CALI;62;144.0;145.0;156.0;127.0;138.0;153.0;26.0;25.0;33.0;24.0;33.0
9719;INSTITUTO TECNOLOGICO MUNICIPAL;INSTITUCION UNIVERSITARIA ANTONIO JOSE CAMACHO - UNIAJC-CALI;INGENIERIA INDUSTRIAL;INGENIERÍA INDUSTRIAL Y AFINES;VALLE;CALI;133;133.0;136.0;137.0;123.0;137.0;133.0;25.0;26.0;28.0;30.0;23.0
9725;INSTITUTO TECNOLOGICO MUNICIPAL;INSTITUCION UNIVERSITARIA ANTONIO JOSE CAMACHO - UNIAJC-CALI;LICENCIATURA EN CIENCIAS DEL DEPORTE Y LA EDUCACION FISICA;EDUCACIÓN;VALLE;CALI;100;127.0;132.0;119.0;122.0;133.0;127.0;27.0;23.0;31.0;42.0;22.0
25022;INSTITUTO TECNOLOGICO MUNICIPAL;INSTITUCION UNIVERSITARIA ANTONIO JOSE CAMACHO - UNIAJC-CALI;LICENCIATURA EN EDUCACION INFANTIL;EDUCACIÓN;VALLE;CALI;144;121.0;125.0;109.0;115.0;135.0;120.0;25.0;22.0;25.0;41.0;25.0
6740;INSTITUTO TECNOLOGICO MUNICIPAL;INSTITUCION UNIVERSITARIA ANTONIO JOSE CAMACHO - UNIAJC-CALI;LICENCIATURA EN PEDAGOGIA INFANTIL;EDUCACIÓN;VALLE;CALI;8;108.0;112.0;93.0;94.0;127.0;113.0;15.0;24.0;14.0;22.0;17.0
1710;INSTITUTO TECNOLOGICO MUNICIPAL;INSTITUCION UNIVERSITARIA ANTONIO JOSE CAMACHO - UNIAJC-CALI;SALUD OCUPACIONAL;SALUD PUBLICA;VALLE;CALI;206;123.0;129.0;117.0;115.0;132.0;124.0;25.0;23.0;26.0;40.0;23.0
8725;INSTITUTO TECNOLOGICO MUNICIPAL;INSTITUCION UNIVERSITARIA ANTONIO JOSE CAMACHO - UNIAJC-CALI;TRABAJO SOCIAL;SOCIOLOGÍA, TRABAJO SOCIAL Y AFINES;VALLE;CALI;258;120.0;126.0;105.0;117.0;134.0;118.0;24.0;21.0;24.0;35.0;19.0
4450;INSTITUTO TECNOLOGICO PASCUAL BRAVO;INSTITUCION  UNIVERSITARIA PASCUAL BRAVO-MEDELLIN;INGENIERIA INDUSTRIAL;INGENIERÍA INDUSTRIAL Y AFINES;ANTIOQUIA;MEDELLÍN;98;143.0;143.0;145.0;136.0;149.0;140.0;25.0;24.0;30.0;31.0;23.0
2556;INSTITUTO TECNOLOGICO PASCUAL BRAVO;INSTITUCION  UNIVERSITARIA PASCUAL BRAVO-MEDELLIN;INGENIERIA MECANICA;INGENIERÍA MECÁNICA Y AFINES;ANTIOQUIA;MEDELLÍN;92;143.0;146.0;154.0;130.0;138.0;144.0;25.0;29.0;31.0;32.0;27.0
18672;INSTITUTO TECNOLOGICO PASCUAL BRAVO;INSTITUCION  UNIVERSITARIA PASCUAL BRAVO-MEDELLIN;INGENIERIA MECÁNICA;INGENIERÍA MECÁNICA Y AFINES;ANTIOQUIA;MEDELLÍN;1;122.0;137.0;148.0;91.0;121.0;115.0;0.0;0.0;0.0;0.0;0.0
20807;INSTITUTO TECNOLOGICO PASCUAL BRAVO;INSTITUCION  UNIVERSITARIA PASCUAL BRAVO-MEDELLIN;INGENIERÍA ADMINISTRATIVA;INGENIERÍA ADMINISTRATIVA Y AFINES;ANTIOQUIA;MEDELLÍN;74;151.0;154.0;147.0;146.0;154.0;154.0;26.0;27.0;31.0;33.0;27.0
20691;INSTITUTO TECNOLOGICO PASCUAL BRAVO;INSTITUCION  UNIVERSITARIA PASCUAL BRAVO-MEDELLIN;INGENIERÍA DE SOFTWARE;INGENIERÍA DE SISTEMAS, TELEMÁTICA Y AFINES;ANTIOQUIA;MEDELLÍN;70;155.0;156.0;152.0;143.0;148.0;174.0;26.0;26.0;26.0;36.0;25.0
1246;INSTITUTO TECNOLOGICO PASCUAL BRAVO;INSTITUCION  UNIVERSITARIA PASCUAL BRAVO-MEDELLIN;INGENIERÍA ELÉCTRICA;INGENIERÍA ELÉCTRICA Y AFINES;ANTIOQUIA;MEDELLÍN;94;137.0;137.0;142.0;128.0;143.0;137.0;23.0;27.0;27.0;37.0;23.0
25508;INSTITUTO TECNOLOGICO PASCUAL BRAVO;INSTITUCION  UNIVERSITARIA PASCUAL BRAVO-MEDELLIN;INGENIERÍA EN LOGÍSTICA;INGENIERÍA QUÍMICA Y AFINES;ANTIOQUIA;MEDELLÍN;17;138.0;136.0;136.0;129.0;151.0;140.0;23.0;23.0;28.0;25.0;23.0
20650;INSTITUTO TECNOLOGICO PASCUAL BRAVO;INSTITUCION  UNIVERSITARIA PASCUAL BRAVO-MEDELLIN;PROFESIONAL EN DISEÑO DE VESTUARIO;DISEÑO;ANTIOQUIA;MEDELLÍN;40;145.0;150.0;129.0;137.0;154.0;155.0;26.0;25.0;27.0;34.0;27.0
20780;INSTITUTO TECNOLOGICO PASCUAL BRAVO;INSTITUCION  UNIVERSITARIA PASCUAL BRAVO-MEDELLIN;PROFESIONAL EN DISEÑO GRÁFICO;DISEÑO;ANTIOQUIA;MEDELLÍN;81;156.0;164.0;144.0;145.0;155.0;172.0;22.0;28.0;30.0;40.0;29.0
9772;INSTITUTO TECNOLOGICO PASCUAL BRAVO;INSTITUCION  UNIVERSITARIA PASCUAL BRAVO-MEDELLIN;PROFESIONAL EN GESTION DEL DISEÑO;ADMINISTRACIÓN;ANTIOQUIA;MEDELLÍN;36;149.0;154.0;140.0;140.0;151.0;159.0;24.0;25.0;25.0;34.0;29.0
2081;INSTITUTO TOLIMENSE DE FORMACION TECNICA PROFESIONAL;INSTITUTO TOLIMENSE DE FORMACION TECNICA PROFESIONAL -ESPINAL;ADMINISTRACION DE EMPRESAS;ADMINISTRACIÓN;TOLIMA;ESPINAL;90;127.0;131.0;117.0;118.0;138.0;128.0;28.0;23.0;26.0;34.0;24.0
9571;INSTITUTO TOLIMENSE DE FORMACION TECNICA PROFESIONAL;INSTITUTO TOLIMENSE DE FORMACION TECNICA PROFESIONAL -ESPINAL;CONTADURÍA PUBLICA;CONTADURÍA PUBLICA;TOLIMA;ESPINAL;74;133.0;135.0;131.0;126.0;145.0;129.0;25.0;28.0;30.0;23.0;22.0
5024;INSTITUTO TOLIMENSE DE FORMACION TECNICA PROFESIONAL;INSTITUTO TOLIMENSE DE FORMACION TECNICA PROFESIONAL -ESPINAL;INGENIERIA CIVIL;INGENIERÍA CIVIL Y AFINES;TOLIMA;ESPINAL;51;140.0;138.0;159.0;130.0;140.0;134.0;29.0;29.0;33.0;34.0;22.0
1694;INSTITUTO TOLIMENSE DE FORMACION TECNICA PROFESIONAL;INSTITUTO TOLIMENSE DE FORMACION TECNICA PROFESIONAL -ESPINAL;INGENIERIA DE SISTEMAS;INGENIERÍA DE SISTEMAS, TELEMÁTICA Y AFINES;TOLIMA;ESPINAL;61;136.0;140.0;140.0;123.0;136.0;142.0;26.0;26.0;32.0;40.0;24.0
394;INSTITUTO TOLIMENSE DE FORMACION TECNICA PROFESIONAL;INSTITUTO TOLIMENSE DE FORMACION TECNICA PROFESIONAL -ESPINAL;INGENIERIA ELECTRONICA;INGENIERÍA ELECTRÓNICA, TELECOMUNICACIONES Y AFINES;TOLIMA;ESPINAL;33;138.0;136.0;140.0;133.0;133.0;148.0;27.0;28.0;31.0;35.0;19.0
9691;INSTITUTO TOLIMENSE DE FORMACION TECNICA PROFESIONAL;INSTITUTO TOLIMENSE DE FORMACION TECNICA PROFESIONAL -ESPINAL;INGENIERÍA AGRONOMICA;INGENIERÍA AGRONÓMICA, PECUARIA Y AFINES;TOLIMA;ESPINAL;33;127.0;133.0;128.0;116.0;134.0;125.0;23.0;26.0;23.0;27.0;23.0
9559;INSTITUTO TOLIMENSE DE FORMACION TECNICA PROFESIONAL;INSTITUTO TOLIMENSE DE FORMACION TECNICA PROFESIONAL -ESPINAL;PROFESIONAL EN ACTIVIDAD FÍSICA Y DEPORTE;DEPORTES, EDUCACIÓN FÍSICA Y RECREACIÓN;TOLIMA;ESPINAL;56;126.0;127.0;118.0;123.0;136.0;126.0;26.0;28.0;30.0;32.0;21.0
5052;INSTITUTO TOLIMENSE DE FORMACION TECNICA PROFESIONAL;INSTITUTO TOLIMENSE DE FORMACION TECNICA PROFESIONAL -ESPINAL;TRABAJO SOCIAL;SOCIOLOGÍA, TRABAJO SOCIAL Y AFINES;TOLIMA;ESPINAL;97;122.0;128.0;105.0;119.0;136.0;122.0;23.0;19.0;32.0;32.0;21.0
9618;INSTITUTO UNIVERSITARIO DE LA PAZ;INSTITUTO UNIVERSITARIO DE LA PAZ-BARRANCABERMEJA;ADMINISTRACIÓN DE NEGOCIOS INTERNACIONALES;ADMINISTRACIÓN;SANTANDER;BARRANCABERMEJA;71;141.0;143.0;131.0;136.0;144.0;150.0;25.0;27.0;30.0;41.0;25.0
9554;INSTITUTO UNIVERSITARIO DE LA PAZ;INSTITUTO UNIVERSITARIO DE LA PAZ-BARRANCABERMEJA;COMUNICACIÓN SOCIAL;COMUNICACIÓN SOCIAL, PERIODISMO Y AFINES;SANTANDER;BARRANCABERMEJA;35;137.0;144.0;124.0;131.0;147.0;138.0;29.0;28.0;29.0;39.0;26.0
6839;INSTITUTO UNIVERSITARIO DE LA PAZ;INSTITUTO UNIVERSITARIO DE LA PAZ-BARRANCABERMEJA;INGENIERIA AGROINDUSTRIAL;INGENIERÍA AGROINDUSTRIAL, ALIMENTOS Y AFINES;SANTANDER;BARRANCABERMEJA;62;129.0;129.0;131.0;124.0;136.0;125.0;27.0;26.0;25.0;35.0;28.0
6514;INSTITUTO UNIVERSITARIO DE LA PAZ;INSTITUTO UNIVERSITARIO DE LA PAZ-BARRANCABERMEJA;INGENIERIA AGRONOMICA;INGENIERÍA AGRONÓMICA, PECUARIA Y AFINES;SANTANDER;BARRANCABERMEJA;27;137.0;138.0;134.0;134.0;144.0;135.0;29.0;25.0;30.0;37.0;17.0
82;INSTITUTO UNIVERSITARIO DE LA PAZ;INSTITUTO UNIVERSITARIO DE LA PAZ-BARRANCABERMEJA;INGENIERIA AMBIENTAL Y DE SANEAMIENTO;INGENIERÍA AMBIENTAL, SANITARIA Y AFINES;SANTANDER;BARRANCABERMEJA;55;136.0;144.0;134.0;129.0;138.0;133.0;24.0;26.0;23.0;36.0;26.0
2897;INSTITUTO UNIVERSITARIO DE LA PAZ;INSTITUTO UNIVERSITARIO DE LA PAZ-BARRANCABERMEJA;INGENIERIA EN HIGIENE Y SEGURIDAD INDUSTRIAL;INGENIERÍA INDUSTRIAL Y AFINES;SANTANDER;BARRANCABERMEJA;1;119.0;139.0;71.0;117.0;131.0;138.0;0.0;0.0;0.0;0.0;0.0
8057;INSTITUTO UNIVERSITARIO DE LA PAZ;INSTITUTO UNIVERSITARIO DE LA PAZ-BARRANCABERMEJA;INGENIERÍA DE PRODUCCIÓN;OTRAS INGENIERÍAS;SANTANDER;BARRANCABERMEJA;56;133.0;133.0;138.0;121.0;138.0;135.0;29.0;20.0;29.0;27.0;21.0
20827;INSTITUTO UNIVERSITARIO DE LA PAZ;INSTITUTO UNIVERSITARIO DE LA PAZ-BARRANCABERMEJA;INGENIERÍA EN SEGURIDAD Y SALUD EN EL TRABAJO;INGENIERÍA INDUSTRIAL Y AFINES;SANTANDER;BARRANCABERMEJA;56;133.0;135.0;127.0;120.0;150.0;134.0;25.0;24.0;26.0;34.0;26.0
9746;INSTITUTO UNIVERSITARIO DE LA PAZ;INSTITUTO UNIVERSITARIO DE LA PAZ-BARRANCABERMEJA;INGENIERÍA INFORMÁTICA;INGENIERÍA DE SISTEMAS, TELEMÁTICA Y AFINES;SANTANDER;BARRANCABERMEJA;42;144.0;146.0;144.0;134.0;143.0;151.0;25.0;24.0;32.0;28.0;36.0
4454;INSTITUTO UNIVERSITARIO DE LA PAZ;INSTITUTO UNIVERSITARIO DE LA PAZ-BARRANCABERMEJA;LICENCIATURA EN ARTES;EDUCACIÓN;SANTANDER;BARRANCABERMEJA;36;130.0;134.0;125.0;124.0;132.0;132.0;25.0;25.0;27.0;40.0;24.0
953;INSTITUTO UNIVERSITARIO DE LA PAZ;INSTITUTO UNIVERSITARIO DE LA PAZ-BARRANCABERMEJA;MEDICINA VETERINARIA Y ZOOTECNIA;MEDICINA VETERINARIA;SANTANDER;BARRANCABERMEJA;32;138.0;147.0;144.0;131.0;140.0;128.0;28.0;22.0;26.0;23.0;25.0
7674;INSTITUTO UNIVERSITARIO DE LA PAZ;INSTITUTO UNIVERSITARIO DE LA PAZ-BARRANCABERMEJA;QUIMICA.;QUÍMICA Y AFINES;SANTANDER;BARRANCABERMEJA;11;142.0;153.0;147.0;133.0;133.0;145.0;12.0;24.0;25.0;52.0;31.0
2925;INSTITUTO UNIVERSITARIO DE LA PAZ;INSTITUTO UNIVERSITARIO DE LA PAZ-BARRANCABERMEJA;TRABAJO SOCIAL;SOCIOLOGÍA, TRABAJO SOCIAL Y AFINES;SANTANDER;BARRANCABERMEJA;70;138.0;147.0;120.0;142.0;153.0;129.0;26.0;27.0;28.0;29.0;26.0
24937;PATRICIO SYMES;FUNDACION UNIVERSITARIA PATRICIO SYMES;ADMINISTRACION DE EMPRESAS;ADMINISTRACIÓN;VALLE;BUENAVENTURA;9;144.0;159.0;132.0;138.0;144.0;148.0;12.0;22.0;29.0;22.0;19.0
25907;PATRICIO SYMES;FUNDACION UNIVERSITARIA PATRICIO SYMES;TEOLOGIA;FILOSOFÍA, TEOLOGÍA Y AFINES;VALLE;BUENAVENTURA;21;138.0;149.0;129.0;139.0;132.0;140.0;29.0;42.0;40.0;48.0;47.0
4639;POLITECNICO COLOMBIANO;"POLITECNICO COLOMBIANO""JAIME ISAZA CADAVID""-MEDELLIN";ADMINISTRACION DE EMPRESAS AGROPECUARIAS;ADMINISTRACIÓN;ANTIOQUIA;MEDELLÍN;20;141.0;142.0;132.0;139.0;150.0;144.0;24.0;21.0;30.0;44.0;25.0
25642;POLITECNICO COLOMBIANO;"POLITECNICO COLOMBIANO""JAIME ISAZA CADAVID""-MEDELLIN";ADMINISTRACIÓN PÚBLICA;ADMINISTRACIÓN;ANTIOQUIA;MEDELLÍN;31;152.0;157.0;140.0;160.0;162.0;143.0;21.0;20.0;27.0;34.0;26.0
2911;POLITECNICO COLOMBIANO;"POLITECNICO COLOMBIANO""JAIME ISAZA CADAVID""-MEDELLIN";COMUNICACION AUDIOVISUAL;COMUNICACIÓN SOCIAL, PERIODISMO Y AFINES;ANTIOQUIA;MEDELLÍN;92;155.0;164.0;136.0;150.0;154.0;171.0;25.0;28.0;32.0;37.0;31.0
865;POLITECNICO COLOMBIANO;"POLITECNICO COLOMBIANO""JAIME ISAZA CADAVID""-MEDELLIN";CONTADURIA PUBLICA;CONTADURÍA PUBLICA;ANTIOQUIA;MEDELLÍN;200;149.0;153.0;147.0;145.0;153.0;145.0;26.0;25.0;31.0;36.0;24.0
568;POLITECNICO COLOMBIANO;"POLITECNICO COLOMBIANO""JAIME ISAZA CADAVID""-MEDELLIN";INGENIERIA AGROPECUARIA;INGENIERÍA AGRONÓMICA, PECUARIA Y AFINES;ANTIOQUIA;MEDELLÍN;51;143.0;149.0;144.0;136.0;142.0;146.0;27.0;23.0;31.0;35.0;28.0
427;POLITECNICO COLOMBIANO;"POLITECNICO COLOMBIANO""JAIME ISAZA CADAVID""-MEDELLIN";INGENIERIA CIVIL;INGENIERÍA CIVIL Y AFINES;ANTIOQUIA;MEDELLÍN;179;154.0;155.0;175.0;146.0;142.0;153.0;23.0;22.0;32.0;40.0;29.0
6061;POLITECNICO COLOMBIANO;"POLITECNICO COLOMBIANO""JAIME ISAZA CADAVID""-MEDELLIN";INGENIERIA DE PRODUCTIVIDAD Y CALIDAD;INGENIERÍA INDUSTRIAL Y AFINES;ANTIOQUIA;MEDELLÍN;73;147.0;149.0;152.0;138.0;154.0;143.0;24.0;27.0;28.0;32.0;32.0
28499;POLITECNICO COLOMBIANO;"POLITECNICO COLOMBIANO""JAIME ISAZA CADAVID""-MEDELLIN";INGENIERIA EN AUTOMATIZACIÓN Y CONTROL;SIN CLASIFICAR;ANTIOQUIA;MEDELLÍN;16;159.0;160.0;179.0;152.0;140.0;164.0;25.0;23.0;33.0;25.0;26.0
3131;POLITECNICO COLOMBIANO;"POLITECNICO COLOMBIANO""JAIME ISAZA CADAVID""-MEDELLIN";INGENIERIA EN HIGIENE Y SEGURIDAD OCUPACIONAL;INGENIERÍA INDUSTRIAL Y AFINES;ANTIOQUIA;MEDELLÍN;30;144.0;148.0;144.0;138.0;146.0;143.0;24.0;28.0;33.0;23.0;24.0
3142;POLITECNICO COLOMBIANO;"POLITECNICO COLOMBIANO""JAIME ISAZA CADAVID""-MEDELLIN";INGENIERIA EN INSTRUMENTACION Y CONTROL;INGENIERÍA ELECTRÓNICA, TELECOMUNICACIONES Y AFINES;ANTIOQUIA;MEDELLÍN;1;145.0;144.0;138.0;149.0;125.0;169.0;0.0;0.0;0.0;0.0;0.0
25330;POLITECNICO COLOMBIANO;"POLITECNICO COLOMBIANO""JAIME ISAZA CADAVID""-MEDELLIN";INGENIERIA EN SEGURIDAD Y SALUD EN EL TRABAJO;INGENIERÍA QUÍMICA Y AFINES;ANTIOQUIA;MEDELLÍN;36;142.0;141.0;144.0;129.0;153.0;141.0;26.0;28.0;28.0;27.0;22.0
1446;POLITECNICO COLOMBIANO;"POLITECNICO COLOMBIANO""JAIME ISAZA CADAVID""-MEDELLIN";INGENIERIA INFORMATICA;INGENIERÍA DE SISTEMAS, TELEMÁTICA Y AFINES;ANTIOQUIA;MEDELLÍN;101;163.0;163.0;168.0;154.0;154.0;175.0;22.0;24.0;28.0;40.0;25.0
25331;POLITECNICO COLOMBIANO;"POLITECNICO COLOMBIANO""JAIME ISAZA CADAVID""-MEDELLIN";INGENIERÍA INFORMÁTICA;INGENIERÍA DE SISTEMAS, TELEMÁTICA Y AFINES;ANTIOQUIA;MEDELLÍN;15;150.0;149.0;153.0;135.0;154.0;163.0;31.0;26.0;37.0;35.0;29.0
566;POLITECNICO COLOMBIANO;"POLITECNICO COLOMBIANO""JAIME ISAZA CADAVID""-MEDELLIN";LICENCIATURA EN EDUCACION BASICA ENFASIS EN EDUCACION FISICA, RECREACION Y DEPORTE;EDUCACIÓN;ANTIOQUIA;MEDELLÍN;51;138.0;144.0;132.0;131.0;144.0;139.0;25.0;23.0;26.0;32.0;26.0
17143;POLITECNICO COLOMBIANO;"POLITECNICO COLOMBIANO""JAIME ISAZA CADAVID""-MEDELLIN";LICENCIATURA EN EDUCACION FISICA, RECREACION Y DEPORTE;EDUCACIÓN;ANTIOQUIA;MEDELLÍN;1;126.0;104.0;151.0;96.0;149.0;128.0;0.0;0.0;0.0;0.0;0.0
25779;POLITECNICO COLOMBIANO;"POLITECNICO COLOMBIANO""JAIME ISAZA CADAVID""-MEDELLIN";LICENCIATURA EN EDUCACIÓN FÍSICA, RECREACIÓN Y DEPORTES;EDUCACIÓN;ANTIOQUIA;MEDELLÍN;62;144.0;147.0;141.0;143.0;146.0;143.0;26.0;24.0;27.0;41.0;27.0
580;POLITECNICO COLOMBIANO;"POLITECNICO COLOMBIANO""JAIME ISAZA CADAVID""-MEDELLIN";PROFESIONAL EN DEPORTE;DEPORTES, EDUCACIÓN FÍSICA Y RECREACIÓN;ANTIOQUIA;MEDELLÍN;129;148.0;150.0;150.0;138.0;148.0;155.0;28.0;27.0;29.0;34.0;30.0
450;POLITECNICO GRANCOLOMBIANO;POLITECNICO GRANCOLOMBIANO-BOGOTÁ D.C.;ADMINISTRACION DE EMPRESAS;ADMINISTRACIÓN;BOGOTÁ;BOGOTÁ D.C.;100;142.0;142.0;141.0;135.0;144.0;147.0;26.0;21.0;28.0;31.0;24.0
17931;POLITECNICO GRANCOLOMBIANO;POLITECNICO GRANCOLOMBIANO-BOGOTÁ D.C.;ADMINISTRACION DE EMPRESAS;ADMINISTRACIÓN;BOGOTÁ;BOGOTÁ D.C.;1;119.0;126.0;116.0;108.0;151.0;93.0;0.0;0.0;0.0;0.0;0.0
17934;POLITECNICO GRANCOLOMBIANO;POLITECNICO GRANCOLOMBIANO-BOGOTÁ D.C.;ADMINISTRACION DE EMPRESAS;ADMINISTRACIÓN;BOGOTÁ;BOGOTÁ D.C.;6;133.0;128.0;126.0;123.0;142.0;144.0;32.0;19.0;15.0;23.0;25.0
2771;POLITECNICO GRANCOLOMBIANO;POLITECNICO GRANCOLOMBIANO-BOGOTÁ D.C.;ADMINISTRACION PUBLICA;ADMINISTRACIÓN;BOGOTÁ;BOGOTÁ D.C.;7;133.0;146.0;134.0;133.0;154.0;100.0;31.0;27.0;12.0;29.0;50.0
3946;POLITECNICO GRANCOLOMBIANO;POLITECNICO GRANCOLOMBIANO-BOGOTÁ D.C.;ADMINISTRACION PUBLICA;ADMINISTRACIÓN;BOGOTÁ;BOGOTÁ D.C.;122;139.0;143.0;130.0;147.0;138.0;136.0;26.0;26.0;28.0;35.0;25.0
28538;POLITECNICO GRANCOLOMBIANO;POLITECNICO GRANCOLOMBIANO-BOGOTÁ D.C.;ADMINISTRACIÓN DE AGRONEGOCIOS;ADMINISTRACIÓN;BOGOTÁ;BOGOTÁ D.C.;5;155.0;160.0;181.0;166.0;111.0;158.0;31.0;69.0;27.0;68.0;34.0
14;POLITECNICO GRANCOLOMBIANO;POLITECNICO GRANCOLOMBIANO-BOGOTÁ D.C.;ADMINISTRACIÓN DE EMPRESAS;ADMINISTRACIÓN;BOGOTÁ;BOGOTÁ D.C.;58;140.0;142.0;135.0;135.0;150.0;136.0;26.0;24.0;25.0;24.0;26.0
2533;POLITECNICO GRANCOLOMBIANO;POLITECNICO GRANCOLOMBIANO-BOGOTÁ D.C.;ADMINISTRACIÓN DE EMPRESAS;ADMINISTRACIÓN;BOGOTÁ;BOGOTÁ D.C.;2949;138.0;141.0;132.0;135.0;143.0;140.0;24.0;25.0;27.0;33.0;26.0
25326;POLITECNICO GRANCOLOMBIANO;POLITECNICO GRANCOLOMBIANO-BOGOTÁ D.C.;ADMINISTRACIÓN HOTELERA Y GASTRONÓMICA;ADMINISTRACIÓN;BOGOTÁ;BOGOTÁ D.C.;25;148.0;150.0;138.0;145.0;147.0;162.0;24.0;29.0;24.0;26.0;31.0
726;POLITECNICO GRANCOLOMBIANO;POLITECNICO GRANCOLOMBIANO-BOGOTÁ D.C.;ARTES DE LA ESCENA;ARTES REPRESENTATIVAS;BOGOTÁ;BOGOTÁ D.C.;6;156.0;165.0;133.0;153.0;159.0;171.0;23.0;50.0;40.0;13.0;44.0
1010;POLITECNICO GRANCOLOMBIANO;POLITECNICO GRANCOLOMBIANO-BOGOTÁ D.C.;COMUNICACION SOCIAL- PERIODISMO;COMUNICACIÓN SOCIAL, PERIODISMO Y AFINES;BOGOTÁ;BOGOTÁ D.C.;45;155.0;162.0;141.0;153.0;149.0;170.0;22.0;22.0;27.0;47.0;25.0
25784;POLITECNICO GRANCOLOMBIANO;POLITECNICO GRANCOLOMBIANO-BOGOTÁ D.C.;COMUNICACIÓN DIGITAL;PUBLICIDAD Y AFINES;BOGOTÁ;BOGOTÁ D.C.;14;145.0;150.0;123.0;138.0;147.0;169.0;39.0;26.0;27.0;35.0;28.0
2574;POLITECNICO GRANCOLOMBIANO;POLITECNICO GRANCOLOMBIANO-BOGOTÁ D.C.;COMUNICACIÓN SOCIAL;COMUNICACIÓN SOCIAL, PERIODISMO Y AFINES;BOGOTÁ;BOGOTÁ D.C.;79;147.0;156.0;130.0;142.0;145.0;161.0;26.0;28.0;30.0;49.0;36.0
47;POLITECNICO GRANCOLOMBIANO;POLITECNICO GRANCOLOMBIANO-BOGOTÁ D.C.;CONTADURIA PUBLICA;CONTADURÍA PUBLICA;BOGOTÁ;BOGOTÁ D.C.;99;143.0;145.0;142.0;138.0;150.0;142.0;25.0;26.0;27.0;24.0;24.0
4975;POLITECNICO GRANCOLOMBIANO;POLITECNICO GRANCOLOMBIANO-BOGOTÁ D.C.;CONTADURIA PUBLICA;CONTADURÍA PUBLICA;BOGOTÁ;BOGOTÁ D.C.;807;140.0;143.0;137.0;134.0;144.0;140.0;24.0;24.0;28.0;31.0;25.0
9754;POLITECNICO GRANCOLOMBIANO;POLITECNICO GRANCOLOMBIANO-BOGOTÁ D.C.;CONTADURÍA PÚBLICA;CONTADURÍA PUBLICA;BOGOTÁ;BOGOTÁ D.C.;47;141.0;147.0;138.0;142.0;143.0;137.0;25.0;24.0;29.0;33.0;27.0
1302;POLITECNICO GRANCOLOMBIANO;POLITECNICO GRANCOLOMBIANO-BOGOTÁ D.C.;DERECHO;DERECHO Y AFINES;BOGOTÁ;BOGOTÁ D.C.;130;138.0;145.0;129.0;146.0;145.0;127.0;27.0;29.0;29.0;41.0;31.0
4665;POLITECNICO GRANCOLOMBIANO;POLITECNICO GRANCOLOMBIANO-BOGOTÁ D.C.;DERECHO;DERECHO Y AFINES;BOGOTÁ;BOGOTÁ D.C.;55;146.0;153.0;141.0;154.0;146.0;138.0;25.0;29.0;32.0;37.0;34.0
30820;POLITECNICO GRANCOLOMBIANO;POLITECNICO GRANCOLOMBIANO-BOGOTÁ D.C.;DERECHO;DERECHO Y AFINES;BOGOTÁ;BOGOTÁ D.C.;20;140.0;141.0;125.0;139.0;167.0;129.0;26.0;32.0;30.0;22.0;31.0
2520;POLITECNICO GRANCOLOMBIANO;POLITECNICO GRANCOLOMBIANO-BOGOTÁ D.C.;DISEÑO DE MODAS;DISEÑO;BOGOTÁ;BOGOTÁ D.C.;45;149.0;156.0;134.0;140.0;149.0;169.0;30.0;24.0;28.0;35.0;23.0
28308;POLITECNICO GRANCOLOMBIANO;POLITECNICO GRANCOLOMBIANO-BOGOTÁ D.C.;DISEÑO DIGITAL;DISEÑO;BOGOTÁ;BOGOTÁ D.C.;2;163.0;158.0;177.0;138.0;162.0;179.0;2.0;10.0;16.0;25.0;17.0
343;POLITECNICO GRANCOLOMBIANO;POLITECNICO GRANCOLOMBIANO-BOGOTÁ D.C.;DISEÑO GRÁFICO;DISEÑO;BOGOTÁ;BOGOTÁ D.C.;73;161.0;168.0;150.0;154.0;147.0;186.0;26.0;22.0;26.0;41.0;29.0
25785;POLITECNICO GRANCOLOMBIANO;POLITECNICO GRANCOLOMBIANO-BOGOTÁ D.C.;DISEÑO GRÁFICO;DISEÑO;BOGOTÁ;BOGOTÁ D.C.;50;152.0;158.0;139.0;143.0;147.0;171.0;27.0;29.0;28.0;36.0;34.0
7750;POLITECNICO GRANCOLOMBIANO;POLITECNICO GRANCOLOMBIANO-BOGOTÁ D.C.;DISEÑO INDUSTRIAL;DISEÑO;BOGOTÁ;BOGOTÁ D.C.;29;149.0;150.0;136.0;139.0;152.0;165.0;32.0;26.0;26.0;19.0;20.0
2519;POLITECNICO GRANCOLOMBIANO;POLITECNICO GRANCOLOMBIANO-BOGOTÁ D.C.;ECONOMIA;ECONOMÍA;BOGOTÁ;BOGOTÁ D.C.;1;151.0;179.0;155.0;132.0;133.0;157.0;0.0;0.0;0.0;0.0;0.0
6294;POLITECNICO GRANCOLOMBIANO;POLITECNICO GRANCOLOMBIANO-BOGOTÁ D.C.;ECONOMÍA;ECONOMÍA;BOGOTÁ;BOGOTÁ D.C.;25;143.0;143.0;139.0;141.0;144.0;147.0;27.0;29.0;29.0;23.0;30.0
25955;POLITECNICO GRANCOLOMBIANO;POLITECNICO GRANCOLOMBIANO-BOGOTÁ D.C.;FINANZAS;ADMINISTRACIÓN;BOGOTÁ;BOGOTÁ D.C.;5;140.0;146.0;134.0;126.0;139.0;156.0;26.0;11.0;31.0;21.0;40.0
26363;POLITECNICO GRANCOLOMBIANO;POLITECNICO GRANCOLOMBIANO-BOGOTÁ D.C.;GESTIÓN DE LA SEGURIDAD Y LA SALUD LABORAL;ADMINISTRACIÓN;BOGOTÁ;BOGOTÁ D.C.;9;138.0;151.0;127.0;134.0;149.0;130.0;26.0;24.0;44.0;24.0;22.0
908;POLITECNICO GRANCOLOMBIANO;POLITECNICO GRANCOLOMBIANO-BOGOTÁ D.C.;INGENIERIA DE SISTEMAS;INGENIERÍA DE SISTEMAS, TELEMÁTICA Y AFINES;BOGOTÁ;BOGOTÁ D.C.;1;158.0;128.0;207.0;160.0;147.0;148.0;0.0;0.0;0.0;0.0;0.0
6385;POLITECNICO GRANCOLOMBIANO;POLITECNICO GRANCOLOMBIANO-BOGOTÁ D.C.;INGENIERIA DE SISTEMAS;INGENIERÍA DE SISTEMAS, TELEMÁTICA Y AFINES;BOGOTÁ;BOGOTÁ D.C.;80;153.0;153.0;160.0;144.0;139.0;169.0;27.0;24.0;31.0;39.0;27.0
4006;POLITECNICO GRANCOLOMBIANO;POLITECNICO GRANCOLOMBIANO-BOGOTÁ D.C.;INGENIERIA EN TELECOMUNICACIONES;INGENIERÍA ELECTRÓNICA, TELECOMUNICACIONES Y AFINES;BOGOTÁ;BOGOTÁ D.C.;19;156.0;155.0;164.0;144.0;143.0;176.0;26.0;23.0;29.0;23.0;24.0
4161;POLITECNICO GRANCOLOMBIANO;POLITECNICO GRANCOLOMBIANO-BOGOTÁ D.C.;INGENIERIA INDUSTRIAL;INGENIERÍA INDUSTRIAL Y AFINES;BOGOTÁ;BOGOTÁ D.C.;49;145.0;148.0;147.0;139.0;140.0;149.0;24.0;29.0;31.0;31.0;27.0
852;POLITECNICO GRANCOLOMBIANO;POLITECNICO GRANCOLOMBIANO-BOGOTÁ D.C.;INGENIERÍA DE SISTEMAS;INGENIERÍA DE SISTEMAS, TELEMÁTICA Y AFINES;BOGOTÁ;BOGOTÁ D.C.;57;151.0;153.0;154.0;144.0;144.0;160.0;27.0;29.0;33.0;34.0;26.0
9595;POLITECNICO GRANCOLOMBIANO;POLITECNICO GRANCOLOMBIANO-BOGOTÁ D.C.;INGENIERÍA DE SOFTWARE;INGENIERÍA DE SISTEMAS, TELEMÁTICA Y AFINES;BOGOTÁ;BOGOTÁ D.C.;799;151.0;153.0;149.0;144.0;145.0;163.0;27.0;28.0;32.0;36.0;30.0
25639;POLITECNICO GRANCOLOMBIANO;POLITECNICO GRANCOLOMBIANO-BOGOTÁ D.C.;INGENIERÍA EN TELECOMUNICACIONES;INGENIERÍA ELECTRÓNICA, TELECOMUNICACIONES Y AFINES;BOGOTÁ;BOGOTÁ D.C.;11;149.0;150.0;146.0;128.0;155.0;167.0;18.0;26.0;19.0;20.0;29.0
850;POLITECNICO GRANCOLOMBIANO;POLITECNICO GRANCOLOMBIANO-BOGOTÁ D.C.;INGENIERÍA INDUSTRIAL;INGENIERÍA INDUSTRIAL Y AFINES;BOGOTÁ;BOGOTÁ D.C.;42;142.0;139.0;150.0;128.0;149.0;142.0;28.0;28.0;26.0;34.0;26.0
7149;POLITECNICO GRANCOLOMBIANO;POLITECNICO GRANCOLOMBIANO-BOGOTÁ D.C.;INGENIERÍA INDUSTRIAL;INGENIERÍA INDUSTRIAL Y AFINES;BOGOTÁ;BOGOTÁ D.C.;1773;138.0;139.0;138.0;133.0;140.0;138.0;25.0;27.0;29.0;34.0;25.0
1282;POLITECNICO GRANCOLOMBIANO;POLITECNICO GRANCOLOMBIANO-BOGOTÁ D.C.;LICENCIATURA EN CIENCIAS SOCIALES;EDUCACIÓN;BOGOTÁ;BOGOTÁ D.C.;323;130.0;136.0;119.0;131.0;139.0;124.0;27.0;27.0;30.0;41.0;23.0
30790;POLITECNICO GRANCOLOMBIANO;POLITECNICO GRANCOLOMBIANO-BOGOTÁ D.C.;LICENCIATURA EN EDUCACIÓN BÁSICA PRIMARIA;EDUCACIÓN;BOGOTÁ;BOGOTÁ D.C.;11;128.0;133.0;114.0;122.0;142.0;127.0;26.0;32.0;27.0;25.0;15.0
30675;POLITECNICO GRANCOLOMBIANO;POLITECNICO GRANCOLOMBIANO-BOGOTÁ D.C.;LICENCIATURA EN EDUCACIÓN INFANTIL;EDUCACIÓN;BOGOTÁ;BOGOTÁ D.C.;235;124.0;127.0;113.0;120.0;138.0;120.0;26.0;27.0;26.0;39.0;22.0
5497;POLITECNICO GRANCOLOMBIANO;POLITECNICO GRANCOLOMBIANO-BOGOTÁ D.C.;LICENCIATURA EN EDUCACIÓN PARA LA PRIMERA INFANCIA;EDUCACIÓN;BOGOTÁ;BOGOTÁ D.C.;101;125.0;131.0;111.0;122.0;136.0;124.0;24.0;23.0;24.0;34.0;27.0
2923;POLITECNICO GRANCOLOMBIANO;POLITECNICO GRANCOLOMBIANO-BOGOTÁ D.C.;MATEMATICAS;MATEMÁTICAS, ESTADÍSTICA Y AFINES;BOGOTÁ;BOGOTÁ D.C.;1;132.0;126.0;149.0;133.0;111.0;142.0;0.0;0.0;0.0;0.0;0.0
4099;POLITECNICO GRANCOLOMBIANO;POLITECNICO GRANCOLOMBIANO-BOGOTÁ D.C.;MERCADEO Y PUBLICIDAD;PUBLICIDAD Y AFINES;BOGOTÁ;BOGOTÁ D.C.;54;149.0;153.0;135.0;142.0;155.0;161.0;31.0;28.0;35.0;46.0;39.0
6096;POLITECNICO GRANCOLOMBIANO;POLITECNICO GRANCOLOMBIANO-BOGOTÁ D.C.;MERCADEO Y PUBLICIDAD;ADMINISTRACIÓN;BOGOTÁ;BOGOTÁ D.C.;146;151.0;155.0;141.0;138.0;151.0;171.0;27.0;24.0;28.0;30.0;27.0
7249;POLITECNICO GRANCOLOMBIANO;POLITECNICO GRANCOLOMBIANO-BOGOTÁ D.C.;MERCADEO Y PUBLICIDAD;ADMINISTRACIÓN;BOGOTÁ;BOGOTÁ D.C.;71;146.0;146.0;134.0;135.0;144.0;168.0;31.0;27.0;32.0;39.0;41.0
17721;POLITECNICO GRANCOLOMBIANO;POLITECNICO GRANCOLOMBIANO-BOGOTÁ D.C.;MERCADEO Y PUBLICIDAD;PUBLICIDAD Y AFINES;BOGOTÁ;BOGOTÁ D.C.;3;167.0;169.0;163.0;182.0;143.0;178.0;20.0;24.0;16.0;27.0;26.0
2376;POLITECNICO GRANCOLOMBIANO;POLITECNICO GRANCOLOMBIANO-BOGOTÁ D.C.;NEGOCIOS INTERNACIONALES;ECONOMÍA;BOGOTÁ;BOGOTÁ D.C.;32;152.0;151.0;142.0;145.0;144.0;175.0;27.0;27.0;28.0;25.0;25.0
4530;POLITECNICO GRANCOLOMBIANO;POLITECNICO GRANCOLOMBIANO-BOGOTÁ D.C.;NEGOCIOS INTERNACIONALES;ADMINISTRACIÓN;BOGOTÁ;BOGOTÁ D.C.;280;148.0;152.0;138.0;145.0;146.0;161.0;25.0;24.0;30.0;29.0;28.0
7307;POLITECNICO GRANCOLOMBIANO;POLITECNICO GRANCOLOMBIANO-BOGOTÁ D.C.;NEGOCIOS INTERNACIONALES;ADMINISTRACIÓN;BOGOTÁ;BOGOTÁ D.C.;31;154.0;160.0;137.0;147.0;149.0;177.0;22.0;35.0;30.0;40.0;25.0
7148;POLITECNICO GRANCOLOMBIANO;POLITECNICO GRANCOLOMBIANO-BOGOTÁ D.C.;PERIODISMO;COMUNICACIÓN SOCIAL, PERIODISMO Y AFINES;BOGOTÁ;BOGOTÁ D.C.;5;136.0;154.0;106.0;142.0;118.0;163.0;32.0;38.0;39.0;69.0;48.0
8811;POLITECNICO GRANCOLOMBIANO;POLITECNICO GRANCOLOMBIANO-BOGOTÁ D.C.;PROFESIONAL EN GESTIÓN DE LA SEGURIDAD Y LA SALUD LABORAL;SOCIOLOGÍA, TRABAJO SOCIAL Y AFINES;BOGOTÁ;BOGOTÁ D.C.;734;132.0;136.0;124.0;129.0;139.0;131.0;25.0;25.0;27.0;34.0;24.0
213;POLITECNICO GRANCOLOMBIANO;POLITECNICO GRANCOLOMBIANO-BOGOTÁ D.C.;PROFESIONAL EN MEDIOS AUDIOVISUALES;COMUNICACIÓN SOCIAL, PERIODISMO Y AFINES;BOGOTÁ;BOGOTÁ D.C.;83;153.0;156.0;143.0;141.0;150.0;174.0;29.0;28.0;32.0;29.0;25.0
2291;POLITECNICO GRANCOLOMBIANO;POLITECNICO GRANCOLOMBIANO-BOGOTÁ D.C.;PSICOLOGIA;PSICOLOGÍA;BOGOTÁ;BOGOTÁ D.C.;68;146.0;158.0;134.0;144.0;147.0;147.0;24.0;22.0;29.0;22.0;29.0
2573;POLITECNICO GRANCOLOMBIANO;POLITECNICO GRANCOLOMBIANO-BOGOTÁ D.C.;PSICOLOGÍA;PSICOLOGÍA;BOGOTÁ;BOGOTÁ D.C.;213;139.0;145.0;123.0;139.0;143.0;143.0;26.0;27.0;30.0;38.0;32.0
7949;POLITECNICO GRANCOLOMBIANO;POLITECNICO GRANCOLOMBIANO-BOGOTÁ D.C.;PSICOLOGÍA;PSICOLOGÍA;BOGOTÁ;BOGOTÁ D.C.;27;141.0;153.0;124.0;137.0;145.0;144.0;26.0;24.0;27.0;25.0;25.0
5617;PONTIFICIA UNIVERSIDAD JAVERIANA;PONTIFICIA UNIVERSIDAD JAVERIANA-CALI;ADMINISTRACION DE EMPRESAS;ADMINISTRACIÓN;VALLE;CALI;107;158.0;160.0;153.0;147.0;149.0;179.0;24.0;23.0;31.0;40.0;26.0
6793;PONTIFICIA UNIVERSIDAD JAVERIANA;PONTIFICIA UNIVERSIDAD JAVERIANA-BOGOTÁ D.C.;ADMINISTRACION DE EMPRESAS;ADMINISTRACIÓN;BOGOTÁ;BOGOTÁ D.C.;228;167.0;164.0;159.0;157.0;159.0;194.0;30.0;27.0;32.0;30.0;32.0
6599;PONTIFICIA UNIVERSIDAD JAVERIANA;PONTIFICIA UNIVERSIDAD JAVERIANA-BOGOTÁ D.C.;ANTROPOLOGIA;ANTROPOLOGÍA, ARTES LIBERALES;BOGOTÁ;BOGOTÁ D.C.;27;176.0;189.0;154.0;173.0;166.0;200.0;21.0;26.0;30.0;35.0;34.0
3653;PONTIFICIA UNIVERSIDAD JAVERIANA;PONTIFICIA UNIVERSIDAD JAVERIANA-BOGOTÁ D.C.;ARQUITECTURA;ARQUITECTURA;BOGOTÁ;BOGOTÁ D.C.;197;171.0;170.0;165.0;161.0;162.0;199.0;29.0;26.0;34.0;30.0;29.0
5412;PONTIFICIA UNIVERSIDAD JAVERIANA;PONTIFICIA UNIVERSIDAD JAVERIANA-CALI;ARQUITECTURA;ARQUITECTURA;VALLE;CALI;104;164.0;165.0;159.0;152.0;159.0;184.0;27.0;25.0;32.0;28.0;28.0
7884;PONTIFICIA UNIVERSIDAD JAVERIANA;PONTIFICIA UNIVERSIDAD JAVERIANA-BOGOTÁ D.C.;ARTES ESCÉNICAS;ARTES REPRESENTATIVAS;BOGOTÁ;BOGOTÁ D.C.;62;168.0;171.0;151.0;150.0;158.0;208.0;29.0;30.0;32.0;35.0;44.0
5750;PONTIFICIA UNIVERSIDAD JAVERIANA;PONTIFICIA UNIVERSIDAD JAVERIANA-BOGOTÁ D.C.;ARTES VISUALES;ARTES PLÁSTICAS, VISUALES Y AFINES;BOGOTÁ;BOGOTÁ D.C.;110;175.0;181.0;159.0;167.0;160.0;209.0;25.0;28.0;33.0;33.0;31.0
5836;PONTIFICIA UNIVERSIDAD JAVERIANA;PONTIFICIA UNIVERSIDAD JAVERIANA-CALI;ARTES VISUALES;ARTES PLÁSTICAS, VISUALES Y AFINES;VALLE;CALI;27;169.0;178.0;148.0;164.0;155.0;200.0;23.0;26.0;32.0;27.0;40.0
3025;PONTIFICIA UNIVERSIDAD JAVERIANA;PONTIFICIA UNIVERSIDAD JAVERIANA-BOGOTÁ D.C.;BACTERIOLOGIA;BACTERIOLOGÍA;BOGOTÁ;BOGOTÁ D.C.;35;167.0;170.0;162.0;164.0;160.0;180.0;22.0;25.0;27.0;23.0;21.0
24950;PONTIFICIA UNIVERSIDAD JAVERIANA;PONTIFICIA UNIVERSIDAD JAVERIANA-BOGOTÁ D.C.;BIOINGENIERÍA;INGENIERÍA AMBIENTAL, SANITARIA Y AFINES;BOGOTÁ;BOGOTÁ D.C.;20;185.0;187.0;189.0;178.0;157.0;215.0;22.0;27.0;24.0;40.0;39.0
5606;PONTIFICIA UNIVERSIDAD JAVERIANA;PONTIFICIA UNIVERSIDAD JAVERIANA-BOGOTÁ D.C.;BIOLOGIA;BIOLOGÍA, MICROBIOLOGÍA Y AFINES;BOGOTÁ;BOGOTÁ D.C.;42;179.0;185.0;174.0;171.0;163.0;204.0;27.0;21.0;41.0;25.0;26.0
5827;PONTIFICIA UNIVERSIDAD JAVERIANA;PONTIFICIA UNIVERSIDAD JAVERIANA-CALI;BIOLOGÍA;BIOLOGÍA, MICROBIOLOGÍA Y AFINES;VALLE;CALI;23;178.0;186.0;173.0;174.0;155.0;200.0;23.0;25.0;32.0;23.0;19.0
25116;PONTIFICIA UNIVERSIDAD JAVERIANA;PONTIFICIA UNIVERSIDAD JAVERIANA-BOGOTÁ D.C.;CIENCIA DE DATOS;MATEMÁTICAS, ESTADÍSTICA Y AFINES;BOGOTÁ;BOGOTÁ D.C.;33;185.0;188.0;190.0;178.0;164.0;203.0;23.0;32.0;27.0;36.0;29.0
25612;PONTIFICIA UNIVERSIDAD JAVERIANA;PONTIFICIA UNIVERSIDAD JAVERIANA-BOGOTÁ D.C.;CIENCIA DE LA INFORMACION, BIBLIOTECOLOGIA Y ARCHIVISTICA;BIBLIOTECOLOGÍA, OTROS DE CIENCIAS SOCIALES Y HUMANAS;BOGOTÁ;BOGOTÁ D.C.;19;158.0;167.0;141.0;149.0;161.0;174.0;29.0;17.0;24.0;43.0;44.0
2855;PONTIFICIA UNIVERSIDAD JAVERIANA;PONTIFICIA UNIVERSIDAD JAVERIANA-BOGOTÁ D.C.;CIENCIA POLITICA;CIENCIA POLÍTICA, RELACIONES INTERNACIONALES;BOGOTÁ;BOGOTÁ D.C.;67;175.0;183.0;151.0;183.0;163.0;196.0;26.0;26.0;31.0;31.0;33.0
6155;PONTIFICIA UNIVERSIDAD JAVERIANA;PONTIFICIA UNIVERSIDAD JAVERIANA-CALI;CIENCIA POLITICA;CIENCIA POLÍTICA, RELACIONES INTERNACIONALES;VALLE;CALI;27;175.0;181.0;156.0;183.0;164.0;189.0;26.0;32.0;29.0;46.0;31.0
5638;PONTIFICIA UNIVERSIDAD JAVERIANA;PONTIFICIA UNIVERSIDAD JAVERIANA-CALI;COMUNICACION;COMUNICACIÓN SOCIAL, PERIODISMO Y AFINES;VALLE;CALI;41;158.0;167.0;138.0;150.0;148.0;188.0;28.0;27.0;31.0;41.0;21.0
1873;PONTIFICIA UNIVERSIDAD JAVERIANA;PONTIFICIA UNIVERSIDAD JAVERIANA-BOGOTÁ D.C.;COMUNICACION SOCIAL;COMUNICACIÓN SOCIAL, PERIODISMO Y AFINES;BOGOTÁ;BOGOTÁ D.C.;295;169.0;174.0;148.0;160.0;161.0;200.0;29.0;29.0;33.0;33.0;27.0
1745;PONTIFICIA UNIVERSIDAD JAVERIANA;PONTIFICIA UNIVERSIDAD JAVERIANA-BOGOTÁ D.C.;CONTADURIA PUBLICA;CONTADURÍA PUBLICA;BOGOTÁ;BOGOTÁ D.C.;63;165.0;169.0;163.0;163.0;158.0;172.0;26.0;25.0;27.0;26.0;24.0
1838;PONTIFICIA UNIVERSIDAD JAVERIANA;PONTIFICIA UNIVERSIDAD JAVERIANA-CALI;CONTADURIA PUBLICA;CONTADURÍA PUBLICA;VALLE;CALI;4;150.0;156.0;164.0;139.0;132.0;159.0;35.0;5.0;44.0;17.0;20.0
2703;PONTIFICIA UNIVERSIDAD JAVERIANA;PONTIFICIA UNIVERSIDAD JAVERIANA-CALI;DERECHO;DERECHO Y AFINES;VALLE;CALI;80;173.0;176.0;153.0;184.0;162.0;187.0;23.0;28.0;26.0;29.0;28.0
5541;PONTIFICIA UNIVERSIDAD JAVERIANA;PONTIFICIA UNIVERSIDAD JAVERIANA-BOGOTÁ D.C.;DERECHO;DERECHO Y AFINES;BOGOTÁ;BOGOTÁ D.C.;243;180.0;183.0;157.0;187.0;165.0;208.0;29.0;31.0;30.0;32.0;36.0
8688;PONTIFICIA UNIVERSIDAD JAVERIANA;PONTIFICIA UNIVERSIDAD JAVERIANA-BOGOTÁ D.C.;DERECHO;DERECHO Y AFINES;BOGOTÁ;BOGOTÁ D.C.;1;130.0;90.0;116.0;138.0;114.0;192.0;0.0;0.0;0.0;0.0;0.0
3335;PONTIFICIA UNIVERSIDAD JAVERIANA;PONTIFICIA UNIVERSIDAD JAVERIANA-CALI;DISEÑO DE COMUNICACION VISUAL;DISEÑO;VALLE;CALI;100;162.0;166.0;149.0;149.0;153.0;194.0;28.0;29.0;31.0;33.0;34.0
2433;PONTIFICIA UNIVERSIDAD JAVERIANA;PONTIFICIA UNIVERSIDAD JAVERIANA-BOGOTÁ D.C.;DISEÑO INDUSTRIAL;DISEÑO;BOGOTÁ;BOGOTÁ D.C.;148;168.0;167.0;160.0;156.0;158.0;199.0;25.0;24.0;27.0;35.0;30.0
3253;PONTIFICIA UNIVERSIDAD JAVERIANA;PONTIFICIA UNIVERSIDAD JAVERIANA-BOGOTÁ D.C.;ECOLOGIA;BIOLOGÍA, MICROBIOLOGÍA Y AFINES;BOGOTÁ;BOGOTÁ D.C.;33;176.0;183.0;159.0;176.0;153.0;209.0;28.0;26.0;26.0;30.0;26.0
2632;PONTIFICIA UNIVERSIDAD JAVERIANA;PONTIFICIA UNIVERSIDAD JAVERIANA-BOGOTÁ D.C.;ECONOMIA;ECONOMÍA;BOGOTÁ;BOGOTÁ D.C.;74;186.0;189.0;186.0;183.0;164.0;208.0;20.0;17.0;24.0;23.0;27.0
3077;PONTIFICIA UNIVERSIDAD JAVERIANA;PONTIFICIA UNIVERSIDAD JAVERIANA-CALI;ECONOMIA;ECONOMÍA;VALLE;CALI;18;187.0;191.0;185.0;195.0;165.0;201.0;18.0;19.0;22.0;24.0;18.0
2633;PONTIFICIA UNIVERSIDAD JAVERIANA;PONTIFICIA UNIVERSIDAD JAVERIANA-BOGOTÁ D.C.;ENFERMERIA;ENFERMERÍA;BOGOTÁ;BOGOTÁ D.C.;72;156.0;161.0;141.0;152.0;154.0;170.0;22.0;26.0;28.0;43.0;24.0
9536;PONTIFICIA UNIVERSIDAD JAVERIANA;PONTIFICIA UNIVERSIDAD JAVERIANA-CALI;ENFERMERIA;ENFERMERÍA;VALLE;CALI;71;155.0;165.0;146.0;153.0;142.0;168.0;23.0;20.0;29.0;37.0;38.0
661;PONTIFICIA UNIVERSIDAD JAVERIANA;PONTIFICIA UNIVERSIDAD JAVERIANA-BOGOTÁ D.C.;ESTUDIOS LITERARIOS;LENGUAS MODERNAS, LITERATURA, LINGÜÍSTICA Y AFINES;BOGOTÁ;BOGOTÁ D.C.;45;184.0;204.0;164.0;184.0;153.0;215.0;26.0;40.0;26.0;41.0;29.0
3867;PONTIFICIA UNIVERSIDAD JAVERIANA;PONTIFICIA UNIVERSIDAD JAVERIANA-BOGOTÁ D.C.;ESTUDIOS MUSICALES;MÚSICA;BOGOTÁ;BOGOTÁ D.C.;75;175.0;178.0;169.0;163.0;158.0;208.0;33.0;35.0;37.0;38.0;34.0
1628;PONTIFICIA UNIVERSIDAD JAVERIANA;PONTIFICIA UNIVERSIDAD JAVERIANA-CALI;FILOSOFIA;FILOSOFÍA, TEOLOGÍA Y AFINES;VALLE;CALI;5;172.0;189.0;158.0;177.0;146.0;192.0;15.0;22.0;24.0;25.0;13.0
6600;PONTIFICIA UNIVERSIDAD JAVERIANA;PONTIFICIA UNIVERSIDAD JAVERIANA-BOGOTÁ D.C.;FILOSOFIA;FILOSOFÍA, TEOLOGÍA Y AFINES;BOGOTÁ;BOGOTÁ D.C.;32;185.0;202.0;161.0;179.0;174.0;208.0;24.0;26.0;28.0;40.0;44.0
24951;PONTIFICIA UNIVERSIDAD JAVERIANA;PONTIFICIA UNIVERSIDAD JAVERIANA-CALI;FINANZAS;ADMINISTRACIÓN;VALLE;CALI;22;176.0;178.0;174.0;174.0;159.0;196.0;33.0;22.0;31.0;42.0;41.0
25461;PONTIFICIA UNIVERSIDAD JAVERIANA;PONTIFICIA UNIVERSIDAD JAVERIANA-BOGOTÁ D.C.;FINANZAS;ADMINISTRACIÓN;BOGOTÁ;BOGOTÁ D.C.;47;176.0;174.0;179.0;168.0;163.0;194.0;26.0;34.0;36.0;23.0;30.0
25760;PONTIFICIA UNIVERSIDAD JAVERIANA;PONTIFICIA UNIVERSIDAD JAVERIANA-CALI;GASTRONOMÍA Y ARTES CULINARIAS;ARTES PLÁSTICAS, VISUALES Y AFINES;VALLE;CALI;40;162.0;167.0;154.0;156.0;152.0;182.0;27.0;21.0;28.0;35.0;31.0
2856;PONTIFICIA UNIVERSIDAD JAVERIANA;PONTIFICIA UNIVERSIDAD JAVERIANA-BOGOTÁ D.C.;HISTORIA;GEOGRAFÍA, HISTORIA;BOGOTÁ;BOGOTÁ D.C.;21;181.0;193.0;161.0;185.0;168.0;195.0;20.0;28.0;26.0;49.0;21.0
2242;PONTIFICIA UNIVERSIDAD JAVERIANA;PONTIFICIA UNIVERSIDAD JAVERIANA-CALI;INGENIERIA CIVIL;INGENIERÍA CIVIL Y AFINES;VALLE;CALI;71;168.0;165.0;190.0;154.0;156.0;175.0;30.0;27.0;32.0;32.0;29.0
3026;PONTIFICIA UNIVERSIDAD JAVERIANA;PONTIFICIA UNIVERSIDAD JAVERIANA-BOGOTÁ D.C.;INGENIERIA CIVIL;INGENIERÍA CIVIL Y AFINES;BOGOTÁ;BOGOTÁ D.C.;81;177.0;170.0;191.0;162.0;163.0;199.0;30.0;20.0;30.0;27.0;34.0
1746;PONTIFICIA UNIVERSIDAD JAVERIANA;PONTIFICIA UNIVERSIDAD JAVERIANA-BOGOTÁ D.C.;INGENIERIA DE SISTEMAS;INGENIERÍA DE SISTEMAS, TELEMÁTICA Y AFINES;BOGOTÁ;BOGOTÁ D.C.;167;181.0;180.0;184.0;170.0;164.0;208.0;29.0;23.0;30.0;28.0;35.0
1809;PONTIFICIA UNIVERSIDAD JAVERIANA;PONTIFICIA UNIVERSIDAD JAVERIANA-CALI;INGENIERIA DE SISTEMAS Y COMPUTACION;INGENIERÍA DE SISTEMAS, TELEMÁTICA Y AFINES;VALLE;CALI;24;175.0;169.0;184.0;168.0;155.0;200.0;37.0;38.0;40.0;40.0;15.0
4666;PONTIFICIA UNIVERSIDAD JAVERIANA;PONTIFICIA UNIVERSIDAD JAVERIANA-BOGOTÁ D.C.;INGENIERIA ELECTRONICA;INGENIERÍA ELECTRÓNICA, TELECOMUNICACIONES Y AFINES;BOGOTÁ;BOGOTÁ D.C.;25;181.0;176.0;200.0;170.0;157.0;204.0;32.0;37.0;30.0;40.0;33.0
6435;PONTIFICIA UNIVERSIDAD JAVERIANA;PONTIFICIA UNIVERSIDAD JAVERIANA-CALI;INGENIERIA ELECTRONICA;INGENIERÍA ELECTRÓNICA, TELECOMUNICACIONES Y AFINES;VALLE;CALI;19;178.0;178.0;190.0;173.0;158.0;192.0;26.0;19.0;33.0;19.0;16.0
86;PONTIFICIA UNIVERSIDAD JAVERIANA;PONTIFICIA UNIVERSIDAD JAVERIANA-CALI;INGENIERIA INDUSTRIAL;INGENIERÍA INDUSTRIAL Y AFINES;VALLE;CALI;47;171.0;168.0;175.0;164.0;158.0;191.0;28.0;25.0;33.0;23.0;30.0
3654;PONTIFICIA UNIVERSIDAD JAVERIANA;PONTIFICIA UNIVERSIDAD JAVERIANA-BOGOTÁ D.C.;INGENIERIA INDUSTRIAL;INGENIERÍA INDUSTRIAL Y AFINES;BOGOTÁ;BOGOTÁ D.C.;143;177.0;175.0;183.0;164.0;163.0;200.0;27.0;24.0;31.0;30.0;29.0
25303;PONTIFICIA UNIVERSIDAD JAVERIANA;PONTIFICIA UNIVERSIDAD JAVERIANA-CALI;INGENIERÍA BIOMÉDICA;INGENIERÍA ELECTRÓNICA, TELECOMUNICACIONES Y AFINES;VALLE;CALI;29;181.0;182.0;182.0;175.0;168.0;195.0;21.0;31.0;31.0;23.0;38.0
25113;PONTIFICIA UNIVERSIDAD JAVERIANA;PONTIFICIA UNIVERSIDAD JAVERIANA-BOGOTÁ D.C.;INGENIERÍA EN REDES Y TELECOMUNICACIONES;INGENIERÍA DE SISTEMAS, TELEMÁTICA Y AFINES;BOGOTÁ;BOGOTÁ D.C.;3;184.0;188.0;193.0;153.0;149.0;238.0;19.0;10.0;22.0;24.0;56.0
25917;PONTIFICIA UNIVERSIDAD JAVERIANA;PONTIFICIA UNIVERSIDAD JAVERIANA-BOGOTÁ D.C.;INGENIERÍA MECATRÓNICA;INGENIERÍA MECÁNICA Y AFINES;BOGOTÁ;BOGOTÁ D.C.;48;187.0;185.0;199.0;182.0;160.0;207.0;19.0;14.0;26.0;29.0;28.0
20733;PONTIFICIA UNIVERSIDAD JAVERIANA;PONTIFICIA UNIVERSIDAD JAVERIANA-CALI;INGENIERÍA MECÁNICA;INGENIERÍA MECÁNICA Y AFINES;VALLE;CALI;24;180.0;182.0;189.0;167.0;165.0;197.0;27.0;27.0;36.0;21.0;23.0
25916;PONTIFICIA UNIVERSIDAD JAVERIANA;PONTIFICIA UNIVERSIDAD JAVERIANA-BOGOTÁ D.C.;INGENIERÍA MECÁNICA;INGENIERÍA MECÁNICA Y AFINES;BOGOTÁ;BOGOTÁ D.C.;20;183.0;177.0;194.0;172.0;172.0;197.0;22.0;17.0;30.0;18.0;17.0
25758;PONTIFICIA UNIVERSIDAD JAVERIANA;PONTIFICIA UNIVERSIDAD JAVERIANA-BOGOTÁ D.C.;LICENCIATURA EN CIENCIAS NATURALES Y EDUCACION AMBIENTAL;EDUCACIÓN;BOGOTÁ;BOGOTÁ D.C.;1;146.0;163.0;141.0;137.0;123.0;165.0;0.0;0.0;0.0;0.0;0.0
25302;PONTIFICIA UNIVERSIDAD JAVERIANA;PONTIFICIA UNIVERSIDAD JAVERIANA-BOGOTÁ D.C.;LICENCIATURA EN EDUCACION FISICA;EDUCACIÓN;BOGOTÁ;BOGOTÁ D.C.;15;162.0;165.0;160.0;154.0;166.0;167.0;34.0;20.0;29.0;24.0;29.0
9532;PONTIFICIA UNIVERSIDAD JAVERIANA;PONTIFICIA UNIVERSIDAD JAVERIANA-BOGOTÁ D.C.;LICENCIATURA EN EDUCACIÓN INFANTIL;EDUCACIÓN;BOGOTÁ;BOGOTÁ D.C.;17;164.0;176.0;147.0;162.0;162.0;171.0;40.0;29.0;30.0;26.0;25.0
5331;PONTIFICIA UNIVERSIDAD JAVERIANA;PONTIFICIA UNIVERSIDAD JAVERIANA-BOGOTÁ D.C.;LICENCIATURA EN FILOSOFIA;EDUCACIÓN;BOGOTÁ;BOGOTÁ D.C.;4;154.0;175.0;116.0;157.0;167.0;159.0;32.0;31.0;20.0;30.0;21.0
9589;PONTIFICIA UNIVERSIDAD JAVERIANA;PONTIFICIA UNIVERSIDAD JAVERIANA-BOGOTÁ D.C.;LICENCIATURA EN LENGUAS MODERNAS CON ÉNFASIS EN INGLÉS Y FRANCÉS;EDUCACIÓN;BOGOTÁ;BOGOTÁ D.C.;53;175.0;174.0;146.0;166.0;165.0;221.0;35.0;28.0;34.0;38.0;41.0
24802;PONTIFICIA UNIVERSIDAD JAVERIANA;PONTIFICIA UNIVERSIDAD JAVERIANA-BOGOTÁ D.C.;LICENCIATURA EN LITERATURA Y LENGUA CASTELLANA;EDUCACIÓN;BOGOTÁ;BOGOTÁ D.C.;4;162.0;183.0;128.0;161.0;141.0;198.0;34.0;23.0;22.0;21.0;22.0
2435;PONTIFICIA UNIVERSIDAD JAVERIANA;PONTIFICIA UNIVERSIDAD JAVERIANA-BOGOTÁ D.C.;LICENCIATURA EN TEOLOGIA;EDUCACIÓN;BOGOTÁ;BOGOTÁ D.C.;8;138.0;140.0;116.0;136.0;165.0;131.0;17.0;19.0;27.0;19.0;20.0
1825;PONTIFICIA UNIVERSIDAD JAVERIANA;PONTIFICIA UNIVERSIDAD JAVERIANA-BOGOTÁ D.C.;MATEMATICAS;MATEMÁTICAS, ESTADÍSTICA Y AFINES;BOGOTÁ;BOGOTÁ D.C.;16;174.0;170.0;190.0;155.0;161.0;192.0;29.0;19.0;35.0;20.0;33.0
712;PONTIFICIA UNIVERSIDAD JAVERIANA;PONTIFICIA UNIVERSIDAD JAVERIANA-CALI;MATEMATICAS APLICADAS;MATEMÁTICAS, ESTADÍSTICA Y AFINES;VALLE;CALI;2;197.0;206.0;211.0;176.0;189.0;202.0;4.0;8.0;6.0;45.0;6.0
4976;PONTIFICIA UNIVERSIDAD JAVERIANA;PONTIFICIA UNIVERSIDAD JAVERIANA-CALI;MEDICINA;MEDICINA;VALLE;CALI;91;178.0;182.0;168.0;174.0;169.0;197.0;20.0;25.0;25.0;27.0;23.0
7116;PONTIFICIA UNIVERSIDAD JAVERIANA;PONTIFICIA UNIVERSIDAD JAVERIANA-BOGOTÁ D.C.;MEDICINA;MEDICINA;BOGOTÁ;BOGOTÁ D.C.;165;195.0;197.0;186.0;192.0;180.0;220.0;21.0;22.0;21.0;33.0;33.0
25117;PONTIFICIA UNIVERSIDAD JAVERIANA;PONTIFICIA UNIVERSIDAD JAVERIANA-CALI;MERCADEO;PUBLICIDAD Y AFINES;VALLE;CALI;44;161.0;163.0;146.0;148.0;158.0;190.0;27.0;27.0;38.0;28.0;22.0
6167;PONTIFICIA UNIVERSIDAD JAVERIANA;PONTIFICIA UNIVERSIDAD JAVERIANA-BOGOTÁ D.C.;MICROBIOLOGIA INDUSTRIAL;BIOLOGÍA, MICROBIOLOGÍA Y AFINES;BOGOTÁ;BOGOTÁ D.C.;68;174.0;179.0;165.0;166.0;157.0;204.0;22.0;27.0;27.0;24.0;41.0
8390;PONTIFICIA UNIVERSIDAD JAVERIANA;PONTIFICIA UNIVERSIDAD JAVERIANA-CALI;NEGOCIOS INTERNACIONALES;ADMINISTRACIÓN;VALLE;CALI;99;165.0;161.0;151.0;158.0;156.0;202.0;30.0;29.0;35.0;31.0;29.0
893;PONTIFICIA UNIVERSIDAD JAVERIANA;PONTIFICIA UNIVERSIDAD JAVERIANA-BOGOTÁ D.C.;NUTRICION Y DIETETICA;NUTRICIÓN Y DIETÉTICA;BOGOTÁ;BOGOTÁ D.C.;49;169.0;172.0;163.0;170.0;160.0;180.0;26.0;23.0;25.0;33.0;26.0
9806;PONTIFICIA UNIVERSIDAD JAVERIANA;PONTIFICIA UNIVERSIDAD JAVERIANA-CALI;NUTRICIÓN Y DIETÉTICA;NUTRICIÓN Y DIETÉTICA;VALLE;CALI;117;159.0;163.0;152.0;156.0;150.0;176.0;27.0;26.0;29.0;28.0;22.0
2196;PONTIFICIA UNIVERSIDAD JAVERIANA;PONTIFICIA UNIVERSIDAD JAVERIANA-BOGOTÁ D.C.;ODONTOLOGIA;ODONTOLOGÍA;BOGOTÁ;BOGOTÁ D.C.;50;163.0;166.0;151.0;155.0;153.0;190.0;25.0;22.0;34.0;21.0;26.0
1747;PONTIFICIA UNIVERSIDAD JAVERIANA;PONTIFICIA UNIVERSIDAD JAVERIANA-BOGOTÁ D.C.;PSICOLOGIA;PSICOLOGÍA;BOGOTÁ;BOGOTÁ D.C.;263;173.0;178.0;153.0;166.0;162.0;206.0;26.0;27.0;31.0;32.0;29.0
5992;PONTIFICIA UNIVERSIDAD JAVERIANA;PONTIFICIA UNIVERSIDAD JAVERIANA-CALI;PSICOLOGIA;PSICOLOGÍA;VALLE;CALI;91;172.0;180.0;150.0;170.0;166.0;197.0;27.0;30.0;32.0;31.0;33.0
25115;PONTIFICIA UNIVERSIDAD JAVERIANA;PONTIFICIA UNIVERSIDAD JAVERIANA-BOGOTÁ D.C.;QUÍMICA FARMACÉUTICA;QUÍMICA Y AFINES;BOGOTÁ;BOGOTÁ D.C.;47;180.0;184.0;172.0;179.0;162.0;205.0;23.0;25.0;27.0;32.0;25.0
6245;PONTIFICIA UNIVERSIDAD JAVERIANA;PONTIFICIA UNIVERSIDAD JAVERIANA-BOGOTÁ D.C.;RELACIONES INTERNACIONALES;CIENCIA POLÍTICA, RELACIONES INTERNACIONALES;BOGOTÁ;BOGOTÁ D.C.;106;178.0;180.0;154.0;179.0;168.0;208.0;26.0;22.0;25.0;37.0;27.0
1125;PONTIFICIA UNIVERSIDAD JAVERIANA;PONTIFICIA UNIVERSIDAD JAVERIANA-BOGOTÁ D.C.;SOCIOLOGIA;SOCIOLOGÍA, TRABAJO SOCIAL Y AFINES;BOGOTÁ;BOGOTÁ D.C.;17;183.0;196.0;164.0;187.0;176.0;191.0;16.0;16.0;23.0;37.0;20.0
3254;PONTIFICIA UNIVERSIDAD JAVERIANA;PONTIFICIA UNIVERSIDAD JAVERIANA-BOGOTÁ D.C.;TEOLOGIA;FILOSOFÍA, TEOLOGÍA Y AFINES;BOGOTÁ;BOGOTÁ D.C.;27;151.0;157.0;130.0;153.0;159.0;156.0;32.0;36.0;34.0;25.0;30.0
24952;PONTIFICIA UNIVERSIDAD JAVERIANA;PONTIFICIA UNIVERSIDAD JAVERIANA-CALI;TURISMO;ADMINISTRACIÓN;VALLE;CALI;4;165.0;174.0;156.0;148.0;163.0;186.0;8.0;24.0;8.0;24.0;21.0
9006;TECNOLOGICO DE ANTIOQUIA;TECNOLOGICO DE ANTIOQUIA-MEDELLIN;ADMINISTRACION FINANCIERA;ADMINISTRACIÓN;ANTIOQUIA;MEDELLÍN;209;142.0;143.0;138.0;137.0;146.0;147.0;26.0;26.0;28.0;33.0;25.0
7890;TECNOLOGICO DE ANTIOQUIA;TECNOLOGICO DE ANTIOQUIA-MEDELLIN;ADMINISTRACIÓN COMERCIAL;ADMINISTRACIÓN;ANTIOQUIA;MEDELLÍN;178;140.0;143.0;131.0;136.0;148.0;144.0;26.0;27.0;29.0;31.0;25.0
3525;TECNOLOGICO DE ANTIOQUIA;TECNOLOGICO DE ANTIOQUIA-MEDELLIN;CONTADURIA PUBLICA;CONTADURÍA PUBLICA;ANTIOQUIA;MEDELLÍN;111;138.0;143.0;138.0;131.0;141.0;138.0;24.0;20.0;28.0;37.0;23.0
9477;TECNOLOGICO DE ANTIOQUIA;TECNOLOGICO DE ANTIOQUIA-MEDELLIN;DERECHO;DERECHO Y AFINES;ANTIOQUIA;MEDELLÍN;135;146.0;153.0;128.0;157.0;150.0;139.0;26.0;26.0;29.0;37.0;30.0
390;TECNOLOGICO DE ANTIOQUIA;TECNOLOGICO DE ANTIOQUIA-MEDELLIN;INGENIERÍA AMBIENTAL;INGENIERÍA AMBIENTAL, SANITARIA Y AFINES;ANTIOQUIA;MEDELLÍN;104;149.0;153.0;149.0;143.0;154.0;147.0;26.0;26.0;30.0;34.0;25.0
18736;TECNOLOGICO DE ANTIOQUIA;TECNOLOGICO DE ANTIOQUIA-MEDELLIN;INGENIERÍA EN SOFTWARE;INGENIERÍA DE SISTEMAS, TELEMÁTICA Y AFINES;ANTIOQUIA;MEDELLÍN;145;149.0;149.0;149.0;134.0;150.0;164.0;28.0;26.0;31.0;36.0;30.0
9577;TECNOLOGICO DE ANTIOQUIA;TECNOLOGICO DE ANTIOQUIA-MEDELLIN;LICENCIATURA EN EDUCACION INFANTIL;EDUCACIÓN;ANTIOQUIA;MEDELLÍN;63;136.0;147.0;122.0;131.0;143.0;137.0;24.0;26.0;24.0;31.0;28.0
18693;TECNOLOGICO DE ANTIOQUIA;TECNOLOGICO DE ANTIOQUIA-MEDELLIN;LICENCIATURA EN LITERATURA Y LENGUA CASTELLANA;EDUCACIÓN;ANTIOQUIA;MEDELLÍN;28;155.0;170.0;131.0;161.0;154.0;158.0;22.0;27.0;29.0;28.0;28.0
9829;TECNOLOGICO DE ANTIOQUIA;TECNOLOGICO DE ANTIOQUIA-MEDELLIN;NEGOCIOS INTERNACIONALES;ADMINISTRACIÓN;ANTIOQUIA;MEDELLÍN;162;145.0;146.0;129.0;138.0;152.0;161.0;30.0;26.0;32.0;42.0;26.0
4974;TECNOLOGICO DE ANTIOQUIA;TECNOLOGICO DE ANTIOQUIA-MEDELLIN;PROFESIONAL EN CRIMINALISTICA;DERECHO Y AFINES;ANTIOQUIA;MEDELLÍN;106;144.0;148.0;136.0;143.0;143.0;151.0;26.0;26.0;29.0;29.0;30.0
26642;TECNOLOGICO DE ANTIOQUIA;TECNOLOGICO DE ANTIOQUIA-MEDELLIN;PROFESIONAL EN GESTIÓN DE LA SEGURIDAD Y SALUD EN EL TRABAJO;SOCIOLOGÍA, TRABAJO SOCIAL Y AFINES;ANTIOQUIA;MEDELLÍN;56;139.0;145.0;127.0;142.0;148.0;132.0;25.0;22.0;28.0;27.0;29.0
7323;TECNOLOGICO DE ANTIOQUIA;TECNOLOGICO DE ANTIOQUIA-MEDELLIN;PROFESIONAL EN PSICOLOGÍA;PSICOLOGÍA;ANTIOQUIA;MEDELLÍN;279;141.0;152.0;126.0;138.0;144.0;144.0;28.0;24.0;29.0;35.0;26.0
8719;TECNOLOGICO DE ANTIOQUIA;TECNOLOGICO DE ANTIOQUIA-MEDELLIN;PROFESIONAL EN TRABAJO SOCIAL;SOCIOLOGÍA, TRABAJO SOCIAL Y AFINES;ANTIOQUIA;MEDELLÍN;182;139.0;148.0;123.0;138.0;148.0;139.0;28.0;25.0;30.0;37.0;23.0
6856;UNIDAD CENTRAL DEL VALLE DEL CAUCA;UNIDAD CENTRAL DEL VALLE DEL CAUCA-TULUA;ADMINISTRACION DE EMPRESAS;ADMINISTRACIÓN;VALLE;TULUÁ;32;144.0;146.0;137.0;143.0;144.0;149.0;23.0;34.0;28.0;23.0;21.0
5400;UNIDAD CENTRAL DEL VALLE DEL CAUCA;UNIDAD CENTRAL DEL VALLE DEL CAUCA-TULUA;COMERCIO INTERNACIONAL;ECONOMÍA;VALLE;TULUÁ;54;149.0;154.0;140.0;141.0;145.0;164.0;24.0;23.0;30.0;24.0;24.0
6857;UNIDAD CENTRAL DEL VALLE DEL CAUCA;UNIDAD CENTRAL DEL VALLE DEL CAUCA-TULUA;CONTADURIA PUBLICA;CONTADURÍA PUBLICA;VALLE;TULUÁ;26;143.0;149.0;141.0;140.0;138.0;148.0;24.0;20.0;29.0;34.0;25.0
3708;UNIDAD CENTRAL DEL VALLE DEL CAUCA;UNIDAD CENTRAL DEL VALLE DEL CAUCA-TULUA;DERECHO;DERECHO Y AFINES;VALLE;TULUÁ;219;150.0;155.0;134.0;159.0;152.0;148.0;26.0;26.0;29.0;36.0;28.0
5998;UNIDAD CENTRAL DEL VALLE DEL CAUCA;UNIDAD CENTRAL DEL VALLE DEL CAUCA-TULUA;ENFERMERIA;ENFERMERÍA;VALLE;TULUÁ;53;144.0;148.0;140.0;137.0;149.0;148.0;24.0;20.0;32.0;31.0;32.0
4210;UNIDAD CENTRAL DEL VALLE DEL CAUCA;UNIDAD CENTRAL DEL VALLE DEL CAUCA-TULUA;INGENIERIA AMBIENTAL;INGENIERÍA AMBIENTAL, SANITARIA Y AFINES;VALLE;TULUÁ;14;157.0;155.0;167.0;149.0;153.0;159.0;31.0;42.0;37.0;29.0;30.0
6858;UNIDAD CENTRAL DEL VALLE DEL CAUCA;UNIDAD CENTRAL DEL VALLE DEL CAUCA-TULUA;INGENIERIA DE SISTEMAS;INGENIERÍA DE SISTEMAS, TELEMÁTICA Y AFINES;VALLE;TULUÁ;42;158.0;159.0;161.0;145.0;154.0;172.0;21.0;21.0;29.0;29.0;21.0
1662;UNIDAD CENTRAL DEL VALLE DEL CAUCA;UNIDAD CENTRAL DEL VALLE DEL CAUCA-TULUA;INGENIERIA ELECTRONICA;INGENIERÍA ELECTRÓNICA, TELECOMUNICACIONES Y AFINES;VALLE;TULUÁ;15;161.0;169.0;175.0;159.0;135.0;166.0;15.0;22.0;22.0;44.0;23.0
970;UNIDAD CENTRAL DEL VALLE DEL CAUCA;UNIDAD CENTRAL DEL VALLE DEL CAUCA-TULUA;INGENIERIA INDUSTRIAL;INGENIERÍA INDUSTRIAL Y AFINES;VALLE;TULUÁ;56;157.0;159.0;161.0;150.0;152.0;161.0;26.0;23.0;28.0;28.0;21.0
9705;UNIDAD CENTRAL DEL VALLE DEL CAUCA;UNIDAD CENTRAL DEL VALLE DEL CAUCA-TULUA;INGENIERÍA AGROPECUARIA;INGENIERÍA AGRONÓMICA, PECUARIA Y AFINES;VALLE;TULUÁ;23;151.0;153.0;152.0;154.0;141.0;156.0;19.0;26.0;24.0;38.0;22.0
24824;UNIDAD CENTRAL DEL VALLE DEL CAUCA;UNIDAD CENTRAL DEL VALLE DEL CAUCA-TULUA;INGENIERÍA BIOMÉDICA;INGENIERÍA QUÍMICA Y AFINES;VALLE;TULUÁ;49;155.0;159.0;155.0;140.0;147.0;172.0;28.0;27.0;40.0;51.0;34.0
17011;UNIDAD CENTRAL DEL VALLE DEL CAUCA;UNIDAD CENTRAL DEL VALLE DEL CAUCA-TULUA;LICENCIATURA EN CIENCIAS SOCIALES;EDUCACIÓN;VALLE;TULUÁ;27;148.0;153.0;135.0;154.0;157.0;144.0;27.0;22.0;31.0;56.0;21.0
5655;UNIDAD CENTRAL DEL VALLE DEL CAUCA;UNIDAD CENTRAL DEL VALLE DEL CAUCA-TULUA;LICENCIATURA EN EDUCACION BASICA CON ENFASIS EN EDUCACION FISICA,RECREACION Y DEPORTES;EDUCACIÓN;VALLE;TULUÁ;2;123.0;127.0;117.0;134.0;132.0;106.0;22.0;17.0;4.0;29.0;30.0
9810;UNIDAD CENTRAL DEL VALLE DEL CAUCA;UNIDAD CENTRAL DEL VALLE DEL CAUCA-TULUA;LICENCIATURA EN EDUCACION FISICA,RECREACION Y DEPORTE;EDUCACIÓN;VALLE;TULUÁ;60;138.0;145.0;133.0;137.0;139.0;137.0;23.0;23.0;26.0;45.0;24.0
9596;UNIDAD CENTRAL DEL VALLE DEL CAUCA;UNIDAD CENTRAL DEL VALLE DEL CAUCA-TULUA;LICENCIATURA EN LENGUAS EXTRANJERAS-INGLES;EDUCACIÓN;VALLE;TULUÁ;59;161.0;164.0;135.0;154.0;163.0;192.0;22.0;25.0;34.0;30.0;23.0
2317;UNIDAD CENTRAL DEL VALLE DEL CAUCA;UNIDAD CENTRAL DEL VALLE DEL CAUCA-TULUA;MEDICINA;MEDICINA;VALLE;TULUÁ;70;163.0;168.0;155.0;160.0;151.0;179.0;25.0;23.0;30.0;35.0;26.0
25635;UNIDAD CENTRAL DEL VALLE DEL CAUCA;UNIDAD CENTRAL DEL VALLE DEL CAUCA-TULUA;PSICOLOGÍA;PSICOLOGÍA;VALLE;TULUÁ;52;153.0;159.0;139.0;154.0;149.0;161.0;25.0;22.0;31.0;41.0;26.0
20624;UNIDADES TECNOLOGICAS DE SANTANDER;UNIDADES TECNOLOGICAS DE SANTANDER-BUCARAMANGA;ADMINISTRACION  DE EMPRESAS.;ADMINISTRACIÓN;SANTANDER;BUCARAMANGA;187;138.0;141.0;132.0;132.0;146.0;137.0;26.0;25.0;27.0;33.0;24.0
6193;UNIDADES TECNOLOGICAS DE SANTANDER;UNIDADES TECNOLOGICAS DE SANTANDER-BUCARAMANGA;ADMINISTRACION DE EMPRESAS;ADMINISTRACIÓN;SANTANDER;BUCARAMANGA;154;146.0;151.0;145.0;143.0;148.0;142.0;24.0;23.0;27.0;30.0;26.0
8389;UNIDADES TECNOLOGICAS DE SANTANDER;UNIDADES TECNOLOGICAS DE SANTANDER-BUCARAMANGA;ADMINISTRACIÓN DE EMPRESAS;ADMINISTRACIÓN;SANTANDER;BUCARAMANGA;37;130.0;134.0;121.0;130.0;139.0;125.0;26.0;23.0;24.0;39.0;22.0
26568;UNIDADES TECNOLOGICAS DE SANTANDER;UNIDADES TECNOLOGICAS DE SANTANDER-BUCARAMANGA;ADMINISTRACIÓN FINANCIERA;CONTADURÍA PUBLICA;SANTANDER;BUCARAMANGA;61;152.0;159.0;151.0;154.0;149.0;148.0;19.0;17.0;28.0;37.0;25.0
1621;UNIDADES TECNOLOGICAS DE SANTANDER;UNIDADES TECNOLOGICAS DE SANTANDER-BUCARAMANGA;CONTADURIA PUBLICA;CONTADURÍA PUBLICA;SANTANDER;BUCARAMANGA;298;148.0;153.0;150.0;147.0;148.0;142.0;23.0;23.0;29.0;29.0;22.0
7959;UNIDADES TECNOLOGICAS DE SANTANDER;UNIDADES TECNOLOGICAS DE SANTANDER-BUCARAMANGA;CONTADURÍA PÚBLICA;CONTADURÍA PUBLICA;SANTANDER;BUCARAMANGA;2;113.0;95.0;108.0;103.0;136.0;120.0;2.0;17.0;14.0;20.0;16.0
8278;UNIDADES TECNOLOGICAS DE SANTANDER;UNIDADES TECNOLOGICAS DE SANTANDER-BUCARAMANGA;CONTADURÍA PÚBLICA;CONTADURÍA PUBLICA;SANTANDER;BUCARAMANGA;61;137.0;143.0;137.0;133.0;143.0;129.0;23.0;27.0;30.0;39.0;21.0
20779;UNIDADES TECNOLOGICAS DE SANTANDER;UNIDADES TECNOLOGICAS DE SANTANDER-BUCARAMANGA;CONTADURÍA PÚBLICA;CONTADURÍA PUBLICA;SANTANDER;BUCARAMANGA;134;142.0;146.0;142.0;137.0;149.0;136.0;24.0;25.0;28.0;31.0;22.0
2139;UNIDADES TECNOLOGICAS DE SANTANDER;UNIDADES TECNOLOGICAS DE SANTANDER-BUCARAMANGA;INGENIERIA AMBIENTAL;INGENIERÍA AMBIENTAL, SANITARIA Y AFINES;SANTANDER;BUCARAMANGA;217;151.0;156.0;152.0;150.0;148.0;148.0;22.0;27.0;28.0;29.0;24.0
8034;UNIDADES TECNOLOGICAS DE SANTANDER;UNIDADES TECNOLOGICAS DE SANTANDER-BUCARAMANGA;INGENIERIA AMBIENTAL;INGENIERÍA AMBIENTAL, SANITARIA Y AFINES;SANTANDER;BUCARAMANGA;1;163.0;162.0;153.0;160.0;139.0;199.0;0.0;0.0;0.0;0.0;0.0
8642;UNIDADES TECNOLOGICAS DE SANTANDER;UNIDADES TECNOLOGICAS DE SANTANDER-BUCARAMANGA;INGENIERIA DE SISTEMAS;INGENIERÍA DE SISTEMAS, TELEMÁTICA Y AFINES;SANTANDER;BUCARAMANGA;89;158.0;157.0;166.0;152.0;149.0;163.0;23.0;24.0;31.0;40.0;24.0
235;UNIDADES TECNOLOGICAS DE SANTANDER;UNIDADES TECNOLOGICAS DE SANTANDER-BUCARAMANGA;INGENIERIA DE TELECOMUNICACIONES;INGENIERÍA ELECTRÓNICA, TELECOMUNICACIONES Y AFINES;SANTANDER;BUCARAMANGA;32;157.0;157.0;166.0;154.0;145.0;162.0;22.0;20.0;28.0;36.0;23.0
25194;UNIDADES TECNOLOGICAS DE SANTANDER;UNIDADES TECNOLOGICAS DE SANTANDER-BUCARAMANGA;INGENIERIA EN TOPOGRAFIA;INGENIERÍA CIVIL Y AFINES;SANTANDER;BUCARAMANGA;47;151.0;152.0;163.0;144.0;150.0;144.0;23.0;27.0;28.0;31.0;26.0
5830;UNIDADES TECNOLOGICAS DE SANTANDER;UNIDADES TECNOLOGICAS DE SANTANDER-BUCARAMANGA;INGENIERÍA ELECTROMECÁNICA;INGENIERÍA MECÁNICA Y AFINES;SANTANDER;BUCARAMANGA;87;157.0;157.0;175.0;150.0;150.0;152.0;20.0;23.0;28.0;39.0;26.0
9059;UNIDADES TECNOLOGICAS DE SANTANDER;UNIDADES TECNOLOGICAS DE SANTANDER-BUCARAMANGA;INGENIERÍA ELECTROMECÁNICA;INGENIERÍA MECÁNICA Y AFINES;SANTANDER;BUCARAMANGA;55;146.0;142.0;158.0;141.0;145.0;142.0;27.0;29.0;31.0;36.0;24.0
4392;UNIDADES TECNOLOGICAS DE SANTANDER;UNIDADES TECNOLOGICAS DE SANTANDER-BUCARAMANGA;INGENIERÍA ELECTRÓNICA;INGENIERÍA ELECTRÓNICA, TELECOMUNICACIONES Y AFINES;SANTANDER;BUCARAMANGA;35;156.0;153.0;171.0;140.0;157.0;157.0;26.0;28.0;31.0;27.0;25.0
18661;UNIDADES TECNOLOGICAS DE SANTANDER;UNIDADES TECNOLOGICAS DE SANTANDER-BUCARAMANGA;INGENIERÍA ELÉCTRICA;INGENIERÍA ELÉCTRICA Y AFINES;SANTANDER;BUCARAMANGA;20;163.0;170.0;177.0;150.0;163.0;155.0;18.0;26.0;32.0;39.0;15.0
20689;UNIDADES TECNOLOGICAS DE SANTANDER;UNIDADES TECNOLOGICAS DE SANTANDER-BUCARAMANGA;INGENIERÍA INDUSTRIAL;INGENIERÍA INDUSTRIAL Y AFINES;SANTANDER;BUCARAMANGA;294;155.0;156.0;161.0;152.0;152.0;155.0;23.0;24.0;29.0;29.0;26.0
5362;UNIDADES TECNOLOGICAS DE SANTANDER;UNIDADES TECNOLOGICAS DE SANTANDER-BUCARAMANGA;MERCADEO;ADMINISTRACIÓN;SANTANDER;BUCARAMANGA;305;149.0;154.0;144.0;146.0;148.0;154.0;24.0;25.0;30.0;28.0;25.0
5488;UNIDADES TECNOLOGICAS DE SANTANDER;UNIDADES TECNOLOGICAS DE SANTANDER-BUCARAMANGA;PROFESIONAL EN ACTIVIDAD FISICA Y DEPORTE;DEPORTES, EDUCACIÓN FÍSICA Y RECREACIÓN;SANTANDER;BUCARAMANGA;208;143.0;149.0;143.0;138.0;141.0;145.0;24.0;27.0;27.0;32.0;22.0
30857;UNIDADES TECNOLOGICAS DE SANTANDER;UNIDADES TECNOLOGICAS DE SANTANDER-BUCARAMANGA;PROFESIONAL EN CULTURA FÍSICA Y DEPORTE;DEPORTES, EDUCACIÓN FÍSICA Y RECREACIÓN;SANTANDER;BUCARAMANGA;1;134.0;139.0;128.0;130.0;138.0;137.0;0.0;0.0;0.0;0.0;0.0
18658;UNIDADES TECNOLOGICAS DE SANTANDER;UNIDADES TECNOLOGICAS DE SANTANDER-BUCARAMANGA;PROFESIONAL EN DISEÑO DE MODAS;DISEÑO;SANTANDER;BUCARAMANGA;64;149.0;158.0;143.0;149.0;144.0;153.0;23.0;27.0;29.0;24.0;28.0
7466;UNIDADES TECNOLOGICAS DE SANTANDER;UNIDADES TECNOLOGICAS DE SANTANDER-BUCARAMANGA;PROFESIONAL EN MARKETING Y NEGOCIOS INTERNACIONALES;ADMINISTRACIÓN;SANTANDER;BUCARAMANGA;1;163.0;137.0;155.0;180.0;183.0;161.0;0.0;0.0;0.0;0.0;0.0
3895;UNIMINUTO- CORPORACION UNIVERSITARIA MINUTO DE DIOS;CORPORACION UNIVERSITARIA MINUTO DE DIOS -UNIMINUTO-BOGOTÁ D.C.;ADMINISTRACION DE EMPRESAS;ADMINISTRACIÓN;BOGOTÁ;BOGOTÁ D.C.;85;135.0;140.0;130.0;128.0;140.0;139.0;26.0;24.0;27.0;33.0;27.0
4667;UNIMINUTO- CORPORACION UNIVERSITARIA MINUTO DE DIOS;CORPORACION UNIVERSITARIA MINUTO DE DIOS -UNIMINUTO-BOGOTÁ D.C.;ADMINISTRACION DE EMPRESAS;ADMINISTRACIÓN;BOGOTÁ;BOGOTÁ D.C.;281;143.0;146.0;139.0;137.0;147.0;143.0;23.0;24.0;28.0;35.0;24.0
6351;UNIMINUTO- CORPORACION UNIVERSITARIA MINUTO DE DIOS;CORPORACION UNIVERSITARIA MINUTO DE DIOS -UNIMINUTO-BOGOTÁ D.C.;ADMINISTRACION DE EMPRESAS;ADMINISTRACIÓN;BOGOTÁ;BOGOTÁ D.C.;184;142.0;145.0;137.0;135.0;149.0;142.0;25.0;23.0;30.0;35.0;23.0
4051;UNIMINUTO- CORPORACION UNIVERSITARIA MINUTO DE DIOS;CORPORACION UNIVERSITARIA MINUTO DE DIOS -UNIMINUTO-BOGOTÁ D.C.;ADMINISTRACIÓN DE EMPRESAS;ADMINISTRACIÓN;BOGOTÁ;BOGOTÁ D.C.;7;137.0;136.0;125.0;128.0;156.0;141.0;17.0;16.0;23.0;29.0;20.0
7139;UNIMINUTO- CORPORACION UNIVERSITARIA MINUTO DE DIOS;CORPORACION UNIVERSITARIA MINUTO DE DIOS -UNIMINUTO-BOGOTÁ D.C.;ADMINISTRACIÓN DE EMPRESAS;ADMINISTRACIÓN;BOGOTÁ;BOGOTÁ D.C.;1589;132.0;135.0;127.0;126.0;140.0;133.0;24.0;25.0;26.0;33.0;22.0
8422;UNIMINUTO- CORPORACION UNIVERSITARIA MINUTO DE DIOS;CORPORACION UNIVERSITARIA MINUTO DE DIOS -UNIMINUTO-BOGOTÁ D.C.;ADMINISTRACIÓN DE EMPRESAS;ADMINISTRACIÓN;BOGOTÁ;BOGOTÁ D.C.;92;134.0;142.0;130.0;123.0;140.0;134.0;24.0;24.0;25.0;36.0;24.0
20687;UNIMINUTO- CORPORACION UNIVERSITARIA MINUTO DE DIOS;CORPORACION UNIVERSITARIA MINUTO DE DIOS -UNIMINUTO-BOGOTÁ D.C.;ADMINISTRACIÓN DE EMPRESAS;ADMINISTRACIÓN;BOGOTÁ;BOGOTÁ D.C.;15;123.0;128.0;119.0;113.0;127.0;126.0;22.0;18.0;22.0;23.0;30.0
20840;UNIMINUTO- CORPORACION UNIVERSITARIA MINUTO DE DIOS;CORPORACION UNIVERSITARIA MINUTO DE DIOS -UNIMINUTO-BOGOTÁ D.C.;ADMINISTRACIÓN DE EMPRESAS;ADMINISTRACIÓN;BOGOTÁ;BOGOTÁ D.C.;12;129.0;121.0;120.0;128.0;146.0;130.0;22.0;19.0;23.0;26.0;21.0
26181;UNIMINUTO- CORPORACION UNIVERSITARIA MINUTO DE DIOS;CORPORACION UNIVERSITARIA MINUTO DE DIOS -UNIMINUTO-BOGOTÁ D.C.;ADMINISTRACIÓN DE EMPRESAS;ADMINISTRACIÓN;BOGOTÁ;BOGOTÁ D.C.;1;108.0;113.0;120.0;84.0;130.0;94.0;0.0;0.0;0.0;0.0;0.0
28440;UNIMINUTO- CORPORACION UNIVERSITARIA MINUTO DE DIOS;CORPORACION UNIVERSITARIA MINUTO DE DIOS -UNIMINUTO-BOGOTÁ D.C.;ADMINISTRACIÓN DE EMPRESAS;ADMINISTRACIÓN;BOGOTÁ;BOGOTÁ D.C.;803;137.0;141.0;131.0;133.0;144.0;138.0;24.0;25.0;27.0;33.0;25.0
31185;UNIMINUTO- CORPORACION UNIVERSITARIA MINUTO DE DIOS;CORPORACION UNIVERSITARIA MINUTO DE DIOS -UNIMINUTO-BOGOTÁ D.C.;ADMINISTRACIÓN DE EMPRESAS;ADMINISTRACIÓN;BOGOTÁ;BOGOTÁ D.C.;2;151.0;156.0;126.0;166.0;156.0;153.0;21.0;11.0;5.0;5.0;38.0
9566;UNIMINUTO- CORPORACION UNIVERSITARIA MINUTO DE DIOS;CORPORACION UNIVERSITARIA MINUTO DE DIOS -UNIMINUTO-BOGOTÁ D.C.;ADMINISTRACIÓN DE EMPRESAS TURÍSTICAS Y HOTELERAS;ADMINISTRACIÓN;BOGOTÁ;BOGOTÁ D.C.;123;139.0;142.0;131.0;139.0;142.0;140.0;24.0;23.0;25.0;34.0;26.0
25799;UNIMINUTO- CORPORACION UNIVERSITARIA MINUTO DE DIOS;CORPORACION UNIVERSITARIA MINUTO DE DIOS -UNIMINUTO-BOGOTÁ D.C.;ADMINISTRACIÓN DE EMPRESAS TURÍSTICAS Y HOTELERAS;ADMINISTRACIÓN;BOGOTÁ;BOGOTÁ D.C.;8;147.0;143.0;133.0;134.0;159.0;165.0;22.0;17.0;25.0;22.0;29.0
2564;UNIMINUTO- CORPORACION UNIVERSITARIA MINUTO DE DIOS;CORPORACION UNIVERSITARIA MINUTO DE DIOS -UNIMINUTO-BOGOTÁ D.C.;ADMINISTRACIÓN EN SALUD OCUPACIONAL;ADMINISTRACIÓN;BOGOTÁ;BOGOTÁ D.C.;16;124.0;128.0;120.0;121.0;125.0;126.0;26.0;20.0;26.0;41.0;19.0
20647;UNIMINUTO- CORPORACION UNIVERSITARIA MINUTO DE DIOS;CORPORACION UNIVERSITARIA MINUTO DE DIOS -UNIMINUTO-BOGOTÁ D.C.;ADMINISTRACIÓN EN SEGURIDAD Y SALUD EN EL TRABAJO;SALUD PUBLICA;BOGOTÁ;BOGOTÁ D.C.;34;128.0;135.0;120.0;123.0;137.0;128.0;31.0;30.0;29.0;35.0;23.0
20718;UNIMINUTO- CORPORACION UNIVERSITARIA MINUTO DE DIOS;CORPORACION UNIVERSITARIA MINUTO DE DIOS -UNIMINUTO-BOGOTÁ D.C.;ADMINISTRACIÓN EN SEGURIDAD Y SALUD EN EL TRABAJO;SALUD PUBLICA;BOGOTÁ;BOGOTÁ D.C.;1868;129.0;132.0;120.0;123.0;139.0;129.0;23.0;23.0;25.0;34.0;21.0
20778;UNIMINUTO- CORPORACION UNIVERSITARIA MINUTO DE DIOS;CORPORACION UNIVERSITARIA MINUTO DE DIOS -UNIMINUTO-BOGOTÁ D.C.;ADMINISTRACIÓN EN SEGURIDAD Y SALUD EN EL TRABAJO;SALUD PUBLICA;BOGOTÁ;BOGOTÁ D.C.;65;130.0;136.0;125.0;124.0;133.0;132.0;19.0;23.0;24.0;42.0;19.0
25340;UNIMINUTO- CORPORACION UNIVERSITARIA MINUTO DE DIOS;CORPORACION UNIVERSITARIA MINUTO DE DIOS -UNIMINUTO-BELLO;ADMINISTRACIÓN EN SEGURIDAD Y SALUD EN EL TRABAJO;ADMINISTRACIÓN;ANTIOQUIA;BELLO;34;125.0;131.0;116.0;121.0;130.0;126.0;26.0;25.0;27.0;49.0;22.0
25800;UNIMINUTO- CORPORACION UNIVERSITARIA MINUTO DE DIOS;CORPORACION UNIVERSITARIA MINUTO DE DIOS -UNIMINUTO-BOGOTÁ D.C.;ADMINISTRACIÓN EN SEGURIDAD Y SALUD EN EL TRABAJO;ADMINISTRACIÓN;BOGOTÁ;BOGOTÁ D.C.;28;133.0;141.0;124.0;130.0;139.0;132.0;25.0;24.0;30.0;39.0;22.0
28155;UNIMINUTO- CORPORACION UNIVERSITARIA MINUTO DE DIOS;CORPORACION UNIVERSITARIA MINUTO DE DIOS -UNIMINUTO-BOGOTÁ D.C.;ADMINISTRACIÓN EN SEGURIDAD Y SALUD EN EL TRABAJO;ADMINISTRACIÓN;BOGOTÁ;BOGOTÁ D.C.;1;128.0;139.0;123.0;133.0;120.0;125.0;0.0;0.0;0.0;0.0;0.0
3961;UNIMINUTO- CORPORACION UNIVERSITARIA MINUTO DE DIOS;CORPORACION UNIVERSITARIA MINUTO DE DIOS -UNIMINUTO-BOGOTÁ D.C.;ADMINISTRACIÓN FINANCIERA;ADMINISTRACIÓN;BOGOTÁ;BOGOTÁ D.C.;362;136.0;140.0;134.0;129.0;140.0;137.0;25.0;24.0;29.0;35.0;23.0
32317;UNIMINUTO- CORPORACION UNIVERSITARIA MINUTO DE DIOS;CORPORACION UNIVERSITARIA MINUTO DE DIOS -UNIMINUTO-BOGOTÁ D.C.;Administracion en seguridad y salud en el trabajo;SIN CLASIFICAR;BOGOTÁ;BOGOTÁ D.C.;1;153.0;186.0;145.0;166.0;118.0;152.0;0.0;0.0;0.0;0.0;0.0
32033;UNIMINUTO- CORPORACION UNIVERSITARIA MINUTO DE DIOS;CORPORACION UNIVERSITARIA MINUTO DE DIOS -UNIMINUTO-BOGOTÁ D.C.;Administración Financiera;SIN CLASIFICAR;BOGOTÁ;BOGOTÁ D.C.;2;135.0;143.0;143.0;122.0;136.0;132.0;16.0;7.0;11.0;4.0;16.0
5740;UNIMINUTO- CORPORACION UNIVERSITARIA MINUTO DE DIOS;CORPORACION UNIVERSITARIA MINUTO DE DIOS -UNIMINUTO-BOGOTÁ D.C.;CIENCIAS BIBLICAS;FILOSOFÍA, TEOLOGÍA Y AFINES;BOGOTÁ;BOGOTÁ D.C.;7;149.0;156.0;124.0;150.0;153.0;162.0;35.0;15.0;42.0;17.0;33.0
3919;UNIMINUTO- CORPORACION UNIVERSITARIA MINUTO DE DIOS;CORPORACION UNIVERSITARIA MINUTO DE DIOS -UNIMINUTO-BOGOTÁ D.C.;COMUNICACION SOCIAL  - PERIODISMO;COMUNICACIÓN SOCIAL, PERIODISMO Y AFINES;BOGOTÁ;BOGOTÁ D.C.;56;143.0;154.0;132.0;141.0;145.0;144.0;23.0;32.0;29.0;27.0;32.0
2894;UNIMINUTO- CORPORACION UNIVERSITARIA MINUTO DE DIOS;CORPORACION UNIVERSITARIA MINUTO DE DIOS -UNIMINUTO-BOGOTÁ D.C.;COMUNICACION SOCIAL - PERIODISMO;COMUNICACIÓN SOCIAL, PERIODISMO Y AFINES;BOGOTÁ;BOGOTÁ D.C.;85;144.0;152.0;126.0;143.0;148.0;152.0;22.0;24.0;28.0;33.0;25.0
576;UNIMINUTO- CORPORACION UNIVERSITARIA MINUTO DE DIOS;CORPORACION UNIVERSITARIA MINUTO DE DIOS -UNIMINUTO-BOGOTÁ D.C.;COMUNICACION SOCIAL Y PERIODISMO;COMUNICACIÓN SOCIAL, PERIODISMO Y AFINES;BOGOTÁ;BOGOTÁ D.C.;10;132.0;131.0;118.0;130.0;141.0;139.0;29.0;19.0;24.0;54.0;24.0
4272;UNIMINUTO- CORPORACION UNIVERSITARIA MINUTO DE DIOS;CORPORACION UNIVERSITARIA MINUTO DE DIOS -UNIMINUTO-BOGOTÁ D.C.;COMUNICACION SOCIAL- PERIODISMO;COMUNICACIÓN SOCIAL, PERIODISMO Y AFINES;BOGOTÁ;BOGOTÁ D.C.;210;148.0;159.0;135.0;147.0;147.0;153.0;26.0;25.0;31.0;39.0;29.0
9585;UNIMINUTO- CORPORACION UNIVERSITARIA MINUTO DE DIOS;CORPORACION UNIVERSITARIA MINUTO DE DIOS -UNIMINUTO-BOGOTÁ D.C.;COMUNICACION VISUAL;COMUNICACIÓN SOCIAL, PERIODISMO Y AFINES;BOGOTÁ;BOGOTÁ D.C.;58;149.0;153.0;135.0;140.0;153.0;165.0;25.0;22.0;30.0;25.0;36.0
30781;UNIMINUTO- CORPORACION UNIVERSITARIA MINUTO DE DIOS;CORPORACION UNIVERSITARIA MINUTO DE DIOS -UNIMINUTO-BOGOTÁ D.C.;COMUNICACIÓN DIGITAL;COMUNICACIÓN SOCIAL, PERIODISMO Y AFINES;BOGOTÁ;BOGOTÁ D.C.;1;118.0;112.0;136.0;128.0;122.0;91.0;0.0;0.0;0.0;0.0;0.0
2129;UNIMINUTO- CORPORACION UNIVERSITARIA MINUTO DE DIOS;CORPORACION UNIVERSITARIA MINUTO DE DIOS -UNIMINUTO-BOGOTÁ D.C.;COMUNICACIÓN SOCIAL;COMUNICACIÓN SOCIAL, PERIODISMO Y AFINES;BOGOTÁ;BOGOTÁ D.C.;148;142.0;151.0;125.0;139.0;151.0;142.0;25.0;26.0;31.0;29.0;27.0
20806;UNIMINUTO- CORPORACION UNIVERSITARIA MINUTO DE DIOS;CORPORACION UNIVERSITARIA MINUTO DE DIOS -UNIMINUTO-BOGOTÁ D.C.;COMUNICACIÓN VISUAL;ARTES PLÁSTICAS, VISUALES Y AFINES;BOGOTÁ;BOGOTÁ D.C.;61;142.0;148.0;125.0;135.0;140.0;160.0;31.0;26.0;30.0;26.0;28.0
9588;UNIMINUTO- CORPORACION UNIVERSITARIA MINUTO DE DIOS;CORPORACION UNIVERSITARIA MINUTO DE DIOS -UNIMINUTO-BOGOTÁ D.C.;CONTADURIA PUBLICA;CONTADURÍA PUBLICA;BOGOTÁ;BOGOTÁ D.C.;65;135.0;141.0;129.0;132.0;136.0;135.0;24.0;22.0;23.0;39.0;23.0
5435;UNIMINUTO- CORPORACION UNIVERSITARIA MINUTO DE DIOS;CORPORACION UNIVERSITARIA MINUTO DE DIOS -UNIMINUTO-BOGOTÁ D.C.;CONTADURÍA PÚBLICA;CONTADURÍA PUBLICA;BOGOTÁ;BOGOTÁ D.C.;193;142.0;143.0;140.0;136.0;149.0;142.0;24.0;25.0;27.0;27.0;21.0
5454;UNIMINUTO- CORPORACION UNIVERSITARIA MINUTO DE DIOS;CORPORACION UNIVERSITARIA MINUTO DE DIOS -UNIMINUTO-BOGOTÁ D.C.;CONTADURÍA PÚBLICA;CONTADURÍA PUBLICA;BOGOTÁ;BOGOTÁ D.C.;1630;137.0;141.0;135.0;131.0;144.0;136.0;24.0;25.0;27.0;34.0;21.0
20719;UNIMINUTO- CORPORACION UNIVERSITARIA MINUTO DE DIOS;CORPORACION UNIVERSITARIA MINUTO DE DIOS -UNIMINUTO-BOGOTÁ D.C.;CONTADURÍA PÚBLICA;CONTADURÍA PUBLICA;BOGOTÁ;BOGOTÁ D.C.;67;142.0;144.0;146.0;138.0;145.0;138.0;29.0;22.0;33.0;39.0;22.0
24836;UNIMINUTO- CORPORACION UNIVERSITARIA MINUTO DE DIOS;CORPORACION UNIVERSITARIA MINUTO DE DIOS -UNIMINUTO-BOGOTÁ D.C.;CONTADURÍA PÚBLICA;CONTADURÍA PUBLICA;BOGOTÁ;BOGOTÁ D.C.;12;128.0;128.0;127.0;118.0;140.0;125.0;29.0;27.0;23.0;25.0;25.0
25166;UNIMINUTO- CORPORACION UNIVERSITARIA MINUTO DE DIOS;CORPORACION UNIVERSITARIA MINUTO DE DIOS -UNIMINUTO-BOGOTÁ D.C.;CONTADURÍA PÚBLICA;CONTADURÍA PUBLICA;BOGOTÁ;BOGOTÁ D.C.;5;135.0;140.0;141.0;129.0;136.0;130.0;41.0;27.0;30.0;25.0;24.0
25342;UNIMINUTO- CORPORACION UNIVERSITARIA MINUTO DE DIOS;CORPORACION UNIVERSITARIA MINUTO DE DIOS -UNIMINUTO-BOGOTÁ D.C.;CONTADURÍA PÚBLICA;CONTADURÍA PUBLICA;BOGOTÁ;BOGOTÁ D.C.;26;137.0;141.0;130.0;134.0;146.0;134.0;25.0;22.0;26.0;28.0;19.0
25652;UNIMINUTO- CORPORACION UNIVERSITARIA MINUTO DE DIOS;CORPORACION UNIVERSITARIA MINUTO DE DIOS -UNIMINUTO-BOGOTÁ D.C.;CONTADURÍA PÚBLICA;CONTADURÍA PUBLICA;BOGOTÁ;BOGOTÁ D.C.;9;139.0;149.0;145.0;135.0;130.0;137.0;21.0;17.0;15.0;54.0;23.0
30663;UNIMINUTO- CORPORACION UNIVERSITARIA MINUTO DE DIOS;CORPORACION UNIVERSITARIA MINUTO DE DIOS -UNIMINUTO-BOGOTÁ D.C.;CONTADURÍA PÚBLICA;CONTADURÍA PUBLICA;BOGOTÁ;BOGOTÁ D.C.;50;138.0;142.0;135.0;131.0;148.0;135.0;29.0;25.0;29.0;24.0;25.0
26353;UNIMINUTO- CORPORACION UNIVERSITARIA MINUTO DE DIOS;CORPORACION UNIVERSITARIA MINUTO DE DIOS -UNIMINUTO-BOGOTÁ D.C.;DISEÑO GRÁFICO;DISEÑO;BOGOTÁ;BOGOTÁ D.C.;6;146.0;149.0;122.0;131.0;154.0;174.0;23.0;17.0;27.0;34.0;16.0
1990;UNIMINUTO- CORPORACION UNIVERSITARIA MINUTO DE DIOS;CORPORACION UNIVERSITARIA MINUTO DE DIOS -UNIMINUTO-BOGOTÁ D.C.;ESTUDIOS EN FILOSOFIA;FILOSOFÍA, TEOLOGÍA Y AFINES;BOGOTÁ;BOGOTÁ D.C.;4;163.0;162.0;150.0;169.0;174.0;158.0;21.0;11.0;39.0;9.0;46.0
3763;UNIMINUTO- CORPORACION UNIVERSITARIA MINUTO DE DIOS;CORPORACION UNIVERSITARIA MINUTO DE DIOS -UNIMINUTO-BOGOTÁ D.C.;INGENIERIA AGROECOLOGICA;INGENIERÍA AGRÍCOLA, FORESTAL Y AFINES;BOGOTÁ;BOGOTÁ D.C.;36;143.0;144.0;142.0;133.0;155.0;140.0;25.0;24.0;27.0;22.0;34.0
9586;UNIMINUTO- CORPORACION UNIVERSITARIA MINUTO DE DIOS;CORPORACION UNIVERSITARIA MINUTO DE DIOS -UNIMINUTO-BOGOTÁ D.C.;INGENIERIA AGROINDUSTRIAL;INGENIERÍA AGROINDUSTRIAL, ALIMENTOS Y AFINES;BOGOTÁ;BOGOTÁ D.C.;14;143.0;147.0;139.0;140.0;145.0;141.0;18.0;23.0;23.0;24.0;16.0
924;UNIMINUTO- CORPORACION UNIVERSITARIA MINUTO DE DIOS;CORPORACION UNIVERSITARIA MINUTO DE DIOS -UNIMINUTO-BOGOTÁ D.C.;INGENIERIA CIVIL;INGENIERÍA CIVIL Y AFINES;BOGOTÁ;BOGOTÁ D.C.;27;139.0;135.0;145.0;125.0;145.0;143.0;27.0;32.0;32.0;51.0;24.0
1748;UNIMINUTO- CORPORACION UNIVERSITARIA MINUTO DE DIOS;CORPORACION UNIVERSITARIA MINUTO DE DIOS -UNIMINUTO-BOGOTÁ D.C.;INGENIERIA CIVIL;INGENIERÍA CIVIL Y AFINES;BOGOTÁ;BOGOTÁ D.C.;170;151.0;147.0;165.0;142.0;148.0;151.0;23.0;27.0;27.0;33.0;22.0
2956;UNIMINUTO- CORPORACION UNIVERSITARIA MINUTO DE DIOS;CORPORACION UNIVERSITARIA MINUTO DE DIOS -UNIMINUTO-BOGOTÁ D.C.;INGENIERIA DE SISTEMAS;INGENIERÍA DE SISTEMAS, TELEMÁTICA Y AFINES;BOGOTÁ;BOGOTÁ D.C.;148;152.0;154.0;156.0;140.0;147.0;163.0;26.0;30.0;30.0;28.0;26.0
9480;UNIMINUTO- CORPORACION UNIVERSITARIA MINUTO DE DIOS;CORPORACION UNIVERSITARIA MINUTO DE DIOS -UNIMINUTO-BOGOTÁ D.C.;INGENIERIA DE SISTEMAS;INGENIERÍA DE SISTEMAS, TELEMÁTICA Y AFINES;BOGOTÁ;BOGOTÁ D.C.;17;155.0;154.0;154.0;152.0;150.0;165.0;25.0;24.0;23.0;24.0;18.0
9790;UNIMINUTO- CORPORACION UNIVERSITARIA MINUTO DE DIOS;CORPORACION UNIVERSITARIA MINUTO DE DIOS -UNIMINUTO-BOGOTÁ D.C.;INGENIERIA DE SISTEMAS;INGENIERÍA DE SISTEMAS, TELEMÁTICA Y AFINES;BOGOTÁ;BOGOTÁ D.C.;29;136.0;137.0;134.0;129.0;128.0;151.0;31.0;30.0;34.0;21.0;31.0
9836;UNIMINUTO- CORPORACION UNIVERSITARIA MINUTO DE DIOS;CORPORACION UNIVERSITARIA MINUTO DE DIOS -UNIMINUTO-BOGOTÁ D.C.;INGENIERIA DE SISTEMAS;INGENIERÍA DE SISTEMAS, TELEMÁTICA Y AFINES;BOGOTÁ;BOGOTÁ D.C.;81;147.0;148.0;149.0;134.0;142.0;159.0;26.0;25.0;30.0;37.0;29.0
28413;UNIMINUTO- CORPORACION UNIVERSITARIA MINUTO DE DIOS;CORPORACION UNIVERSITARIA MINUTO DE DIOS -UNIMINUTO-BOGOTÁ D.C.;INGENIERIA DE SISTEMAS;INGENIERÍA DE SISTEMAS, TELEMÁTICA Y AFINES;BOGOTÁ;BOGOTÁ D.C.;108;147.0;149.0;147.0;139.0;143.0;156.0;26.0;26.0;30.0;43.0;28.0
9646;UNIMINUTO- CORPORACION UNIVERSITARIA MINUTO DE DIOS;CORPORACION UNIVERSITARIA MINUTO DE DIOS -UNIMINUTO-BOGOTÁ D.C.;INGENIERÍA AGROECOLÓGICA;INGENIERÍA AGRONÓMICA, PECUARIA Y AFINES;BOGOTÁ;BOGOTÁ D.C.;40;129.0;130.0;130.0;122.0;137.0;126.0;23.0;26.0;31.0;27.0;27.0
24829;UNIMINUTO- CORPORACION UNIVERSITARIA MINUTO DE DIOS;CORPORACION UNIVERSITARIA MINUTO DE DIOS -UNIMINUTO-BOGOTÁ D.C.;INGENIERÍA DE SISTEMAS;INGENIERÍA DE SISTEMAS, TELEMÁTICA Y AFINES;BOGOTÁ;BOGOTÁ D.C.;24;145.0;141.0;147.0;127.0;156.0;154.0;25.0;25.0;31.0;26.0;25.0
30916;UNIMINUTO- CORPORACION UNIVERSITARIA MINUTO DE DIOS;CORPORACION UNIVERSITARIA MINUTO DE DIOS -UNIMINUTO-BOGOTÁ D.C.;INGENIERÍA DE SISTEMAS;INGENIERÍA DE SISTEMAS, TELEMÁTICA Y AFINES;BOGOTÁ;BOGOTÁ D.C.;140;141.0;140.0;140.0;132.0;148.0;148.0;24.0;28.0;28.0;33.0;34.0
20776;UNIMINUTO- CORPORACION UNIVERSITARIA MINUTO DE DIOS;CORPORACION UNIVERSITARIA MINUTO DE DIOS -UNIMINUTO-BELLO;INGENIERÍA DE SOFTWARE;INGENIERÍA DE SISTEMAS, TELEMÁTICA Y AFINES;ANTIOQUIA;BELLO;6;170.0;170.0;169.0;161.0;159.0;189.0;20.0;17.0;22.0;28.0;23.0
30883;UNIMINUTO- CORPORACION UNIVERSITARIA MINUTO DE DIOS;CORPORACION UNIVERSITARIA MINUTO DE DIOS -UNIMINUTO-BOGOTÁ D.C.;INGENIERÍA ELECTRÓNICA;SIN CLASIFICAR;BOGOTÁ;BOGOTÁ D.C.;9;143.0;141.0;144.0;128.0;152.0;148.0;28.0;19.0;27.0;30.0;20.0
4039;UNIMINUTO- CORPORACION UNIVERSITARIA MINUTO DE DIOS;CORPORACION UNIVERSITARIA MINUTO DE DIOS -UNIMINUTO-BOGOTÁ D.C.;INGENIERÍA INDUSTRIAL;INGENIERÍA INDUSTRIAL Y AFINES;BOGOTÁ;BOGOTÁ D.C.;140;146.0;149.0;149.0;137.0;147.0;150.0;24.0;24.0;27.0;33.0;23.0
9581;UNIMINUTO- CORPORACION UNIVERSITARIA MINUTO DE DIOS;CORPORACION UNIVERSITARIA MINUTO DE DIOS -UNIMINUTO-BOGOTÁ D.C.;INGENIERÍA INDUSTRIAL;INGENIERÍA INDUSTRIAL Y AFINES;BOGOTÁ;BOGOTÁ D.C.;97;141.0;142.0;143.0;129.0;149.0;141.0;24.0;24.0;28.0;21.0;22.0
25644;UNIMINUTO- CORPORACION UNIVERSITARIA MINUTO DE DIOS;CORPORACION UNIVERSITARIA MINUTO DE DIOS -UNIMINUTO-BOGOTÁ D.C.;INGENIERÍA INDUSTRIAL;INGENIERÍA QUÍMICA Y AFINES;BOGOTÁ;BOGOTÁ D.C.;16;140.0;142.0;137.0;136.0;149.0;135.0;20.0;31.0;33.0;24.0;24.0
25794;UNIMINUTO- CORPORACION UNIVERSITARIA MINUTO DE DIOS;CORPORACION UNIVERSITARIA MINUTO DE DIOS -UNIMINUTO-BOGOTÁ D.C.;INGENIERÍA INDUSTRIAL;INGENIERÍA QUÍMICA Y AFINES;BOGOTÁ;BOGOTÁ D.C.;7;139.0;144.0;156.0;120.0;139.0;135.0;19.0;19.0;32.0;18.0;26.0
25795;UNIMINUTO- CORPORACION UNIVERSITARIA MINUTO DE DIOS;CORPORACION UNIVERSITARIA MINUTO DE DIOS -UNIMINUTO-BOGOTÁ D.C.;INGENIERÍA INDUSTRIAL;INGENIERÍA QUÍMICA Y AFINES;BOGOTÁ;BOGOTÁ D.C.;63;144.0;146.0;152.0;136.0;138.0;146.0;24.0;23.0;27.0;39.0;19.0
25803;UNIMINUTO- CORPORACION UNIVERSITARIA MINUTO DE DIOS;CORPORACION UNIVERSITARIA MINUTO DE DIOS -UNIMINUTO-BELLO;INGENIERÍA INDUSTRIAL;INGENIERÍA INDUSTRIAL Y AFINES;ANTIOQUIA;BELLO;5;150.0;149.0;149.0;142.0;163.0;148.0;36.0;34.0;35.0;7.0;7.0
28170;UNIMINUTO- CORPORACION UNIVERSITARIA MINUTO DE DIOS;CORPORACION UNIVERSITARIA MINUTO DE DIOS -UNIMINUTO-BOGOTÁ D.C.;INGENIERÍA INDUSTRIAL;INGENIERÍA INDUSTRIAL Y AFINES;BOGOTÁ;BOGOTÁ D.C.;131;141.0;141.0;146.0;132.0;148.0;140.0;24.0;25.0;27.0;24.0;24.0
30742;UNIMINUTO- CORPORACION UNIVERSITARIA MINUTO DE DIOS;CORPORACION UNIVERSITARIA MINUTO DE DIOS -UNIMINUTO-BOGOTÁ D.C.;INGENIERÍA INDUSTRIAL;INGENIERÍA INDUSTRIAL Y AFINES;BOGOTÁ;BOGOTÁ D.C.;21;137.0;134.0;145.0;125.0;147.0;133.0;24.0;24.0;22.0;44.0;24.0
30809;UNIMINUTO- CORPORACION UNIVERSITARIA MINUTO DE DIOS;CORPORACION UNIVERSITARIA MINUTO DE DIOS -UNIMINUTO-BOGOTÁ D.C.;INGENIERÍA SOFTWARE;INGENIERÍA DE SISTEMAS, TELEMÁTICA Y AFINES;BOGOTÁ;BOGOTÁ D.C.;24;151.0;155.0;146.0;140.0;156.0;159.0;27.0;29.0;35.0;37.0;43.0
26356;UNIMINUTO- CORPORACION UNIVERSITARIA MINUTO DE DIOS;CORPORACION UNIVERSITARIA MINUTO DE DIOS -UNIMINUTO-BOGOTÁ D.C.;LICENCIATURA EN CIENCIAS NATURALES Y EDUCACION AMBIENTAL;EDUCACIÓN;BOGOTÁ;BOGOTÁ D.C.;62;137.0;142.0;128.0;132.0;151.0;134.0;22.0;26.0;28.0;32.0;24.0
30884;UNIMINUTO- CORPORACION UNIVERSITARIA MINUTO DE DIOS;CORPORACION UNIVERSITARIA MINUTO DE DIOS -UNIMINUTO-BOGOTÁ D.C.;LICENCIATURA EN CIENCIAS NATURALES Y EDUCACIÓN AMBIENTAL;EDUCACIÓN;BOGOTÁ;BOGOTÁ D.C.;1;146.0;150.0;132.0;145.0;152.0;153.0;0.0;0.0;0.0;0.0;0.0
30810;UNIMINUTO- CORPORACION UNIVERSITARIA MINUTO DE DIOS;CORPORACION UNIVERSITARIA MINUTO DE DIOS -UNIMINUTO-BOGOTÁ D.C.;LICENCIATURA EN CIENCIAS SOCIALES;EDUCACIÓN;BOGOTÁ;BOGOTÁ D.C.;107;139.0;146.0;128.0;141.0;147.0;131.0;27.0;29.0;30.0;40.0;27.0
25157;UNIMINUTO- CORPORACION UNIVERSITARIA MINUTO DE DIOS;CORPORACION UNIVERSITARIA MINUTO DE DIOS -UNIMINUTO-BOGOTÁ D.C.;LICENCIATURA EN EDUCACION  ARTISTICA;EDUCACIÓN;BOGOTÁ;BOGOTÁ D.C.;62;144.0;153.0;136.0;141.0;142.0;150.0;22.0;22.0;23.0;35.0;26.0
8842;UNIMINUTO- CORPORACION UNIVERSITARIA MINUTO DE DIOS;CORPORACION UNIVERSITARIA MINUTO DE DIOS -UNIMINUTO-BOGOTÁ D.C.;LICENCIATURA EN EDUCACION BÁSICA CON ÉNFASIS EN CIENCIAS NATURALES Y EDUCACIÓN AMBIENTAL;EDUCACIÓN;BOGOTÁ;BOGOTÁ D.C.;15;136.0;132.0;126.0;128.0;158.0;137.0;21.0;16.0;26.0;46.0;16.0
7475;UNIMINUTO- CORPORACION UNIVERSITARIA MINUTO DE DIOS;CORPORACION UNIVERSITARIA MINUTO DE DIOS -UNIMINUTO-BOGOTÁ D.C.;LICENCIATURA EN EDUCACIÓN ARTÍSTICA;EDUCACIÓN;BOGOTÁ;BOGOTÁ D.C.;68;138.0;146.0;127.0;134.0;139.0;143.0;27.0;30.0;26.0;39.0;31.0
20685;UNIMINUTO- CORPORACION UNIVERSITARIA MINUTO DE DIOS;CORPORACION UNIVERSITARIA MINUTO DE DIOS -UNIMINUTO-BOGOTÁ D.C.;LICENCIATURA EN EDUCACIÓN FÍSICA;EDUCACIÓN;BOGOTÁ;BOGOTÁ D.C.;173;133.0;136.0;130.0;125.0;136.0;137.0;26.0;23.0;25.0;36.0;22.0
2077;UNIMINUTO- CORPORACION UNIVERSITARIA MINUTO DE DIOS;CORPORACION UNIVERSITARIA MINUTO DE DIOS -UNIMINUTO-BOGOTÁ D.C.;LICENCIATURA EN EDUCACIÓN FÍSICA, RECREACIÓN Y DEPORTE;EDUCACIÓN;BOGOTÁ;BOGOTÁ D.C.;4;135.0;139.0;137.0;120.0;126.0;153.0;26.0;38.0;49.0;19.0;32.0
9762;UNIMINUTO- CORPORACION UNIVERSITARIA MINUTO DE DIOS;CORPORACION UNIVERSITARIA MINUTO DE DIOS -UNIMINUTO-BOGOTÁ D.C.;LICENCIATURA EN EDUCACIÓN FÍSICA, RECREACIÓN Y DEPORTE;EDUCACIÓN;BOGOTÁ;BOGOTÁ D.C.;174;138.0;141.0;134.0;129.0;147.0;137.0;25.0;23.0;25.0;33.0;24.0
30667;UNIMINUTO- CORPORACION UNIVERSITARIA MINUTO DE DIOS;CORPORACION UNIVERSITARIA MINUTO DE DIOS -UNIMINUTO-BELLO;LICENCIATURA EN EDUCACIÓN FÍSICA, RECREACIÓN Y DEPORTES;EDUCACIÓN;ANTIOQUIA;BELLO;1;152.0;156.0;134.0;166.0;160.0;142.0;0.0;0.0;0.0;0.0;0.0
30746;UNIMINUTO- CORPORACION UNIVERSITARIA MINUTO DE DIOS;CORPORACION UNIVERSITARIA MINUTO DE DIOS -UNIMINUTO-BELLO;LICENCIATURA EN EDUCACIÓN FÍSICA, RECREACIÓN Y DEPORTES;EDUCACIÓN;ANTIOQUIA;BELLO;20;119.0;113.0;114.0;111.0;139.0;117.0;15.0;16.0;18.0;18.0;15.0
9767;UNIMINUTO- CORPORACION UNIVERSITARIA MINUTO DE DIOS;CORPORACION UNIVERSITARIA MINUTO DE DIOS -UNIMINUTO-BOGOTÁ D.C.;LICENCIATURA EN EDUCACIÓN INFANTIL;EDUCACIÓN;BOGOTÁ;BOGOTÁ D.C.;106;136.0;140.0;125.0;132.0;144.0;139.0;23.0;24.0;26.0;35.0;19.0
20686;UNIMINUTO- CORPORACION UNIVERSITARIA MINUTO DE DIOS;CORPORACION UNIVERSITARIA MINUTO DE DIOS -UNIMINUTO-BOGOTÁ D.C.;LICENCIATURA EN EDUCACIÓN INFANTIL;EDUCACIÓN;BOGOTÁ;BOGOTÁ D.C.;724;129.0;133.0;117.0;123.0;143.0;131.0;25.0;23.0;25.0;39.0;21.0
25341;UNIMINUTO- CORPORACION UNIVERSITARIA MINUTO DE DIOS;CORPORACION UNIVERSITARIA MINUTO DE DIOS -UNIMINUTO-BELLO;LICENCIATURA EN EDUCACIÓN INFANTIL;EDUCACIÓN;ANTIOQUIA;BELLO;8;123.0;138.0;104.0;118.0;124.0;130.0;24.0;25.0;30.0;20.0;24.0
26357;UNIMINUTO- CORPORACION UNIVERSITARIA MINUTO DE DIOS;CORPORACION UNIVERSITARIA MINUTO DE DIOS -UNIMINUTO-BOGOTÁ D.C.;LICENCIATURA EN EDUCACIÓN INFANTIL;EDUCACIÓN;BOGOTÁ;BOGOTÁ D.C.;8;121.0;117.0;104.0;120.0;130.0;134.0;28.0;21.0;28.0;24.0;15.0
30811;UNIMINUTO- CORPORACION UNIVERSITARIA MINUTO DE DIOS;CORPORACION UNIVERSITARIA MINUTO DE DIOS -UNIMINUTO-BOGOTÁ D.C.;LICENCIATURA EN EDUCACIÓN INFANTIL;EDUCACIÓN;BOGOTÁ;BOGOTÁ D.C.;206;129.0;134.0;117.0;122.0;145.0;129.0;24.0;24.0;25.0;27.0;23.0
1200;UNIMINUTO- CORPORACION UNIVERSITARIA MINUTO DE DIOS;CORPORACION UNIVERSITARIA MINUTO DE DIOS -UNIMINUTO-BOGOTÁ D.C.;LICENCIATURA EN FILOSOFIA;EDUCACIÓN;BOGOTÁ;BOGOTÁ D.C.;5;135.0;151.0;121.0;161.0;94.0;146.0;18.0;25.0;14.0;91.0;21.0
20621;UNIMINUTO- CORPORACION UNIVERSITARIA MINUTO DE DIOS;CORPORACION UNIVERSITARIA MINUTO DE DIOS -UNIMINUTO-BOGOTÁ D.C.;LICENCIATURA EN HUMANIDADES Y LENGUA CASTELLANA;EDUCACIÓN;BOGOTÁ;BOGOTÁ D.C.;20;144.0;155.0;115.0;143.0;151.0;155.0;23.0;22.0;25.0;43.0;23.0
6268;UNIMINUTO- CORPORACION UNIVERSITARIA MINUTO DE DIOS;CORPORACION UNIVERSITARIA MINUTO DE DIOS -UNIMINUTO-BOGOTÁ D.C.;LICENCIATURA EN IDIOMA EXTRANJERO - INGLÉS;EDUCACIÓN;BOGOTÁ;BOGOTÁ D.C.;2;133.0;122.0;111.0;112.0;133.0;185.0;41.0;21.0;25.0;1.0;7.0
4865;UNIMINUTO- CORPORACION UNIVERSITARIA MINUTO DE DIOS;CORPORACION UNIVERSITARIA MINUTO DE DIOS -UNIMINUTO-BOGOTÁ D.C.;LICENCIATURA EN INFORMATICA;EDUCACIÓN;BOGOTÁ;BOGOTÁ D.C.;6;127.0;130.0;133.0;117.0;125.0;128.0;24.0;24.0;21.0;63.0;9.0
30917;UNIMINUTO- CORPORACION UNIVERSITARIA MINUTO DE DIOS;CORPORACION UNIVERSITARIA MINUTO DE DIOS -UNIMINUTO-BOGOTÁ D.C.;LICENCIATURA EN LENGUAS EXTRANJERAS CON ENFASIS EN INGLES;EDUCACIÓN;BOGOTÁ;BOGOTÁ D.C.;8;161.0;160.0;136.0;149.0;161.0;198.0;13.0;17.0;13.0;20.0;45.0
26293;UNIMINUTO- CORPORACION UNIVERSITARIA MINUTO DE DIOS;CORPORACION UNIVERSITARIA MINUTO DE DIOS -UNIMINUTO-BOGOTÁ D.C.;LICENCIATURA EN LENGUAS EXTRANJERAS CON ÉNFASIS EN INGLÉS;EDUCACIÓN;BOGOTÁ;BOGOTÁ D.C.;8;159.0;163.0;132.0;143.0;147.0;208.0;25.0;27.0;32.0;27.0;44.0
26358;UNIMINUTO- CORPORACION UNIVERSITARIA MINUTO DE DIOS;CORPORACION UNIVERSITARIA MINUTO DE DIOS -UNIMINUTO-BOGOTÁ D.C.;LICENCIATURA EN LENGUAS EXTRANJERAS CON ÉNFASIS EN INGLÉS;EDUCACIÓN;BOGOTÁ;BOGOTÁ D.C.;14;157.0;163.0;121.0;155.0;154.0;193.0;17.0;25.0;27.0;16.0;16.0
30743;UNIMINUTO- CORPORACION UNIVERSITARIA MINUTO DE DIOS;CORPORACION UNIVERSITARIA MINUTO DE DIOS -UNIMINUTO-BOGOTÁ D.C.;LICENCIATURA EN LENGUAS EXTRANJERAS CON ÉNFASIS EN INGLÉS;EDUCACIÓN;BOGOTÁ;BOGOTÁ D.C.;1;136.0;120.0;139.0;107.0;184.0;129.0;0.0;0.0;0.0;0.0;0.0
2936;UNIMINUTO- CORPORACION UNIVERSITARIA MINUTO DE DIOS;CORPORACION UNIVERSITARIA MINUTO DE DIOS -UNIMINUTO-BOGOTÁ D.C.;LICENCIATURA EN PEDAGOGIA INFANTIL;EDUCACIÓN;BOGOTÁ;BOGOTÁ D.C.;1;106.0;85.0;107.0;96.0;116.0;125.0;0.0;0.0;0.0;0.0;0.0
6262;UNIMINUTO- CORPORACION UNIVERSITARIA MINUTO DE DIOS;CORPORACION UNIVERSITARIA MINUTO DE DIOS -UNIMINUTO-BOGOTÁ D.C.;LICENCIATURA EN PEDAGOGÍA INFANTIL;EDUCACIÓN;BOGOTÁ;BOGOTÁ D.C.;11;126.0;134.0;116.0;115.0;136.0;129.0;26.0;38.0;35.0;27.0;31.0
32216;UNIMINUTO- CORPORACION UNIVERSITARIA MINUTO DE DIOS;CORPORACION UNIVERSITARIA MINUTO DE DIOS -UNIMINUTO-BOGOTÁ D.C.;Licenciatura en Educación Física, Recreación y Deportes;SIN CLASIFICAR;BOGOTÁ;BOGOTÁ D.C.;1;112.0;89.0;105.0;96.0;140.0;130.0;0.0;0.0;0.0;0.0;0.0
20805;UNIMINUTO- CORPORACION UNIVERSITARIA MINUTO DE DIOS;CORPORACION UNIVERSITARIA MINUTO DE DIOS -UNIMINUTO-BOGOTÁ D.C.;Licenciatura en Lenguas Extranjeras con Énfasis en Inglés;EDUCACIÓN;BOGOTÁ;BOGOTÁ D.C.;155;157.0;157.0;131.0;144.0;158.0;194.0;24.0;24.0;26.0;24.0;26.0
26431;UNIMINUTO- CORPORACION UNIVERSITARIA MINUTO DE DIOS;CORPORACION UNIVERSITARIA MINUTO DE DIOS -UNIMINUTO-BOGOTÁ D.C.;MERCADEO;ADMINISTRACIÓN;BOGOTÁ;BOGOTÁ D.C.;30;141.0;148.0;136.0;131.0;139.0;150.0;23.0;25.0;25.0;36.0;27.0
373;UNIMINUTO- CORPORACION UNIVERSITARIA MINUTO DE DIOS;CORPORACION UNIVERSITARIA MINUTO DE DIOS -UNIMINUTO-BOGOTÁ D.C.;PSICOLOGÍA;PSICOLOGÍA;BOGOTÁ;BOGOTÁ D.C.;64;132.0;140.0;121.0;127.0;136.0;134.0;25.0;23.0;28.0;29.0;22.0
1209;UNIMINUTO- CORPORACION UNIVERSITARIA MINUTO DE DIOS;CORPORACION UNIVERSITARIA MINUTO DE DIOS -UNIMINUTO-BELLO;PSICOLOGÍA;PSICOLOGÍA;ANTIOQUIA;BELLO;318;140.0;151.0;125.0;137.0;148.0;139.0;25.0;25.0;28.0;31.0;27.0
5852;UNIMINUTO- CORPORACION UNIVERSITARIA MINUTO DE DIOS;CORPORACION UNIVERSITARIA MINUTO DE DIOS -UNIMINUTO-BOGOTÁ D.C.;PSICOLOGÍA;PSICOLOGÍA;BOGOTÁ;BOGOTÁ D.C.;424;145.0;155.0;132.0;146.0;145.0;148.0;24.0;23.0;27.0;36.0;24.0
28079;UNIMINUTO- CORPORACION UNIVERSITARIA MINUTO DE DIOS;CORPORACION UNIVERSITARIA MINUTO DE DIOS -UNIMINUTO-BOGOTÁ D.C.;PSICOLOGÍA;PSICOLOGÍA;BOGOTÁ;BOGOTÁ D.C.;62;139.0;149.0;126.0;143.0;139.0;138.0;25.0;26.0;30.0;37.0;27.0
2220;UNIMINUTO- CORPORACION UNIVERSITARIA MINUTO DE DIOS;CORPORACION UNIVERSITARIA MINUTO DE DIOS -UNIMINUTO-BOGOTÁ D.C.;TRABAJO SOCIAL;SOCIOLOGÍA, TRABAJO SOCIAL Y AFINES;BOGOTÁ;BOGOTÁ D.C.;23;132.0;140.0;119.0;133.0;138.0;131.0;23.0;16.0;16.0;36.0;18.0
4128;UNIMINUTO- CORPORACION UNIVERSITARIA MINUTO DE DIOS;CORPORACION UNIVERSITARIA MINUTO DE DIOS -UNIMINUTO-BOGOTÁ D.C.;TRABAJO SOCIAL;SOCIOLOGÍA, TRABAJO SOCIAL Y AFINES;BOGOTÁ;BOGOTÁ D.C.;174;138.0;148.0;123.0;136.0;145.0;138.0;26.0;24.0;29.0;37.0;24.0
6388;UNIMINUTO- CORPORACION UNIVERSITARIA MINUTO DE DIOS;CORPORACION UNIVERSITARIA MINUTO DE DIOS -UNIMINUTO-BOGOTÁ D.C.;TRABAJO SOCIAL;SOCIOLOGÍA, TRABAJO SOCIAL Y AFINES;BOGOTÁ;BOGOTÁ D.C.;175;140.0;149.0;125.0;140.0;146.0;139.0;24.0;23.0;27.0;30.0;25.0
9567;UNIMINUTO- CORPORACION UNIVERSITARIA MINUTO DE DIOS;CORPORACION UNIVERSITARIA MINUTO DE DIOS -UNIMINUTO-BOGOTÁ D.C.;TRABAJO SOCIAL;SOCIOLOGÍA, TRABAJO SOCIAL Y AFINES;BOGOTÁ;BOGOTÁ D.C.;71;133.0;141.0;117.0;135.0;137.0;134.0;26.0;20.0;30.0;38.0;24.0
9637;UNIMINUTO- CORPORACION UNIVERSITARIA MINUTO DE DIOS;CORPORACION UNIVERSITARIA MINUTO DE DIOS -UNIMINUTO-BOGOTÁ D.C.;TRABAJO SOCIAL;SOCIOLOGÍA, TRABAJO SOCIAL Y AFINES;BOGOTÁ;BOGOTÁ D.C.;149;127.0;134.0;116.0;126.0;137.0;124.0;25.0;24.0;28.0;34.0;20.0
9679;UNIMINUTO- CORPORACION UNIVERSITARIA MINUTO DE DIOS;CORPORACION UNIVERSITARIA MINUTO DE DIOS -UNIMINUTO-BOGOTÁ D.C.;TRABAJO SOCIAL;SOCIOLOGÍA, TRABAJO SOCIAL Y AFINES;BOGOTÁ;BOGOTÁ D.C.;82;140.0;148.0;124.0;144.0;146.0;138.0;25.0;21.0;26.0;34.0;21.0
17676;UNIMINUTO- CORPORACION UNIVERSITARIA MINUTO DE DIOS;CORPORACION UNIVERSITARIA MINUTO DE DIOS -UNIMINUTO-BOGOTÁ D.C.;TRABAJO SOCIAL;SOCIOLOGÍA, TRABAJO SOCIAL Y AFINES;BOGOTÁ;BOGOTÁ D.C.;109;129.0;135.0;117.0;126.0;136.0;131.0;24.0;21.0;26.0;35.0;20.0
25486;UNIMINUTO- CORPORACION UNIVERSITARIA MINUTO DE DIOS;CORPORACION UNIVERSITARIA MINUTO DE DIOS -UNIMINUTO-BOGOTÁ D.C.;TRABAJO SOCIAL;SOCIOLOGÍA, TRABAJO SOCIAL Y AFINES;BOGOTÁ;BOGOTÁ D.C.;55;131.0;138.0;115.0;128.0;144.0;130.0;24.0;23.0;29.0;32.0;20.0
25965;UNIMINUTO- CORPORACION UNIVERSITARIA MINUTO DE DIOS;CORPORACION UNIVERSITARIA MINUTO DE DIOS -UNIMINUTO-BOGOTÁ D.C.;TRABAJO SOCIAL;SOCIOLOGÍA, TRABAJO SOCIAL Y AFINES;BOGOTÁ;BOGOTÁ D.C.;14;129.0;132.0;113.0;126.0;147.0;126.0;23.0;20.0;27.0;28.0;18.0
985;UNIVERSIDAD ANTONIO NARIÑO;UNIVERSIDAD ANTONIO NARIÑO-BOGOTÁ D.C.;ADMINISTRACION DE EMPRESAS;ADMINISTRACIÓN;BOGOTÁ;BOGOTÁ D.C.;29;120.0;126.0;110.0;116.0;129.0;119.0;28.0;25.0;25.0;61.0;23.0
2267;UNIVERSIDAD ANTONIO NARIÑO;UNIVERSIDAD ANTONIO NARIÑO-BOGOTÁ D.C.;ADMINISTRACION DE EMPRESAS;ADMINISTRACIÓN;BOGOTÁ;BOGOTÁ D.C.;5;132.0;143.0;134.0;97.0;155.0;131.0;16.0;14.0;16.0;16.0;22.0
4879;UNIVERSIDAD ANTONIO NARIÑO;UNIVERSIDAD ANTONIO NARIÑO-BOGOTÁ D.C.;ADMINISTRACION DE EMPRESAS;ADMINISTRACIÓN;BOGOTÁ;BOGOTÁ D.C.;4;133.0;135.0;146.0;116.0;139.0;131.0;13.0;26.0;32.0;23.0;13.0
5953;UNIVERSIDAD ANTONIO NARIÑO;UNIVERSIDAD ANTONIO NARIÑO-BOGOTÁ D.C.;ADMINISTRACION DE EMPRESAS;ADMINISTRACIÓN;BOGOTÁ;BOGOTÁ D.C.;28;146.0;146.0;141.0;146.0;153.0;142.0;23.0;30.0;25.0;18.0;27.0
6852;UNIVERSIDAD ANTONIO NARIÑO;UNIVERSIDAD ANTONIO NARIÑO-BOGOTÁ D.C.;ADMINISTRACION DE EMPRESAS;ADMINISTRACIÓN;BOGOTÁ;BOGOTÁ D.C.;5;144.0;143.0;140.0;140.0;149.0;148.0;14.0;14.0;20.0;22.0;36.0
7097;UNIVERSIDAD ANTONIO NARIÑO;UNIVERSIDAD ANTONIO NARIÑO-BOGOTÁ D.C.;ADMINISTRACION DE EMPRESAS;ADMINISTRACIÓN;BOGOTÁ;BOGOTÁ D.C.;22;139.0;140.0;135.0;132.0;155.0;132.0;29.0;28.0;27.0;24.0;31.0
1375;UNIVERSIDAD ANTONIO NARIÑO;UNIVERSIDAD ANTONIO NARIÑO-BOGOTÁ D.C.;ARQUITECTURA;ARQUITECTURA;BOGOTÁ;BOGOTÁ D.C.;13;148.0;153.0;151.0;130.0;153.0;150.0;19.0;34.0;35.0;24.0;34.0
2674;UNIVERSIDAD ANTONIO NARIÑO;UNIVERSIDAD ANTONIO NARIÑO-BOGOTÁ D.C.;ARQUITECTURA;ARQUITECTURA;BOGOTÁ;BOGOTÁ D.C.;72;141.0;144.0;146.0;124.0;147.0;147.0;24.0;24.0;28.0;31.0;32.0
2694;UNIVERSIDAD ANTONIO NARIÑO;UNIVERSIDAD ANTONIO NARIÑO-BOGOTÁ D.C.;ARQUITECTURA;ARQUITECTURA;BOGOTÁ;BOGOTÁ D.C.;24;154.0;158.0;161.0;145.0;154.0;153.0;22.0;26.0;32.0;40.0;29.0
5997;UNIVERSIDAD ANTONIO NARIÑO;UNIVERSIDAD ANTONIO NARIÑO-BOGOTÁ D.C.;ARQUITECTURA;ARQUITECTURA;BOGOTÁ;BOGOTÁ D.C.;59;142.0;145.0;148.0;128.0;138.0;152.0;23.0;30.0;29.0;39.0;25.0
20615;UNIVERSIDAD ANTONIO NARIÑO;UNIVERSIDAD ANTONIO NARIÑO-BOGOTÁ D.C.;ARQUITECTURA;ARQUITECTURA;BOGOTÁ;BOGOTÁ D.C.;17;146.0;139.0;145.0;141.0;152.0;155.0;25.0;26.0;34.0;27.0;36.0
8983;UNIVERSIDAD ANTONIO NARIÑO;UNIVERSIDAD ANTONIO NARIÑO-BOGOTÁ D.C.;ARTES PLÁSTICAS Y VISUALES;ARTES PLÁSTICAS, VISUALES Y AFINES;BOGOTÁ;BOGOTÁ D.C.;33;151.0;161.0;138.0;143.0;151.0;162.0;27.0;23.0;28.0;20.0;41.0
7549;UNIVERSIDAD ANTONIO NARIÑO;UNIVERSIDAD ANTONIO NARIÑO-BOGOTÁ D.C.;BIOQUIMICA;QUÍMICA Y AFINES;BOGOTÁ;BOGOTÁ D.C.;19;158.0;166.0;161.0;146.0;153.0;163.0;17.0;27.0;30.0;42.0;23.0
24817;UNIVERSIDAD ANTONIO NARIÑO;UNIVERSIDAD ANTONIO NARIÑO-BOGOTÁ D.C.;BIOTECNOLOGÍA;BIOLOGÍA, MICROBIOLOGÍA Y AFINES;BOGOTÁ;BOGOTÁ D.C.;48;164.0;175.0;165.0;153.0;157.0;172.0;29.0;25.0;30.0;43.0;39.0
255;UNIVERSIDAD ANTONIO NARIÑO;UNIVERSIDAD ANTONIO NARIÑO-BOGOTÁ D.C.;COMERCIO INTERNACIONAL;ECONOMÍA;BOGOTÁ;BOGOTÁ D.C.;14;144.0;147.0;134.0;138.0;143.0;156.0;28.0;24.0;26.0;26.0;34.0
1536;UNIVERSIDAD ANTONIO NARIÑO;UNIVERSIDAD ANTONIO NARIÑO-BOGOTÁ D.C.;COMERCIO INTERNACIONAL;ECONOMÍA;BOGOTÁ;BOGOTÁ D.C.;19;155.0;158.0;147.0;145.0;157.0;167.0;26.0;22.0;35.0;20.0;22.0
17334;UNIVERSIDAD ANTONIO NARIÑO;UNIVERSIDAD ANTONIO NARIÑO-BOGOTÁ D.C.;COMERCIO INTERNACIONAL;ECONOMÍA;BOGOTÁ;BOGOTÁ D.C.;11;137.0;140.0;130.0;126.0;141.0;149.0;23.0;20.0;36.0;20.0;24.0
17338;UNIVERSIDAD ANTONIO NARIÑO;UNIVERSIDAD ANTONIO NARIÑO-BOGOTÁ D.C.;COMERCIO INTERNACIONAL;ECONOMÍA;BOGOTÁ;BOGOTÁ D.C.;10;137.0;143.0;130.0;124.0;129.0;159.0;22.0;21.0;25.0;47.0;35.0
17421;UNIVERSIDAD ANTONIO NARIÑO;UNIVERSIDAD ANTONIO NARIÑO-BOGOTÁ D.C.;COMERCIO INTERNACIONAL;ECONOMÍA;BOGOTÁ;BOGOTÁ D.C.;10;136.0;136.0;131.0;129.0;139.0;145.0;22.0;20.0;27.0;27.0;23.0
17496;UNIVERSIDAD ANTONIO NARIÑO;UNIVERSIDAD ANTONIO NARIÑO-BOGOTÁ D.C.;COMERCIO INTERNACIONAL;ECONOMÍA;BOGOTÁ;BOGOTÁ D.C.;12;150.0;159.0;151.0;143.0;154.0;144.0;20.0;18.0;26.0;27.0;54.0
17506;UNIVERSIDAD ANTONIO NARIÑO;UNIVERSIDAD ANTONIO NARIÑO-BOGOTÁ D.C.;COMERCIO INTERNACIONAL;ECONOMÍA;BOGOTÁ;BOGOTÁ D.C.;21;136.0;139.0;134.0;119.0;145.0;144.0;20.0;28.0;22.0;40.0;15.0
20742;UNIVERSIDAD ANTONIO NARIÑO;UNIVERSIDAD ANTONIO NARIÑO-BOGOTÁ D.C.;COMERCIO INTERNACIONAL;ECONOMÍA;BOGOTÁ;BOGOTÁ D.C.;3;134.0;130.0;121.0;132.0;134.0;152.0;25.0;35.0;34.0;20.0;39.0
1784;UNIVERSIDAD ANTONIO NARIÑO;UNIVERSIDAD ANTONIO NARIÑO-BOGOTÁ D.C.;CONTADURIA PUBLICA;CONTADURÍA PUBLICA;BOGOTÁ;BOGOTÁ D.C.;31;136.0;147.0;130.0;128.0;144.0;133.0;22.0;25.0;20.0;38.0;21.0
4173;UNIVERSIDAD ANTONIO NARIÑO;UNIVERSIDAD ANTONIO NARIÑO-BOGOTÁ D.C.;CONTADURIA PUBLICA;CONTADURÍA PUBLICA;BOGOTÁ;BOGOTÁ D.C.;9;136.0;133.0;134.0;136.0;131.0;143.0;12.0;12.0;20.0;53.0;8.0
4208;UNIVERSIDAD ANTONIO NARIÑO;UNIVERSIDAD ANTONIO NARIÑO-BOGOTÁ D.C.;CONTADURIA PUBLICA;CONTADURÍA PUBLICA;BOGOTÁ;BOGOTÁ D.C.;28;145.0;152.0;146.0;139.0;142.0;144.0;22.0;20.0;38.0;38.0;25.0
5574;UNIVERSIDAD ANTONIO NARIÑO;UNIVERSIDAD ANTONIO NARIÑO-BOGOTÁ D.C.;CONTADURIA PUBLICA;CONTADURÍA PUBLICA;BOGOTÁ;BOGOTÁ D.C.;1;139.0;150.0;144.0;140.0;156.0;105.0;0.0;0.0;0.0;0.0;0.0
5954;UNIVERSIDAD ANTONIO NARIÑO;UNIVERSIDAD ANTONIO NARIÑO-BOGOTÁ D.C.;CONTADURIA PUBLICA;CONTADURÍA PUBLICA;BOGOTÁ;BOGOTÁ D.C.;24;148.0;157.0;153.0;136.0;159.0;136.0;21.0;21.0;30.0;25.0;22.0
6400;UNIVERSIDAD ANTONIO NARIÑO;UNIVERSIDAD ANTONIO NARIÑO-BOGOTÁ D.C.;CONTADURIA PUBLICA;CONTADURÍA PUBLICA;BOGOTÁ;BOGOTÁ D.C.;35;143.0;142.0;144.0;133.0;163.0;136.0;21.0;22.0;26.0;31.0;22.0
9174;UNIVERSIDAD ANTONIO NARIÑO;UNIVERSIDAD ANTONIO NARIÑO-BOGOTÁ D.C.;CONTADURIA PUBLICA;CONTADURÍA PUBLICA;BOGOTÁ;BOGOTÁ D.C.;21;136.0;142.0;136.0;133.0;134.0;133.0;19.0;21.0;26.0;22.0;17.0
17298;UNIVERSIDAD ANTONIO NARIÑO;UNIVERSIDAD ANTONIO NARIÑO-BOGOTÁ D.C.;CONTADURIA PUBLICA;CONTADURÍA PUBLICA;BOGOTÁ;BOGOTÁ D.C.;1;130.0;139.0;134.0;141.0;121.0;113.0;0.0;0.0;0.0;0.0;0.0
4700;UNIVERSIDAD ANTONIO NARIÑO;UNIVERSIDAD ANTONIO NARIÑO-BOGOTÁ D.C.;DERECHO;DERECHO Y AFINES;BOGOTÁ;BOGOTÁ D.C.;41;144.0;152.0;129.0;150.0;149.0;142.0;25.0;28.0;29.0;36.0;27.0
5557;UNIVERSIDAD ANTONIO NARIÑO;UNIVERSIDAD ANTONIO NARIÑO-BOGOTÁ D.C.;DERECHO;DERECHO Y AFINES;BOGOTÁ;BOGOTÁ D.C.;60;147.0;153.0;136.0;154.0;155.0;140.0;26.0;23.0;27.0;36.0;27.0
6392;UNIVERSIDAD ANTONIO NARIÑO;UNIVERSIDAD ANTONIO NARIÑO-BOGOTÁ D.C.;DERECHO;DERECHO Y AFINES;BOGOTÁ;BOGOTÁ D.C.;13;156.0;161.0;136.0;167.0;159.0;155.0;23.0;24.0;21.0;22.0;25.0
20616;UNIVERSIDAD ANTONIO NARIÑO;UNIVERSIDAD ANTONIO NARIÑO-BOGOTÁ D.C.;DISEÑO GRÁFICO;DISEÑO;BOGOTÁ;BOGOTÁ D.C.;47;152.0;159.0;144.0;141.0;149.0;170.0;24.0;26.0;24.0;27.0;23.0
5325;UNIVERSIDAD ANTONIO NARIÑO;UNIVERSIDAD ANTONIO NARIÑO-BOGOTÁ D.C.;DISEÑO INDUSTRIAL;DISEÑO;BOGOTÁ;BOGOTÁ D.C.;46;145.0;147.0;141.0;135.0;148.0;154.0;27.0;22.0;31.0;29.0;25.0
6047;UNIVERSIDAD ANTONIO NARIÑO;UNIVERSIDAD ANTONIO NARIÑO-BOGOTÁ D.C.;ECONOMIA;ECONOMÍA;BOGOTÁ;BOGOTÁ D.C.;7;152.0;152.0;155.0;141.0;163.0;151.0;24.0;42.0;46.0;12.0;22.0
2553;UNIVERSIDAD ANTONIO NARIÑO;UNIVERSIDAD ANTONIO NARIÑO-BOGOTÁ D.C.;ENFERMERIA;ENFERMERÍA;BOGOTÁ;BOGOTÁ D.C.;116;140.0;149.0;135.0;135.0;145.0;138.0;28.0;23.0;29.0;33.0;26.0
20826;UNIVERSIDAD ANTONIO NARIÑO;UNIVERSIDAD ANTONIO NARIÑO-BOGOTÁ D.C.;ENFERMERÍA;ENFERMERÍA;BOGOTÁ;BOGOTÁ D.C.;74;131.0;135.0;128.0;123.0;140.0;127.0;21.0;25.0;28.0;27.0;22.0
30840;UNIVERSIDAD ANTONIO NARIÑO;UNIVERSIDAD ANTONIO NARIÑO-BOGOTÁ D.C.;ENFERMERÍA;ENFERMERÍA;BOGOTÁ;BOGOTÁ D.C.;50;138.0;141.0;131.0;131.0;150.0;138.0;22.0;19.0;26.0;24.0;22.0
7989;UNIVERSIDAD ANTONIO NARIÑO;UNIVERSIDAD ANTONIO NARIÑO-BOGOTÁ D.C.;HOTELERIA Y TURISMO;ADMINISTRACIÓN;BOGOTÁ;BOGOTÁ D.C.;8;131.0;129.0;119.0;112.0;148.0;148.0;17.0;24.0;22.0;23.0;26.0
8153;UNIVERSIDAD ANTONIO NARIÑO;UNIVERSIDAD ANTONIO NARIÑO-BOGOTÁ D.C.;HOTELERIA Y TURISMO;ADMINISTRACIÓN;BOGOTÁ;BOGOTÁ D.C.;1;123.0;115.0;89.0;108.0;161.0;144.0;0.0;0.0;0.0;0.0;0.0
3029;UNIVERSIDAD ANTONIO NARIÑO;UNIVERSIDAD ANTONIO NARIÑO-BOGOTÁ D.C.;INGENIERIA AMBIENTAL;INGENIERÍA AMBIENTAL, SANITARIA Y AFINES;BOGOTÁ;BOGOTÁ D.C.;6;145.0;151.0;150.0;146.0;134.0;144.0;33.0;25.0;56.0;38.0;31.0
9630;UNIVERSIDAD ANTONIO NARIÑO;UNIVERSIDAD ANTONIO NARIÑO-BOGOTÁ D.C.;INGENIERIA AMBIENTAL;INGENIERÍA AMBIENTAL, SANITARIA Y AFINES;BOGOTÁ;BOGOTÁ D.C.;9;140.0;144.0;148.0;130.0;143.0;139.0;33.0;26.0;34.0;20.0;30.0
1127;UNIVERSIDAD ANTONIO NARIÑO;UNIVERSIDAD ANTONIO NARIÑO-BOGOTÁ D.C.;INGENIERIA BIOMEDICA;INGENIERÍA BIOMÉDICA Y AFINES;BOGOTÁ;BOGOTÁ D.C.;23;148.0;154.0;156.0;134.0;147.0;150.0;23.0;24.0;33.0;38.0;27.0
4269;UNIVERSIDAD ANTONIO NARIÑO;UNIVERSIDAD ANTONIO NARIÑO-BOGOTÁ D.C.;INGENIERIA BIOMEDICA;INGENIERÍA BIOMÉDICA Y AFINES;BOGOTÁ;BOGOTÁ D.C.;18;151.0;155.0;153.0;142.0;153.0;151.0;24.0;27.0;34.0;20.0;25.0
17301;UNIVERSIDAD ANTONIO NARIÑO;UNIVERSIDAD ANTONIO NARIÑO-BOGOTÁ D.C.;INGENIERIA BIOMEDICA;INGENIERÍA BIOMÉDICA Y AFINES;BOGOTÁ;BOGOTÁ D.C.;5;142.0;143.0;140.0;126.0;155.0;148.0;31.0;34.0;44.0;17.0;29.0
5543;UNIVERSIDAD ANTONIO NARIÑO;UNIVERSIDAD ANTONIO NARIÑO-BOGOTÁ D.C.;INGENIERIA CIVIL;INGENIERÍA CIVIL Y AFINES;BOGOTÁ;BOGOTÁ D.C.;30;151.0;151.0;167.0;133.0;155.0;147.0;26.0;20.0;31.0;24.0;22.0
6838;UNIVERSIDAD ANTONIO NARIÑO;UNIVERSIDAD ANTONIO NARIÑO-BOGOTÁ D.C.;INGENIERIA CIVIL;INGENIERÍA CIVIL Y AFINES;BOGOTÁ;BOGOTÁ D.C.;19;138.0;134.0;164.0;131.0;130.0;133.0;33.0;33.0;32.0;54.0;29.0
9640;UNIVERSIDAD ANTONIO NARIÑO;UNIVERSIDAD ANTONIO NARIÑO-BOGOTÁ D.C.;INGENIERIA CIVIL;INGENIERÍA CIVIL Y AFINES;BOGOTÁ;BOGOTÁ D.C.;22;145.0;138.0;167.0;128.0;151.0;140.0;24.0;28.0;21.0;20.0;21.0
855;UNIVERSIDAD ANTONIO NARIÑO;UNIVERSIDAD ANTONIO NARIÑO-BOGOTÁ D.C.;INGENIERIA DE SISTEMAS Y COMPUTACION;INGENIERÍA DE SISTEMAS, TELEMÁTICA Y AFINES;BOGOTÁ;BOGOTÁ D.C.;10;158.0;159.0;165.0;151.0;152.0;162.0;34.0;24.0;43.0;74.0;29.0
1750;UNIVERSIDAD ANTONIO NARIÑO;UNIVERSIDAD ANTONIO NARIÑO-BOGOTÁ D.C.;INGENIERIA ELECTROMECANICA;INGENIERÍA ELÉCTRICA Y AFINES;BOGOTÁ;BOGOTÁ D.C.;16;142.0;142.0;165.0;113.0;143.0;145.0;25.0;27.0;28.0;22.0;21.0
2240;UNIVERSIDAD ANTONIO NARIÑO;UNIVERSIDAD ANTONIO NARIÑO-BOGOTÁ D.C.;INGENIERIA ELECTRONICA;INGENIERÍA ELECTRÓNICA, TELECOMUNICACIONES Y AFINES;BOGOTÁ;BOGOTÁ D.C.;1;141.0;133.0;161.0;104.0;157.0;151.0;0.0;0.0;0.0;0.0;0.0
3041;UNIVERSIDAD ANTONIO NARIÑO;UNIVERSIDAD ANTONIO NARIÑO-BOGOTÁ D.C.;INGENIERIA ELECTRONICA;INGENIERÍA ELECTRÓNICA, TELECOMUNICACIONES Y AFINES;BOGOTÁ;BOGOTÁ D.C.;3;127.0;123.0;129.0;105.0;140.0;138.0;33.0;44.0;22.0;15.0;35.0
5103;UNIVERSIDAD ANTONIO NARIÑO;UNIVERSIDAD ANTONIO NARIÑO-BOGOTÁ D.C.;INGENIERIA ELECTRONICA;INGENIERÍA ELECTRÓNICA, TELECOMUNICACIONES Y AFINES;BOGOTÁ;BOGOTÁ D.C.;5;126.0;131.0;151.0;101.0;128.0;121.0;23.0;21.0;10.0;36.0;22.0
5570;UNIVERSIDAD ANTONIO NARIÑO;UNIVERSIDAD ANTONIO NARIÑO-BOGOTÁ D.C.;INGENIERIA ELECTRONICA;INGENIERÍA ELECTRÓNICA, TELECOMUNICACIONES Y AFINES;BOGOTÁ;BOGOTÁ D.C.;9;141.0;138.0;153.0;126.0;144.0;141.0;34.0;18.0;28.0;19.0;15.0
6393;UNIVERSIDAD ANTONIO NARIÑO;UNIVERSIDAD ANTONIO NARIÑO-BOGOTÁ D.C.;INGENIERIA ELECTRONICA;INGENIERÍA ELECTRÓNICA, TELECOMUNICACIONES Y AFINES;BOGOTÁ;BOGOTÁ D.C.;8;159.0;172.0;191.0;133.0;144.0;154.0;37.0;22.0;46.0;18.0;38.0
6832;UNIVERSIDAD ANTONIO NARIÑO;UNIVERSIDAD ANTONIO NARIÑO-BOGOTÁ D.C.;INGENIERIA ELECTRONICA;INGENIERÍA ELECTRÓNICA, TELECOMUNICACIONES Y AFINES;BOGOTÁ;BOGOTÁ D.C.;20;149.0;146.0;152.0;126.0;155.0;168.0;25.0;31.0;30.0;24.0;31.0
8130;UNIVERSIDAD ANTONIO NARIÑO;UNIVERSIDAD ANTONIO NARIÑO-BOGOTÁ D.C.;INGENIERIA EN CONTROL Y AUTOMATIZACION INDUSTRIAL;INGENIERÍA ELECTRÓNICA, TELECOMUNICACIONES Y AFINES;BOGOTÁ;BOGOTÁ D.C.;6;155.0;148.0;181.0;155.0;139.0;153.0;30.0;13.0;32.0;20.0;20.0
909;UNIVERSIDAD ANTONIO NARIÑO;UNIVERSIDAD ANTONIO NARIÑO-BOGOTÁ D.C.;INGENIERIA INDUSTRIAL;INGENIERÍA INDUSTRIAL Y AFINES;BOGOTÁ;BOGOTÁ D.C.;3;146.0;139.0;139.0;155.0;166.0;134.0;51.0;50.0;32.0;7.0;22.0
1356;UNIVERSIDAD ANTONIO NARIÑO;UNIVERSIDAD ANTONIO NARIÑO-BOGOTÁ D.C.;INGENIERIA INDUSTRIAL;INGENIERÍA INDUSTRIAL Y AFINES;BOGOTÁ;BOGOTÁ D.C.;14;137.0;135.0;148.0;124.0;143.0;138.0;23.0;14.0;28.0;30.0;19.0
1751;UNIVERSIDAD ANTONIO NARIÑO;UNIVERSIDAD ANTONIO NARIÑO-BOGOTÁ D.C.;INGENIERIA INDUSTRIAL;INGENIERÍA INDUSTRIAL Y AFINES;BOGOTÁ;BOGOTÁ D.C.;15;154.0;156.0;159.0;143.0;156.0;156.0;24.0;27.0;31.0;25.0;21.0
3059;UNIVERSIDAD ANTONIO NARIÑO;UNIVERSIDAD ANTONIO NARIÑO-BOGOTÁ D.C.;INGENIERIA INDUSTRIAL;INGENIERÍA INDUSTRIAL Y AFINES;BOGOTÁ;BOGOTÁ D.C.;25;139.0;140.0;149.0;123.0;141.0;139.0;26.0;28.0;22.0;23.0;27.0
5109;UNIVERSIDAD ANTONIO NARIÑO;UNIVERSIDAD ANTONIO NARIÑO-BOGOTÁ D.C.;INGENIERIA INDUSTRIAL;INGENIERÍA INDUSTRIAL Y AFINES;BOGOTÁ;BOGOTÁ D.C.;19;136.0;143.0;139.0;131.0;122.0;143.0;20.0;21.0;23.0;48.0;18.0
5972;UNIVERSIDAD ANTONIO NARIÑO;UNIVERSIDAD ANTONIO NARIÑO-BOGOTÁ D.C.;INGENIERIA INDUSTRIAL;INGENIERÍA INDUSTRIAL Y AFINES;BOGOTÁ;BOGOTÁ D.C.;4;155.0;169.0;147.0;140.0;171.0;147.0;9.0;27.0;29.0;86.0;18.0
84;UNIVERSIDAD ANTONIO NARIÑO;UNIVERSIDAD ANTONIO NARIÑO-BOGOTÁ D.C.;INGENIERIA MECANICA;INGENIERÍA MECÁNICA Y AFINES;BOGOTÁ;BOGOTÁ D.C.;4;134.0;130.0;138.0;129.0;144.0;130.0;16.0;20.0;16.0;25.0;12.0
1780;UNIVERSIDAD ANTONIO NARIÑO;UNIVERSIDAD ANTONIO NARIÑO-BOGOTÁ D.C.;INGENIERIA MECANICA;INGENIERÍA MECÁNICA Y AFINES;BOGOTÁ;BOGOTÁ D.C.;20;130.0;129.0;138.0;120.0;131.0;132.0;33.0;30.0;34.0;50.0;28.0
3016;UNIVERSIDAD ANTONIO NARIÑO;UNIVERSIDAD ANTONIO NARIÑO-BOGOTÁ D.C.;INGENIERIA MECANICA;INGENIERÍA MECÁNICA Y AFINES;BOGOTÁ;BOGOTÁ D.C.;12;130.0;127.0;135.0;115.0;135.0;136.0;23.0;22.0;25.0;49.0;30.0
4685;UNIVERSIDAD ANTONIO NARIÑO;UNIVERSIDAD ANTONIO NARIÑO-BOGOTÁ D.C.;INGENIERIA MECANICA;INGENIERÍA MECÁNICA Y AFINES;BOGOTÁ;BOGOTÁ D.C.;9;141.0;143.0;154.0;126.0;143.0;138.0;33.0;29.0;37.0;24.0;33.0
5952;UNIVERSIDAD ANTONIO NARIÑO;UNIVERSIDAD ANTONIO NARIÑO-BOGOTÁ D.C.;INGENIERIA MECANICA;INGENIERÍA MECÁNICA Y AFINES;BOGOTÁ;BOGOTÁ D.C.;7;145.0;139.0;172.0;128.0;142.0;143.0;17.0;15.0;33.0;30.0;27.0
8381;UNIVERSIDAD ANTONIO NARIÑO;UNIVERSIDAD ANTONIO NARIÑO-BOGOTÁ D.C.;INGENIERIA MECATRONICA;INGENIERÍA ELECTRÓNICA, TELECOMUNICACIONES Y AFINES;BOGOTÁ;BOGOTÁ D.C.;9;169.0;172.0;181.0;156.0;158.0;180.0;22.0;22.0;31.0;17.0;49.0
25153;UNIVERSIDAD ANTONIO NARIÑO;UNIVERSIDAD ANTONIO NARIÑO-BOGOTÁ D.C.;INGENIERÍA DE SOFTWARE;INGENIERÍA DE SISTEMAS, TELEMÁTICA Y AFINES;BOGOTÁ;BOGOTÁ D.C.;17;157.0;163.0;160.0;147.0;148.0;169.0;35.0;26.0;38.0;24.0;29.0
25958;UNIVERSIDAD ANTONIO NARIÑO;UNIVERSIDAD ANTONIO NARIÑO-BOGOTÁ D.C.;INGENIERÍA INDUSTRIAL;INGENIERÍA INDUSTRIAL Y AFINES;BOGOTÁ;BOGOTÁ D.C.;22;126.0;127.0;127.0;116.0;138.0;123.0;23.0;30.0;25.0;20.0;21.0
20741;UNIVERSIDAD ANTONIO NARIÑO;UNIVERSIDAD ANTONIO NARIÑO-BOGOTÁ D.C.;LICENCIATURA EN ARTES ESCENICAS;EDUCACIÓN;BOGOTÁ;BOGOTÁ D.C.;20;147.0;155.0;138.0;142.0;144.0;153.0;26.0;21.0;32.0;24.0;25.0
3960;UNIVERSIDAD ANTONIO NARIÑO;UNIVERSIDAD ANTONIO NARIÑO-BOGOTÁ D.C.;LICENCIATURA EN CIENCIAS SOCIALES;EDUCACIÓN;BOGOTÁ;BOGOTÁ D.C.;7;151.0;162.0;139.0;162.0;152.0;140.0;18.0;22.0;32.0;70.0;31.0
20614;UNIVERSIDAD ANTONIO NARIÑO;UNIVERSIDAD ANTONIO NARIÑO-BOGOTÁ D.C.;LICENCIATURA EN ESPAÑOL E INGLÉS;EDUCACIÓN;BOGOTÁ;BOGOTÁ D.C.;28;165.0;174.0;142.0;159.0;161.0;191.0;20.0;27.0;30.0;23.0;14.0
658;UNIVERSIDAD ANTONIO NARIÑO;UNIVERSIDAD ANTONIO NARIÑO-BOGOTÁ D.C.;LICENCIATURA EN MATEMATICAS;EDUCACIÓN;BOGOTÁ;BOGOTÁ D.C.;9;141.0;147.0;156.0;135.0;127.0;143.0;25.0;32.0;24.0;51.0;28.0
162;UNIVERSIDAD ANTONIO NARIÑO;UNIVERSIDAD ANTONIO NARIÑO-BOGOTÁ D.C.;MEDICINA;MEDICINA;BOGOTÁ;BOGOTÁ D.C.;302;157.0;164.0;153.0;155.0;153.0;160.0;22.0;26.0;28.0;31.0;29.0
894;UNIVERSIDAD ANTONIO NARIÑO;UNIVERSIDAD ANTONIO NARIÑO-BOGOTÁ D.C.;MEDICINA VETERINARIA;MEDICINA VETERINARIA;BOGOTÁ;BOGOTÁ D.C.;108;150.0;155.0;147.0;146.0;147.0;152.0;24.0;21.0;29.0;31.0;25.0
5118;UNIVERSIDAD ANTONIO NARIÑO;UNIVERSIDAD ANTONIO NARIÑO-BOGOTÁ D.C.;MEDICINA VETERINARIA;MEDICINA VETERINARIA;BOGOTÁ;BOGOTÁ D.C.;34;146.0;150.0;143.0;144.0;146.0;147.0;24.0;25.0;27.0;35.0;22.0
1136;UNIVERSIDAD ANTONIO NARIÑO;UNIVERSIDAD ANTONIO NARIÑO-BOGOTÁ D.C.;MUSICA;MÚSICA;BOGOTÁ;BOGOTÁ D.C.;10;159.0;163.0;142.0;160.0;161.0;172.0;22.0;36.0;36.0;18.0;16.0
502;UNIVERSIDAD ANTONIO NARIÑO;UNIVERSIDAD ANTONIO NARIÑO-BOGOTÁ D.C.;ODONTOLOGIA;ODONTOLOGÍA;BOGOTÁ;BOGOTÁ D.C.;57;142.0;145.0;136.0;134.0;151.0;146.0;21.0;24.0;27.0;29.0;26.0
2234;UNIVERSIDAD ANTONIO NARIÑO;UNIVERSIDAD ANTONIO NARIÑO-BOGOTÁ D.C.;ODONTOLOGIA;ODONTOLOGÍA;BOGOTÁ;BOGOTÁ D.C.;34;140.0;145.0;129.0;139.0;141.0;145.0;31.0;33.0;35.0;36.0;30.0
2683;UNIVERSIDAD ANTONIO NARIÑO;UNIVERSIDAD ANTONIO NARIÑO-BOGOTÁ D.C.;ODONTOLOGIA;ODONTOLOGÍA;BOGOTÁ;BOGOTÁ D.C.;48;141.0;143.0;131.0;134.0;150.0;148.0;26.0;25.0;28.0;24.0;24.0
3056;UNIVERSIDAD ANTONIO NARIÑO;UNIVERSIDAD ANTONIO NARIÑO-BOGOTÁ D.C.;ODONTOLOGIA;ODONTOLOGÍA;BOGOTÁ;BOGOTÁ D.C.;25;137.0;144.0;134.0;127.0;141.0;139.0;20.0;19.0;28.0;24.0;20.0
4732;UNIVERSIDAD ANTONIO NARIÑO;UNIVERSIDAD ANTONIO NARIÑO-BOGOTÁ D.C.;ODONTOLOGIA;ODONTOLOGÍA;BOGOTÁ;BOGOTÁ D.C.;11;129.0;134.0;125.0;119.0;138.0;126.0;25.0;16.0;25.0;25.0;25.0
5573;UNIVERSIDAD ANTONIO NARIÑO;UNIVERSIDAD ANTONIO NARIÑO-BOGOTÁ D.C.;ODONTOLOGIA;ODONTOLOGÍA;BOGOTÁ;BOGOTÁ D.C.;27;131.0;135.0;124.0;119.0;141.0;136.0;23.0;28.0;24.0;20.0;24.0
6053;UNIVERSIDAD ANTONIO NARIÑO;UNIVERSIDAD ANTONIO NARIÑO-BOGOTÁ D.C.;ODONTOLOGIA;ODONTOLOGÍA;BOGOTÁ;BOGOTÁ D.C.;1;164.0;201.0;168.0;153.0;163.0;137.0;0.0;0.0;0.0;0.0;0.0
6394;UNIVERSIDAD ANTONIO NARIÑO;UNIVERSIDAD ANTONIO NARIÑO-BOGOTÁ D.C.;ODONTOLOGIA;ODONTOLOGÍA;BOGOTÁ;BOGOTÁ D.C.;47;142.0;147.0;133.0;136.0;148.0;144.0;25.0;25.0;25.0;38.0;25.0
25643;UNIVERSIDAD ANTONIO NARIÑO;UNIVERSIDAD ANTONIO NARIÑO-BOGOTÁ D.C.;ODONTOLOGIA;ODONTOLOGÍA;BOGOTÁ;BOGOTÁ D.C.;31;141.0;146.0;140.0;136.0;142.0;138.0;29.0;25.0;25.0;28.0;23.0
2201;UNIVERSIDAD ANTONIO NARIÑO;UNIVERSIDAD ANTONIO NARIÑO-BOGOTÁ D.C.;OPTOMETRIA;OPTOMETRÍA, OTROS PROGRAMAS DE CIENCIAS DE LA SALUD;BOGOTÁ;BOGOTÁ D.C.;36;141.0;150.0;135.0;128.0;153.0;140.0;25.0;22.0;23.0;20.0;24.0
9837;UNIVERSIDAD ANTONIO NARIÑO;UNIVERSIDAD ANTONIO NARIÑO-BOGOTÁ D.C.;OPTOMETRIA;OPTOMETRÍA, OTROS PROGRAMAS DE CIENCIAS DE LA SALUD;BOGOTÁ;BOGOTÁ D.C.;36;139.0;144.0;133.0;131.0;144.0;142.0;26.0;23.0;24.0;33.0;20.0
372;UNIVERSIDAD ANTONIO NARIÑO;UNIVERSIDAD ANTONIO NARIÑO-BOGOTÁ D.C.;OPTOMETRÍA;OPTOMETRÍA, OTROS PROGRAMAS DE CIENCIAS DE LA SALUD;BOGOTÁ;BOGOTÁ D.C.;1;135.0;131.0;141.0;99.0;175.0;127.0;0.0;0.0;0.0;0.0;0.0
26285;UNIVERSIDAD ANTONIO NARIÑO;UNIVERSIDAD ANTONIO NARIÑO-BOGOTÁ D.C.;PROFESIONAL EN DANZA  TEATRO;ARTES REPRESENTATIVAS;BOGOTÁ;BOGOTÁ D.C.;3;153.0;149.0;139.0;157.0;146.0;175.0;24.0;43.0;15.0;18.0;14.0
2202;UNIVERSIDAD ANTONIO NARIÑO;UNIVERSIDAD ANTONIO NARIÑO-BOGOTÁ D.C.;PSICOLOGIA;PSICOLOGÍA;BOGOTÁ;BOGOTÁ D.C.;34;147.0;154.0;146.0;143.0;153.0;141.0;23.0;28.0;34.0;26.0;44.0
5092;UNIVERSIDAD ANTONIO NARIÑO;UNIVERSIDAD ANTONIO NARIÑO-BOGOTÁ D.C.;PSICOLOGIA;PSICOLOGÍA;BOGOTÁ;BOGOTÁ D.C.;155;134.0;142.0;121.0;129.0;141.0;134.0;27.0;27.0;27.0;34.0;29.0
31648;UNIVERSIDAD ANTONIO NARIÑO;UNIVERSIDAD ANTONIO NARIÑO-BOGOTÁ D.C.;Trabajo Social;SIN CLASIFICAR;BOGOTÁ;BOGOTÁ D.C.;30;124.0;135.0;109.0;126.0;128.0;122.0;25.0;21.0;24.0;32.0;25.0
509;UNIVERSIDAD AUTONOMA DE BUCARAMANGA-UNAB-;UNIVERSIDAD AUTONOMA DE BUCARAMANGA-UNAB-BUCARAMANGA;ADMINISTRACION DE EMPRESAS;ADMINISTRACIÓN;SANTANDER;BUCARAMANGA;21;166.0;161.0;165.0;164.0;145.0;195.0;34.0;21.0;38.0;28.0;15.0
4309;UNIVERSIDAD AUTONOMA DE BUCARAMANGA-UNAB-;UNIVERSIDAD AUTONOMA DE BUCARAMANGA-UNAB-BUCARAMANGA;ADMINISTRACION DE EMPRESAS;ADMINISTRACIÓN;SANTANDER;BUCARAMANGA;55;150.0;148.0;148.0;151.0;145.0;160.0;26.0;25.0;30.0;26.0;36.0
5619;UNIVERSIDAD AUTONOMA DE BUCARAMANGA-UNAB-;UNIVERSIDAD AUTONOMA DE BUCARAMANGA-UNAB-BUCARAMANGA;ADMINISTRACION DE EMPRESAS;ADMINISTRACIÓN;SANTANDER;BUCARAMANGA;69;156.0;155.0;153.0;151.0;145.0;175.0;30.0;28.0;38.0;31.0;27.0
957;UNIVERSIDAD AUTONOMA DE BUCARAMANGA-UNAB-;UNIVERSIDAD AUTONOMA DE BUCARAMANGA-UNAB-BUCARAMANGA;ADMINISTRACION TURISTICA Y HOTELERA;ADMINISTRACIÓN;SANTANDER;BUCARAMANGA;9;156.0;157.0;141.0;151.0;154.0;175.0;22.0;28.0;28.0;26.0;21.0
3170;UNIVERSIDAD AUTONOMA DE BUCARAMANGA-UNAB-;UNIVERSIDAD AUTONOMA DE BUCARAMANGA-UNAB-BUCARAMANGA;ARTES AUDIOVISUALES;ARTES PLÁSTICAS, VISUALES Y AFINES;SANTANDER;BUCARAMANGA;45;158.0;162.0;148.0;146.0;150.0;183.0;38.0;30.0;36.0;35.0;39.0
3353;UNIVERSIDAD AUTONOMA DE BUCARAMANGA-UNAB-;UNIVERSIDAD AUTONOMA DE BUCARAMANGA-UNAB-BUCARAMANGA;COMUNICACION SOCIAL;COMUNICACIÓN SOCIAL, PERIODISMO Y AFINES;SANTANDER;BUCARAMANGA;15;155.0;165.0;141.0;153.0;147.0;171.0;23.0;30.0;36.0;35.0;25.0
3831;UNIVERSIDAD AUTONOMA DE BUCARAMANGA-UNAB-;UNIVERSIDAD AUTONOMA DE BUCARAMANGA-UNAB-BUCARAMANGA;COMUNICACION SOCIAL PERIODISMO;COMUNICACIÓN SOCIAL, PERIODISMO Y AFINES;SANTANDER;BUCARAMANGA;19;165.0;173.0;147.0;160.0;157.0;185.0;21.0;26.0;30.0;25.0;37.0
25945;UNIVERSIDAD AUTONOMA DE BUCARAMANGA-UNAB-;UNIVERSIDAD AUTONOMA DE BUCARAMANGA-UNAB-BUCARAMANGA;CONTADURIA  PUBLICA;CONTADURÍA PUBLICA;SANTANDER;BUCARAMANGA;17;153.0;158.0;152.0;143.0;158.0;156.0;31.0;27.0;39.0;23.0;34.0
1801;UNIVERSIDAD AUTONOMA DE BUCARAMANGA-UNAB-;UNIVERSIDAD AUTONOMA DE BUCARAMANGA-UNAB-BUCARAMANGA;CONTADURIA PUBLICA;CONTADURÍA PUBLICA;SANTANDER;BUCARAMANGA;27;151.0;149.0;155.0;146.0;147.0;161.0;29.0;39.0;34.0;27.0;31.0
3071;UNIVERSIDAD AUTONOMA DE BUCARAMANGA-UNAB-;UNIVERSIDAD AUTONOMA DE BUCARAMANGA-UNAB-BUCARAMANGA;CONTADURIA PUBLICA;CONTADURÍA PUBLICA;SANTANDER;BUCARAMANGA;8;148.0;150.0;151.0;145.0;138.0;155.0;28.0;30.0;29.0;34.0;33.0
1926;UNIVERSIDAD AUTONOMA DE BUCARAMANGA-UNAB-;UNIVERSIDAD AUTONOMA DE BUCARAMANGA-UNAB-BUCARAMANGA;DERECHO;DERECHO Y AFINES;SANTANDER;BUCARAMANGA;27;144.0;150.0;135.0;152.0;143.0;138.0;31.0;26.0;29.0;38.0;28.0
6843;UNIVERSIDAD AUTONOMA DE BUCARAMANGA-UNAB-;UNIVERSIDAD AUTONOMA DE BUCARAMANGA-UNAB-BUCARAMANGA;DERECHO;DERECHO Y AFINES;SANTANDER;BUCARAMANGA;80;164.0;170.0;147.0;176.0;158.0;168.0;27.0;29.0;30.0;42.0;34.0
5272;UNIVERSIDAD AUTONOMA DE BUCARAMANGA-UNAB-;UNIVERSIDAD AUTONOMA DE BUCARAMANGA-UNAB-BUCARAMANGA;ECONOMIA;ECONOMÍA;SANTANDER;BUCARAMANGA;20;173.0;174.0;171.0;169.0;164.0;185.0;34.0;25.0;42.0;18.0;19.0
713;UNIVERSIDAD AUTONOMA DE BUCARAMANGA-UNAB-;UNIVERSIDAD AUTONOMA DE BUCARAMANGA-UNAB-BUCARAMANGA;ENFERMERIA;ENFERMERÍA;SANTANDER;BUCARAMANGA;50;147.0;153.0;139.0;145.0;142.0;156.0;23.0;22.0;27.0;39.0;27.0
7374;UNIVERSIDAD AUTONOMA DE BUCARAMANGA-UNAB-;UNIVERSIDAD AUTONOMA DE BUCARAMANGA-UNAB-BUCARAMANGA;INGENIERIA BIOMEDICA;INGENIERÍA BIOMÉDICA Y AFINES;SANTANDER;BUCARAMANGA;49;171.0;171.0;176.0;159.0;164.0;184.0;25.0;23.0;35.0;20.0;33.0
2373;UNIVERSIDAD AUTONOMA DE BUCARAMANGA-UNAB-;UNIVERSIDAD AUTONOMA DE BUCARAMANGA-UNAB-BUCARAMANGA;INGENIERIA DE MERCADOS;INGENIERÍA INDUSTRIAL Y AFINES;SANTANDER;BUCARAMANGA;16;162.0;167.0;166.0;151.0;145.0;183.0;21.0;31.0;33.0;25.0;19.0
4719;UNIVERSIDAD AUTONOMA DE BUCARAMANGA-UNAB-;UNIVERSIDAD AUTONOMA DE BUCARAMANGA-UNAB-BUCARAMANGA;INGENIERIA DE SISTEMAS;INGENIERÍA DE SISTEMAS, TELEMÁTICA Y AFINES;SANTANDER;BUCARAMANGA;58;170.0;173.0;173.0;166.0;149.0;189.0;30.0;27.0;34.0;41.0;39.0
2320;UNIVERSIDAD AUTONOMA DE BUCARAMANGA-UNAB-;UNIVERSIDAD AUTONOMA DE BUCARAMANGA-UNAB-BUCARAMANGA;INGENIERIA EN ENERGIA;INGENIERÍA ELÉCTRICA Y AFINES;SANTANDER;BUCARAMANGA;17;171.0;172.0;180.0;163.0;154.0;187.0;25.0;21.0;36.0;24.0;19.0
2372;UNIVERSIDAD AUTONOMA DE BUCARAMANGA-UNAB-;UNIVERSIDAD AUTONOMA DE BUCARAMANGA-UNAB-BUCARAMANGA;INGENIERIA FINANCIERA;INGENIERÍA ADMINISTRATIVA Y AFINES;SANTANDER;BUCARAMANGA;10;155.0;162.0;151.0;138.0;162.0;161.0;17.0;26.0;29.0;31.0;22.0
2806;UNIVERSIDAD AUTONOMA DE BUCARAMANGA-UNAB-;UNIVERSIDAD AUTONOMA DE BUCARAMANGA-UNAB-BUCARAMANGA;INGENIERIA FINANCIERA;INGENIERÍA ADMINISTRATIVA Y AFINES;SANTANDER;BUCARAMANGA;31;159.0;160.0;169.0;156.0;142.0;168.0;31.0;23.0;31.0;26.0;25.0
9633;UNIVERSIDAD AUTONOMA DE BUCARAMANGA-UNAB-;UNIVERSIDAD AUTONOMA DE BUCARAMANGA-UNAB-BUCARAMANGA;INGENIERIA INDUSTRIAL;INGENIERÍA INDUSTRIAL Y AFINES;SANTANDER;BUCARAMANGA;19;165.0;160.0;170.0;158.0;151.0;188.0;28.0;26.0;27.0;27.0;17.0
1370;UNIVERSIDAD AUTONOMA DE BUCARAMANGA-UNAB-;UNIVERSIDAD AUTONOMA DE BUCARAMANGA-UNAB-BUCARAMANGA;INGENIERIA MECATRONICA;INGENIERÍA ELECTRÓNICA, TELECOMUNICACIONES Y AFINES;SANTANDER;BUCARAMANGA;33;178.0;174.0;195.0;168.0;160.0;194.0;26.0;35.0;34.0;38.0;40.0
9549;UNIVERSIDAD AUTONOMA DE BUCARAMANGA-UNAB-;UNIVERSIDAD AUTONOMA DE BUCARAMANGA-UNAB-BUCARAMANGA;LICENCIATURA EN EDUCACION INFANTIL;EDUCACIÓN;SANTANDER;BUCARAMANGA;26;139.0;145.0;132.0;129.0;142.0;148.0;23.0;28.0;27.0;48.0;25.0
4383;UNIVERSIDAD AUTONOMA DE BUCARAMANGA-UNAB-;UNIVERSIDAD AUTONOMA DE BUCARAMANGA-UNAB-BUCARAMANGA;LITERATURA;LENGUAS MODERNAS, LITERATURA, LINGÜÍSTICA Y AFINES;SANTANDER;BUCARAMANGA;8;169.0;181.0;137.0;170.0;158.0;201.0;20.0;21.0;24.0;34.0;45.0
6515;UNIVERSIDAD AUTONOMA DE BUCARAMANGA-UNAB-;UNIVERSIDAD AUTONOMA DE BUCARAMANGA-UNAB-BUCARAMANGA;MEDICINA;MEDICINA;SANTANDER;BUCARAMANGA;131;173.0;180.0;168.0;170.0;159.0;190.0;25.0;22.0;32.0;26.0;28.0
2823;UNIVERSIDAD AUTONOMA DE BUCARAMANGA-UNAB-;UNIVERSIDAD AUTONOMA DE BUCARAMANGA-UNAB-BUCARAMANGA;MUSICA;MÚSICA;SANTANDER;BUCARAMANGA;19;153.0;155.0;142.0;140.0;150.0;177.0;29.0;30.0;32.0;22.0;29.0
7795;UNIVERSIDAD AUTONOMA DE BUCARAMANGA-UNAB-;UNIVERSIDAD AUTONOMA DE BUCARAMANGA-UNAB-BUCARAMANGA;NEGOCIOS INTERNACIONALES;ADMINISTRACIÓN;SANTANDER;BUCARAMANGA;40;159.0;157.0;147.0;144.0;157.0;189.0;27.0;26.0;34.0;24.0;29.0
7250;UNIVERSIDAD AUTONOMA DE BUCARAMANGA-UNAB-;UNIVERSIDAD AUTONOMA DE BUCARAMANGA-UNAB-BUCARAMANGA;PROFESIONAL  EN GASTRONOMÍA Y  ALTA COCINA;ANTROPOLOGÍA, ARTES LIBERALES;SANTANDER;BUCARAMANGA;41;156.0;152.0;146.0;147.0;156.0;180.0;29.0;27.0;37.0;25.0;27.0
3697;UNIVERSIDAD AUTONOMA DE BUCARAMANGA-UNAB-;UNIVERSIDAD AUTONOMA DE BUCARAMANGA-UNAB-BUCARAMANGA;PSICOLOGIA;PSICOLOGÍA;SANTANDER;BUCARAMANGA;19;149.0;163.0;136.0;149.0;147.0;151.0;19.0;23.0;32.0;24.0;15.0
5138;UNIVERSIDAD AUTONOMA DE BUCARAMANGA-UNAB-;UNIVERSIDAD AUTONOMA DE BUCARAMANGA-UNAB-BUCARAMANGA;PSICOLOGIA;PSICOLOGÍA;SANTANDER;BUCARAMANGA;38;168.0;179.0;150.0;173.0;151.0;188.0;20.0;24.0;31.0;26.0;37.0
9563;UNIVERSIDAD AUTONOMA DE BUCARAMANGA-UNAB-;UNIVERSIDAD AUTONOMA DE BUCARAMANGA-UNAB-BUCARAMANGA;PSICOLOGÍA;PSICOLOGÍA;SANTANDER;BUCARAMANGA;26;136.0;141.0;128.0;131.0;143.0;135.0;25.0;26.0;20.0;21.0;22.0
24972;UNIVERSIDAD AUTONOMA DE BUCARAMANGA-UNAB-;UNIVERSIDAD AUTONOMA DE BUCARAMANGA-UNAB-BUCARAMANGA;SEGURIDAD Y SALUD EN EL TRABAJO;ADMINISTRACIÓN;SANTANDER;BUCARAMANGA;29;130.0;137.0;120.0;126.0;135.0;130.0;19.0;26.0;26.0;33.0;19.0
711;UNIVERSIDAD AUTONOMA DE MANIZALES;UNIVERSIDAD AUTONOMA DE MANIZALES-MANIZALES;ADMINISTRACIÓN DE EMPRESAS;ADMINISTRACIÓN;CALDAS;MANIZALES;43;137.0;138.0;130.0;138.0;149.0;132.0;29.0;23.0;32.0;27.0;21.0
3979;UNIVERSIDAD AUTONOMA DE MANIZALES;UNIVERSIDAD AUTONOMA DE MANIZALES-MANIZALES;ADMINISTRACIÓN DE EMPRESAS;ADMINISTRACIÓN;CALDAS;MANIZALES;15;164.0;165.0;155.0;167.0;145.0;190.0;30.0;30.0;36.0;25.0;40.0
1260;UNIVERSIDAD AUTONOMA DE MANIZALES;UNIVERSIDAD AUTONOMA DE MANIZALES-MANIZALES;ARTES CULINARIAS Y GASTRONOMÍA;OTROS PROGRAMAS ASOCIADOS A BELLAS ARTES;CALDAS;MANIZALES;14;154.0;156.0;151.0;146.0;141.0;178.0;22.0;31.0;26.0;47.0;38.0
522;UNIVERSIDAD AUTONOMA DE MANIZALES;UNIVERSIDAD AUTONOMA DE MANIZALES-MANIZALES;CIENCIA POLITICA, GOBIERNO Y RELACIONES INTERNACIONALES;CIENCIA POLÍTICA, RELACIONES INTERNACIONALES;CALDAS;MANIZALES;18;177.0;181.0;155.0;188.0;172.0;189.0;20.0;20.0;20.0;39.0;37.0
4857;UNIVERSIDAD AUTONOMA DE MANIZALES;UNIVERSIDAD AUTONOMA DE MANIZALES-MANIZALES;DISEÑO DE MODAS;DISEÑO;CALDAS;MANIZALES;19;164.0;169.0;152.0;152.0;161.0;185.0;28.0;23.0;37.0;26.0;23.0
5306;UNIVERSIDAD AUTONOMA DE MANIZALES;UNIVERSIDAD AUTONOMA DE MANIZALES-MANIZALES;DISEÑO INDUSTRIAL;DISEÑO;CALDAS;MANIZALES;16;168.0;172.0;160.0;159.0;158.0;189.0;24.0;22.0;16.0;23.0;21.0
6222;UNIVERSIDAD AUTONOMA DE MANIZALES;UNIVERSIDAD AUTONOMA DE MANIZALES-MANIZALES;ECONOMIA;ECONOMÍA;CALDAS;MANIZALES;9;166.0;164.0;167.0;164.0;160.0;173.0;30.0;26.0;35.0;33.0;25.0
1770;UNIVERSIDAD AUTONOMA DE MANIZALES;UNIVERSIDAD AUTONOMA DE MANIZALES-MANIZALES;FISIOTERAPIA;TERAPIAS;CALDAS;MANIZALES;80;152.0;157.0;142.0;150.0;153.0;156.0;22.0;21.0;24.0;21.0;24.0
2141;UNIVERSIDAD AUTONOMA DE MANIZALES;UNIVERSIDAD AUTONOMA DE MANIZALES-MANIZALES;INGENIERIA BIOMEDICA;INGENIERÍA BIOMÉDICA Y AFINES;CALDAS;MANIZALES;46;168.0;169.0;168.0;167.0;162.0;174.0;31.0;34.0;30.0;30.0;22.0
4174;UNIVERSIDAD AUTONOMA DE MANIZALES;UNIVERSIDAD AUTONOMA DE MANIZALES-MANIZALES;INGENIERIA DE SISTEMAS;INGENIERÍA DE SISTEMAS, TELEMÁTICA Y AFINES;CALDAS;MANIZALES;22;171.0;175.0;171.0;163.0;160.0;185.0;29.0;29.0;31.0;19.0;25.0
2656;UNIVERSIDAD AUTONOMA DE MANIZALES;UNIVERSIDAD AUTONOMA DE MANIZALES-MANIZALES;INGENIERIA ELECTRONICA;INGENIERÍA ELECTRÓNICA, TELECOMUNICACIONES Y AFINES;CALDAS;MANIZALES;16;164.0;167.0;164.0;166.0;148.0;174.0;27.0;27.0;28.0;23.0;21.0
792;UNIVERSIDAD AUTONOMA DE MANIZALES;UNIVERSIDAD AUTONOMA DE MANIZALES-MANIZALES;INGENIERIA INDUSTRIAL;INGENIERÍA INDUSTRIAL Y AFINES;CALDAS;MANIZALES;43;155.0;153.0;162.0;146.0;149.0;166.0;30.0;31.0;32.0;34.0;24.0
480;UNIVERSIDAD AUTONOMA DE MANIZALES;UNIVERSIDAD AUTONOMA DE MANIZALES-MANIZALES;INGENIERIA MECANICA;INGENIERÍA MECÁNICA Y AFINES;CALDAS;MANIZALES;11;170.0;174.0;188.0;156.0;153.0;180.0;16.0;23.0;30.0;27.0;23.0
4422;UNIVERSIDAD AUTONOMA DE MANIZALES;UNIVERSIDAD AUTONOMA DE MANIZALES-MANIZALES;NEGOCIOS INTERNACIONALES;ADMINISTRACIÓN;CALDAS;MANIZALES;44;167.0;170.0;154.0;165.0;158.0;190.0;31.0;27.0;36.0;32.0;25.0
6814;UNIVERSIDAD AUTONOMA DE MANIZALES;UNIVERSIDAD AUTONOMA DE MANIZALES-MANIZALES;ODONTOLOGIA;ODONTOLOGÍA;CALDAS;MANIZALES;41;156.0;163.0;146.0;153.0;156.0;165.0;25.0;26.0;30.0;32.0;29.0
4246;UNIVERSIDAD AUTONOMA DEL CARIBE;UNIVERSIDAD AUTONOMA DEL CARIBE-BARRANQUILLA;ADMINISTRACION DE EMPRESAS;ADMINISTRACIÓN;ATLANTICO;BARRANQUILLA;78;138.0;142.0;135.0;132.0;138.0;144.0;27.0;27.0;28.0;46.0;36.0
16966;UNIVERSIDAD AUTONOMA DEL CARIBE;UNIVERSIDAD AUTONOMA DEL CARIBE-BARRANQUILLA;ADMINISTRACION DE EMPRESAS;ADMINISTRACIÓN;ATLANTICO;BARRANQUILLA;1;114.0;124.0;117.0;113.0;123.0;92.0;0.0;0.0;0.0;0.0;0.0
2264;UNIVERSIDAD AUTONOMA DEL CARIBE;UNIVERSIDAD AUTONOMA DEL CARIBE-BARRANQUILLA;ADMINISTRACION DE EMPRESAS TURISTICAS Y HOTELERAS;ADMINISTRACIÓN;ATLANTICO;BARRANQUILLA;21;142.0;145.0;124.0;133.0;151.0;160.0;29.0;26.0;30.0;52.0;32.0
341;UNIVERSIDAD AUTONOMA DEL CARIBE;UNIVERSIDAD AUTONOMA DEL CARIBE-BARRANQUILLA;ADMINISTRACION MARITIMA Y FLUVIAL;ADMINISTRACIÓN;ATLANTICO;BARRANQUILLA;36;137.0;143.0;130.0;132.0;130.0;149.0;29.0;24.0;31.0;35.0;28.0
9823;UNIVERSIDAD AUTONOMA DEL CARIBE;UNIVERSIDAD AUTONOMA DEL CARIBE-BARRANQUILLA;ADMINISTRACIÓN DE EMPRESAS;ADMINISTRACIÓN;ATLANTICO;BARRANQUILLA;8;133.0;129.0;123.0;132.0;132.0;147.0;18.0;21.0;24.0;29.0;27.0
1738;UNIVERSIDAD AUTONOMA DEL CARIBE;UNIVERSIDAD AUTONOMA DEL CARIBE-BARRANQUILLA;ARQUITECTURA;ARQUITECTURA;ATLANTICO;BARRANQUILLA;54;147.0;149.0;145.0;138.0;142.0;161.0;30.0;27.0;32.0;33.0;40.0
7315;UNIVERSIDAD AUTONOMA DEL CARIBE;UNIVERSIDAD AUTONOMA DEL CARIBE-BARRANQUILLA;CIENCIAS POLITICAS;CIENCIA POLÍTICA, RELACIONES INTERNACIONALES;ATLANTICO;BARRANQUILLA;11;153.0;160.0;123.0;164.0;156.0;162.0;29.0;27.0;31.0;36.0;21.0
24977;UNIVERSIDAD AUTONOMA DEL CARIBE;UNIVERSIDAD AUTONOMA DEL CARIBE-BARRANQUILLA;COMUNICACION AUDIOVISUAL;COMUNICACIÓN SOCIAL, PERIODISMO Y AFINES;ATLANTICO;BARRANQUILLA;63;145.0;153.0;132.0;136.0;140.0;165.0;30.0;26.0;32.0;41.0;30.0
2300;UNIVERSIDAD AUTONOMA DEL CARIBE;UNIVERSIDAD AUTONOMA DEL CARIBE-BARRANQUILLA;COMUNICACION SOCIAL-PERIODISMO;COMUNICACIÓN SOCIAL, PERIODISMO Y AFINES;ATLANTICO;BARRANQUILLA;121;141.0;153.0;124.0;137.0;142.0;150.0;25.0;26.0;29.0;33.0;31.0
3725;UNIVERSIDAD AUTONOMA DEL CARIBE;UNIVERSIDAD AUTONOMA DEL CARIBE-BARRANQUILLA;CONTADURIA PUBLICA;CONTADURÍA PUBLICA;ATLANTICO;BARRANQUILLA;55;139.0;142.0;137.0;133.0;140.0;146.0;25.0;27.0;30.0;33.0;26.0
8692;UNIVERSIDAD AUTONOMA DEL CARIBE;UNIVERSIDAD AUTONOMA DEL CARIBE-BARRANQUILLA;DEPORTE Y CULTURA FISICA;DEPORTES, EDUCACIÓN FÍSICA Y RECREACIÓN;ATLANTICO;BARRANQUILLA;21;129.0;133.0;124.0;113.0;132.0;142.0;27.0;30.0;25.0;23.0;44.0
2181;UNIVERSIDAD AUTONOMA DEL CARIBE;UNIVERSIDAD AUTONOMA DEL CARIBE-BARRANQUILLA;DERECHO;DERECHO Y AFINES;ATLANTICO;BARRANQUILLA;61;135.0;138.0;122.0;140.0;139.0;136.0;27.0;26.0;32.0;37.0;31.0
8079;UNIVERSIDAD AUTONOMA DEL CARIBE;UNIVERSIDAD AUTONOMA DEL CARIBE-BARRANQUILLA;DISEÑO DE ESPACIOS;DISEÑO;ATLANTICO;BARRANQUILLA;10;140.0;144.0;132.0;135.0;128.0;162.0;26.0;30.0;27.0;35.0;35.0
8489;UNIVERSIDAD AUTONOMA DEL CARIBE;UNIVERSIDAD AUTONOMA DEL CARIBE-BARRANQUILLA;DISEÑO DE MODAS;DISEÑO;ATLANTICO;BARRANQUILLA;67;146.0;155.0;135.0;137.0;140.0;164.0;26.0;27.0;31.0;29.0;28.0
6951;UNIVERSIDAD AUTONOMA DEL CARIBE;UNIVERSIDAD AUTONOMA DEL CARIBE-BARRANQUILLA;DISEÑO GRAFICO;DISEÑO;ATLANTICO;BARRANQUILLA;131;147.0;152.0;136.0;137.0;143.0;167.0;30.0;25.0;32.0;33.0;33.0
4152;UNIVERSIDAD AUTONOMA DEL CARIBE;UNIVERSIDAD AUTONOMA DEL CARIBE-BARRANQUILLA;INGENIERIA DE SISTEMAS;INGENIERÍA DE SISTEMAS, TELEMÁTICA Y AFINES;ATLANTICO;BARRANQUILLA;32;154.0;154.0;150.0;135.0;149.0;179.0;26.0;25.0;31.0;24.0;34.0
2625;UNIVERSIDAD AUTONOMA DEL CARIBE;UNIVERSIDAD AUTONOMA DEL CARIBE-BARRANQUILLA;INGENIERIA ELECTRONICA Y TELECOMUNICACIONES;INGENIERÍA ELECTRÓNICA, TELECOMUNICACIONES Y AFINES;ATLANTICO;BARRANQUILLA;12;145.0;162.0;150.0;136.0;117.0;159.0;21.0;33.0;33.0;60.0;39.0
2182;UNIVERSIDAD AUTONOMA DEL CARIBE;UNIVERSIDAD AUTONOMA DEL CARIBE-BARRANQUILLA;INGENIERIA INDUSTRIAL;INGENIERÍA INDUSTRIAL Y AFINES;ATLANTICO;BARRANQUILLA;75;148.0;153.0;155.0;137.0;145.0;150.0;27.0;27.0;35.0;34.0;29.0
1325;UNIVERSIDAD AUTONOMA DEL CARIBE;UNIVERSIDAD AUTONOMA DEL CARIBE-BARRANQUILLA;INGENIERIA MECANICA;INGENIERÍA MECÁNICA Y AFINES;ATLANTICO;BARRANQUILLA;39;151.0;151.0;160.0;140.0;149.0;156.0;31.0;25.0;35.0;27.0;38.0
366;UNIVERSIDAD AUTONOMA DEL CARIBE;UNIVERSIDAD AUTONOMA DEL CARIBE-BARRANQUILLA;INGENIERIA MECATRONICA;INGENIERÍA MECÁNICA Y AFINES;ATLANTICO;BARRANQUILLA;30;150.0;153.0;163.0;129.0;145.0;158.0;20.0;24.0;27.0;30.0;29.0
5247;UNIVERSIDAD AUTONOMA DEL CARIBE;UNIVERSIDAD AUTONOMA DEL CARIBE-BARRANQUILLA;NEGOCIOS Y FINANZAS INTERNACIONALES;ADMINISTRACIÓN;ATLANTICO;BARRANQUILLA;42;154.0;157.0;141.0;145.0;156.0;171.0;29.0;27.0;29.0;59.0;27.0
7271;UNIVERSIDAD AUTONOMA DEL CARIBE;UNIVERSIDAD AUTONOMA DEL CARIBE-BARRANQUILLA;NEGOCIOS Y FINANZAS INTERNACIONALES;ADMINISTRACIÓN;ATLANTICO;BARRANQUILLA;25;145.0;149.0;138.0;133.0;147.0;160.0;29.0;23.0;33.0;40.0;32.0
6231;UNIVERSIDAD AUTONOMA DEL CARIBE;UNIVERSIDAD AUTONOMA DEL CARIBE-BARRANQUILLA;PSICOLOGIA;PSICOLOGÍA;ATLANTICO;BARRANQUILLA;55;142.0;151.0;125.0;137.0;150.0;149.0;27.0;26.0;30.0;33.0;31.0
6264;UNIVERSIDAD AUTONOMA LATINOAMERICANA-UNAULA-;UNIVERSIDAD AUTONOMA LATINOAMERICANA-UNAULA-MEDELLIN;ADMINISTRACIÓN DE EMPRESAS;ADMINISTRACIÓN;ANTIOQUIA;MEDELLÍN;22;157.0;162.0;147.0;161.0;149.0;165.0;28.0;26.0;34.0;30.0;25.0
869;UNIVERSIDAD AUTONOMA LATINOAMERICANA-UNAULA-;UNIVERSIDAD AUTONOMA LATINOAMERICANA-UNAULA-MEDELLIN;CONTADURIA PUBLICA;CONTADURÍA PUBLICA;ANTIOQUIA;MEDELLÍN;41;152.0;149.0;150.0;153.0;155.0;151.0;25.0;24.0;28.0;27.0;21.0
1907;UNIVERSIDAD AUTONOMA LATINOAMERICANA-UNAULA-;UNIVERSIDAD AUTONOMA LATINOAMERICANA-UNAULA-MEDELLIN;DERECHO;DERECHO Y AFINES;ANTIOQUIA;MEDELLÍN;304;154.0;161.0;133.0;164.0;155.0;154.0;26.0;28.0;29.0;38.0;28.0
870;UNIVERSIDAD AUTONOMA LATINOAMERICANA-UNAULA-;UNIVERSIDAD AUTONOMA LATINOAMERICANA-UNAULA-MEDELLIN;ECONOMIA;ECONOMÍA;ANTIOQUIA;MEDELLÍN;18;166.0;166.0;160.0;167.0;161.0;173.0;22.0;27.0;33.0;27.0;26.0
9130;UNIVERSIDAD AUTONOMA LATINOAMERICANA-UNAULA-;UNIVERSIDAD AUTONOMA LATINOAMERICANA-UNAULA-MEDELLIN;INGENIERIA INDUSTRIAL;INGENIERÍA INDUSTRIAL Y AFINES;ANTIOQUIA;MEDELLÍN;9;155.0;165.0;151.0;149.0;157.0;152.0;20.0;32.0;16.0;33.0;26.0
6280;UNIVERSIDAD AUTONOMA LATINOAMERICANA-UNAULA-;UNIVERSIDAD AUTONOMA LATINOAMERICANA-UNAULA-MEDELLIN;INGENIERIA INFORMATICA;INGENIERÍA DE SISTEMAS, TELEMÁTICA Y AFINES;ANTIOQUIA;MEDELLÍN;25;155.0;157.0;160.0;146.0;146.0;166.0;33.0;27.0;29.0;38.0;25.0
148;UNIVERSIDAD AUTONOMA LATINOAMERICANA-UNAULA-;UNIVERSIDAD AUTONOMA LATINOAMERICANA-UNAULA-MEDELLIN;LICENCIATURA EN CIENCIAS SOCIALES;EDUCACIÓN;ANTIOQUIA;MEDELLÍN;22;147.0;154.0;126.0;156.0;146.0;151.0;27.0;32.0;36.0;44.0;27.0
1882;UNIVERSIDAD AUTÓNOMA  DE OCCIDENTE;UNIVERSIDAD AUTONOMA DE OCCIDENTE-CALI;ADMINISTRACION DE EMPRESAS;ADMINISTRACIÓN;VALLE;CALI;25;156.0;162.0;151.0;144.0;152.0;170.0;26.0;21.0;33.0;23.0;24.0
5654;UNIVERSIDAD AUTÓNOMA  DE OCCIDENTE;UNIVERSIDAD AUTONOMA DE OCCIDENTE-CALI;ADMINISTRACION DE EMPRESAS;ADMINISTRACIÓN;VALLE;CALI;32;139.0;140.0;133.0;129.0;142.0;153.0;23.0;22.0;30.0;23.0;27.0
26545;UNIVERSIDAD AUTÓNOMA  DE OCCIDENTE;UNIVERSIDAD AUTONOMA DE OCCIDENTE-CALI;ADMINISTRACIÓN;ADMINISTRACIÓN;VALLE;CALI;5;141.0;150.0;141.0;143.0;141.0;131.0;19.0;19.0;39.0;27.0;30.0
26487;UNIVERSIDAD AUTÓNOMA  DE OCCIDENTE;UNIVERSIDAD AUTONOMA DE OCCIDENTE-CALI;CINE;ARTES PLÁSTICAS, VISUALES Y AFINES;VALLE;CALI;23;161.0;171.0;150.0;145.0;159.0;182.0;43.0;25.0;37.0;24.0;50.0
754;UNIVERSIDAD AUTÓNOMA  DE OCCIDENTE;UNIVERSIDAD AUTONOMA DE OCCIDENTE-CALI;CINE Y COMUNICACIÓN DIGITAL;ARTES PLÁSTICAS, VISUALES Y AFINES;VALLE;CALI;58;164.0;171.0;149.0;156.0;150.0;193.0;32.0;27.0;36.0;31.0;34.0
4848;UNIVERSIDAD AUTÓNOMA  DE OCCIDENTE;UNIVERSIDAD AUTONOMA DE OCCIDENTE-CALI;COMUNICACION PUBLICITARIA;COMUNICACIÓN SOCIAL, PERIODISMO Y AFINES;VALLE;CALI;35;147.0;151.0;130.0;133.0;145.0;175.0;30.0;26.0;36.0;37.0;36.0
2324;UNIVERSIDAD AUTÓNOMA  DE OCCIDENTE;UNIVERSIDAD AUTONOMA DE OCCIDENTE-CALI;COMUNICACION SOCIAL- PERIODISMO;COMUNICACIÓN SOCIAL, PERIODISMO Y AFINES;VALLE;CALI;98;153.0;165.0;131.0;151.0;146.0;170.0;26.0;28.0;39.0;27.0;35.0
5649;UNIVERSIDAD AUTÓNOMA  DE OCCIDENTE;UNIVERSIDAD AUTONOMA DE OCCIDENTE-CALI;COMUNICACION SOCIAL- PERIODISMO;COMUNICACIÓN SOCIAL, PERIODISMO Y AFINES;VALLE;CALI;1;173.0;194.0;171.0;164.0;145.0;189.0;0.0;0.0;0.0;0.0;0.0
1018;UNIVERSIDAD AUTÓNOMA  DE OCCIDENTE;UNIVERSIDAD AUTONOMA DE OCCIDENTE-CALI;CONTADURIA PUBLICA;CONTADURÍA PUBLICA;VALLE;CALI;12;139.0;130.0;140.0;126.0;147.0;153.0;20.0;18.0;22.0;34.0;17.0
26488;UNIVERSIDAD AUTÓNOMA  DE OCCIDENTE;UNIVERSIDAD AUTONOMA DE OCCIDENTE-CALI;CONTADURÍA PÚBLICA Y FINANZAS;CONTADURÍA PUBLICA;VALLE;CALI;5;160.0;151.0;170.0;154.0;159.0;165.0;28.0;28.0;37.0;26.0;33.0
1978;UNIVERSIDAD AUTÓNOMA  DE OCCIDENTE;UNIVERSIDAD AUTONOMA DE OCCIDENTE-CALI;DISEÑO DE LA COMUNICACION GRAFICA;DISEÑO;VALLE;CALI;91;156.0;160.0;143.0;147.0;148.0;179.0;27.0;26.0;30.0;32.0;27.0
8198;UNIVERSIDAD AUTÓNOMA  DE OCCIDENTE;UNIVERSIDAD AUTONOMA DE OCCIDENTE-CALI;DISEÑO INDUSTRIAL;DISEÑO;VALLE;CALI;8;147.0;161.0;141.0;146.0;121.0;167.0;24.0;37.0;28.0;77.0;18.0
1017;UNIVERSIDAD AUTÓNOMA  DE OCCIDENTE;UNIVERSIDAD AUTONOMA DE OCCIDENTE-CALI;ECONOMIA;ECONOMÍA;VALLE;CALI;1;174.0;162.0;175.0;161.0;187.0;184.0;0.0;0.0;0.0;0.0;0.0
1243;UNIVERSIDAD AUTÓNOMA  DE OCCIDENTE;UNIVERSIDAD AUTONOMA DE OCCIDENTE-CALI;INGENIERIA AMBIENTAL;INGENIERÍA AMBIENTAL, SANITARIA Y AFINES;VALLE;CALI;42;156.0;158.0;158.0;147.0;147.0;170.0;24.0;31.0;33.0;32.0;29.0
4352;UNIVERSIDAD AUTÓNOMA  DE OCCIDENTE;UNIVERSIDAD AUTONOMA DE OCCIDENTE-CALI;INGENIERIA BIOMEDICA;INGENIERÍA BIOMÉDICA Y AFINES;VALLE;CALI;77;168.0;170.0;170.0;164.0;153.0;182.0;26.0;25.0;29.0;25.0;25.0
1035;UNIVERSIDAD AUTÓNOMA  DE OCCIDENTE;UNIVERSIDAD AUTONOMA DE OCCIDENTE-CALI;INGENIERIA ELECTRICA;INGENIERÍA ELÉCTRICA Y AFINES;VALLE;CALI;29;164.0;166.0;178.0;156.0;153.0;168.0;27.0;27.0;37.0;25.0;31.0
2105;UNIVERSIDAD AUTÓNOMA  DE OCCIDENTE;UNIVERSIDAD AUTONOMA DE OCCIDENTE-CALI;INGENIERIA ELECTRONICA Y TELECOMUNICACIONES;INGENIERÍA ELECTRÓNICA, TELECOMUNICACIONES Y AFINES;VALLE;CALI;10;157.0;151.0;168.0;143.0;146.0;174.0;32.0;21.0;39.0;32.0;17.0
26419;UNIVERSIDAD AUTÓNOMA  DE OCCIDENTE;UNIVERSIDAD AUTONOMA DE OCCIDENTE-CALI;INGENIERIA EMPRESARIAL;INGENIERÍA ADMINISTRATIVA Y AFINES;VALLE;CALI;9;161.0;164.0;159.0;159.0;159.0;167.0;23.0;26.0;32.0;26.0;18.0
3769;UNIVERSIDAD AUTÓNOMA  DE OCCIDENTE;UNIVERSIDAD AUTONOMA DE OCCIDENTE-CALI;INGENIERIA INDUSTRIAL;INGENIERÍA INDUSTRIAL Y AFINES;VALLE;CALI;41;160.0;161.0;162.0;149.0;153.0;177.0;25.0;24.0;32.0;19.0;32.0
4795;UNIVERSIDAD AUTÓNOMA  DE OCCIDENTE;UNIVERSIDAD AUTONOMA DE OCCIDENTE-CALI;INGENIERIA INFORMATICA;INGENIERÍA DE SISTEMAS, TELEMÁTICA Y AFINES;VALLE;CALI;72;169.0;172.0;170.0;159.0;154.0;192.0;27.0;26.0;33.0;47.0;28.0
1900;UNIVERSIDAD AUTÓNOMA  DE OCCIDENTE;UNIVERSIDAD AUTONOMA DE OCCIDENTE-CALI;INGENIERIA MECANICA;INGENIERÍA MECÁNICA Y AFINES;VALLE;CALI;31;159.0;154.0;172.0;144.0;155.0;170.0;31.0;21.0;36.0;27.0;34.0
1101;UNIVERSIDAD AUTÓNOMA  DE OCCIDENTE;UNIVERSIDAD AUTONOMA DE OCCIDENTE-CALI;INGENIERIA MECATRONICA;INGENIERÍA MECÁNICA Y AFINES;VALLE;CALI;74;174.0;171.0;185.0;163.0;164.0;187.0;22.0;24.0;31.0;44.0;24.0
2958;UNIVERSIDAD AUTÓNOMA  DE OCCIDENTE;UNIVERSIDAD AUTONOMA DE OCCIDENTE-CALI;INGENIERIA MULTIMEDIA;INGENIERÍA DE SISTEMAS, TELEMÁTICA Y AFINES;VALLE;CALI;65;162.0;161.0;166.0;148.0;151.0;182.0;27.0;26.0;36.0;26.0;24.0
28598;UNIVERSIDAD AUTÓNOMA  DE OCCIDENTE;UNIVERSIDAD AUTONOMA DE OCCIDENTE-CALI;INGENIERÍA DE DATOS E INTELIGENCIA ARTIFICIAL;INGENIERÍA DE SISTEMAS, TELEMÁTICA Y AFINES;VALLE;CALI;36;172.0;170.0;169.0;164.0;158.0;198.0;29.0;23.0;33.0;31.0;35.0
28352;UNIVERSIDAD AUTÓNOMA  DE OCCIDENTE;UNIVERSIDAD AUTONOMA DE OCCIDENTE-CALI;MERCADEO GLOBAL;ADMINISTRACIÓN;VALLE;CALI;4;131.0;142.0;131.0;109.0;133.0;142.0;20.0;9.0;7.0;24.0;20.0
635;UNIVERSIDAD AUTÓNOMA  DE OCCIDENTE;UNIVERSIDAD AUTONOMA DE OCCIDENTE-CALI;MERCADEO Y NEGOCIOS INTERNACIONALES;ADMINISTRACIÓN;VALLE;CALI;141;154.0;155.0;144.0;146.0;150.0;174.0;28.0;30.0;31.0;36.0;26.0
17519;UNIVERSIDAD AUTÓNOMA  DE OCCIDENTE;UNIVERSIDAD AUTONOMA DE OCCIDENTE-CALI;MERCADEO Y NEGOCIOS INTERNACIONALES;ADMINISTRACIÓN;VALLE;CALI;1;235.0;210.0;172.0;194.0;300.0;300.0;0.0;0.0;0.0;0.0;0.0
28368;UNIVERSIDAD AUTÓNOMA  DE OCCIDENTE;UNIVERSIDAD AUTONOMA DE OCCIDENTE-CALI;PUBLICIDAD EN MEDIOS DIGITALES;PUBLICIDAD Y AFINES;VALLE;CALI;35;149.0;159.0;126.0;142.0;144.0;176.0;27.0;28.0;34.0;42.0;22.0
25769;UNIVERSIDAD CATOLICA DE COLOMBIA;UNIVERSIDAD CATOLICA DE COLOMBIA-BOGOTÁ D.C.;ADMINISTRACION DE EMPRESAS;ADMINISTRACIÓN;BOGOTÁ;BOGOTÁ D.C.;27;162.0;171.0;152.0;158.0;156.0;176.0;22.0;23.0;31.0;25.0;24.0
6799;UNIVERSIDAD CATOLICA DE COLOMBIA;UNIVERSIDAD CATOLICA DE COLOMBIA-BOGOTÁ D.C.;ARQUITECTURA;ARQUITECTURA;BOGOTÁ;BOGOTÁ D.C.;240;152.0;153.0;151.0;142.0;149.0;162.0;25.0;27.0;29.0;34.0;26.0
2203;UNIVERSIDAD CATOLICA DE COLOMBIA;UNIVERSIDAD CATOLICA DE COLOMBIA-BOGOTÁ D.C.;DERECHO;DERECHO Y AFINES;BOGOTÁ;BOGOTÁ D.C.;361;155.0;161.0;138.0;163.0;152.0;159.0;26.0;25.0;31.0;33.0;29.0
2639;UNIVERSIDAD CATOLICA DE COLOMBIA;UNIVERSIDAD CATOLICA DE COLOMBIA-BOGOTÁ D.C.;ECONOMIA;ECONOMÍA;BOGOTÁ;BOGOTÁ D.C.;38;163.0;164.0;157.0;163.0;162.0;168.0;22.0;23.0;26.0;42.0;21.0
6395;UNIVERSIDAD CATOLICA DE COLOMBIA;UNIVERSIDAD CATOLICA DE COLOMBIA-BOGOTÁ D.C.;INGENIERIA ELECTRONICA Y TELECOMUNICACIONES;INGENIERÍA ELECTRÓNICA, TELECOMUNICACIONES Y AFINES;BOGOTÁ;BOGOTÁ D.C.;20;156.0;160.0;165.0;144.0;142.0;173.0;23.0;25.0;31.0;42.0;19.0
4670;UNIVERSIDAD CATOLICA DE COLOMBIA;UNIVERSIDAD CATOLICA DE COLOMBIA-BOGOTÁ D.C.;INGENIERIA INDUSTRIAL;INGENIERÍA INDUSTRIAL Y AFINES;BOGOTÁ;BOGOTÁ D.C.;41;158.0;156.0;163.0;150.0;152.0;169.0;21.0;19.0;24.0;33.0;22.0
20734;UNIVERSIDAD CATOLICA DE COLOMBIA;UNIVERSIDAD CATOLICA DE COLOMBIA-BOGOTÁ D.C.;INGENIERÍA CIVIL;INGENIERÍA CIVIL Y AFINES;BOGOTÁ;BOGOTÁ D.C.;107;156.0;151.0;172.0;143.0;152.0;161.0;26.0;25.0;28.0;31.0;28.0
9842;UNIVERSIDAD CATOLICA DE COLOMBIA;UNIVERSIDAD CATOLICA DE COLOMBIA-BOGOTÁ D.C.;INGENIERÍA DE SISTEMAS Y COMPUTACIÓN;INGENIERÍA DE SISTEMAS, TELEMÁTICA Y AFINES;BOGOTÁ;BOGOTÁ D.C.;69;162.0;161.0;163.0;148.0;163.0;172.0;24.0;26.0;30.0;20.0;29.0
6801;UNIVERSIDAD CATOLICA DE COLOMBIA;UNIVERSIDAD CATOLICA DE COLOMBIA-BOGOTÁ D.C.;PSICOLOGIA;PSICOLOGÍA;BOGOTÁ;BOGOTÁ D.C.;159;155.0;161.0;142.0;155.0;153.0;166.0;27.0;25.0;30.0;30.0;27.0
25156;UNIVERSIDAD CATOLICA DE MANIZALES;UNIVERSIDAD CATOLICA DE MANIZALES-MANIZALES;ADMINISTRACION DE EMPRESAS TURISTICA;ADMINISTRACIÓN;CALDAS;MANIZALES;17;140.0;139.0;132.0;137.0;144.0;151.0;23.0;21.0;28.0;21.0;26.0
6815;UNIVERSIDAD CATOLICA DE MANIZALES;UNIVERSIDAD CATOLICA DE MANIZALES-MANIZALES;ARQUITECTURA;ARQUITECTURA;CALDAS;MANIZALES;50;144.0;147.0;139.0;129.0;146.0;160.0;26.0;26.0;28.0;21.0;33.0
2658;UNIVERSIDAD CATOLICA DE MANIZALES;UNIVERSIDAD CATOLICA DE MANIZALES-MANIZALES;BACTERIOLOGIA;BACTERIOLOGÍA;CALDAS;MANIZALES;46;152.0;156.0;142.0;147.0;150.0;165.0;28.0;27.0;31.0;35.0;24.0
1771;UNIVERSIDAD CATOLICA DE MANIZALES;UNIVERSIDAD CATOLICA DE MANIZALES-MANIZALES;ENFERMERIA;ENFERMERÍA;CALDAS;MANIZALES;87;145.0;147.0;136.0;139.0;156.0;148.0;25.0;23.0;28.0;31.0;27.0
914;UNIVERSIDAD CATOLICA DE MANIZALES;UNIVERSIDAD CATOLICA DE MANIZALES-MANIZALES;INGENIERIA AMBIENTAL;INGENIERÍA AMBIENTAL, SANITARIA Y AFINES;CALDAS;MANIZALES;31;156.0;156.0;153.0;155.0;151.0;163.0;29.0;31.0;30.0;24.0;40.0
7303;UNIVERSIDAD CATOLICA DE MANIZALES;UNIVERSIDAD CATOLICA DE MANIZALES-MANIZALES;LICENCIATURA EN  MATEMATICAS Y FISICA;EDUCACIÓN;CALDAS;MANIZALES;9;155.0;152.0;168.0;151.0;166.0;137.0;20.0;23.0;31.0;53.0;21.0
3183;UNIVERSIDAD CATOLICA DE MANIZALES;UNIVERSIDAD CATOLICA DE MANIZALES-MANIZALES;PUBLICIDAD;PUBLICIDAD Y AFINES;CALDAS;MANIZALES;25;155.0;162.0;140.0;148.0;151.0;174.0;29.0;35.0;41.0;43.0;24.0
3940;UNIVERSIDAD CATOLICA DE ORIENTE;UNIVERSIDAD CATOLICA DE ORIENTE-RIONEGRO;ADMINISTRACION DE EMPRESAS;ADMINISTRACIÓN;ANTIOQUIA;RIONEGRO;43;153.0;152.0;148.0;144.0;162.0;159.0;25.0;21.0;29.0;26.0;27.0
4145;UNIVERSIDAD CATOLICA DE ORIENTE;UNIVERSIDAD CATOLICA DE ORIENTE-RIONEGRO;AGRONOMIA;ZOOTECNIA;ANTIOQUIA;RIONEGRO;17;143.0;153.0;142.0;135.0;144.0;143.0;30.0;36.0;32.0;23.0;23.0
4329;UNIVERSIDAD CATOLICA DE ORIENTE;UNIVERSIDAD CATOLICA DE ORIENTE-RIONEGRO;COMERCIO EXTERIOR;ECONOMÍA;ANTIOQUIA;RIONEGRO;46;153.0;150.0;142.0;142.0;156.0;175.0;24.0;25.0;28.0;40.0;20.0
3968;UNIVERSIDAD CATOLICA DE ORIENTE;UNIVERSIDAD CATOLICA DE ORIENTE-RIONEGRO;COMUNICACION SOCIAL;COMUNICACIÓN SOCIAL, PERIODISMO Y AFINES;ANTIOQUIA;RIONEGRO;33;155.0;165.0;134.0;151.0;164.0;162.0;27.0;26.0;32.0;27.0;25.0
1736;UNIVERSIDAD CATOLICA DE ORIENTE;UNIVERSIDAD CATOLICA DE ORIENTE-RIONEGRO;CONTADURIA PUBLICA;CONTADURÍA PUBLICA;ANTIOQUIA;RIONEGRO;39;152.0;152.0;151.0;151.0;154.0;150.0;25.0;23.0;23.0;33.0;23.0
1911;UNIVERSIDAD CATOLICA DE ORIENTE;UNIVERSIDAD CATOLICA DE ORIENTE-RIONEGRO;DERECHO;DERECHO Y AFINES;ANTIOQUIA;RIONEGRO;66;155.0;158.0;135.0;167.0;164.0;148.0;28.0;30.0;32.0;34.0;26.0
7141;UNIVERSIDAD CATOLICA DE ORIENTE;UNIVERSIDAD CATOLICA DE ORIENTE-RIONEGRO;ENFERMERÍA;ENFERMERÍA;ANTIOQUIA;RIONEGRO;96;148.0;150.0;143.0;142.0;154.0;150.0;24.0;24.0;25.0;27.0;23.0
7028;UNIVERSIDAD CATOLICA DE ORIENTE;UNIVERSIDAD CATOLICA DE ORIENTE-RIONEGRO;GERONTOLOGIA;SOCIOLOGÍA, TRABAJO SOCIAL Y AFINES;ANTIOQUIA;RIONEGRO;14;128.0;142.0;126.0;126.0;115.0;132.0;19.0;26.0;31.0;58.0;21.0
30882;UNIVERSIDAD CATOLICA DE ORIENTE;UNIVERSIDAD CATOLICA DE ORIENTE-RIONEGRO;GERONTOLOGIA;SOCIOLOGÍA, TRABAJO SOCIAL Y AFINES;ANTIOQUIA;RIONEGRO;1;162.0;187.0;153.0;165.0;157.0;147.0;0.0;0.0;0.0;0.0;0.0
4648;UNIVERSIDAD CATOLICA DE ORIENTE;UNIVERSIDAD CATOLICA DE ORIENTE-RIONEGRO;INGENIERIA AMBIENTAL;INGENIERÍA AMBIENTAL, SANITARIA Y AFINES;ANTIOQUIA;RIONEGRO;12;161.0;158.0;175.0;143.0;155.0;175.0;23.0;21.0;25.0;29.0;24.0
877;UNIVERSIDAD CATOLICA DE ORIENTE;UNIVERSIDAD CATOLICA DE ORIENTE-RIONEGRO;INGENIERIA DE SISTEMAS;INGENIERÍA DE SISTEMAS, TELEMÁTICA Y AFINES;ANTIOQUIA;RIONEGRO;31;165.0;169.0;178.0;152.0;148.0;179.0;23.0;24.0;34.0;35.0;22.0
3774;UNIVERSIDAD CATOLICA DE ORIENTE;UNIVERSIDAD CATOLICA DE ORIENTE-RIONEGRO;INGENIERIA ELECTRONICA;INGENIERÍA ELECTRÓNICA, TELECOMUNICACIONES Y AFINES;ANTIOQUIA;RIONEGRO;3;154.0;142.0;178.0;141.0;148.0;163.0;54.0;9.0;45.0;16.0;48.0
4649;UNIVERSIDAD CATOLICA DE ORIENTE;UNIVERSIDAD CATOLICA DE ORIENTE-RIONEGRO;INGENIERIA INDUSTRIAL;INGENIERÍA INDUSTRIAL Y AFINES;ANTIOQUIA;RIONEGRO;13;156.0;153.0;170.0;144.0;157.0;157.0;20.0;25.0;23.0;20.0;21.0
9561;UNIVERSIDAD CATOLICA DE ORIENTE;UNIVERSIDAD CATOLICA DE ORIENTE-RIONEGRO;LICENCIATURA EN CIENCIAS NATURALES;EDUCACIÓN;ANTIOQUIA;RIONEGRO;1;150.0;168.0;147.0;142.0;176.0;115.0;0.0;0.0;0.0;0.0;0.0
16379;UNIVERSIDAD CATOLICA DE ORIENTE;UNIVERSIDAD CATOLICA DE ORIENTE-RIONEGRO;LICENCIATURA EN EDUCACION FISICA, RECREACION Y DEPORTES;EDUCACIÓN;ANTIOQUIA;RIONEGRO;3;139.0;163.0;135.0;116.0;128.0;154.0;26.0;21.0;26.0;31.0;33.0
1493;UNIVERSIDAD CATOLICA DE ORIENTE;UNIVERSIDAD CATOLICA DE ORIENTE-RIONEGRO;LICENCIATURA EN EDUCACION FISICA,RECREACION Y DEPORTES;EDUCACIÓN;ANTIOQUIA;RIONEGRO;5;129.0;132.0;132.0;123.0;129.0;132.0;27.0;21.0;27.0;30.0;15.0
9825;UNIVERSIDAD CATOLICA DE ORIENTE;UNIVERSIDAD CATOLICA DE ORIENTE-RIONEGRO;LICENCIATURA EN EDUCACIÓN PARA LA PRIMERA INFANCIA;EDUCACIÓN;ANTIOQUIA;RIONEGRO;5;143.0;153.0;141.0;136.0;140.0;144.0;26.0;18.0;25.0;21.0;25.0
16424;UNIVERSIDAD CATOLICA DE ORIENTE;UNIVERSIDAD CATOLICA DE ORIENTE-RIONEGRO;LICENCIATURA EN FILOSOFÍA;EDUCACIÓN;ANTIOQUIA;RIONEGRO;6;157.0;170.0;137.0;152.0;172.0;154.0;28.0;38.0;18.0;75.0;19.0
4013;UNIVERSIDAD CATOLICA DE ORIENTE;UNIVERSIDAD CATOLICA DE ORIENTE-RIONEGRO;LICENCIATURA EN LENGUAS EXTRANJERAS;EDUCACIÓN;ANTIOQUIA;RIONEGRO;3;142.0;159.0;112.0;111.0;152.0;174.0;23.0;22.0;38.0;35.0;22.0
16405;UNIVERSIDAD CATOLICA DE ORIENTE;UNIVERSIDAD CATOLICA DE ORIENTE-RIONEGRO;LICENCIATURA EN LENGUAS EXTRANJERAS CON ÉNFASIS EN INGLÉS;EDUCACIÓN;ANTIOQUIA;RIONEGRO;33;162.0;158.0;133.0;151.0;163.0;206.0;29.0;27.0;34.0;32.0;27.0
7264;UNIVERSIDAD CATOLICA DE ORIENTE;UNIVERSIDAD CATOLICA DE ORIENTE-RIONEGRO;NUTRICIÓN Y DIETETICA;NUTRICIÓN Y DIETÉTICA;ANTIOQUIA;RIONEGRO;57;140.0;146.0;137.0;130.0;142.0;146.0;27.0;23.0;30.0;41.0;33.0
6777;UNIVERSIDAD CATOLICA DE ORIENTE;UNIVERSIDAD CATOLICA DE ORIENTE-RIONEGRO;PSICOLOGIA;PSICOLOGÍA;ANTIOQUIA;RIONEGRO;52;148.0;153.0;136.0;146.0;149.0;155.0;25.0;21.0;28.0;26.0;35.0
4;UNIVERSIDAD CATOLICA DE ORIENTE;UNIVERSIDAD CATOLICA DE ORIENTE-RIONEGRO;TEOLOGIA;FILOSOFÍA, TEOLOGÍA Y AFINES;ANTIOQUIA;RIONEGRO;18;138.0;145.0;129.0;135.0;139.0;141.0;26.0;37.0;38.0;60.0;33.0
2864;UNIVERSIDAD CATOLICA DE ORIENTE;UNIVERSIDAD CATOLICA DE ORIENTE-RIONEGRO;TEOLOGIA;FILOSOFÍA, TEOLOGÍA Y AFINES;ANTIOQUIA;RIONEGRO;12;140.0;152.0;126.0;135.0;155.0;132.0;17.0;22.0;30.0;50.0;36.0
8986;UNIVERSIDAD CATOLICA DE ORIENTE;UNIVERSIDAD CATOLICA DE ORIENTE-RIONEGRO;TEOLOGÍA;FILOSOFÍA, TEOLOGÍA Y AFINES;ANTIOQUIA;RIONEGRO;19;153.0;164.0;145.0;165.0;145.0;145.0;21.0;24.0;20.0;42.0;25.0
16400;UNIVERSIDAD CATOLICA DE ORIENTE;UNIVERSIDAD CATOLICA DE ORIENTE-RIONEGRO;TRABAJO SOCIAL;SOCIOLOGÍA, TRABAJO SOCIAL Y AFINES;ANTIOQUIA;RIONEGRO;3;139.0;161.0;89.0;149.0;167.0;130.0;21.0;18.0;24.0;13.0;36.0
4453;UNIVERSIDAD CATOLICA DE ORIENTE;UNIVERSIDAD CATOLICA DE ORIENTE-RIONEGRO;ZOOTECNIA;ZOOTECNIA;ANTIOQUIA;RIONEGRO;11;151.0;154.0;146.0;146.0;151.0;158.0;28.0;22.0;31.0;20.0;37.0
4717;UNIVERSIDAD CATOLICA POPULAR DEL RISARALDA;UNIVERSIDAD CATOLICA DE PEREIRA-PEREIRA;ADMINISTRACION DE EMPRESAS;ADMINISTRACIÓN;RISARALDA;PEREIRA;40;145.0;146.0;140.0;130.0;141.0;169.0;34.0;23.0;30.0;39.0;35.0
2684;UNIVERSIDAD CATOLICA POPULAR DEL RISARALDA;UNIVERSIDAD CATOLICA DE PEREIRA-PEREIRA;ARQUITECTURA;ARQUITECTURA;RISARALDA;PEREIRA;77;151.0;153.0;147.0;138.0;150.0;166.0;25.0;26.0;33.0;22.0;32.0
4814;UNIVERSIDAD CATOLICA POPULAR DEL RISARALDA;UNIVERSIDAD CATOLICA DE PEREIRA-PEREIRA;COMUNICACION SOCIAL - PERIODISMO;COMUNICACIÓN SOCIAL, PERIODISMO Y AFINES;RISARALDA;PEREIRA;41;146.0;152.0;125.0;135.0;152.0;164.0;31.0;33.0;36.0;35.0;31.0
4316;UNIVERSIDAD CATOLICA POPULAR DEL RISARALDA;UNIVERSIDAD CATOLICA DE PEREIRA-PEREIRA;DISEÑO INDUSTRIAL;DISEÑO;RISARALDA;PEREIRA;29;159.0;161.0;145.0;144.0;164.0;183.0;27.0;26.0;30.0;38.0;30.0
3690;UNIVERSIDAD CATOLICA POPULAR DEL RISARALDA;UNIVERSIDAD CATOLICA DE PEREIRA-PEREIRA;INGENIERIA DE SISTEMAS Y TELECOMUNICACIONES;INGENIERÍA DE SISTEMAS, TELEMÁTICA Y AFINES;RISARALDA;PEREIRA;34;147.0;144.0;144.0;135.0;146.0;169.0;32.0;38.0;34.0;26.0;27.0
1252;UNIVERSIDAD CATOLICA POPULAR DEL RISARALDA;UNIVERSIDAD CATOLICA DE PEREIRA-PEREIRA;INGENIERÍA INDUSTRIAL;INGENIERÍA INDUSTRIAL Y AFINES;RISARALDA;PEREIRA;20;153.0;158.0;162.0;141.0;152.0;153.0;29.0;27.0;31.0;25.0;29.0
1475;UNIVERSIDAD CATOLICA POPULAR DEL RISARALDA;UNIVERSIDAD CATOLICA DE PEREIRA-PEREIRA;LICENCIATURA EN EDUCACION RELIGIOSA;EDUCACIÓN;RISARALDA;PEREIRA;7;130.0;142.0;128.0;138.0;122.0;122.0;32.0;28.0;41.0;59.0;32.0
1718;UNIVERSIDAD CATOLICA POPULAR DEL RISARALDA;UNIVERSIDAD CATOLICA DE PEREIRA-PEREIRA;MERCADEO;ADMINISTRACIÓN;RISARALDA;PEREIRA;41;147.0;146.0;134.0;134.0;152.0;170.0;28.0;26.0;30.0;25.0;35.0
2361;UNIVERSIDAD CATOLICA POPULAR DEL RISARALDA;UNIVERSIDAD CATOLICA DE PEREIRA-PEREIRA;NEGOCIOS INTERNACIONALES;ECONOMÍA;RISARALDA;PEREIRA;58;155.0;153.0;147.0;145.0;154.0;175.0;32.0;27.0;36.0;42.0;31.0
3066;UNIVERSIDAD CATOLICA POPULAR DEL RISARALDA;UNIVERSIDAD CATOLICA DE PEREIRA-PEREIRA;PSICOLOGIA;PSICOLOGÍA;RISARALDA;PEREIRA;87;156.0;164.0;138.0;150.0;156.0;171.0;22.0;24.0;34.0;27.0;28.0
5534;UNIVERSIDAD CENTRAL;UNIVERSIDAD CENTRAL-BOGOTÁ D.C.;ADMINISTRACION DE EMPRESAS;ADMINISTRACIÓN;BOGOTÁ;BOGOTÁ D.C.;60;149.0;150.0;141.0;144.0;150.0;158.0;26.0;24.0;24.0;47.0;28.0
6561;UNIVERSIDAD CENTRAL;UNIVERSIDAD CENTRAL-BOGOTÁ D.C.;ARTE DRAMATICO;ARTES REPRESENTATIVAS;BOGOTÁ;BOGOTÁ D.C.;1;173.0;194.0;184.0;146.0;142.0;198.0;0.0;0.0;0.0;0.0;0.0
8348;UNIVERSIDAD CENTRAL;UNIVERSIDAD CENTRAL-BOGOTÁ D.C.;BIOLOGÍA;BIOLOGÍA, MICROBIOLOGÍA Y AFINES;BOGOTÁ;BOGOTÁ D.C.;30;156.0;163.0;151.0;143.0;153.0;173.0;19.0;25.0;29.0;25.0;34.0
7140;UNIVERSIDAD CENTRAL;UNIVERSIDAD CENTRAL-BOGOTÁ D.C.;CINE;ARTES PLÁSTICAS, VISUALES Y AFINES;BOGOTÁ;BOGOTÁ D.C.;27;155.0;166.0;137.0;153.0;149.0;170.0;32.0;28.0;30.0;38.0;36.0
6500;UNIVERSIDAD CENTRAL;UNIVERSIDAD CENTRAL-BOGOTÁ D.C.;COMUNICACION SOCIALY PERIODISMO;COMUNICACIÓN SOCIAL, PERIODISMO Y AFINES;BOGOTÁ;BOGOTÁ D.C.;110;152.0;161.0;136.0;155.0;148.0;163.0;23.0;24.0;27.0;36.0;31.0
1742;UNIVERSIDAD CENTRAL;UNIVERSIDAD CENTRAL-BOGOTÁ D.C.;CONTADURIA PUBLICA;CONTADURÍA PUBLICA;BOGOTÁ;BOGOTÁ D.C.;1;158.0;157.0;165.0;182.0;154.0;132.0;0.0;0.0;0.0;0.0;0.0
3651;UNIVERSIDAD CENTRAL;UNIVERSIDAD CENTRAL-BOGOTÁ D.C.;CONTADURIA PUBLICA;CONTADURÍA PUBLICA;BOGOTÁ;BOGOTÁ D.C.;89;149.0;152.0;148.0;146.0;152.0;149.0;24.0;24.0;31.0;27.0;29.0
5851;UNIVERSIDAD CENTRAL;UNIVERSIDAD CENTRAL-BOGOTÁ D.C.;CREACION LITERARIA;LENGUAS MODERNAS, LITERATURA, LINGÜÍSTICA Y AFINES;BOGOTÁ;BOGOTÁ D.C.;30;163.0;179.0;141.0;170.0;149.0;175.0;25.0;32.0;32.0;28.0;34.0
8104;UNIVERSIDAD CENTRAL;UNIVERSIDAD CENTRAL-BOGOTÁ D.C.;DERECHO;DERECHO Y AFINES;BOGOTÁ;BOGOTÁ D.C.;34;159.0;164.0;145.0;170.0;158.0;157.0;26.0;29.0;25.0;26.0;28.0
891;UNIVERSIDAD CENTRAL;UNIVERSIDAD CENTRAL-BOGOTÁ D.C.;ECONOMIA;ECONOMÍA;BOGOTÁ;BOGOTÁ D.C.;15;161.0;170.0;166.0;164.0;142.0;163.0;22.0;19.0;22.0;28.0;23.0
631;UNIVERSIDAD CENTRAL;UNIVERSIDAD CENTRAL-BOGOTÁ D.C.;ESTUDIOS MUSICALES;MÚSICA;BOGOTÁ;BOGOTÁ D.C.;11;175.0;172.0;153.0;163.0;183.0;201.0;31.0;24.0;41.0;41.0;39.0
2629;UNIVERSIDAD CENTRAL;UNIVERSIDAD CENTRAL-BOGOTÁ D.C.;INGENIERIA AMBIENTAL;INGENIERÍA AMBIENTAL, SANITARIA Y AFINES;BOGOTÁ;BOGOTÁ D.C.;67;150.0;153.0;152.0;145.0;144.0;156.0;24.0;23.0;26.0;30.0;23.0
32283;UNIVERSIDAD CENTRAL;UNIVERSIDAD CENTRAL-BOGOTÁ D.C.;INGENIERIA AMBIENTAL;SIN CLASIFICAR;BOGOTÁ;BOGOTÁ D.C.;3;155.0;170.0;167.0;134.0;136.0;167.0;37.0;44.0;31.0;15.0;15.0
45;UNIVERSIDAD CENTRAL;UNIVERSIDAD CENTRAL-BOGOTÁ D.C.;INGENIERIA DE SISTEMAS;INGENIERÍA DE SISTEMAS, TELEMÁTICA Y AFINES;BOGOTÁ;BOGOTÁ D.C.;124;157.0;157.0;161.0;145.0;150.0;170.0;26.0;28.0;29.0;28.0;29.0
2192;UNIVERSIDAD CENTRAL;UNIVERSIDAD CENTRAL-BOGOTÁ D.C.;INGENIERIA ELECTRONICA;INGENIERÍA ELECTRÓNICA, TELECOMUNICACIONES Y AFINES;BOGOTÁ;BOGOTÁ D.C.;48;157.0;158.0;169.0;149.0;144.0;164.0;24.0;22.0;27.0;38.0;27.0
2193;UNIVERSIDAD CENTRAL;UNIVERSIDAD CENTRAL-BOGOTÁ D.C.;INGENIERIA INDUSTRIAL;INGENIERÍA INDUSTRIAL Y AFINES;BOGOTÁ;BOGOTÁ D.C.;109;152.0;154.0;160.0;146.0;147.0;156.0;26.0;24.0;28.0;33.0;27.0
6790;UNIVERSIDAD CENTRAL;UNIVERSIDAD CENTRAL-BOGOTÁ D.C.;INGENIERIA MECANICA;INGENIERÍA MECÁNICA Y AFINES;BOGOTÁ;BOGOTÁ D.C.;52;151.0;149.0;164.0;146.0;143.0;154.0;23.0;26.0;27.0;33.0;25.0
389;UNIVERSIDAD CENTRAL;UNIVERSIDAD CENTRAL-BOGOTÁ D.C.;MATEMATICAS;MATEMÁTICAS, ESTADÍSTICA Y AFINES;BOGOTÁ;BOGOTÁ D.C.;2;138.0;122.0;175.0;83.0;112.0;199.0;66.0;23.0;117.0;31.0;7.0
4340;UNIVERSIDAD CENTRAL;UNIVERSIDAD CENTRAL-BOGOTÁ D.C.;MERCADOLOGIA;ADMINISTRACIÓN;BOGOTÁ;BOGOTÁ D.C.;35;148.0;155.0;139.0;140.0;148.0;159.0;26.0;26.0;31.0;37.0;30.0
6136;UNIVERSIDAD CENTRAL;UNIVERSIDAD CENTRAL-BOGOTÁ D.C.;PUBLICIDAD;PUBLICIDAD Y AFINES;BOGOTÁ;BOGOTÁ D.C.;97;150.0;157.0;141.0;140.0;148.0;166.0;23.0;27.0;29.0;25.0;30.0
16564;UNIVERSIDAD CENTRAL;UNIVERSIDAD CENTRAL-BOGOTÁ D.C.;TRABAJO SOCIAL;SOCIOLOGÍA, TRABAJO SOCIAL Y AFINES;BOGOTÁ;BOGOTÁ D.C.;12;142.0;150.0;128.0;139.0;154.0;138.0;18.0;24.0;27.0;27.0;20.0
7520;UNIVERSIDAD CES;UNIVERSIDAD CES-MEDELLIN;ADMINISTRACIÓN DE EMPRESAS;ADMINISTRACIÓN;ANTIOQUIA;MEDELLÍN;28;163.0;164.0;158.0;163.0;154.0;173.0;24.0;22.0;22.0;24.0;31.0
7038;UNIVERSIDAD CES;UNIVERSIDAD CES-MEDELLIN;BIOLOGIA;BIOLOGÍA, MICROBIOLOGÍA Y AFINES;ANTIOQUIA;MEDELLÍN;28;176.0;184.0;170.0;175.0;153.0;198.0;18.0;24.0;21.0;23.0;38.0
4138;UNIVERSIDAD CES;UNIVERSIDAD CES-MEDELLIN;DERECHO;DERECHO Y AFINES;ANTIOQUIA;MEDELLÍN;10;166.0;172.0;143.0;170.0;162.0;183.0;23.0;28.0;32.0;30.0;56.0
8717;UNIVERSIDAD CES;UNIVERSIDAD CES-MEDELLIN;ECOLOGÍA;BIOLOGÍA, MICROBIOLOGÍA Y AFINES;ANTIOQUIA;MEDELLÍN;5;164.0;168.0;155.0;151.0;172.0;172.0;31.0;49.0;16.0;21.0;30.0
9644;UNIVERSIDAD CES;UNIVERSIDAD CES-MEDELLIN;ENFERMERÍA;ENFERMERÍA;ANTIOQUIA;MEDELLÍN;72;152.0;158.0;141.0;150.0;164.0;149.0;24.0;20.0;26.0;29.0;31.0
794;UNIVERSIDAD CES;UNIVERSIDAD CES-MEDELLIN;FISIOTERAPIA;TERAPIAS;ANTIOQUIA;MEDELLÍN;98;158.0;164.0;150.0;151.0;154.0;170.0;25.0;28.0;28.0;24.0;30.0
20744;UNIVERSIDAD CES;UNIVERSIDAD CES-MEDELLIN;INGENIERÍA BIOMÉDICA;INGENIERÍA BIOMÉDICA Y AFINES;ANTIOQUIA;MEDELLÍN;41;169.0;171.0;171.0;159.0;160.0;184.0;21.0;24.0;24.0;36.0;35.0
6512;UNIVERSIDAD CES;UNIVERSIDAD CES-MEDELLIN;MEDICINA;MEDICINA;ANTIOQUIA;MEDELLÍN;104;186.0;187.0;175.0;181.0;174.0;210.0;20.0;26.0;24.0;36.0;32.0
2170;UNIVERSIDAD CES;UNIVERSIDAD CES-MEDELLIN;MEDICINA VETERINARIA Y ZOOTECNIA;MEDICINA VETERINARIA;ANTIOQUIA;MEDELLÍN;197;170.0;174.0;160.0;165.0;162.0;188.0;23.0;23.0;25.0;31.0;34.0
8290;UNIVERSIDAD CES;UNIVERSIDAD CES-MEDELLIN;NUTRICIÓN Y DIETÉTICA;NUTRICIÓN Y DIETÉTICA;ANTIOQUIA;MEDELLÍN;75;167.0;173.0;155.0;168.0;153.0;184.0;25.0;25.0;25.0;25.0;26.0
426;UNIVERSIDAD CES;UNIVERSIDAD CES-MEDELLIN;ODONTOLOGIA;ODONTOLOGÍA;ANTIOQUIA;MEDELLÍN;55;167.0;171.0;156.0;165.0;155.0;188.0;24.0;23.0;21.0;33.0;36.0
3010;UNIVERSIDAD CES;UNIVERSIDAD CES-MEDELLIN;PSICOLOGIA;PSICOLOGÍA;ANTIOQUIA;MEDELLÍN;46;170.0;175.0;153.0;167.0;161.0;195.0;24.0;27.0;27.0;25.0;39.0
8663;UNIVERSIDAD CES;UNIVERSIDAD CES-MEDELLIN;QUIMICA FARMACEUTICA;QUÍMICA Y AFINES;ANTIOQUIA;MEDELLÍN;46;175.0;173.0;166.0;171.0;174.0;189.0;21.0;24.0;28.0;34.0;30.0
538;UNIVERSIDAD COOPERATIVA DE COLOMBIA;UNIVERSIDAD COOPERATIVA DE COLOMBIA-BOGOTÁ D.C.;ADMINISTRACION DE EMPRESAS;ADMINISTRACIÓN;BOGOTÁ;BOGOTÁ D.C.;1;172.0;166.0;198.0;184.0;124.0;188.0;0.0;0.0;0.0;0.0;0.0
1575;UNIVERSIDAD COOPERATIVA DE COLOMBIA;UNIVERSIDAD COOPERATIVA DE COLOMBIA-BOGOTÁ D.C.;ADMINISTRACION DE EMPRESAS;ADMINISTRACIÓN;BOGOTÁ;BOGOTÁ D.C.;1;113.0;132.0;93.0;102.0;118.0;119.0;0.0;0.0;0.0;0.0;0.0
1829;UNIVERSIDAD COOPERATIVA DE COLOMBIA;UNIVERSIDAD COOPERATIVA DE COLOMBIA-BUCARAMANGA;ADMINISTRACION DE EMPRESAS;ADMINISTRACIÓN;SANTANDER;BUCARAMANGA;17;140.0;142.0;134.0;131.0;146.0;147.0;26.0;29.0;26.0;23.0;29.0
1846;UNIVERSIDAD COOPERATIVA DE COLOMBIA;UNIVERSIDAD COOPERATIVA DE COLOMBIA-BOGOTÁ D.C.;ADMINISTRACION DE EMPRESAS;ADMINISTRACIÓN;BOGOTÁ;BOGOTÁ D.C.;15;137.0;140.0;135.0;133.0;143.0;137.0;26.0;21.0;31.0;23.0;28.0
2265;UNIVERSIDAD COOPERATIVA DE COLOMBIA;UNIVERSIDAD COOPERATIVA DE COLOMBIA-BARRANCABERMEJA;ADMINISTRACION DE EMPRESAS;ADMINISTRACIÓN;SANTANDER;BARRANCABERMEJA;6;122.0;121.0;119.0;115.0;112.0;145.0;25.0;43.0;18.0;57.0;22.0
2272;UNIVERSIDAD COOPERATIVA DE COLOMBIA;UNIVERSIDAD COOPERATIVA DE COLOMBIA-BOGOTÁ D.C.;ADMINISTRACION DE EMPRESAS;ADMINISTRACIÓN;BOGOTÁ;BOGOTÁ D.C.;46;145.0;145.0;136.0;138.0;156.0;152.0;24.0;23.0;26.0;20.0;23.0
2753;UNIVERSIDAD COOPERATIVA DE COLOMBIA;UNIVERSIDAD COOPERATIVA DE COLOMBIA-BOGOTÁ D.C.;ADMINISTRACION DE EMPRESAS;ADMINISTRACIÓN;BOGOTÁ;BOGOTÁ D.C.;84;146.0;146.0;143.0;141.0;150.0;147.0;25.0;23.0;31.0;33.0;27.0
3683;UNIVERSIDAD COOPERATIVA DE COLOMBIA;UNIVERSIDAD COOPERATIVA DE COLOMBIA-BOGOTÁ D.C.;ADMINISTRACION DE EMPRESAS;ADMINISTRACIÓN;BOGOTÁ;BOGOTÁ D.C.;31;139.0;146.0;135.0;130.0;147.0;135.0;24.0;27.0;28.0;26.0;36.0
4235;UNIVERSIDAD COOPERATIVA DE COLOMBIA;UNIVERSIDAD COOPERATIVA DE COLOMBIA-BOGOTÁ D.C.;ADMINISTRACION DE EMPRESAS;ADMINISTRACIÓN;BOGOTÁ;BOGOTÁ D.C.;29;133.0;134.0;123.0;126.0;146.0;135.0;22.0;24.0;28.0;36.0;26.0
4733;UNIVERSIDAD COOPERATIVA DE COLOMBIA;UNIVERSIDAD COOPERATIVA DE COLOMBIA-MEDELLIN;ADMINISTRACION DE EMPRESAS;ADMINISTRACIÓN;ANTIOQUIA;MEDELLÍN;21;144.0;138.0;139.0;140.0;156.0;145.0;34.0;26.0;33.0;40.0;25.0
4749;UNIVERSIDAD COOPERATIVA DE COLOMBIA;UNIVERSIDAD COOPERATIVA DE COLOMBIA-SANTA MARTA;ADMINISTRACION DE EMPRESAS;ADMINISTRACIÓN;MAGDALENA;SANTA MARTA;31;131.0;133.0;119.0;125.0;148.0;132.0;27.0;28.0;27.0;23.0;23.0
4751;UNIVERSIDAD COOPERATIVA DE COLOMBIA;UNIVERSIDAD COOPERATIVA DE COLOMBIA-BOGOTÁ D.C.;ADMINISTRACION DE EMPRESAS;ADMINISTRACIÓN;BOGOTÁ;BOGOTÁ D.C.;85;133.0;138.0;128.0;123.0;137.0;138.0;27.0;28.0;28.0;36.0;31.0
1495;UNIVERSIDAD COOPERATIVA DE COLOMBIA;UNIVERSIDAD COOPERATIVA DE COLOMBIA-SANTA MARTA;COMERCIO INTERNACIONAL;ECONOMÍA;MAGDALENA;SANTA MARTA;39;138.0;142.0;125.0;130.0;142.0;149.0;23.0;28.0;30.0;40.0;26.0
2344;UNIVERSIDAD COOPERATIVA DE COLOMBIA;UNIVERSIDAD COOPERATIVA DE COLOMBIA-BOGOTÁ D.C.;COMERCIO INTERNACIONAL;ECONOMÍA;BOGOTÁ;BOGOTÁ D.C.;95;148.0;149.0;139.0;142.0;148.0;161.0;24.0;25.0;28.0;30.0;22.0
26621;UNIVERSIDAD COOPERATIVA DE COLOMBIA;UNIVERSIDAD COOPERATIVA DE COLOMBIA-BOGOTÁ D.C.;COMERCIO INTERNACIONAL;ADMINISTRACIÓN;BOGOTÁ;BOGOTÁ D.C.;12;148.0;152.0;135.0;140.0;155.0;161.0;22.0;22.0;31.0;28.0;21.0
557;UNIVERSIDAD COOPERATIVA DE COLOMBIA;UNIVERSIDAD COOPERATIVA DE COLOMBIA-MEDELLIN;COMUNICACION SOCIAL;COMUNICACIÓN SOCIAL, PERIODISMO Y AFINES;ANTIOQUIA;MEDELLÍN;6;129.0;134.0;119.0;102.0;155.0;134.0;16.0;35.0;30.0;31.0;39.0
1428;UNIVERSIDAD COOPERATIVA DE COLOMBIA;UNIVERSIDAD COOPERATIVA DE COLOMBIA-BOGOTÁ D.C.;COMUNICACION SOCIAL;COMUNICACIÓN SOCIAL, PERIODISMO Y AFINES;BOGOTÁ;BOGOTÁ D.C.;1;128.0;162.0;110.0;109.0;125.0;132.0;0.0;0.0;0.0;0.0;0.0
4776;UNIVERSIDAD COOPERATIVA DE COLOMBIA;UNIVERSIDAD COOPERATIVA DE COLOMBIA-BOGOTÁ D.C.;COMUNICACION SOCIAL;COMUNICACIÓN SOCIAL, PERIODISMO Y AFINES;BOGOTÁ;BOGOTÁ D.C.;29;148.0;154.0;132.0;151.0;147.0;156.0;27.0;24.0;29.0;26.0;23.0
109;UNIVERSIDAD COOPERATIVA DE COLOMBIA;UNIVERSIDAD COOPERATIVA DE COLOMBIA-BOGOTÁ D.C.;CONTADURIA PUBLICA;CONTADURÍA PUBLICA;BOGOTÁ;BOGOTÁ D.C.;107;137.0;139.0;131.0;128.0;146.0;139.0;22.0;24.0;27.0;25.0;24.0
483;UNIVERSIDAD COOPERATIVA DE COLOMBIA;UNIVERSIDAD COOPERATIVA DE COLOMBIA-BOGOTÁ D.C.;CONTADURIA PUBLICA;CONTADURÍA PUBLICA;BOGOTÁ;BOGOTÁ D.C.;23;133.0;137.0;129.0;126.0;145.0;128.0;19.0;19.0;27.0;28.0;17.0
565;UNIVERSIDAD COOPERATIVA DE COLOMBIA;UNIVERSIDAD COOPERATIVA DE COLOMBIA-BOGOTÁ D.C.;CONTADURIA PUBLICA;CONTADURÍA PUBLICA;BOGOTÁ;BOGOTÁ D.C.;105;142.0;142.0;140.0;139.0;144.0;143.0;24.0;26.0;27.0;28.0;21.0
1401;UNIVERSIDAD COOPERATIVA DE COLOMBIA;UNIVERSIDAD COOPERATIVA DE COLOMBIA-MEDELLIN;CONTADURIA PUBLICA;CONTADURÍA PUBLICA;ANTIOQUIA;MEDELLÍN;29;125.0;124.0;120.0;115.0;138.0;131.0;28.0;26.0;30.0;44.0;27.0
1918;UNIVERSIDAD COOPERATIVA DE COLOMBIA;UNIVERSIDAD COOPERATIVA DE COLOMBIA-BOGOTÁ D.C.;CONTADURIA PUBLICA;CONTADURÍA PUBLICA;BOGOTÁ;BOGOTÁ D.C.;3;151.0;152.0;148.0;149.0;163.0;142.0;5.0;10.0;18.0;15.0;21.0
2685;UNIVERSIDAD COOPERATIVA DE COLOMBIA;UNIVERSIDAD COOPERATIVA DE COLOMBIA-MEDELLIN;CONTADURIA PUBLICA;CONTADURÍA PUBLICA;ANTIOQUIA;MEDELLÍN;19;144.0;148.0;138.0;131.0;153.0;149.0;25.0;25.0;24.0;25.0;24.0
3626;UNIVERSIDAD COOPERATIVA DE COLOMBIA;UNIVERSIDAD COOPERATIVA DE COLOMBIA-MEDELLIN;CONTADURIA PUBLICA;CONTADURÍA PUBLICA;ANTIOQUIA;MEDELLÍN;12;130.0;133.0;131.0;121.0;135.0;131.0;29.0;22.0;26.0;18.0;48.0
3944;UNIVERSIDAD COOPERATIVA DE COLOMBIA;UNIVERSIDAD COOPERATIVA DE COLOMBIA-BOGOTÁ D.C.;CONTADURIA PUBLICA;CONTADURÍA PUBLICA;BOGOTÁ;BOGOTÁ D.C.;1;158.0;181.0;132.0;176.0;128.0;172.0;0.0;0.0;0.0;0.0;0.0
4184;UNIVERSIDAD COOPERATIVA DE COLOMBIA;UNIVERSIDAD COOPERATIVA DE COLOMBIA-SANTA MARTA;CONTADURIA PUBLICA;CONTADURÍA PUBLICA;MAGDALENA;SANTA MARTA;41;136.0;137.0;127.0;131.0;147.0;137.0;22.0;20.0;26.0;26.0;22.0
4726;UNIVERSIDAD COOPERATIVA DE COLOMBIA;UNIVERSIDAD COOPERATIVA DE COLOMBIA-BOGOTÁ D.C.;CONTADURIA PUBLICA;CONTADURÍA PUBLICA;BOGOTÁ;BOGOTÁ D.C.;43;133.0;134.0;135.0;132.0;131.0;134.0;26.0;28.0;30.0;55.0;19.0
5135;UNIVERSIDAD COOPERATIVA DE COLOMBIA;UNIVERSIDAD COOPERATIVA DE COLOMBIA-BUCARAMANGA;CONTADURIA PUBLICA;CONTADURÍA PUBLICA;SANTANDER;BUCARAMANGA;16;130.0;136.0;127.0;121.0;132.0;133.0;19.0;22.0;25.0;42.0;25.0
5975;UNIVERSIDAD COOPERATIVA DE COLOMBIA;UNIVERSIDAD COOPERATIVA DE COLOMBIA-BOGOTÁ D.C.;CONTADURIA PUBLICA;CONTADURÍA PUBLICA;BOGOTÁ;BOGOTÁ D.C.;52;132.0;131.0;130.0;124.0;143.0;130.0;24.0;24.0;24.0;42.0;20.0
6414;UNIVERSIDAD COOPERATIVA DE COLOMBIA;UNIVERSIDAD COOPERATIVA DE COLOMBIA-BOGOTÁ D.C.;CONTADURIA PUBLICA;CONTADURÍA PUBLICA;BOGOTÁ;BOGOTÁ D.C.;4;138.0;136.0;123.0;128.0;148.0;152.0;18.0;16.0;40.0;33.0;26.0
6794;UNIVERSIDAD COOPERATIVA DE COLOMBIA;UNIVERSIDAD COOPERATIVA DE COLOMBIA-BOGOTÁ D.C.;CONTADURIA PUBLICA;CONTADURÍA PUBLICA;BOGOTÁ;BOGOTÁ D.C.;59;146.0;150.0;142.0;141.0;146.0;152.0;25.0;25.0;27.0;41.0;22.0
8281;UNIVERSIDAD COOPERATIVA DE COLOMBIA;UNIVERSIDAD COOPERATIVA DE COLOMBIA-BARRANCABERMEJA;CONTADURIA PUBLICA;CONTADURÍA PUBLICA;SANTANDER;BARRANCABERMEJA;1;135.0;101.0;160.0;141.0;126.0;147.0;0.0;0.0;0.0;0.0;0.0
1367;UNIVERSIDAD COOPERATIVA DE COLOMBIA;UNIVERSIDAD COOPERATIVA DE COLOMBIA-BARRANCABERMEJA;CONTADURIA PUBLICA ENFASIS EN SISTEMAS Y ECONOMIA SOLIDARIA;CONTADURÍA PUBLICA;SANTANDER;BARRANCABERMEJA;13;145.0;148.0;136.0;142.0;156.0;142.0;23.0;30.0;23.0;38.0;23.0
8340;UNIVERSIDAD COOPERATIVA DE COLOMBIA;UNIVERSIDAD COOPERATIVA DE COLOMBIA-MEDELLIN;CONTADURIA PÚBLICA;CONTADURÍA PUBLICA;ANTIOQUIA;MEDELLÍN;24;141.0;145.0;143.0;138.0;149.0;131.0;18.0;20.0;23.0;41.0;17.0
490;UNIVERSIDAD COOPERATIVA DE COLOMBIA;UNIVERSIDAD COOPERATIVA DE COLOMBIA-BOGOTÁ D.C.;DERECHO;DERECHO Y AFINES;BOGOTÁ;BOGOTÁ D.C.;77;139.0;146.0;124.0;145.0;146.0;133.0;26.0;27.0;37.0;30.0;24.0
513;UNIVERSIDAD COOPERATIVA DE COLOMBIA;UNIVERSIDAD COOPERATIVA DE COLOMBIA-BOGOTÁ D.C.;DERECHO;DERECHO Y AFINES;BOGOTÁ;BOGOTÁ D.C.;12;124.0;132.0;118.0;118.0;120.0;131.0;27.0;25.0;31.0;75.0;26.0
540;UNIVERSIDAD COOPERATIVA DE COLOMBIA;UNIVERSIDAD COOPERATIVA DE COLOMBIA-BOGOTÁ D.C.;DERECHO;DERECHO Y AFINES;BOGOTÁ;BOGOTÁ D.C.;44;144.0;149.0;131.0;151.0;147.0;143.0;27.0;20.0;28.0;34.0;26.0
916;UNIVERSIDAD COOPERATIVA DE COLOMBIA;UNIVERSIDAD COOPERATIVA DE COLOMBIA-BOGOTÁ D.C.;DERECHO;DERECHO Y AFINES;BOGOTÁ;BOGOTÁ D.C.;45;143.0;144.0;127.0;153.0;154.0;139.0;24.0;25.0;26.0;23.0;25.0
935;UNIVERSIDAD COOPERATIVA DE COLOMBIA;UNIVERSIDAD COOPERATIVA DE COLOMBIA-BOGOTÁ D.C.;DERECHO;DERECHO Y AFINES;BOGOTÁ;BOGOTÁ D.C.;136;142.0;150.0;129.0;150.0;145.0;135.0;25.0;25.0;28.0;27.0;28.0
1783;UNIVERSIDAD COOPERATIVA DE COLOMBIA;UNIVERSIDAD COOPERATIVA DE COLOMBIA-SANTA MARTA;DERECHO;DERECHO Y AFINES;MAGDALENA;SANTA MARTA;97;135.0;143.0;118.0;144.0;138.0;133.0;28.0;25.0;29.0;29.0;25.0
2698;UNIVERSIDAD COOPERATIVA DE COLOMBIA;UNIVERSIDAD COOPERATIVA DE COLOMBIA-BOGOTÁ D.C.;DERECHO;DERECHO Y AFINES;BOGOTÁ;BOGOTÁ D.C.;236;142.0;145.0;130.0;149.0;145.0;140.0;26.0;26.0;30.0;40.0;27.0
3081;UNIVERSIDAD COOPERATIVA DE COLOMBIA;UNIVERSIDAD COOPERATIVA DE COLOMBIA-MEDELLIN;DERECHO;DERECHO Y AFINES;ANTIOQUIA;MEDELLÍN;71;137.0;141.0;125.0;147.0;137.0;134.0;29.0;28.0;33.0;34.0;28.0
3655;UNIVERSIDAD COOPERATIVA DE COLOMBIA;UNIVERSIDAD COOPERATIVA DE COLOMBIA-BOGOTÁ D.C.;DERECHO;DERECHO Y AFINES;BOGOTÁ;BOGOTÁ D.C.;186;150.0;155.0;137.0;157.0;150.0;150.0;24.0;25.0;28.0;36.0;28.0
3695;UNIVERSIDAD COOPERATIVA DE COLOMBIA;UNIVERSIDAD COOPERATIVA DE COLOMBIA-BUCARAMANGA;DERECHO;DERECHO Y AFINES;SANTANDER;BUCARAMANGA;43;154.0;155.0;145.0;167.0;152.0;150.0;25.0;22.0;25.0;33.0;30.0
4148;UNIVERSIDAD COOPERATIVA DE COLOMBIA;UNIVERSIDAD COOPERATIVA DE COLOMBIA-BOGOTÁ D.C.;DERECHO;DERECHO Y AFINES;BOGOTÁ;BOGOTÁ D.C.;10;117.0;121.0;105.0;119.0;139.0;103.0;31.0;20.0;29.0;20.0;39.0
4195;UNIVERSIDAD COOPERATIVA DE COLOMBIA;UNIVERSIDAD COOPERATIVA DE COLOMBIA-BARRANCABERMEJA;DERECHO;DERECHO Y AFINES;SANTANDER;BARRANCABERMEJA;48;154.0;158.0;141.0;160.0;162.0;151.0;26.0;24.0;31.0;42.0;29.0
4690;UNIVERSIDAD COOPERATIVA DE COLOMBIA;UNIVERSIDAD COOPERATIVA DE COLOMBIA-BOGOTÁ D.C.;DERECHO;DERECHO Y AFINES;BOGOTÁ;BOGOTÁ D.C.;11;149.0;156.0;139.0;157.0;155.0;140.0;21.0;21.0;36.0;25.0;30.0
5594;UNIVERSIDAD COOPERATIVA DE COLOMBIA;UNIVERSIDAD COOPERATIVA DE COLOMBIA-BOGOTÁ D.C.;DERECHO;DERECHO Y AFINES;BOGOTÁ;BOGOTÁ D.C.;115;140.0;146.0;128.0;146.0;145.0;136.0;26.0;29.0;30.0;36.0;29.0
5930;UNIVERSIDAD COOPERATIVA DE COLOMBIA;UNIVERSIDAD COOPERATIVA DE COLOMBIA-MEDELLIN;DERECHO;DERECHO Y AFINES;ANTIOQUIA;MEDELLÍN;69;141.0;144.0;123.0;146.0;151.0;141.0;31.0;25.0;35.0;44.0;28.0
6350;UNIVERSIDAD COOPERATIVA DE COLOMBIA;UNIVERSIDAD COOPERATIVA DE COLOMBIA-MEDELLIN;DERECHO;DERECHO Y AFINES;ANTIOQUIA;MEDELLÍN;17;125.0;127.0;124.0;128.0;133.0;114.0;35.0;26.0;38.0;40.0;35.0
6411;UNIVERSIDAD COOPERATIVA DE COLOMBIA;UNIVERSIDAD COOPERATIVA DE COLOMBIA-BOGOTÁ D.C.;DERECHO;DERECHO Y AFINES;BOGOTÁ;BOGOTÁ D.C.;164;135.0;140.0;119.0;143.0;143.0;131.0;27.0;27.0;30.0;35.0;25.0
8635;UNIVERSIDAD COOPERATIVA DE COLOMBIA;UNIVERSIDAD COOPERATIVA DE COLOMBIA-MEDELLIN;DERECHO;DERECHO Y AFINES;ANTIOQUIA;MEDELLÍN;62;143.0;146.0;127.0;151.0;150.0;139.0;28.0;27.0;26.0;27.0;29.0
16605;UNIVERSIDAD COOPERATIVA DE COLOMBIA;UNIVERSIDAD COOPERATIVA DE COLOMBIA-BOGOTÁ D.C.;DERECHO;DERECHO Y AFINES;BOGOTÁ;BOGOTÁ D.C.;1;131.0;145.0;86.0;124.0;154.0;144.0;0.0;0.0;0.0;0.0;0.0
9765;UNIVERSIDAD COOPERATIVA DE COLOMBIA;UNIVERSIDAD COOPERATIVA DE COLOMBIA-MEDELLIN;DISEÑO CROSSMEDIA;DISEÑO;ANTIOQUIA;MEDELLÍN;18;137.0;142.0;121.0;127.0;130.0;164.0;30.0;35.0;23.0;53.0;28.0
16592;UNIVERSIDAD COOPERATIVA DE COLOMBIA;UNIVERSIDAD COOPERATIVA DE COLOMBIA-MEDELLIN;DISEÑO CROSSMEDIA;DISEÑO;ANTIOQUIA;MEDELLÍN;20;149.0;154.0;137.0;136.0;148.0;169.0;18.0;23.0;34.0;26.0;29.0
1749;UNIVERSIDAD COOPERATIVA DE COLOMBIA;UNIVERSIDAD COOPERATIVA DE COLOMBIA-BOGOTÁ D.C.;ECONOMIA;ECONOMÍA;BOGOTÁ;BOGOTÁ D.C.;23;158.0;160.0;153.0;160.0;165.0;154.0;21.0;32.0;25.0;49.0;39.0
4702;UNIVERSIDAD COOPERATIVA DE COLOMBIA;UNIVERSIDAD COOPERATIVA DE COLOMBIA-SANTA MARTA;ENFERMERIA;ENFERMERÍA;MAGDALENA;SANTA MARTA;68;132.0;137.0;123.0;118.0;147.0;135.0;24.0;20.0;26.0;24.0;19.0
6842;UNIVERSIDAD COOPERATIVA DE COLOMBIA;UNIVERSIDAD COOPERATIVA DE COLOMBIA-BUCARAMANGA;ENFERMERIA;ENFERMERÍA;SANTANDER;BUCARAMANGA;146;137.0;138.0;131.0;128.0;148.0;140.0;25.0;23.0;27.0;31.0;23.0
24973;UNIVERSIDAD COOPERATIVA DE COLOMBIA;UNIVERSIDAD COOPERATIVA DE COLOMBIA-BUCARAMANGA;ENFERMERIA;ENFERMERÍA;SANTANDER;BUCARAMANGA;109;136.0;139.0;128.0;130.0;148.0;137.0;24.0;23.0;28.0;34.0;22.0
9606;UNIVERSIDAD COOPERATIVA DE COLOMBIA;UNIVERSIDAD COOPERATIVA DE COLOMBIA-BOGOTÁ D.C.;ENFERMERÍA;ENFERMERÍA;BOGOTÁ;BOGOTÁ D.C.;62;139.0;141.0;134.0;130.0;152.0;138.0;24.0;24.0;28.0;22.0;22.0
8839;UNIVERSIDAD COOPERATIVA DE COLOMBIA;UNIVERSIDAD COOPERATIVA DE COLOMBIA-BOGOTÁ D.C.;INGENIERIA AMBIENTAL;INGENIERÍA AMBIENTAL, SANITARIA Y AFINES;BOGOTÁ;BOGOTÁ D.C.;17;146.0;151.0;145.0;136.0;148.0;150.0;25.0;24.0;22.0;28.0;19.0
25626;UNIVERSIDAD COOPERATIVA DE COLOMBIA;UNIVERSIDAD COOPERATIVA DE COLOMBIA-BOGOTÁ D.C.;INGENIERIA AMBIENTAL;INGENIERÍA AMBIENTAL, SANITARIA Y AFINES;BOGOTÁ;BOGOTÁ D.C.;12;136.0;140.0;126.0;130.0;149.0;135.0;26.0;21.0;30.0;52.0;23.0
71;UNIVERSIDAD COOPERATIVA DE COLOMBIA;UNIVERSIDAD COOPERATIVA DE COLOMBIA-BOGOTÁ D.C.;INGENIERIA CIVIL;INGENIERÍA CIVIL Y AFINES;BOGOTÁ;BOGOTÁ D.C.;94;140.0;140.0;156.0;125.0;140.0;141.0;24.0;28.0;28.0;26.0;27.0
1806;UNIVERSIDAD COOPERATIVA DE COLOMBIA;UNIVERSIDAD COOPERATIVA DE COLOMBIA-BOGOTÁ D.C.;INGENIERIA CIVIL;INGENIERÍA CIVIL Y AFINES;BOGOTÁ;BOGOTÁ D.C.;136;144.0;142.0;153.0;133.0;148.0;146.0;24.0;26.0;24.0;34.0;23.0
3627;UNIVERSIDAD COOPERATIVA DE COLOMBIA;UNIVERSIDAD COOPERATIVA DE COLOMBIA-MEDELLIN;INGENIERIA CIVIL;INGENIERÍA CIVIL Y AFINES;ANTIOQUIA;MEDELLÍN;49;141.0;140.0;152.0;134.0;143.0;138.0;24.0;31.0;27.0;39.0;26.0
3684;UNIVERSIDAD COOPERATIVA DE COLOMBIA;UNIVERSIDAD COOPERATIVA DE COLOMBIA-BOGOTÁ D.C.;INGENIERIA CIVIL;INGENIERÍA CIVIL Y AFINES;BOGOTÁ;BOGOTÁ D.C.;92;144.0;143.0;158.0;134.0;141.0;144.0;22.0;28.0;34.0;25.0;26.0
6830;UNIVERSIDAD COOPERATIVA DE COLOMBIA;UNIVERSIDAD COOPERATIVA DE COLOMBIA-SANTA MARTA;INGENIERIA CIVIL;INGENIERÍA CIVIL Y AFINES;MAGDALENA;SANTA MARTA;65;138.0;138.0;148.0;124.0;141.0;140.0;25.0;27.0;23.0;20.0;28.0
16583;UNIVERSIDAD COOPERATIVA DE COLOMBIA;UNIVERSIDAD COOPERATIVA DE COLOMBIA-BOGOTÁ D.C.;INGENIERIA CIVIL;INGENIERÍA CIVIL Y AFINES;BOGOTÁ;BOGOTÁ D.C.;1;153.0;159.0;193.0;84.0;169.0;161.0;0.0;0.0;0.0;0.0;0.0
936;UNIVERSIDAD COOPERATIVA DE COLOMBIA;UNIVERSIDAD COOPERATIVA DE COLOMBIA-BOGOTÁ D.C.;INGENIERIA DE SISTEMAS;INGENIERÍA DE SISTEMAS, TELEMÁTICA Y AFINES;BOGOTÁ;BOGOTÁ D.C.;24;143.0;149.0;152.0;130.0;125.0;159.0;31.0;27.0;39.0;55.0;42.0
2327;UNIVERSIDAD COOPERATIVA DE COLOMBIA;UNIVERSIDAD COOPERATIVA DE COLOMBIA-BUCARAMANGA;INGENIERIA DE SISTEMAS;INGENIERÍA DE SISTEMAS, TELEMÁTICA Y AFINES;SANTANDER;BUCARAMANGA;15;150.0;149.0;148.0;138.0;153.0;160.0;32.0;30.0;38.0;29.0;28.0
2699;UNIVERSIDAD COOPERATIVA DE COLOMBIA;UNIVERSIDAD COOPERATIVA DE COLOMBIA-BOGOTÁ D.C.;INGENIERIA DE SISTEMAS;INGENIERÍA DE SISTEMAS, TELEMÁTICA Y AFINES;BOGOTÁ;BOGOTÁ D.C.;37;153.0;152.0;159.0;149.0;145.0;160.0;24.0;27.0;29.0;33.0;36.0
4693;UNIVERSIDAD COOPERATIVA DE COLOMBIA;UNIVERSIDAD COOPERATIVA DE COLOMBIA-BOGOTÁ D.C.;INGENIERIA DE SISTEMAS;INGENIERÍA DE SISTEMAS, TELEMÁTICA Y AFINES;BOGOTÁ;BOGOTÁ D.C.;31;139.0;145.0;135.0;118.0;150.0;146.0;25.0;27.0;35.0;24.0;28.0
4698;UNIVERSIDAD COOPERATIVA DE COLOMBIA;UNIVERSIDAD COOPERATIVA DE COLOMBIA-BOGOTÁ D.C.;INGENIERIA DE SISTEMAS;INGENIERÍA DE SISTEMAS, TELEMÁTICA Y AFINES;BOGOTÁ;BOGOTÁ D.C.;6;138.0;143.0;166.0;129.0;108.0;145.0;25.0;17.0;30.0;60.0;38.0
5143;UNIVERSIDAD COOPERATIVA DE COLOMBIA;UNIVERSIDAD COOPERATIVA DE COLOMBIA-BOGOTÁ D.C.;INGENIERIA DE SISTEMAS;INGENIERÍA DE SISTEMAS, TELEMÁTICA Y AFINES;BOGOTÁ;BOGOTÁ D.C.;6;135.0;132.0;133.0;113.0;153.0;143.0;16.0;26.0;34.0;13.0;18.0
6354;UNIVERSIDAD COOPERATIVA DE COLOMBIA;UNIVERSIDAD COOPERATIVA DE COLOMBIA-MEDELLIN;INGENIERIA DE SISTEMAS;INGENIERÍA DE SISTEMAS, TELEMÁTICA Y AFINES;ANTIOQUIA;MEDELLÍN;1;162.0;190.0;159.0;168.0;125.0;170.0;0.0;0.0;0.0;0.0;0.0
6821;UNIVERSIDAD COOPERATIVA DE COLOMBIA;UNIVERSIDAD COOPERATIVA DE COLOMBIA-BOGOTÁ D.C.;INGENIERIA DE SISTEMAS;INGENIERÍA DE SISTEMAS, TELEMÁTICA Y AFINES;BOGOTÁ;BOGOTÁ D.C.;67;151.0;155.0;151.0;139.0;147.0;164.0;25.0;26.0;27.0;37.0;29.0
25627;UNIVERSIDAD COOPERATIVA DE COLOMBIA;UNIVERSIDAD COOPERATIVA DE COLOMBIA-SANTA MARTA;INGENIERIA DE SOFTWARE;INGENIERÍA ELECTRÓNICA, TELECOMUNICACIONES Y AFINES;MAGDALENA;SANTA MARTA;34;144.0;148.0;144.0;135.0;139.0;155.0;26.0;25.0;34.0;38.0;28.0
25772;UNIVERSIDAD COOPERATIVA DE COLOMBIA;UNIVERSIDAD COOPERATIVA DE COLOMBIA-BOGOTÁ D.C.;INGENIERIA DE SOFTWARE;INGENIERÍA DE SISTEMAS, TELEMÁTICA Y AFINES;BOGOTÁ;BOGOTÁ D.C.;44;149.0;150.0;150.0;133.0;149.0;162.0;21.0;25.0;31.0;27.0;26.0
4479;UNIVERSIDAD COOPERATIVA DE COLOMBIA;UNIVERSIDAD COOPERATIVA DE COLOMBIA-BOGOTÁ D.C.;INGENIERIA DE TELECOMUNICACIONES;INGENIERÍA ELECTRÓNICA, TELECOMUNICACIONES Y AFINES;BOGOTÁ;BOGOTÁ D.C.;24;145.0;146.0;149.0;132.0;144.0;155.0;34.0;26.0;30.0;41.0;40.0
496;UNIVERSIDAD COOPERATIVA DE COLOMBIA;UNIVERSIDAD COOPERATIVA DE COLOMBIA-SANTA MARTA;INGENIERIA ELECTRONICA;INGENIERÍA ELECTRÓNICA, TELECOMUNICACIONES Y AFINES;MAGDALENA;SANTA MARTA;19;139.0;142.0;144.0;123.0;145.0;142.0;20.0;28.0;23.0;27.0;30.0
1660;UNIVERSIDAD COOPERATIVA DE COLOMBIA;UNIVERSIDAD COOPERATIVA DE COLOMBIA-BOGOTÁ D.C.;INGENIERIA ELECTRONICA;INGENIERÍA ELECTRÓNICA, TELECOMUNICACIONES Y AFINES;BOGOTÁ;BOGOTÁ D.C.;18;151.0;149.0;157.0;139.0;155.0;156.0;22.0;21.0;29.0;26.0;26.0
2735;UNIVERSIDAD COOPERATIVA DE COLOMBIA;UNIVERSIDAD COOPERATIVA DE COLOMBIA-BOGOTÁ D.C.;INGENIERIA INDUSTRIAL;INGENIERÍA INDUSTRIAL Y AFINES;BOGOTÁ;BOGOTÁ D.C.;26;145.0;150.0;150.0;133.0;149.0;141.0;22.0;24.0;34.0;23.0;29.0
3027;UNIVERSIDAD COOPERATIVA DE COLOMBIA;UNIVERSIDAD COOPERATIVA DE COLOMBIA-BOGOTÁ D.C.;INGENIERIA INDUSTRIAL;INGENIERÍA INDUSTRIAL Y AFINES;BOGOTÁ;BOGOTÁ D.C.;41;145.0;146.0;152.0;139.0;136.0;150.0;23.0;26.0;30.0;50.0;24.0
4699;UNIVERSIDAD COOPERATIVA DE COLOMBIA;UNIVERSIDAD COOPERATIVA DE COLOMBIA-BOGOTÁ D.C.;INGENIERIA INDUSTRIAL;INGENIERÍA INDUSTRIAL Y AFINES;BOGOTÁ;BOGOTÁ D.C.;11;135.0;126.0;140.0;112.0;155.0;140.0;19.0;28.0;20.0;25.0;17.0
4727;UNIVERSIDAD COOPERATIVA DE COLOMBIA;UNIVERSIDAD COOPERATIVA DE COLOMBIA-BOGOTÁ D.C.;INGENIERIA INDUSTRIAL;INGENIERÍA INDUSTRIAL Y AFINES;BOGOTÁ;BOGOTÁ D.C.;11;141.0;147.0;135.0;129.0;142.0;154.0;22.0;36.0;33.0;17.0;33.0
8809;UNIVERSIDAD COOPERATIVA DE COLOMBIA;UNIVERSIDAD COOPERATIVA DE COLOMBIA-BARRANCABERMEJA;INGENIERIA INDUSTRIAL;INGENIERÍA INDUSTRIAL Y AFINES;SANTANDER;BARRANCABERMEJA;21;155.0;155.0;156.0;150.0;155.0;160.0;24.0;25.0;33.0;43.0;21.0
7627;UNIVERSIDAD COOPERATIVA DE COLOMBIA;UNIVERSIDAD COOPERATIVA DE COLOMBIA-MEDELLIN;INGENIERIA MECÁNICA;INGENIERÍA MECÁNICA Y AFINES;ANTIOQUIA;MEDELLÍN;7;143.0;129.0;155.0;119.0;144.0;167.0;21.0;26.0;24.0;27.0;31.0
9721;UNIVERSIDAD COOPERATIVA DE COLOMBIA;UNIVERSIDAD COOPERATIVA DE COLOMBIA-MEDELLIN;INGENIERÍA DE SOFTWARE;INGENIERÍA DE SISTEMAS, TELEMÁTICA Y AFINES;ANTIOQUIA;MEDELLÍN;16;151.0;147.0;155.0;143.0;143.0;166.0;28.0;28.0;33.0;48.0;40.0
4576;UNIVERSIDAD COOPERATIVA DE COLOMBIA;UNIVERSIDAD COOPERATIVA DE COLOMBIA-BUCARAMANGA;LICENCIATURA EN EDUCACION FISICA, RECREACION Y DEPORTE;EDUCACIÓN;SANTANDER;BUCARAMANGA;28;124.0;131.0;126.0;114.0;125.0;126.0;29.0;27.0;34.0;46.0;31.0
25944;UNIVERSIDAD COOPERATIVA DE COLOMBIA;UNIVERSIDAD COOPERATIVA DE COLOMBIA-BUCARAMANGA;LICENCIATURA EN EDUCACION FISICA, RECREACION Y DEPORTES;DEPORTES, EDUCACIÓN FÍSICA Y RECREACIÓN;SANTANDER;BUCARAMANGA;1;139.0;141.0;142.0;124.0;131.0;157.0;0.0;0.0;0.0;0.0;0.0
2989;UNIVERSIDAD COOPERATIVA DE COLOMBIA;UNIVERSIDAD COOPERATIVA DE COLOMBIA-BUCARAMANGA;LICENCIATURA EN LENGUA CASTELLANA E INGLES;EDUCACIÓN;SANTANDER;BUCARAMANGA;74;156.0;163.0;130.0;145.0;159.0;183.0;26.0;31.0;29.0;35.0;19.0
24816;UNIVERSIDAD COOPERATIVA DE COLOMBIA;UNIVERSIDAD COOPERATIVA DE COLOMBIA-MEDELLIN;LICENCIATURA EN MATEMATICAS;EDUCACIÓN;ANTIOQUIA;MEDELLÍN;8;157.0;149.0;190.0;154.0;150.0;142.0;40.0;21.0;47.0;22.0;22.0
571;UNIVERSIDAD COOPERATIVA DE COLOMBIA;UNIVERSIDAD COOPERATIVA DE COLOMBIA-SANTA MARTA;MEDICINA;MEDICINA;MAGDALENA;SANTA MARTA;122;151.0;156.0;145.0;149.0;147.0;161.0;25.0;25.0;27.0;28.0;25.0
2904;UNIVERSIDAD COOPERATIVA DE COLOMBIA;UNIVERSIDAD COOPERATIVA DE COLOMBIA-MEDELLIN;MEDICINA;MEDICINA;ANTIOQUIA;MEDELLÍN;122;162.0;169.0;153.0;157.0;163.0;171.0;25.0;26.0;29.0;37.0;32.0
4281;UNIVERSIDAD COOPERATIVA DE COLOMBIA;UNIVERSIDAD COOPERATIVA DE COLOMBIA-SANTA MARTA;MEDICINA;MEDICINA;MAGDALENA;SANTA MARTA;116;154.0;161.0;148.0;152.0;148.0;160.0;21.0;20.0;23.0;33.0;24.0
6517;UNIVERSIDAD COOPERATIVA DE COLOMBIA;UNIVERSIDAD COOPERATIVA DE COLOMBIA-SANTA MARTA;MEDICINA;MEDICINA;MAGDALENA;SANTA MARTA;107;157.0;160.0;155.0;155.0;155.0;161.0;23.0;25.0;28.0;32.0;26.0
774;UNIVERSIDAD COOPERATIVA DE COLOMBIA;UNIVERSIDAD COOPERATIVA DE COLOMBIA-BOGOTÁ D.C.;MEDICINA VETERINARIA Y ZOOTECNIA;MEDICINA VETERINARIA;BOGOTÁ;BOGOTÁ D.C.;11;127.0;127.0;127.0;122.0;136.0;123.0;21.0;23.0;27.0;16.0;15.0
4015;UNIVERSIDAD COOPERATIVA DE COLOMBIA;UNIVERSIDAD COOPERATIVA DE COLOMBIA-BOGOTÁ D.C.;MEDICINA VETERINARIA Y ZOOTECNIA;MEDICINA VETERINARIA;BOGOTÁ;BOGOTÁ D.C.;64;140.0;145.0;138.0;133.0;145.0;141.0;25.0;26.0;29.0;23.0;29.0
4460;UNIVERSIDAD COOPERATIVA DE COLOMBIA;UNIVERSIDAD COOPERATIVA DE COLOMBIA-BOGOTÁ D.C.;MEDICINA VETERINARIA Y ZOOTECNIA;MEDICINA VETERINARIA;BOGOTÁ;BOGOTÁ D.C.;75;138.0;140.0;134.0;130.0;138.0;146.0;25.0;21.0;26.0;32.0;28.0
5136;UNIVERSIDAD COOPERATIVA DE COLOMBIA;UNIVERSIDAD COOPERATIVA DE COLOMBIA-BUCARAMANGA;MEDICINA VETERINARIA Y ZOOTECNIA;MEDICINA VETERINARIA;SANTANDER;BUCARAMANGA;120;146.0;150.0;145.0;138.0;141.0;155.0;27.0;27.0;30.0;33.0;27.0
2299;UNIVERSIDAD COOPERATIVA DE COLOMBIA;UNIVERSIDAD COOPERATIVA DE COLOMBIA-BOGOTÁ D.C.;MERCADEO;ADMINISTRACIÓN;BOGOTÁ;BOGOTÁ D.C.;24;143.0;140.0;138.0;142.0;148.0;148.0;27.0;22.0;28.0;26.0;26.0
1435;UNIVERSIDAD COOPERATIVA DE COLOMBIA;UNIVERSIDAD COOPERATIVA DE COLOMBIA-BOGOTÁ D.C.;ODONTOLOGIA;ODONTOLOGÍA;BOGOTÁ;BOGOTÁ D.C.;26;134.0;131.0;129.0;128.0;138.0;145.0;34.0;34.0;34.0;39.0;21.0
4139;UNIVERSIDAD COOPERATIVA DE COLOMBIA;UNIVERSIDAD COOPERATIVA DE COLOMBIA-MEDELLIN;ODONTOLOGIA;ODONTOLOGÍA;ANTIOQUIA;MEDELLÍN;51;144.0;147.0;136.0;136.0;153.0;149.0;24.0;20.0;29.0;31.0;26.0
5344;UNIVERSIDAD COOPERATIVA DE COLOMBIA;UNIVERSIDAD COOPERATIVA DE COLOMBIA-BOGOTÁ D.C.;ODONTOLOGIA;ODONTOLOGÍA;BOGOTÁ;BOGOTÁ D.C.;40;143.0;142.0;140.0;130.0;160.0;144.0;23.0;21.0;25.0;19.0;22.0
5861;UNIVERSIDAD COOPERATIVA DE COLOMBIA;UNIVERSIDAD COOPERATIVA DE COLOMBIA-BOGOTÁ D.C.;ODONTOLOGIA;ODONTOLOGÍA;BOGOTÁ;BOGOTÁ D.C.;37;148.0;150.0;139.0;145.0;149.0;157.0;25.0;21.0;23.0;32.0;18.0
16632;UNIVERSIDAD COOPERATIVA DE COLOMBIA;UNIVERSIDAD COOPERATIVA DE COLOMBIA-MEDELLIN;ODONTOLOGIA;ODONTOLOGÍA;ANTIOQUIA;MEDELLÍN;1;146.0;105.0;148.0;131.0;196.0;150.0;0.0;0.0;0.0;0.0;0.0
491;UNIVERSIDAD COOPERATIVA DE COLOMBIA;UNIVERSIDAD COOPERATIVA DE COLOMBIA-BOGOTÁ D.C.;PSICOLOGIA;PSICOLOGÍA;BOGOTÁ;BOGOTÁ D.C.;50;132.0;141.0;121.0;125.0;140.0;135.0;24.0;24.0;27.0;31.0;32.0
724;UNIVERSIDAD COOPERATIVA DE COLOMBIA;UNIVERSIDAD COOPERATIVA DE COLOMBIA-BUCARAMANGA;PSICOLOGIA;PSICOLOGÍA;SANTANDER;BUCARAMANGA;129;148.0;155.0;133.0;144.0;151.0;155.0;30.0;26.0;31.0;32.0;30.0
867;UNIVERSIDAD COOPERATIVA DE COLOMBIA;UNIVERSIDAD COOPERATIVA DE COLOMBIA-MEDELLIN;PSICOLOGIA;PSICOLOGÍA;ANTIOQUIA;MEDELLÍN;72;147.0;158.0;128.0;146.0;153.0;151.0;25.0;25.0;30.0;49.0;34.0
921;UNIVERSIDAD COOPERATIVA DE COLOMBIA;UNIVERSIDAD COOPERATIVA DE COLOMBIA-BOGOTÁ D.C.;PSICOLOGIA;PSICOLOGÍA;BOGOTÁ;BOGOTÁ D.C.;5;110.0;103.0;95.0;104.0;127.0;121.0;17.0;13.0;25.0;26.0;27.0
931;UNIVERSIDAD COOPERATIVA DE COLOMBIA;UNIVERSIDAD COOPERATIVA DE COLOMBIA-SANTA MARTA;PSICOLOGIA;PSICOLOGÍA;MAGDALENA;SANTA MARTA;144;135.0;146.0;119.0;130.0;142.0;140.0;26.0;24.0;29.0;33.0;27.0
1789;UNIVERSIDAD COOPERATIVA DE COLOMBIA;UNIVERSIDAD COOPERATIVA DE COLOMBIA-BOGOTÁ D.C.;PSICOLOGIA;PSICOLOGÍA;BOGOTÁ;BOGOTÁ D.C.;85;138.0;141.0;127.0;131.0;147.0;144.0;27.0;22.0;31.0;29.0;24.0
4728;UNIVERSIDAD COOPERATIVA DE COLOMBIA;UNIVERSIDAD COOPERATIVA DE COLOMBIA-BOGOTÁ D.C.;PSICOLOGIA;PSICOLOGÍA;BOGOTÁ;BOGOTÁ D.C.;208;142.0;153.0;125.0;139.0;145.0;145.0;28.0;26.0;31.0;38.0;30.0
4957;UNIVERSIDAD COOPERATIVA DE COLOMBIA;UNIVERSIDAD COOPERATIVA DE COLOMBIA-MEDELLIN;PSICOLOGIA;PSICOLOGÍA;ANTIOQUIA;MEDELLÍN;59;141.0;151.0;126.0;136.0;140.0;151.0;25.0;23.0;32.0;36.0;46.0
5583;UNIVERSIDAD COOPERATIVA DE COLOMBIA;UNIVERSIDAD COOPERATIVA DE COLOMBIA-BARRANCABERMEJA;PSICOLOGIA;PSICOLOGÍA;SANTANDER;BARRANCABERMEJA;37;144.0;148.0;127.0;140.0;143.0;160.0;27.0;21.0;34.0;34.0;36.0
6407;UNIVERSIDAD COOPERATIVA DE COLOMBIA;UNIVERSIDAD COOPERATIVA DE COLOMBIA-BOGOTÁ D.C.;PSICOLOGIA;PSICOLOGÍA;BOGOTÁ;BOGOTÁ D.C.;75;139.0;146.0;125.0;136.0;143.0;144.0;28.0;27.0;29.0;34.0;27.0
6796;UNIVERSIDAD COOPERATIVA DE COLOMBIA;UNIVERSIDAD COOPERATIVA DE COLOMBIA-BOGOTÁ D.C.;PSICOLOGIA;PSICOLOGÍA;BOGOTÁ;BOGOTÁ D.C.;109;145.0;152.0;128.0;140.0;151.0;152.0;26.0;25.0;30.0;32.0;27.0
16763;UNIVERSIDAD COOPERATIVA DE COLOMBIA;UNIVERSIDAD COOPERATIVA DE COLOMBIA-SANTA MARTA;PSICOLOGIA;PSICOLOGÍA;MAGDALENA;SANTA MARTA;1;174.0;184.0;145.0;174.0;177.0;192.0;0.0;0.0;0.0;0.0;0.0
31229;UNIVERSIDAD COOPERATIVA DE COLOMBIA;UNIVERSIDAD COOPERATIVA DE COLOMBIA-MEDELLIN;PSICOLOGIA;PSICOLOGÍA;ANTIOQUIA;MEDELLÍN;2;151.0;153.0;141.0;128.0;173.0;162.0;1.0;13.0;30.0;18.0;10.0
104;UNIVERSIDAD DE ANTIOQUIA;UNIVERSIDAD DE ANTIOQUIA-MEDELLIN;ADMINISTRACION DE EMPRESAS;ADMINISTRACIÓN;ANTIOQUIA;MEDELLÍN;64;169.0;173.0;167.0;166.0;159.0;180.0;23.0;27.0;30.0;33.0;23.0
6526;UNIVERSIDAD DE ANTIOQUIA;UNIVERSIDAD DE ANTIOQUIA-TURBO;ADMINISTRACION DE EMPRESAS;ADMINISTRACIÓN;ANTIOQUIA;TURBO;21;157.0;163.0;153.0;151.0;162.0;155.0;27.0;27.0;36.0;30.0;23.0
6941;UNIVERSIDAD DE ANTIOQUIA;UNIVERSIDAD DE ANTIOQUIA-CARMEN DE VIBORAL;ADMINISTRACION DE EMPRESAS;ADMINISTRACIÓN;ANTIOQUIA;EL CARMEN DE VIBORAL;50;166.0;173.0;163.0;169.0;156.0;172.0;19.0;20.0;25.0;25.0;23.0
9838;UNIVERSIDAD DE ANTIOQUIA;UNIVERSIDAD DE ANTIOQUIA-MEDELLIN;ADMINISTRACION EN SALUD;ADMINISTRACIÓN;ANTIOQUIA;MEDELLÍN;68;148.0;158.0;141.0;146.0;157.0;138.0;26.0;24.0;30.0;30.0;24.0
534;UNIVERSIDAD DE ANTIOQUIA;UNIVERSIDAD DE ANTIOQUIA-MEDELLIN;ADMINISTRACION EN SALUD: ENFASIS EN GESTION DE SERVICIOS DE SALUD Y  ENFASIS EN GESTION SANITARIA Y AMBIENTAL;ADMINISTRACIÓN;ANTIOQUIA;MEDELLÍN;5;151.0;159.0;160.0;150.0;157.0;130.0;20.0;7.0;14.0;31.0;31.0
15981;UNIVERSIDAD DE ANTIOQUIA;UNIVERSIDAD DE ANTIOQUIA-MEDELLIN;ADMINISTRACIÓN AMBIENTAL Y SANITARIA;ADMINISTRACIÓN;ANTIOQUIA;MEDELLÍN;56;150.0;155.0;144.0;151.0;163.0;138.0;28.0;23.0;27.0;33.0;33.0
693;UNIVERSIDAD DE ANTIOQUIA;UNIVERSIDAD DE ANTIOQUIA-MEDELLIN;ADMINISTRACIÓN DE EMPRESAS;ADMINISTRACIÓN;ANTIOQUIA;MEDELLÍN;14;160.0;163.0;164.0;156.0;159.0;159.0;31.0;24.0;31.0;20.0;23.0
6080;UNIVERSIDAD DE ANTIOQUIA;UNIVERSIDAD DE ANTIOQUIA-MEDELLIN;ANTROPOLOGIA;ANTROPOLOGÍA, ARTES LIBERALES;ANTIOQUIA;MEDELLÍN;49;169.0;182.0;147.0;172.0;163.0;179.0;24.0;35.0;35.0;55.0;40.0
2145;UNIVERSIDAD DE ANTIOQUIA;UNIVERSIDAD DE ANTIOQUIA-MEDELLIN;ARCHIVISTICA;BIBLIOTECOLOGÍA, OTROS DE CIENCIAS SOCIALES Y HUMANAS;ANTIOQUIA;MEDELLÍN;54;140.0;153.0;128.0;135.0;146.0;139.0;23.0;24.0;30.0;39.0;26.0
5679;UNIVERSIDAD DE ANTIOQUIA;UNIVERSIDAD DE ANTIOQUIA-MEDELLIN;ARTE DRAMATICO;ARTES REPRESENTATIVAS;ANTIOQUIA;MEDELLÍN;30;151.0;162.0;134.0;145.0;160.0;153.0;34.0;31.0;35.0;36.0;39.0
4802;UNIVERSIDAD DE ANTIOQUIA;UNIVERSIDAD DE ANTIOQUIA-MEDELLIN;ARTES PLASTICAS;ARTES PLÁSTICAS, VISUALES Y AFINES;ANTIOQUIA;MEDELLÍN;21;167.0;181.0;151.0;155.0;160.0;186.0;27.0;38.0;43.0;49.0;41.0
7023;UNIVERSIDAD DE ANTIOQUIA;UNIVERSIDAD DE ANTIOQUIA-MEDELLIN;ASTRONOMIA;FÍSICA;ANTIOQUIA;MEDELLÍN;25;188.0;192.0;207.0;170.0;172.0;198.0;19.0;25.0;41.0;25.0;25.0
5680;UNIVERSIDAD DE ANTIOQUIA;UNIVERSIDAD DE ANTIOQUIA-MEDELLIN;BIBLIOTECOLOGIA;BIBLIOTECOLOGÍA, OTROS DE CIENCIAS SOCIALES Y HUMANAS;ANTIOQUIA;MEDELLÍN;12;169.0;182.0;141.0;173.0;170.0;180.0;18.0;26.0;13.0;48.0;20.0
3171;UNIVERSIDAD DE ANTIOQUIA;UNIVERSIDAD DE ANTIOQUIA-MEDELLIN;BIOINGENIERIA;INGENIERÍA BIOMÉDICA Y AFINES;ANTIOQUIA;MEDELLÍN;73;181.0;184.0;192.0;175.0;162.0;193.0;20.0;17.0;27.0;46.0;26.0
1815;UNIVERSIDAD DE ANTIOQUIA;UNIVERSIDAD DE ANTIOQUIA-MEDELLIN;BIOLOGIA;BIOLOGÍA, MICROBIOLOGÍA Y AFINES;ANTIOQUIA;MEDELLÍN;38;183.0;190.0;188.0;177.0;170.0;190.0;19.0;28.0;31.0;32.0;27.0
7474;UNIVERSIDAD DE ANTIOQUIA;UNIVERSIDAD DE ANTIOQUIA-MEDELLIN;BIOLOGÍA;BIOLOGÍA, MICROBIOLOGÍA Y AFINES;ANTIOQUIA;MEDELLÍN;7;174.0;184.0;174.0;175.0;152.0;187.0;31.0;31.0;41.0;22.0;24.0
8696;UNIVERSIDAD DE ANTIOQUIA;UNIVERSIDAD DE ANTIOQUIA-MEDELLIN;BIOLOGÍA;BIOLOGÍA, MICROBIOLOGÍA Y AFINES;ANTIOQUIA;MEDELLÍN;4;132.0;142.0;125.0;142.0;130.0;123.0;36.0;38.0;34.0;47.0;15.0
1046;UNIVERSIDAD DE ANTIOQUIA;UNIVERSIDAD DE ANTIOQUIA-MEDELLIN;CIENCIA POLITICA;CIENCIA POLÍTICA, RELACIONES INTERNACIONALES;ANTIOQUIA;MEDELLÍN;44;173.0;182.0;148.0;183.0;171.0;179.0;34.0;33.0;28.0;50.0;39.0
9800;UNIVERSIDAD DE ANTIOQUIA;UNIVERSIDAD DE ANTIOQUIA-MEDELLIN;CIENCIAS CULINARIAS;BIBLIOTECOLOGÍA, OTROS DE CIENCIAS SOCIALES Y HUMANAS;ANTIOQUIA;MEDELLÍN;10;168.0;184.0;163.0;178.0;146.0;170.0;11.0;29.0;14.0;25.0;24.0
4803;UNIVERSIDAD DE ANTIOQUIA;UNIVERSIDAD DE ANTIOQUIA-MEDELLIN;COMUNICACION AUDIOVISUAL Y MULTIMEDIAL;COMUNICACIÓN SOCIAL, PERIODISMO Y AFINES;ANTIOQUIA;MEDELLÍN;27;174.0;185.0;166.0;173.0;154.0;190.0;18.0;32.0;42.0;40.0;33.0
6067;UNIVERSIDAD DE ANTIOQUIA;UNIVERSIDAD DE ANTIOQUIA-MEDELLIN;COMUNICACIONES;COMUNICACIÓN SOCIAL, PERIODISMO Y AFINES;ANTIOQUIA;MEDELLÍN;33;166.0;183.0;147.0;167.0;161.0;172.0;25.0;31.0;32.0;47.0;33.0
7918;UNIVERSIDAD DE ANTIOQUIA;UNIVERSIDAD DE ANTIOQUIA-MEDELLIN;COMUNICACIÓN SOCIAL - PERIODISMO;COMUNICACIÓN SOCIAL, PERIODISMO Y AFINES;ANTIOQUIA;MEDELLÍN;10;156.0;172.0;141.0;166.0;162.0;140.0;19.0;23.0;21.0;20.0;21.0
3012;UNIVERSIDAD DE ANTIOQUIA;UNIVERSIDAD DE ANTIOQUIA-MEDELLIN;CONTADURIA PUBLICA;CONTADURÍA PUBLICA;ANTIOQUIA;MEDELLÍN;51;167.0;168.0;170.0;166.0;166.0;166.0;25.0;26.0;33.0;46.0;27.0
9087;UNIVERSIDAD DE ANTIOQUIA;UNIVERSIDAD DE ANTIOQUIA-MEDELLIN;CONTADURÍA PÚBLICA;CONTADURÍA PUBLICA;ANTIOQUIA;MEDELLÍN;35;156.0;161.0;158.0;146.0;158.0;155.0;24.0;23.0;31.0;23.0;28.0
5065;UNIVERSIDAD DE ANTIOQUIA;UNIVERSIDAD DE ANTIOQUIA-MEDELLIN;DERECHO;DERECHO Y AFINES;ANTIOQUIA;MEDELLÍN;179;169.0;180.0;158.0;184.0;163.0;163.0;24.0;27.0;26.0;33.0;37.0
8657;UNIVERSIDAD DE ANTIOQUIA;UNIVERSIDAD DE ANTIOQUIA-MEDELLIN;DESARROLLO TERRITORIAL;ECONOMÍA;ANTIOQUIA;MEDELLÍN;3;136.0;156.0;123.0;123.0;128.0;149.0;15.0;21.0;28.0;36.0;4.0
8984;UNIVERSIDAD DE ANTIOQUIA;UNIVERSIDAD DE ANTIOQUIA-MEDELLIN;DESARROLLO TERRITORIAL;ECONOMÍA;ANTIOQUIA;MEDELLÍN;12;142.0;158.0;122.0;148.0;141.0;143.0;27.0;28.0;33.0;51.0;32.0
179;UNIVERSIDAD DE ANTIOQUIA;UNIVERSIDAD DE ANTIOQUIA-TURBO;ECOLOGIA DE ZONAS COSTERAS;BIOLOGÍA, MICROBIOLOGÍA Y AFINES;ANTIOQUIA;TURBO;9;155.0;170.0;150.0;144.0;157.0;155.0;20.0;25.0;20.0;31.0;25.0
30;UNIVERSIDAD DE ANTIOQUIA;UNIVERSIDAD DE ANTIOQUIA-MEDELLIN;ECONOMIA;ECONOMÍA;ANTIOQUIA;MEDELLÍN;52;178.0;179.0;174.0;177.0;177.0;183.0;23.0;21.0;29.0;44.0;20.0
5931;UNIVERSIDAD DE ANTIOQUIA;UNIVERSIDAD DE ANTIOQUIA-MEDELLIN;ENFERMERIA;ENFERMERÍA;ANTIOQUIA;MEDELLÍN;42;158.0;167.0;157.0;160.0;144.0;163.0;29.0;27.0;28.0;44.0;24.0
688;UNIVERSIDAD DE ANTIOQUIA;UNIVERSIDAD DE ANTIOQUIA-MEDELLIN;ENTRENAMIENTO DEPORTIVO;DEPORTES, EDUCACIÓN FÍSICA Y RECREACIÓN;ANTIOQUIA;MEDELLÍN;30;163.0;169.0;169.0;153.0;146.0;177.0;22.0;24.0;34.0;39.0;36.0
9117;UNIVERSIDAD DE ANTIOQUIA;UNIVERSIDAD DE ANTIOQUIA-MEDELLIN;ESTADÍSTICA;MATEMÁTICAS, ESTADÍSTICA Y AFINES;ANTIOQUIA;MEDELLÍN;10;176.0;176.0;186.0;165.0;168.0;186.0;31.0;10.0;32.0;26.0;18.0
9839;UNIVERSIDAD DE ANTIOQUIA;UNIVERSIDAD DE ANTIOQUIA-MEDELLIN;FILOLOGIA HISPANICA;LENGUAS MODERNAS, LITERATURA, LINGÜÍSTICA Y AFINES;ANTIOQUIA;MEDELLÍN;42;172.0;190.0;150.0;169.0;161.0;189.0;30.0;33.0;33.0;43.0;31.0
6081;UNIVERSIDAD DE ANTIOQUIA;UNIVERSIDAD DE ANTIOQUIA-MEDELLIN;FILOSOFIA;FILOSOFÍA, TEOLOGÍA Y AFINES;ANTIOQUIA;MEDELLÍN;13;186.0;195.0;162.0;189.0;193.0;190.0;19.0;24.0;15.0;51.0;42.0
1901;UNIVERSIDAD DE ANTIOQUIA;UNIVERSIDAD DE ANTIOQUIA-MEDELLIN;FISICA;FÍSICA;ANTIOQUIA;MEDELLÍN;27;190.0;188.0;206.0;185.0;173.0;198.0;31.0;32.0;26.0;44.0;19.0
6524;UNIVERSIDAD DE ANTIOQUIA;UNIVERSIDAD DE ANTIOQUIA-MEDELLIN;GERENCIA EN SISTEMAS DE INFORMACION EN SALUD;ADMINISTRACIÓN;ANTIOQUIA;MEDELLÍN;14;155.0;169.0;156.0;154.0;138.0;159.0;21.0;12.0;29.0;26.0;20.0
1915;UNIVERSIDAD DE ANTIOQUIA;UNIVERSIDAD DE ANTIOQUIA-CAUCASIA;GESTION CULTURAL;SOCIOLOGÍA, TRABAJO SOCIAL Y AFINES;ANTIOQUIA;CAUCASIA;1;142.0;190.0;120.0;171.0;128.0;103.0;0.0;0.0;0.0;0.0;0.0
8543;UNIVERSIDAD DE ANTIOQUIA;UNIVERSIDAD DE ANTIOQUIA-MEDELLIN;GESTION CULTURAL;OTROS PROGRAMAS ASOCIADOS A BELLAS ARTES;ANTIOQUIA;MEDELLÍN;1;191.0;189.0;184.0;151.0;211.0;221.0;0.0;0.0;0.0;0.0;0.0
401;UNIVERSIDAD DE ANTIOQUIA;UNIVERSIDAD DE ANTIOQUIA-MEDELLIN;GESTION EN ECOLOGIA Y TURISMO;ADMINISTRACIÓN;ANTIOQUIA;MEDELLÍN;1;148.0;161.0;138.0;186.0;130.0;126.0;0.0;0.0;0.0;0.0;0.0
25299;UNIVERSIDAD DE ANTIOQUIA;UNIVERSIDAD DE ANTIOQUIA-MEDELLIN;GESTIÓN CULTURAL;ARTES PLÁSTICAS, VISUALES Y AFINES;ANTIOQUIA;MEDELLÍN;12;152.0;159.0;147.0;148.0;153.0;153.0;22.0;22.0;28.0;25.0;23.0
829;UNIVERSIDAD DE ANTIOQUIA;UNIVERSIDAD DE ANTIOQUIA-MEDELLIN;GESTIÓN EN ECOLOGÍA Y TURISMO;ADMINISTRACIÓN;ANTIOQUIA;MEDELLÍN;1;134.0;137.0;139.0;141.0;118.0;137.0;0.0;0.0;0.0;0.0;0.0
122;UNIVERSIDAD DE ANTIOQUIA;UNIVERSIDAD DE ANTIOQUIA-MEDELLIN;HISTORIA;GEOGRAFÍA, HISTORIA;ANTIOQUIA;MEDELLÍN;29;166.0;185.0;146.0;178.0;154.0;168.0;21.0;30.0;25.0;39.0;51.0
15954;UNIVERSIDAD DE ANTIOQUIA;UNIVERSIDAD DE ANTIOQUIA-MEDELLIN;INGENIERIA AGROPECUARIA;INGENIERÍA AGRONÓMICA, PECUARIA Y AFINES;ANTIOQUIA;MEDELLÍN;12;146.0;144.0;152.0;145.0;152.0;137.0;26.0;29.0;23.0;29.0;13.0
6068;UNIVERSIDAD DE ANTIOQUIA;UNIVERSIDAD DE ANTIOQUIA-MEDELLIN;INGENIERIA AMBIENTAL;INGENIERÍA AMBIENTAL, SANITARIA Y AFINES;ANTIOQUIA;MEDELLÍN;84;174.0;177.0;185.0;165.0;160.0;184.0;21.0;17.0;30.0;31.0;30.0
5235;UNIVERSIDAD DE ANTIOQUIA;UNIVERSIDAD DE ANTIOQUIA-MEDELLIN;INGENIERIA CIVIL;INGENIERÍA CIVIL Y AFINES;ANTIOQUIA;MEDELLÍN;95;170.0;168.0;191.0;161.0;156.0;172.0;25.0;21.0;34.0;28.0;23.0
4140;UNIVERSIDAD DE ANTIOQUIA;UNIVERSIDAD DE ANTIOQUIA-MEDELLIN;INGENIERIA DE ALIMENTOS;INGENIERÍA AGROINDUSTRIAL, ALIMENTOS Y AFINES;ANTIOQUIA;MEDELLÍN;35;154.0;154.0;164.0;140.0;162.0;150.0;25.0;41.0;30.0;36.0;26.0
871;UNIVERSIDAD DE ANTIOQUIA;UNIVERSIDAD DE ANTIOQUIA-MEDELLIN;INGENIERIA DE MATERIALES;INGENIERÍA DE MINAS, METALURGIA Y AFINES;ANTIOQUIA;MEDELLÍN;38;160.0;162.0;176.0;150.0;148.0;162.0;26.0;28.0;32.0;44.0;30.0
2172;UNIVERSIDAD DE ANTIOQUIA;UNIVERSIDAD DE ANTIOQUIA-MEDELLIN;INGENIERIA DE SISTEMAS;INGENIERÍA DE SISTEMAS, TELEMÁTICA Y AFINES;ANTIOQUIA;MEDELLÍN;67;178.0;178.0;187.0;166.0;162.0;197.0;23.0;22.0;30.0;41.0;36.0
4294;UNIVERSIDAD DE ANTIOQUIA;UNIVERSIDAD DE ANTIOQUIA-MEDELLIN;INGENIERIA DE TELECOMUNICACIONES;INGENIERÍA ELECTRÓNICA, TELECOMUNICACIONES Y AFINES;ANTIOQUIA;MEDELLÍN;25;176.0;167.0;199.0;159.0;172.0;180.0;25.0;27.0;38.0;63.0;19.0
4921;UNIVERSIDAD DE ANTIOQUIA;UNIVERSIDAD DE ANTIOQUIA-MEDELLIN;INGENIERIA DE TELECOMUNICACIONES;INGENIERÍA ELECTRÓNICA, TELECOMUNICACIONES Y AFINES;ANTIOQUIA;MEDELLÍN;3;166.0;159.0;186.0;171.0;126.0;188.0;18.0;15.0;13.0;5.0;13.0
6357;UNIVERSIDAD DE ANTIOQUIA;UNIVERSIDAD DE ANTIOQUIA-MEDELLIN;INGENIERIA ELECTRICA;INGENIERÍA ELÉCTRICA Y AFINES;ANTIOQUIA;MEDELLÍN;33;171.0;165.0;192.0;154.0;163.0;181.0;22.0;29.0;36.0;28.0;34.0
1731;UNIVERSIDAD DE ANTIOQUIA;UNIVERSIDAD DE ANTIOQUIA-MEDELLIN;INGENIERIA ELECTRONICA;INGENIERÍA ELECTRÓNICA, TELECOMUNICACIONES Y AFINES;ANTIOQUIA;MEDELLÍN;34;181.0;182.0;198.0;170.0;158.0;198.0;25.0;28.0;27.0;26.0;45.0
2460;UNIVERSIDAD DE ANTIOQUIA;UNIVERSIDAD DE ANTIOQUIA-MEDELLIN;INGENIERIA INDUSTRIAL;INGENIERÍA INDUSTRIAL Y AFINES;ANTIOQUIA;MEDELLÍN;49;160.0;157.0;168.0;157.0;157.0;160.0;23.0;33.0;28.0;33.0;27.0
4900;UNIVERSIDAD DE ANTIOQUIA;UNIVERSIDAD DE ANTIOQUIA-MEDELLIN;INGENIERIA INDUSTRIAL;INGENIERÍA INDUSTRIAL Y AFINES;ANTIOQUIA;MEDELLÍN;74;173.0;177.0;181.0;170.0;160.0;177.0;27.0;22.0;33.0;44.0;26.0
4645;UNIVERSIDAD DE ANTIOQUIA;UNIVERSIDAD DE ANTIOQUIA-MEDELLIN;INGENIERIA MECANICA;INGENIERÍA MECÁNICA Y AFINES;ANTIOQUIA;MEDELLÍN;61;178.0;178.0;197.0;169.0;163.0;184.0;23.0;27.0;30.0;37.0;26.0
5178;UNIVERSIDAD DE ANTIOQUIA;UNIVERSIDAD DE ANTIOQUIA-MEDELLIN;INGENIERIA QUIMICA;INGENIERÍA QUÍMICA Y AFINES;ANTIOQUIA;MEDELLÍN;68;180.0;180.0;189.0;176.0;170.0;186.0;21.0;22.0;33.0;28.0;33.0
4646;UNIVERSIDAD DE ANTIOQUIA;UNIVERSIDAD DE ANTIOQUIA-MEDELLIN;INGENIERIA SANITARIA;INGENIERÍA AMBIENTAL, SANITARIA Y AFINES;ANTIOQUIA;MEDELLÍN;69;162.0;162.0;179.0;153.0;154.0;161.0;23.0;21.0;30.0;33.0;20.0
9628;UNIVERSIDAD DE ANTIOQUIA;UNIVERSIDAD DE ANTIOQUIA-CARMEN DE VIBORAL;INGENIERÍA AEROESPACIAL;OTRAS INGENIERÍAS;ANTIOQUIA;EL CARMEN DE VIBORAL;30;195.0;197.0;211.0;186.0;179.0;201.0;17.0;20.0;27.0;53.0;26.0
7420;UNIVERSIDAD DE ANTIOQUIA;UNIVERSIDAD DE ANTIOQUIA-MEDELLIN;INGENIERÍA AGROINDUSTRIAL;INGENIERÍA AGROINDUSTRIAL, ALIMENTOS Y AFINES;ANTIOQUIA;MEDELLÍN;1;150.0;155.0;183.0;174.0;144.0;93.0;0.0;0.0;0.0;0.0;0.0
8723;UNIVERSIDAD DE ANTIOQUIA;UNIVERSIDAD DE ANTIOQUIA-MEDELLIN;INGENIERÍA AGROINDUSTRIAL;INGENIERÍA AGROINDUSTRIAL, ALIMENTOS Y AFINES;ANTIOQUIA;MEDELLÍN;7;161.0;159.0;174.0;155.0;154.0;161.0;25.0;18.0;24.0;25.0;20.0
340;UNIVERSIDAD DE ANTIOQUIA;UNIVERSIDAD DE ANTIOQUIA-CAUCASIA;INGENIERÍA AGROPECUARIA;AGRONOMÍA;ANTIOQUIA;CAUCASIA;5;166.0;178.0;183.0;152.0;154.0;165.0;11.0;22.0;14.0;13.0;13.0
7839;UNIVERSIDAD DE ANTIOQUIA;UNIVERSIDAD DE ANTIOQUIA-MEDELLIN;INGENIERÍA AGROPECUARIA;INGENIERÍA AGRONÓMICA, PECUARIA Y AFINES;ANTIOQUIA;MEDELLÍN;1;144.0;135.0;178.0;140.0;157.0;108.0;0.0;0.0;0.0;0.0;0.0
20701;UNIVERSIDAD DE ANTIOQUIA;UNIVERSIDAD DE ANTIOQUIA-MEDELLIN;INGENIERÍA AGROPECUARIA;INGENIERÍA AGRONÓMICA, PECUARIA Y AFINES;ANTIOQUIA;MEDELLÍN;7;143.0;160.0;146.0;127.0;142.0;140.0;23.0;30.0;29.0;36.0;10.0
6680;UNIVERSIDAD DE ANTIOQUIA;UNIVERSIDAD DE ANTIOQUIA-MEDELLIN;INGENIERÍA AMBIENTAL;INGENIERÍA AMBIENTAL, SANITARIA Y AFINES;ANTIOQUIA;MEDELLÍN;24;159.0;161.0;166.0;153.0;158.0;157.0;17.0;26.0;28.0;20.0;24.0
8880;UNIVERSIDAD DE ANTIOQUIA;UNIVERSIDAD DE ANTIOQUIA-MEDELLIN;INGENIERÍA BIOQUÍMICA;INGENIERÍA QUÍMICA Y AFINES;ANTIOQUIA;MEDELLÍN;11;175.0;179.0;194.0;162.0;158.0;181.0;22.0;21.0;24.0;24.0;13.0
4478;UNIVERSIDAD DE ANTIOQUIA;UNIVERSIDAD DE ANTIOQUIA-MEDELLIN;INGENIERÍA DE ALIMENTOS;INGENIERÍA AGROINDUSTRIAL, ALIMENTOS Y AFINES;ANTIOQUIA;MEDELLÍN;1;185.0;206.0;197.0;203.0;132.0;188.0;0.0;0.0;0.0;0.0;0.0
6174;UNIVERSIDAD DE ANTIOQUIA;UNIVERSIDAD DE ANTIOQUIA-MEDELLIN;INGENIERÍA DE SISTEMAS;INGENIERÍA DE SISTEMAS, TELEMÁTICA Y AFINES;ANTIOQUIA;MEDELLÍN;12;165.0;162.0;192.0;148.0;146.0;175.0;29.0;37.0;38.0;26.0;24.0
9556;UNIVERSIDAD DE ANTIOQUIA;UNIVERSIDAD DE ANTIOQUIA-CARMEN DE VIBORAL;INGENIERÍA ENERGÉTICA;INGENIERÍA ELÉCTRICA Y AFINES;ANTIOQUIA;EL CARMEN DE VIBORAL;10;184.0;179.0;193.0;188.0;163.0;197.0;31.0;28.0;19.0;25.0;11.0
8945;UNIVERSIDAD DE ANTIOQUIA;UNIVERSIDAD DE ANTIOQUIA-MEDELLIN;INGENIERÍA OCEANOGRÁFICA;INGENIERÍA AMBIENTAL, SANITARIA Y AFINES;ANTIOQUIA;MEDELLÍN;6;159.0;154.0;185.0;145.0;167.0;146.0;27.0;28.0;25.0;15.0;33.0
8298;UNIVERSIDAD DE ANTIOQUIA;UNIVERSIDAD DE ANTIOQUIA-MEDELLIN;INGENIERÍA URBANA;INGENIERÍA CIVIL Y AFINES;ANTIOQUIA;MEDELLÍN;12;162.0;164.0;170.0;159.0;149.0;168.0;16.0;25.0;25.0;21.0;20.0
6033;UNIVERSIDAD DE ANTIOQUIA;UNIVERSIDAD DE ANTIOQUIA-MEDELLIN;INSTRUMENTACION QUIRURGICA;INSTRUMENTACIÓN QUIRÚRGICA;ANTIOQUIA;MEDELLÍN;25;162.0;175.0;164.0;156.0;148.0;168.0;22.0;27.0;29.0;26.0;24.0
1912;UNIVERSIDAD DE ANTIOQUIA;UNIVERSIDAD DE ANTIOQUIA-MEDELLIN;LETRAS - FILOLOGIA HISPANICA;LENGUAS MODERNAS, LITERATURA, LINGÜÍSTICA Y AFINES;ANTIOQUIA;MEDELLÍN;1;139.0;168.0;148.0;170.0;109.0;100.0;0.0;0.0;0.0;0.0;0.0
15961;UNIVERSIDAD DE ANTIOQUIA;UNIVERSIDAD DE ANTIOQUIA-MEDELLIN;LICENCIATURA EN ARTES ESCÉNICAS;EDUCACIÓN;ANTIOQUIA;MEDELLÍN;34;142.0;151.0;126.0;141.0;149.0;147.0;28.0;27.0;32.0;26.0;30.0
15976;UNIVERSIDAD DE ANTIOQUIA;UNIVERSIDAD DE ANTIOQUIA-MEDELLIN;LICENCIATURA EN ARTES PLASTICAS;EDUCACIÓN;ANTIOQUIA;MEDELLÍN;45;144.0;155.0;123.0;145.0;154.0;145.0;35.0;31.0;31.0;47.0;31.0
15982;UNIVERSIDAD DE ANTIOQUIA;UNIVERSIDAD DE ANTIOQUIA-MEDELLIN;LICENCIATURA EN CIENCIAS NATURALES;EDUCACIÓN;ANTIOQUIA;MEDELLÍN;21;163.0;177.0;159.0;152.0;171.0;157.0;23.0;28.0;32.0;36.0;34.0
9639;UNIVERSIDAD DE ANTIOQUIA;UNIVERSIDAD DE ANTIOQUIA-MEDELLIN;LICENCIATURA EN CIENCIAS SOCIALES;EDUCACIÓN;ANTIOQUIA;MEDELLÍN;35;167.0;180.0;152.0;179.0;161.0;164.0;20.0;33.0;21.0;35.0;39.0
15969;UNIVERSIDAD DE ANTIOQUIA;UNIVERSIDAD DE ANTIOQUIA-MEDELLIN;LICENCIATURA EN DANZA;OTROS PROGRAMAS ASOCIADOS A BELLAS ARTES;ANTIOQUIA;MEDELLÍN;45;144.0;152.0;125.0;138.0;147.0;157.0;29.0;31.0;31.0;28.0;38.0
6770;UNIVERSIDAD DE ANTIOQUIA;UNIVERSIDAD DE ANTIOQUIA-MEDELLIN;LICENCIATURA EN EDUCACION BASICA CON ENFASIS EN CIENCIAS NATURALES Y EDUCACION AMBIENTAL;EDUCACIÓN;ANTIOQUIA;MEDELLÍN;7;165.0;167.0;158.0;168.0;195.0;137.0;21.0;33.0;23.0;75.0;23.0
6771;UNIVERSIDAD DE ANTIOQUIA;UNIVERSIDAD DE ANTIOQUIA-MEDELLIN;LICENCIATURA EN EDUCACION BASICA CON ENFASIS EN CIENCIAS SOCIALES;EDUCACIÓN;ANTIOQUIA;MEDELLÍN;5;156.0;175.0;136.0;169.0;171.0;127.0;18.0;29.0;15.0;28.0;73.0
2173;UNIVERSIDAD DE ANTIOQUIA;UNIVERSIDAD DE ANTIOQUIA-MEDELLIN;LICENCIATURA EN EDUCACION BASICA CON ENFASIS EN HUMANIDADES, LENGUA CASTELLANA;EDUCACIÓN;ANTIOQUIA;MEDELLÍN;1;220.0;199.0;195.0;197.0;300.0;211.0;0.0;0.0;0.0;0.0;0.0
6013;UNIVERSIDAD DE ANTIOQUIA;UNIVERSIDAD DE ANTIOQUIA-MEDELLIN;LICENCIATURA EN EDUCACION BASICA CON ENFASIS EN MATEMATICAS;EDUCACIÓN;ANTIOQUIA;MEDELLÍN;4;151.0;172.0;171.0;149.0;129.0;136.0;15.0;29.0;33.0;4.0;26.0
3172;UNIVERSIDAD DE ANTIOQUIA;UNIVERSIDAD DE ANTIOQUIA-MEDELLIN;LICENCIATURA EN EDUCACION BASICA EN DANZA;OTROS PROGRAMAS ASOCIADOS A BELLAS ARTES;ANTIOQUIA;MEDELLÍN;1;150.0;150.0;135.0;142.0;132.0;191.0;0.0;0.0;0.0;0.0;0.0
1460;UNIVERSIDAD DE ANTIOQUIA;UNIVERSIDAD DE ANTIOQUIA-MEDELLIN;LICENCIATURA EN EDUCACION ESPECIAL;EDUCACIÓN;ANTIOQUIA;MEDELLÍN;28;156.0;171.0;139.0;154.0;163.0;154.0;20.0;24.0;25.0;38.0;30.0
150;UNIVERSIDAD DE ANTIOQUIA;UNIVERSIDAD DE ANTIOQUIA-MEDELLIN;LICENCIATURA EN EDUCACION FISICA;EDUCACIÓN;ANTIOQUIA;MEDELLÍN;93;153.0;161.0;150.0;146.0;151.0;155.0;28.0;26.0;35.0;34.0;29.0
1466;UNIVERSIDAD DE ANTIOQUIA;UNIVERSIDAD DE ANTIOQUIA-CARMEN DE VIBORAL;LICENCIATURA EN EDUCACION FISICA;EDUCACIÓN;ANTIOQUIA;EL CARMEN DE VIBORAL;6;142.0;142.0;142.0;141.0;138.0;149.0;33.0;31.0;31.0;35.0;34.0
6086;UNIVERSIDAD DE ANTIOQUIA;UNIVERSIDAD DE ANTIOQUIA-TURBO;LICENCIATURA EN EDUCACION FISICA;EDUCACIÓN;ANTIOQUIA;TURBO;13;134.0;145.0;128.0;124.0;148.0;129.0;27.0;22.0;37.0;18.0;23.0
6529;UNIVERSIDAD DE ANTIOQUIA;UNIVERSIDAD DE ANTIOQUIA-CAUCASIA;LICENCIATURA EN EDUCACION FISICA;EDUCACIÓN;ANTIOQUIA;CAUCASIA;15;143.0;147.0;128.0;144.0;160.0;138.0;26.0;23.0;24.0;22.0;24.0
1047;UNIVERSIDAD DE ANTIOQUIA;UNIVERSIDAD DE ANTIOQUIA-MEDELLIN;LICENCIATURA EN EDUCACION: ARTES PLASTICAS;EDUCACIÓN;ANTIOQUIA;MEDELLÍN;14;159.0;172.0;151.0;155.0;157.0;158.0;22.0;24.0;32.0;19.0;31.0
15941;UNIVERSIDAD DE ANTIOQUIA;UNIVERSIDAD DE ANTIOQUIA-MEDELLIN;LICENCIATURA EN EDUCACIÓN BÁSICA PRIMARIA;EDUCACIÓN;ANTIOQUIA;MEDELLÍN;2;146.0;147.0;157.0;131.0;145.0;152.0;0.0;22.0;25.0;42.0;10.0
15964;UNIVERSIDAD DE ANTIOQUIA;UNIVERSIDAD DE ANTIOQUIA-MEDELLIN;LICENCIATURA EN EDUCACIÓN INFANTIL;EDUCACIÓN;ANTIOQUIA;MEDELLÍN;48;152.0;162.0;142.0;149.0;158.0;152.0;21.0;26.0;26.0;32.0;28.0
177;UNIVERSIDAD DE ANTIOQUIA;UNIVERSIDAD DE ANTIOQUIA-MEDELLIN;LICENCIATURA EN FILOSOFIA;EDUCACIÓN;ANTIOQUIA;MEDELLÍN;10;166.0;203.0;143.0;168.0;149.0;169.0;19.0;33.0;36.0;31.0;35.0
15977;UNIVERSIDAD DE ANTIOQUIA;UNIVERSIDAD DE ANTIOQUIA-MEDELLIN;LICENCIATURA EN FISICA;EDUCACIÓN;ANTIOQUIA;MEDELLÍN;6;179.0;188.0;203.0;189.0;151.0;166.0;17.0;16.0;33.0;34.0;26.0
5204;UNIVERSIDAD DE ANTIOQUIA;UNIVERSIDAD DE ANTIOQUIA-MEDELLIN;LICENCIATURA EN LENGUAS  EXTRANJERAS;EDUCACIÓN;ANTIOQUIA;MEDELLÍN;2;150.0;70.0;146.0;143.0;175.0;216.0;98.0;11.0;36.0;12.0;6.0
15959;UNIVERSIDAD DE ANTIOQUIA;UNIVERSIDAD DE ANTIOQUIA-MEDELLIN;LICENCIATURA EN LENGUAS EXTRANJERAS CON ÉNFASIS EN INGLÉS Y FRANCÉS;EDUCACIÓN;ANTIOQUIA;MEDELLÍN;32;180.0;182.0;151.0;173.0;175.0;218.0;25.0;32.0;26.0;38.0;28.0
9685;UNIVERSIDAD DE ANTIOQUIA;UNIVERSIDAD DE ANTIOQUIA-MEDELLIN;LICENCIATURA EN LITERATURA Y LENGUA CASTELLANA;EDUCACIÓN;ANTIOQUIA;MEDELLÍN;46;169.0;187.0;151.0;173.0;169.0;166.0;23.0;28.0;25.0;38.0;29.0
15965;UNIVERSIDAD DE ANTIOQUIA;UNIVERSIDAD DE ANTIOQUIA-MEDELLIN;LICENCIATURA EN MATEMATICAS;EDUCACIÓN;ANTIOQUIA;MEDELLÍN;25;156.0;164.0;174.0;149.0;138.0;157.0;24.0;33.0;34.0;63.0;34.0
6082;UNIVERSIDAD DE ANTIOQUIA;UNIVERSIDAD DE ANTIOQUIA-MEDELLIN;LICENCIATURA EN MATEMATICAS Y FISICA;EDUCACIÓN;ANTIOQUIA;MEDELLÍN;1;133.0;141.0;140.0;108.0;140.0;138.0;0.0;0.0;0.0;0.0;0.0
2580;UNIVERSIDAD DE ANTIOQUIA;UNIVERSIDAD DE ANTIOQUIA-MEDELLIN;LICENCIATURA EN MUSICA;EDUCACIÓN;ANTIOQUIA;MEDELLÍN;35;155.0;168.0;133.0;162.0;155.0;156.0;29.0;31.0;25.0;38.0;30.0
4775;UNIVERSIDAD DE ANTIOQUIA;UNIVERSIDAD DE ANTIOQUIA-MEDELLIN;LICENCIATURA EN PEDAGOGIA INFANTIL;EDUCACIÓN;ANTIOQUIA;MEDELLÍN;6;152.0;164.0;149.0;143.0;145.0;159.0;18.0;26.0;25.0;25.0;16.0
4485;UNIVERSIDAD DE ANTIOQUIA;UNIVERSIDAD DE ANTIOQUIA-MEDELLIN;LICENCIATURA EN PEDAGOGÍA DE LA MADRE TIERRA;EDUCACIÓN;ANTIOQUIA;MEDELLÍN;1;153.0;158.0;149.0;167.0;158.0;132.0;0.0;0.0;0.0;0.0;0.0
7506;UNIVERSIDAD DE ANTIOQUIA;UNIVERSIDAD DE ANTIOQUIA-MEDELLIN;LICENCIATURA EN TEATRO;EDUCACIÓN;ANTIOQUIA;MEDELLÍN;5;153.0;172.0;147.0;160.0;109.0;178.0;22.0;43.0;7.0;63.0;22.0
8953;UNIVERSIDAD DE ANTIOQUIA;UNIVERSIDAD DE ANTIOQUIA-MEDELLIN;LICENCIATURA M¿SICA;MÚSICA;ANTIOQUIA;MEDELLÍN;1;153.0;145.0;120.0;174.0;155.0;172.0;0.0;0.0;0.0;0.0;0.0
971;UNIVERSIDAD DE ANTIOQUIA;UNIVERSIDAD DE ANTIOQUIA-MEDELLIN;MATEMATICAS;MATEMÁTICAS, ESTADÍSTICA Y AFINES;ANTIOQUIA;MEDELLÍN;5;164.0;197.0;177.0;148.0;140.0;157.0;16.0;39.0;55.0;32.0;88.0
6217;UNIVERSIDAD DE ANTIOQUIA;UNIVERSIDAD DE ANTIOQUIA-MEDELLIN;MEDICINA;MEDICINA;ANTIOQUIA;MEDELLÍN;199;187.0;190.0;191.0;186.0;170.0;198.0;23.0;20.0;28.0;44.0;30.0
2174;UNIVERSIDAD DE ANTIOQUIA;UNIVERSIDAD DE ANTIOQUIA-MEDELLIN;MEDICINA VETERINARIA;MEDICINA VETERINARIA;ANTIOQUIA;MEDELLÍN;49;173.0;186.0;171.0;178.0;151.0;180.0;19.0;21.0;21.0;36.0;25.0
8181;UNIVERSIDAD DE ANTIOQUIA;UNIVERSIDAD DE ANTIOQUIA-MEDELLIN;MEDICINA VETERINARIA;MEDICINA VETERINARIA;ANTIOQUIA;MEDELLÍN;1;159.0;168.0;174.0;154.0;126.0;173.0;0.0;0.0;0.0;0.0;0.0
2342;UNIVERSIDAD DE ANTIOQUIA;UNIVERSIDAD DE ANTIOQUIA-MEDELLIN;MICROBIOLOGIA INDUSTRIAL Y AMBIENTAL;BIOLOGÍA, MICROBIOLOGÍA Y AFINES;ANTIOQUIA;MEDELLÍN;21;166.0;171.0;164.0;161.0;156.0;176.0;20.0;25.0;36.0;30.0;29.0
6497;UNIVERSIDAD DE ANTIOQUIA;UNIVERSIDAD DE ANTIOQUIA-MEDELLIN;MICROBIOLOGIA Y BIOANALISIS;BACTERIOLOGÍA;ANTIOQUIA;MEDELLÍN;50;169.0;171.0;166.0;162.0;170.0;178.0;24.0;31.0;29.0;34.0;36.0
7501;UNIVERSIDAD DE ANTIOQUIA;UNIVERSIDAD DE ANTIOQUIA-MEDELLIN;MICROBIOLOGÍA INDUSTRIAL Y AMBIENTAL;BIOLOGÍA, MICROBIOLOGÍA Y AFINES;ANTIOQUIA;MEDELLÍN;5;152.0;161.0;143.0;152.0;144.0;159.0;26.0;18.0;28.0;24.0;29.0
8346;UNIVERSIDAD DE ANTIOQUIA;UNIVERSIDAD DE ANTIOQUIA-MEDELLIN;MICROBIOLOGÍA INDUSTRIAL Y AMBIENTAL;BIOLOGÍA, MICROBIOLOGÍA Y AFINES;ANTIOQUIA;MEDELLÍN;15;150.0;160.0;155.0;138.0;153.0;145.0;14.0;21.0;47.0;32.0;45.0
8480;UNIVERSIDAD DE ANTIOQUIA;UNIVERSIDAD DE ANTIOQUIA-MEDELLIN;MICROBIOLOGÍA INDUSTRIAL Y AMBIENTAL;BIOLOGÍA, MICROBIOLOGÍA Y AFINES;ANTIOQUIA;MEDELLÍN;7;165.0;169.0;159.0;170.0;148.0;180.0;24.0;9.0;28.0;22.0;18.0
2789;UNIVERSIDAD DE ANTIOQUIA;UNIVERSIDAD DE ANTIOQUIA-MEDELLIN;MUSICA- CANTO;MÚSICA;ANTIOQUIA;MEDELLÍN;15;166.0;169.0;148.0;157.0;169.0;185.0;23.0;29.0;43.0;59.0;43.0
7685;UNIVERSIDAD DE ANTIOQUIA;UNIVERSIDAD DE ANTIOQUIA-MEDELLIN;MÚSICA;MÚSICA;ANTIOQUIA;MEDELLÍN;33;159.0;166.0;148.0;154.0;144.0;182.0;31.0;31.0;33.0;37.0;25.0
31;UNIVERSIDAD DE ANTIOQUIA;UNIVERSIDAD DE ANTIOQUIA-MEDELLIN;NUTRICION Y DIETETICA;NUTRICIÓN Y DIETÉTICA;ANTIOQUIA;MEDELLÍN;43;169.0;171.0;162.0;172.0;163.0;177.0;25.0;24.0;26.0;33.0;34.0
8553;UNIVERSIDAD DE ANTIOQUIA;UNIVERSIDAD DE ANTIOQUIA-MEDELLIN;NUTRICIÓN Y DIETÉTICA;NUTRICIÓN Y DIETÉTICA;ANTIOQUIA;MEDELLÍN;22;159.0;171.0;158.0;153.0;150.0;164.0;20.0;20.0;27.0;40.0;24.0
1733;UNIVERSIDAD DE ANTIOQUIA;UNIVERSIDAD DE ANTIOQUIA-MEDELLIN;ODONTOLOGIA;ODONTOLOGÍA;ANTIOQUIA;MEDELLÍN;79;160.0;169.0;157.0;155.0;164.0;157.0;24.0;23.0;33.0;45.0;36.0
9636;UNIVERSIDAD DE ANTIOQUIA;UNIVERSIDAD DE ANTIOQUIA-MEDELLIN;PEDAGOGÍA;EDUCACIÓN;ANTIOQUIA;MEDELLÍN;21;159.0;180.0;143.0;162.0;158.0;154.0;20.0;24.0;28.0;31.0;26.0
5643;UNIVERSIDAD DE ANTIOQUIA;UNIVERSIDAD DE ANTIOQUIA-MEDELLIN;PERIODISMO;COMUNICACIÓN SOCIAL, PERIODISMO Y AFINES;ANTIOQUIA;MEDELLÍN;21;186.0;204.0;173.0;184.0;174.0;196.0;26.0;19.0;30.0;40.0;32.0
5521;UNIVERSIDAD DE ANTIOQUIA;UNIVERSIDAD DE ANTIOQUIA-MEDELLIN;PSICOLOGIA;PSICOLOGÍA;ANTIOQUIA;MEDELLÍN;145;162.0;177.0;149.0;164.0;160.0;162.0;26.0;27.0;30.0;34.0;36.0
5150;UNIVERSIDAD DE ANTIOQUIA;UNIVERSIDAD DE ANTIOQUIA-MEDELLIN;QUIMICA;QUÍMICA Y AFINES;ANTIOQUIA;MEDELLÍN;46;173.0;177.0;181.0;166.0;157.0;182.0;28.0;24.0;31.0;26.0;35.0
3173;UNIVERSIDAD DE ANTIOQUIA;UNIVERSIDAD DE ANTIOQUIA-MEDELLIN;QUIMICA FARMACEUTICA;QUÍMICA Y AFINES;ANTIOQUIA;MEDELLÍN;57;164.0;166.0;164.0;160.0;159.0;172.0;33.0;31.0;32.0;38.0;34.0
2343;UNIVERSIDAD DE ANTIOQUIA;UNIVERSIDAD DE ANTIOQUIA-MEDELLIN;SOCIOLOGIA;SOCIOLOGÍA, TRABAJO SOCIAL Y AFINES;ANTIOQUIA;MEDELLÍN;44;162.0;181.0;147.0;169.0;156.0;160.0;26.0;27.0;36.0;54.0;30.0
6358;UNIVERSIDAD DE ANTIOQUIA;UNIVERSIDAD DE ANTIOQUIA-MEDELLIN;TRABAJO SOCIAL;SOCIOLOGÍA, TRABAJO SOCIAL Y AFINES;ANTIOQUIA;MEDELLÍN;81;162.0;180.0;142.0;168.0;166.0;155.0;18.0;27.0;24.0;40.0;32.0
6938;UNIVERSIDAD DE ANTIOQUIA;UNIVERSIDAD DE ANTIOQUIA-MEDELLIN;TRADUCCION INGLES-FRANCES-ESPAÑOL;LENGUAS MODERNAS, LITERATURA, LINGÜÍSTICA Y AFINES;ANTIOQUIA;MEDELLÍN;29;192.0;198.0;165.0;183.0;172.0;242.0;29.0;33.0;34.0;46.0;43.0
6772;UNIVERSIDAD DE ANTIOQUIA;UNIVERSIDAD DE ANTIOQUIA-MEDELLIN;ZOOTECNIA;ZOOTECNIA;ANTIOQUIA;MEDELLÍN;15;152.0;153.0;159.0;143.0;152.0;152.0;25.0;28.0;42.0;31.0;45.0
2532;UNIVERSIDAD DE BOYACA UNIBOYACA - TUNJA;UNIVERSIDAD DE BOYACA - UNIBOYACA-TUNJA;ADMINISTRACION DE EMPRESAS;ADMINISTRACIÓN;BOYACA;TUNJA;18;148.0;151.0;138.0;145.0;159.0;146.0;30.0;24.0;29.0;22.0;25.0
2044;UNIVERSIDAD DE BOYACA UNIBOYACA - TUNJA;UNIVERSIDAD DE BOYACA - UNIBOYACA-TUNJA;ADMINISTRACION Y NEGOCIOS INTERNACIONALES;ADMINISTRACIÓN;BOYACA;TUNJA;21;152.0;152.0;141.0;152.0;154.0;163.0;24.0;17.0;28.0;24.0;20.0
26426;UNIVERSIDAD DE BOYACA UNIBOYACA - TUNJA;UNIVERSIDAD DE BOYACA - UNIBOYACA-TUNJA;ADMINISTRACIÓN DE EMPRESAS;ADMINISTRACIÓN;BOYACA;TUNJA;11;143.0;138.0;150.0;132.0;148.0;147.0;23.0;21.0;29.0;22.0;21.0
5373;UNIVERSIDAD DE BOYACA UNIBOYACA - TUNJA;UNIVERSIDAD DE BOYACA - UNIBOYACA-TUNJA;ARQUITECTURA;ARQUITECTURA;BOYACA;TUNJA;38;143.0;138.0;142.0;137.0;145.0;154.0;28.0;30.0;32.0;33.0;20.0
4992;UNIVERSIDAD DE BOYACA UNIBOYACA - TUNJA;UNIVERSIDAD DE BOYACA - UNIBOYACA-TUNJA;BACTERIOLOGIA Y LABORATORIO CLINICO;BACTERIOLOGÍA;BOYACA;TUNJA;46;153.0;155.0;145.0;148.0;157.0;160.0;19.0;22.0;29.0;30.0;21.0
5421;UNIVERSIDAD DE BOYACA UNIBOYACA - TUNJA;UNIVERSIDAD DE BOYACA - UNIBOYACA-TUNJA;COMUNICACION SOCIAL;COMUNICACIÓN SOCIAL, PERIODISMO Y AFINES;BOYACA;TUNJA;36;152.0;160.0;131.0;155.0;150.0;163.0;23.0;28.0;32.0;35.0;24.0
3320;UNIVERSIDAD DE BOYACA UNIBOYACA - TUNJA;UNIVERSIDAD DE BOYACA - UNIBOYACA-TUNJA;CONTADURIA PUBLICA;CONTADURÍA PUBLICA;BOYACA;TUNJA;15;155.0;165.0;156.0;157.0;150.0;148.0;28.0;28.0;23.0;20.0;26.0
28043;UNIVERSIDAD DE BOYACA UNIBOYACA - TUNJA;UNIVERSIDAD DE BOYACA - UNIBOYACA-TUNJA;CONTADURÍA PÚBLICA;CONTADURÍA PUBLICA;BOYACA;TUNJA;1;137.0;146.0;144.0;93.0;169.0;135.0;0.0;0.0;0.0;0.0;0.0
4415;UNIVERSIDAD DE BOYACA UNIBOYACA - TUNJA;UNIVERSIDAD DE BOYACA - UNIBOYACA-TUNJA;DERECHO Y CIENCIAS POLITICAS;DERECHO Y AFINES;BOYACA;TUNJA;64;145.0;152.0;132.0;151.0;151.0;140.0;26.0;30.0;27.0;25.0;24.0
3997;UNIVERSIDAD DE BOYACA UNIBOYACA - TUNJA;UNIVERSIDAD DE BOYACA - UNIBOYACA-TUNJA;DISEÑO DE MODAS;DISEÑO;BOYACA;TUNJA;2;113.0;95.0;102.0;109.0;126.0;130.0;25.0;33.0;14.0;68.0;6.0
2485;UNIVERSIDAD DE BOYACA UNIBOYACA - TUNJA;UNIVERSIDAD DE BOYACA - UNIBOYACA-TUNJA;DISEÑO GRAFICO;DISEÑO;BOYACA;TUNJA;34;151.0;153.0;140.0;144.0;150.0;170.0;28.0;25.0;32.0;32.0;24.0
4565;UNIVERSIDAD DE BOYACA UNIBOYACA - TUNJA;UNIVERSIDAD DE BOYACA - UNIBOYACA-TUNJA;ENFERMERÍA;ENFERMERÍA;BOYACA;TUNJA;54;143.0;143.0;138.0;137.0;153.0;146.0;23.0;24.0;29.0;25.0;28.0
7133;UNIVERSIDAD DE BOYACA UNIBOYACA - TUNJA;UNIVERSIDAD DE BOYACA - UNIBOYACA-TUNJA;FISIOTERAPIA;TERAPIAS;BOYACA;TUNJA;42;150.0;153.0;147.0;140.0;158.0;154.0;23.0;21.0;23.0;21.0;18.0
2959;UNIVERSIDAD DE BOYACA UNIBOYACA - TUNJA;UNIVERSIDAD DE BOYACA - UNIBOYACA-TUNJA;INGENIERIA AMBIENTAL;INGENIERÍA AMBIENTAL, SANITARIA Y AFINES;BOYACA;TUNJA;14;141.0;137.0;134.0;139.0;151.0;146.0;22.0;28.0;23.0;22.0;19.0
1658;UNIVERSIDAD DE BOYACA UNIBOYACA - TUNJA;UNIVERSIDAD DE BOYACA - UNIBOYACA-TUNJA;INGENIERIA DE SISTEMAS;INGENIERÍA DE SISTEMAS, TELEMÁTICA Y AFINES;BOYACA;TUNJA;12;160.0;162.0;159.0;143.0;157.0;176.0;30.0;32.0;32.0;28.0;22.0
1242;UNIVERSIDAD DE BOYACA UNIBOYACA - TUNJA;UNIVERSIDAD DE BOYACA - UNIBOYACA-TUNJA;INGENIERIA INDUSTRIAL;INGENIERÍA INDUSTRIAL Y AFINES;BOYACA;TUNJA;21;155.0;155.0;161.0;142.0;163.0;153.0;22.0;22.0;30.0;21.0;18.0
363;UNIVERSIDAD DE BOYACA UNIBOYACA - TUNJA;UNIVERSIDAD DE BOYACA - UNIBOYACA-TUNJA;INGENIERIA SANITARIA;INGENIERÍA AMBIENTAL, SANITARIA Y AFINES;BOYACA;TUNJA;2;141.0;136.0;123.0;140.0;152.0;153.0;41.0;16.0;21.0;30.0;29.0
25322;UNIVERSIDAD DE BOYACA UNIBOYACA - TUNJA;UNIVERSIDAD DE BOYACA - UNIBOYACA-TUNJA;INGENIERÍA EN MULTIMEDIA;INGENIERÍA DE SISTEMAS, TELEMÁTICA Y AFINES;BOYACA;TUNJA;8;186.0;193.0;188.0;172.0;167.0;208.0;18.0;21.0;31.0;22.0;41.0
4011;UNIVERSIDAD DE BOYACA UNIBOYACA - TUNJA;UNIVERSIDAD DE BOYACA - UNIBOYACA-TUNJA;INGENIERÍA MECATRÓNICA;INGENIERÍA ELECTRÓNICA, TELECOMUNICACIONES Y AFINES;BOYACA;TUNJA;18;155.0;151.0;165.0;148.0;145.0;166.0;28.0;26.0;29.0;23.0;22.0
3382;UNIVERSIDAD DE BOYACA UNIBOYACA - TUNJA;UNIVERSIDAD DE BOYACA - UNIBOYACA-TUNJA;INSTRUMENTACION QUIRURGICA;INSTRUMENTACIÓN QUIRÚRGICA;BOYACA;TUNJA;3;122.0;126.0;115.0;109.0;142.0;118.0;13.0;25.0;4.0;19.0;27.0
1185;UNIVERSIDAD DE BOYACA UNIBOYACA - TUNJA;UNIVERSIDAD DE BOYACA - UNIBOYACA-TUNJA;MEDICINA;MEDICINA;BOYACA;TUNJA;109;160.0;162.0;158.0;157.0;159.0;164.0;21.0;21.0;28.0;21.0;23.0
2907;UNIVERSIDAD DE BOYACA UNIBOYACA - TUNJA;UNIVERSIDAD DE BOYACA - UNIBOYACA-TUNJA;PSICOLOGIA;PSICOLOGÍA;BOYACA;TUNJA;29;153.0;158.0;137.0;152.0;162.0;157.0;21.0;26.0;23.0;18.0;25.0
7132;UNIVERSIDAD DE BOYACA UNIBOYACA - TUNJA;UNIVERSIDAD DE BOYACA - UNIBOYACA-TUNJA;TERAPIA RESPIRATORIA;TERAPIAS;BOYACA;TUNJA;11;137.0;134.0;135.0;124.0;157.0;136.0;27.0;20.0;25.0;23.0;15.0
1723;UNIVERSIDAD DE CALDAS;UNIVERSIDAD DE CALDAS-MANIZALES;ADMINISTRACION DE EMPRESAS AGROPECUARIAS;ADMINISTRACIÓN;CALDAS;MANIZALES;104;134.0;137.0;132.0;133.0;144.0;125.0;27.0;23.0;28.0;32.0;23.0
18;UNIVERSIDAD DE CALDAS;UNIVERSIDAD DE CALDAS-MANIZALES;ADMINISTRACIÓN FINANCIERA;ADMINISTRACIÓN;CALDAS;MANIZALES;34;140.0;141.0;140.0;137.0;142.0;139.0;26.0;19.0;27.0;26.0;27.0
4787;UNIVERSIDAD DE CALDAS;UNIVERSIDAD DE CALDAS-MANIZALES;AGRONOMIA;AGRONOMÍA;CALDAS;MANIZALES;40;149.0;155.0;153.0;148.0;145.0;144.0;25.0;30.0;31.0;34.0;31.0
5279;UNIVERSIDAD DE CALDAS;UNIVERSIDAD DE CALDAS-MANIZALES;ANTROPOLOGIA;ANTROPOLOGÍA, ARTES LIBERALES;CALDAS;MANIZALES;48;162.0;178.0;149.0;163.0;153.0;166.0;22.0;21.0;27.0;37.0;38.0
1953;UNIVERSIDAD DE CALDAS;UNIVERSIDAD DE CALDAS-MANIZALES;ARTES PLASTICAS;ARTES PLÁSTICAS, VISUALES Y AFINES;CALDAS;MANIZALES;20;151.0;162.0;138.0;142.0;146.0;168.0;31.0;28.0;37.0;24.0;29.0
1856;UNIVERSIDAD DE CALDAS;UNIVERSIDAD DE CALDAS-MANIZALES;BIOLOGIA;BIOLOGÍA, MICROBIOLOGÍA Y AFINES;CALDAS;MANIZALES;47;165.0;177.0;163.0;163.0;152.0;169.0;21.0;24.0;38.0;34.0;30.0
4175;UNIVERSIDAD DE CALDAS;UNIVERSIDAD DE CALDAS-MANIZALES;DERECHO;DERECHO Y AFINES;CALDAS;MANIZALES;70;169.0;183.0;164.0;187.0;148.0;162.0;21.0;20.0;28.0;36.0;34.0
2815;UNIVERSIDAD DE CALDAS;UNIVERSIDAD DE CALDAS-MANIZALES;DESARROLLO FAMILIAR;SOCIOLOGÍA, TRABAJO SOCIAL Y AFINES;CALDAS;MANIZALES;68;138.0;148.0;122.0;138.0;149.0;131.0;24.0;23.0;26.0;26.0;25.0
1954;UNIVERSIDAD DE CALDAS;UNIVERSIDAD DE CALDAS-MANIZALES;DISEÑO VISUAL;DISEÑO;CALDAS;MANIZALES;19;157.0;166.0;144.0;156.0;145.0;174.0;31.0;26.0;31.0;24.0;22.0
4688;UNIVERSIDAD DE CALDAS;UNIVERSIDAD DE CALDAS-MANIZALES;ENFERMERIA;ENFERMERÍA;CALDAS;MANIZALES;73;158.0;163.0;156.0;163.0;153.0;156.0;20.0;25.0;24.0;30.0;25.0
6621;UNIVERSIDAD DE CALDAS;UNIVERSIDAD DE CALDAS-MANIZALES;FILOSOFIA Y LETRAS;FILOSOFÍA, TEOLOGÍA Y AFINES;CALDAS;MANIZALES;18;165.0;186.0;148.0;164.0;156.0;171.0;20.0;23.0;27.0;24.0;28.0
2711;UNIVERSIDAD DE CALDAS;UNIVERSIDAD DE CALDAS-MANIZALES;GEOLOGIA;GEOLOGÍA, OTROS PROGRAMAS DE CIENCIAS NATURALES;CALDAS;MANIZALES;67;167.0;174.0;174.0;164.0;155.0;167.0;22.0;21.0;26.0;26.0;26.0
1266;UNIVERSIDAD DE CALDAS;UNIVERSIDAD DE CALDAS-MANIZALES;HISTORIA;SOCIOLOGÍA, TRABAJO SOCIAL Y AFINES;CALDAS;MANIZALES;20;159.0;167.0;139.0;158.0;165.0;166.0;21.0;24.0;33.0;26.0;35.0
1281;UNIVERSIDAD DE CALDAS;UNIVERSIDAD DE CALDAS-MANIZALES;INGENIERIA AGRONOMICA;AGRONOMÍA;CALDAS;MANIZALES;37;152.0;157.0;162.0;151.0;152.0;140.0;23.0;21.0;33.0;36.0;27.0
2786;UNIVERSIDAD DE CALDAS;UNIVERSIDAD DE CALDAS-MANIZALES;INGENIERIA DE ALIMENTOS;INGENIERÍA AGROINDUSTRIAL, ALIMENTOS Y AFINES;CALDAS;MANIZALES;58;154.0;157.0;160.0;146.0;155.0;152.0;22.0;25.0;26.0;23.0;23.0
6924;UNIVERSIDAD DE CALDAS;UNIVERSIDAD DE CALDAS-MANIZALES;INGENIERIA DE SISTEMAS Y  COMPUTACION;INGENIERÍA DE SISTEMAS, TELEMÁTICA Y AFINES;CALDAS;MANIZALES;55;164.0;168.0;175.0;158.0;143.0;176.0;28.0;19.0;31.0;40.0;26.0
338;UNIVERSIDAD DE CALDAS;UNIVERSIDAD DE CALDAS-MANIZALES;INGENIERIA MECATRONICA;OTRAS INGENIERÍAS;CALDAS;MANIZALES;64;148.0;142.0;165.0;132.0;144.0;156.0;32.0;25.0;32.0;30.0;29.0
9714;UNIVERSIDAD DE CALDAS;UNIVERSIDAD DE CALDAS-MANIZALES;INGENIERÍA EN INFORMÁTICA;INGENIERÍA DE SISTEMAS, TELEMÁTICA Y AFINES;CALDAS;MANIZALES;30;152.0;151.0;155.0;147.0;148.0;158.0;27.0;24.0;33.0;24.0;28.0
3821;UNIVERSIDAD DE CALDAS;UNIVERSIDAD DE CALDAS-MANIZALES;LICENCIATURA EN ARTES ESCENICAS CON ENFASIS EN TEATRO;EDUCACIÓN;CALDAS;MANIZALES;22;143.0;153.0;136.0;133.0;145.0;148.0;26.0;16.0;28.0;24.0;31.0
5281;UNIVERSIDAD DE CALDAS;UNIVERSIDAD DE CALDAS-MANIZALES;LICENCIATURA EN BIOLOGIA Y QUIMICA;EDUCACIÓN;CALDAS;MANIZALES;1;152.0;156.0;163.0;139.0;154.0;149.0;0.0;0.0;0.0;0.0;0.0
30837;UNIVERSIDAD DE CALDAS;UNIVERSIDAD DE CALDAS-MANIZALES;LICENCIATURA EN CIENCIAS NATURALES;EDUCACIÓN;CALDAS;MANIZALES;33;148.0;152.0;159.0;136.0;149.0;142.0;28.0;24.0;30.0;23.0;30.0
3527;UNIVERSIDAD DE CALDAS;UNIVERSIDAD DE CALDAS-MANIZALES;LICENCIATURA EN CIENCIAS SOCIALES;EDUCACIÓN;CALDAS;MANIZALES;1;144.0;183.0;118.0;149.0;161.0;108.0;0.0;0.0;0.0;0.0;0.0
6491;UNIVERSIDAD DE CALDAS;UNIVERSIDAD DE CALDAS-MANIZALES;LICENCIATURA EN CIENCIAS SOCIALES;GEOGRAFÍA, HISTORIA;CALDAS;MANIZALES;76;149.0;159.0;136.0;156.0;149.0;146.0;27.0;25.0;29.0;38.0;29.0
9019;UNIVERSIDAD DE CALDAS;UNIVERSIDAD DE CALDAS-MANIZALES;LICENCIATURA EN EDUCACION FISICA RECREACION Y DEPORTE;EDUCACIÓN;CALDAS;MANIZALES;81;145.0;150.0;145.0;136.0;147.0;149.0;25.0;24.0;28.0;29.0;23.0
616;UNIVERSIDAD DE CALDAS;UNIVERSIDAD DE CALDAS-MANIZALES;LICENCIATURA EN FILOSOFIA Y LETRAS;EDUCACIÓN;CALDAS;MANIZALES;22;144.0;154.0;123.0;150.0;147.0;144.0;30.0;28.0;34.0;19.0;30.0
5113;UNIVERSIDAD DE CALDAS;UNIVERSIDAD DE CALDAS-MANIZALES;LICENCIATURA EN LENGUAS MODERNAS;EDUCACIÓN;CALDAS;MANIZALES;73;172.0;183.0;140.0;165.0;169.0;204.0;20.0;30.0;30.0;21.0;20.0
226;UNIVERSIDAD DE CALDAS;UNIVERSIDAD DE CALDAS-MANIZALES;LICENCIATURA EN MUSICA;EDUCACIÓN;CALDAS;MANIZALES;11;159.0;165.0;158.0;158.0;154.0;157.0;25.0;22.0;32.0;27.0;31.0
9033;UNIVERSIDAD DE CALDAS;UNIVERSIDAD DE CALDAS-MANIZALES;MAESTRO EN MUSICA;MÚSICA;CALDAS;MANIZALES;24;161.0;168.0;149.0;158.0;153.0;178.0;24.0;29.0;33.0;40.0;36.0
2313;UNIVERSIDAD DE CALDAS;UNIVERSIDAD DE CALDAS-MANIZALES;MEDICINA;MEDICINA;CALDAS;MANIZALES;96;170.0;176.0;173.0;175.0;155.0;170.0;24.0;24.0;31.0;28.0;31.0
4176;UNIVERSIDAD DE CALDAS;UNIVERSIDAD DE CALDAS-MANIZALES;MEDICINA VETERINARIA Y ZOOTECNIA;MEDICINA VETERINARIA;CALDAS;MANIZALES;88;160.0;165.0;160.0;163.0;149.0;162.0;29.0;23.0;29.0;31.0;28.0
619;UNIVERSIDAD DE CALDAS;UNIVERSIDAD DE CALDAS-MANIZALES;SOCIOLOGIA;SOCIOLOGÍA, TRABAJO SOCIAL Y AFINES;CALDAS;MANIZALES;28;155.0;166.0;139.0;162.0;156.0;153.0;23.0;24.0;30.0;41.0;33.0
2659;UNIVERSIDAD DE CALDAS;UNIVERSIDAD DE CALDAS-MANIZALES;TRABAJO SOCIAL;SOCIOLOGÍA, TRABAJO SOCIAL Y AFINES;CALDAS;MANIZALES;109;154.0;164.0;140.0;162.0;159.0;147.0;23.0;23.0;27.0;33.0;24.0
106;UNIVERSIDAD DE CARTAGENA;UNIVERSIDAD DE CARTAGENA-CARTAGENA;ADMINISTRACION DE EMPRESAS;ADMINISTRACIÓN;BOLIVAR;CARTAGENA DE INDIAS;122;157.0;165.0;147.0;157.0;155.0;161.0;24.0;28.0;29.0;39.0;31.0
4970;UNIVERSIDAD DE CARTAGENA;UNIVERSIDAD DE CARTAGENA-CARTAGENA;ADMINISTRACION DE EMPRESAS;ADMINISTRACIÓN;BOLIVAR;CARTAGENA DE INDIAS;347;138.0;143.0;132.0;134.0;149.0;133.0;25.0;26.0;29.0;27.0;24.0
9521;UNIVERSIDAD DE CARTAGENA;UNIVERSIDAD DE CARTAGENA-CARTAGENA;ADMINISTRACION DE EMPRESAS TURISTICAS Y HOTELERAS;ADMINISTRACIÓN;BOLIVAR;CARTAGENA DE INDIAS;33;138.0;144.0;119.0;129.0;152.0;145.0;15.0;26.0;28.0;34.0;28.0
3724;UNIVERSIDAD DE CARTAGENA;UNIVERSIDAD DE CARTAGENA-CARTAGENA;ADMINISTRACION DE SERVICIOS DE SALUD;ADMINISTRACIÓN;BOLIVAR;CARTAGENA DE INDIAS;426;129.0;135.0;120.0;123.0;143.0;125.0;23.0;23.0;24.0;32.0;21.0
5834;UNIVERSIDAD DE CARTAGENA;UNIVERSIDAD DE CARTAGENA-CARTAGENA;ADMINISTRACION FINANCIERA;ADMINISTRACIÓN;BOLIVAR;CARTAGENA DE INDIAS;262;139.0;142.0;135.0;134.0;151.0;133.0;23.0;23.0;28.0;29.0;23.0
531;UNIVERSIDAD DE CARTAGENA;UNIVERSIDAD DE CARTAGENA-CARTAGENA;ADMINISTRACION INDUSTRIAL;ADMINISTRACIÓN;BOLIVAR;CARTAGENA DE INDIAS;90;166.0;173.0;164.0;163.0;164.0;168.0;22.0;23.0;28.0;27.0;27.0
1216;UNIVERSIDAD DE CARTAGENA;UNIVERSIDAD DE CARTAGENA-CARTAGENA;ADMINISTRACION PUBLICA;ADMINISTRACIÓN;BOLIVAR;CARTAGENA DE INDIAS;93;130.0;137.0;117.0;127.0;144.0;125.0;25.0;24.0;26.0;29.0;22.0
2102;UNIVERSIDAD DE CARTAGENA;UNIVERSIDAD DE CARTAGENA-CARTAGENA;BIOLOGÍA;BIOLOGÍA, MICROBIOLOGÍA Y AFINES;BOLIVAR;CARTAGENA DE INDIAS;37;153.0;165.0;147.0;156.0;134.0;164.0;21.0;25.0;26.0;32.0;28.0
6042;UNIVERSIDAD DE CARTAGENA;UNIVERSIDAD DE CARTAGENA-CARTAGENA;COMUNICACION SOCIAL;COMUNICACIÓN SOCIAL, PERIODISMO Y AFINES;BOLIVAR;CARTAGENA DE INDIAS;95;160.0;173.0;140.0;165.0;151.0;172.0;25.0;28.0;34.0;35.0;34.0
987;UNIVERSIDAD DE CARTAGENA;UNIVERSIDAD DE CARTAGENA-CARTAGENA;CONTADURIA PUBLICA;CONTADURÍA PUBLICA;BOLIVAR;CARTAGENA DE INDIAS;149;159.0;165.0;159.0;160.0;153.0;156.0;23.0;22.0;27.0;27.0;27.0
3036;UNIVERSIDAD DE CARTAGENA;UNIVERSIDAD DE CARTAGENA-CARTAGENA;DERECHO;DERECHO Y AFINES;BOLIVAR;CARTAGENA DE INDIAS;150;168.0;181.0;152.0;185.0;155.0;166.0;20.0;26.0;23.0;27.0;33.0
1762;UNIVERSIDAD DE CARTAGENA;UNIVERSIDAD DE CARTAGENA-CARTAGENA;ECONOMIA;ECONOMÍA;BOLIVAR;CARTAGENA DE INDIAS;59;157.0;166.0;153.0;152.0;160.0;156.0;24.0;22.0;35.0;48.0;25.0
4681;UNIVERSIDAD DE CARTAGENA;UNIVERSIDAD DE CARTAGENA-CARTAGENA;ENFERMERIA;ENFERMERÍA;BOLIVAR;CARTAGENA DE INDIAS;93;163.0;167.0;145.0;161.0;185.0;159.0;22.0;27.0;29.0;54.0;33.0
2801;UNIVERSIDAD DE CARTAGENA;UNIVERSIDAD DE CARTAGENA-CARTAGENA;FILOSOFIA;FILOSOFÍA, TEOLOGÍA Y AFINES;BOLIVAR;CARTAGENA DE INDIAS;25;147.0;166.0;125.0;155.0;138.0;152.0;25.0;26.0;24.0;35.0;26.0
3793;UNIVERSIDAD DE CARTAGENA;UNIVERSIDAD DE CARTAGENA-CARTAGENA;HISTORIA;GEOGRAFÍA, HISTORIA;BOLIVAR;CARTAGENA DE INDIAS;47;146.0;160.0;119.0;153.0;150.0;146.0;32.0;30.0;33.0;22.0;30.0
4682;UNIVERSIDAD DE CARTAGENA;UNIVERSIDAD DE CARTAGENA-CARTAGENA;INGENIERIA CIVIL;INGENIERÍA CIVIL Y AFINES;BOLIVAR;CARTAGENA DE INDIAS;72;175.0;178.0;195.0;171.0;156.0;174.0;27.0;23.0;27.0;23.0;26.0
2734;UNIVERSIDAD DE CARTAGENA;UNIVERSIDAD DE CARTAGENA-CARTAGENA;INGENIERIA DE ALIMENTOS;INGENIERÍA AGROINDUSTRIAL, ALIMENTOS Y AFINES;BOLIVAR;CARTAGENA DE INDIAS;41;145.0;144.0;143.0;137.0;154.0;145.0;22.0;23.0;27.0;27.0;24.0
5229;UNIVERSIDAD DE CARTAGENA;UNIVERSIDAD DE CARTAGENA-CARTAGENA;INGENIERIA DE SISTEMAS;INGENIERÍA DE SISTEMAS, TELEMÁTICA Y AFINES;BOLIVAR;CARTAGENA DE INDIAS;60;172.0;174.0;179.0;167.0;157.0;180.0;19.0;21.0;30.0;33.0;23.0
9793;UNIVERSIDAD DE CARTAGENA;UNIVERSIDAD DE CARTAGENA-CARTAGENA;INGENIERIA DE SOFTWARE;INGENIERÍA DE SISTEMAS, TELEMÁTICA Y AFINES;BOLIVAR;CARTAGENA DE INDIAS;162;139.0;145.0;141.0;128.0;139.0;141.0;26.0;28.0;30.0;40.0;26.0
4388;UNIVERSIDAD DE CARTAGENA;UNIVERSIDAD DE CARTAGENA-CARTAGENA;INGENIERIA QUIMICA;INGENIERÍA QUÍMICA Y AFINES;BOLIVAR;CARTAGENA DE INDIAS;95;172.0;177.0;183.0;168.0;159.0;174.0;20.0;27.0;27.0;31.0;25.0
9010;UNIVERSIDAD DE CARTAGENA;UNIVERSIDAD DE CARTAGENA-CARTAGENA;LICENCIATURA EN EDUCACIÓN CON ÉNFASIS EN CIENCIAS SOCIALES Y AMBIENTALES;EDUCACIÓN;BOLIVAR;CARTAGENA DE INDIAS;71;147.0;161.0;128.0;152.0;150.0;142.0;22.0;24.0;29.0;27.0;27.0
5249;UNIVERSIDAD DE CARTAGENA;UNIVERSIDAD DE CARTAGENA-CARTAGENA;LINGUISTICA Y LITERATURA;LENGUAS MODERNAS, LITERATURA, LINGÜÍSTICA Y AFINES;BOLIVAR;CARTAGENA DE INDIAS;49;159.0;169.0;135.0;162.0;166.0;161.0;22.0;28.0;26.0;36.0;26.0
1409;UNIVERSIDAD DE CARTAGENA;UNIVERSIDAD DE CARTAGENA-CARTAGENA;MATEMATICAS;MATEMÁTICAS, ESTADÍSTICA Y AFINES;BOLIVAR;CARTAGENA DE INDIAS;21;166.0;165.0;180.0;162.0;154.0;170.0;32.0;26.0;36.0;27.0;39.0
1440;UNIVERSIDAD DE CARTAGENA;UNIVERSIDAD DE CARTAGENA-CARTAGENA;MEDICINA;MEDICINA;BOLIVAR;CARTAGENA DE INDIAS;113;178.0;185.0;174.0;177.0;171.0;183.0;26.0;28.0;35.0;46.0;35.0
5104;UNIVERSIDAD DE CARTAGENA;UNIVERSIDAD DE CARTAGENA-CARTAGENA;ODONTOLOGIA;ODONTOLOGÍA;BOLIVAR;CARTAGENA DE INDIAS;59;158.0;166.0;151.0;153.0;154.0;166.0;25.0;20.0;28.0;30.0;27.0
9016;UNIVERSIDAD DE CARTAGENA;UNIVERSIDAD DE CARTAGENA-CARTAGENA;PROGRAMA PROFESIONAL UNIVERSITARIO EN LENGUAS EXTRANJERAS;LENGUAS MODERNAS, LITERATURA, LINGÜÍSTICA Y AFINES;BOLIVAR;CARTAGENA DE INDIAS;62;182.0;184.0;158.0;182.0;172.0;215.0;19.0;23.0;25.0;37.0;31.0
990;UNIVERSIDAD DE CARTAGENA;UNIVERSIDAD DE CARTAGENA-CARTAGENA;QUIMICA;QUÍMICA Y AFINES;BOLIVAR;CARTAGENA DE INDIAS;42;150.0;156.0;159.0;141.0;147.0;149.0;23.0;34.0;33.0;29.0;27.0
2799;UNIVERSIDAD DE CARTAGENA;UNIVERSIDAD DE CARTAGENA-CARTAGENA;QUIMICA FARMACEUTICA;QUÍMICA Y AFINES;BOLIVAR;CARTAGENA DE INDIAS;79;160.0;167.0;152.0;158.0;161.0;160.0;26.0;33.0;31.0;32.0;33.0
20814;UNIVERSIDAD DE CARTAGENA;UNIVERSIDAD DE CARTAGENA-CARTAGENA;SEGURIDAD Y SALUD EN EL TRABAJO;MEDICINA;BOLIVAR;CARTAGENA DE INDIAS;97;142.0;152.0;136.0;140.0;142.0;141.0;23.0;25.0;30.0;26.0;31.0
1343;UNIVERSIDAD DE CARTAGENA;UNIVERSIDAD DE CARTAGENA-CARTAGENA;TRABAJO SOCIAL;SOCIOLOGÍA, TRABAJO SOCIAL Y AFINES;BOLIVAR;CARTAGENA DE INDIAS;99;154.0;165.0;135.0;162.0;167.0;143.0;25.0;22.0;29.0;52.0;30.0
7079;UNIVERSIDAD DE CIENCIAS APLICADAS Y AMBIENTALES UDCA.;UNIVERSIDAD DE CIENCIAS APLICADAS Y AMBIENTALES UDCA.-BOGOTÁ D.C.;ADMINISTRACION DE EMPRESAS;ADMINISTRACIÓN;BOGOTÁ;BOGOTÁ D.C.;10;137.0;135.0;137.0;127.0;138.0;147.0;22.0;20.0;22.0;52.0;14.0
3309;UNIVERSIDAD DE CIENCIAS APLICADAS Y AMBIENTALES UDCA.;UNIVERSIDAD DE CIENCIAS APLICADAS Y AMBIENTALES UDCA.-BOGOTÁ D.C.;CIENCIAS AMBIENTALES;BIOLOGÍA, MICROBIOLOGÍA Y AFINES;BOGOTÁ;BOGOTÁ D.C.;16;159.0;166.0;147.0;159.0;158.0;165.0;29.0;15.0;26.0;25.0;29.0
3132;UNIVERSIDAD DE CIENCIAS APLICADAS Y AMBIENTALES UDCA.;UNIVERSIDAD DE CIENCIAS APLICADAS Y AMBIENTALES UDCA.-BOGOTÁ D.C.;CIENCIAS DEL DEPORTE;DEPORTES, EDUCACIÓN FÍSICA Y RECREACIÓN;BOGOTÁ;BOGOTÁ D.C.;1;151.0;162.0;148.0;174.0;114.0;159.0;0.0;0.0;0.0;0.0;0.0
8887;UNIVERSIDAD DE CIENCIAS APLICADAS Y AMBIENTALES UDCA.;UNIVERSIDAD DE CIENCIAS APLICADAS Y AMBIENTALES UDCA.-BOGOTÁ D.C.;CIENCIAS DEL DEPORTE;DEPORTES, EDUCACIÓN FÍSICA Y RECREACIÓN;BOGOTÁ;BOGOTÁ D.C.;86;147.0;151.0;147.0;138.0;142.0;157.0;26.0;25.0;30.0;38.0;24.0
2494;UNIVERSIDAD DE CIENCIAS APLICADAS Y AMBIENTALES UDCA.;UNIVERSIDAD DE CIENCIAS APLICADAS Y AMBIENTALES UDCA.-BOGOTÁ D.C.;CONTADURIA PUBLICA;CONTADURÍA PUBLICA;BOGOTÁ;BOGOTÁ D.C.;3;145.0;154.0;148.0;142.0;146.0;134.0;13.0;15.0;32.0;28.0;34.0
7718;UNIVERSIDAD DE CIENCIAS APLICADAS Y AMBIENTALES UDCA.;UNIVERSIDAD DE CIENCIAS APLICADAS Y AMBIENTALES UDCA.-BOGOTÁ D.C.;DERECHO;DERECHO Y AFINES;BOGOTÁ;BOGOTÁ D.C.;12;152.0;160.0;138.0;162.0;153.0;146.0;18.0;20.0;23.0;23.0;24.0
156;UNIVERSIDAD DE CIENCIAS APLICADAS Y AMBIENTALES UDCA.;UNIVERSIDAD DE CIENCIAS APLICADAS Y AMBIENTALES UDCA.-BOGOTÁ D.C.;ENFERMERIA;ENFERMERÍA;BOGOTÁ;BOGOTÁ D.C.;63;141.0;144.0;135.0;138.0;149.0;138.0;26.0;24.0;30.0;28.0;21.0
309;UNIVERSIDAD DE CIENCIAS APLICADAS Y AMBIENTALES UDCA.;UNIVERSIDAD DE CIENCIAS APLICADAS Y AMBIENTALES UDCA.-BOGOTÁ D.C.;FINANZAS;ADMINISTRACIÓN;BOGOTÁ;BOGOTÁ D.C.;1;131.0;140.0;144.0;121.0;131.0;120.0;0.0;0.0;0.0;0.0;0.0
4858;UNIVERSIDAD DE CIENCIAS APLICADAS Y AMBIENTALES UDCA.;UNIVERSIDAD DE CIENCIAS APLICADAS Y AMBIENTALES UDCA.-BOGOTÁ D.C.;INGENIERIA AGRONOMICA;INGENIERÍA AGRONÓMICA, PECUARIA Y AFINES;BOGOTÁ;BOGOTÁ D.C.;26;151.0;154.0;154.0;137.0;159.0;151.0;21.0;23.0;28.0;22.0;25.0
4359;UNIVERSIDAD DE CIENCIAS APLICADAS Y AMBIENTALES UDCA.;UNIVERSIDAD DE CIENCIAS APLICADAS Y AMBIENTALES UDCA.-BOGOTÁ D.C.;INGENIERIA COMERCIAL;INGENIERÍA ADMINISTRATIVA Y AFINES;BOGOTÁ;BOGOTÁ D.C.;9;151.0;161.0;157.0;137.0;149.0;153.0;22.0;17.0;22.0;26.0;22.0
17313;UNIVERSIDAD DE CIENCIAS APLICADAS Y AMBIENTALES UDCA.;UNIVERSIDAD DE CIENCIAS APLICADAS Y AMBIENTALES UDCA.-BOGOTÁ D.C.;INGENIERIA COMERCIAL;INGENIERÍA ADMINISTRATIVA Y AFINES;BOGOTÁ;BOGOTÁ D.C.;1;159.0;101.0;171.0;176.0;157.0;192.0;0.0;0.0;0.0;0.0;0.0
7006;UNIVERSIDAD DE CIENCIAS APLICADAS Y AMBIENTALES UDCA.;UNIVERSIDAD DE CIENCIAS APLICADAS Y AMBIENTALES UDCA.-BOGOTÁ D.C.;INGENIERIA GEOGRAFICA Y AMBIENTAL;INGENIERÍA AMBIENTAL, SANITARIA Y AFINES;BOGOTÁ;BOGOTÁ D.C.;18;156.0;161.0;151.0;155.0;157.0;158.0;22.0;16.0;21.0;17.0;29.0
3143;UNIVERSIDAD DE CIENCIAS APLICADAS Y AMBIENTALES UDCA.;UNIVERSIDAD DE CIENCIAS APLICADAS Y AMBIENTALES UDCA.-BOGOTÁ D.C.;MEDICINA;MEDICINA;BOGOTÁ;BOGOTÁ D.C.;3;141.0;150.0;132.0;156.0;126.0;141.0;14.0;27.0;11.0;4.0;32.0
6507;UNIVERSIDAD DE CIENCIAS APLICADAS Y AMBIENTALES UDCA.;UNIVERSIDAD DE CIENCIAS APLICADAS Y AMBIENTALES UDCA.-BOGOTÁ D.C.;MEDICINA;MEDICINA;BOGOTÁ;BOGOTÁ D.C.;173;161.0;168.0;156.0;161.0;150.0;171.0;21.0;22.0;26.0;30.0;24.0
4866;UNIVERSIDAD DE CIENCIAS APLICADAS Y AMBIENTALES UDCA.;UNIVERSIDAD DE CIENCIAS APLICADAS Y AMBIENTALES UDCA.-BOGOTÁ D.C.;MEDICINA VETERINARIA;MEDICINA VETERINARIA;BOGOTÁ;BOGOTÁ D.C.;103;156.0;159.0;149.0;145.0;155.0;170.0;24.0;21.0;28.0;32.0;27.0
648;UNIVERSIDAD DE CIENCIAS APLICADAS Y AMBIENTALES UDCA.;UNIVERSIDAD DE CIENCIAS APLICADAS Y AMBIENTALES UDCA.-BOGOTÁ D.C.;MEDICINA VETERINARIA Y ZOOTECNIA;MEDICINA VETERINARIA;BOGOTÁ;BOGOTÁ D.C.;114;150.0;154.0;149.0;145.0;145.0;157.0;24.0;25.0;28.0;44.0;27.0
2439;UNIVERSIDAD DE CIENCIAS APLICADAS Y AMBIENTALES UDCA.;UNIVERSIDAD DE CIENCIAS APLICADAS Y AMBIENTALES UDCA.-BOGOTÁ D.C.;MEDICINA VETERINARIA Y ZOOTECNIA;MEDICINA VETERINARIA;BOGOTÁ;BOGOTÁ D.C.;21;136.0;140.0;135.0;131.0;138.0;138.0;31.0;29.0;32.0;27.0;27.0
5809;UNIVERSIDAD DE CIENCIAS APLICADAS Y AMBIENTALES UDCA.;UNIVERSIDAD DE CIENCIAS APLICADAS Y AMBIENTALES UDCA.-BOGOTÁ D.C.;MERCADEO;ADMINISTRACIÓN;BOGOTÁ;BOGOTÁ D.C.;4;140.0;138.0;129.0;133.0;151.0;149.0;41.0;30.0;35.0;20.0;15.0
2092;UNIVERSIDAD DE CIENCIAS APLICADAS Y AMBIENTALES UDCA.;UNIVERSIDAD DE CIENCIAS APLICADAS Y AMBIENTALES UDCA.-BOGOTÁ D.C.;NEGOCIOS INTERNACIONALES;ADMINISTRACIÓN;BOGOTÁ;BOGOTÁ D.C.;20;153.0;153.0;143.0;147.0;163.0;160.0;18.0;14.0;23.0;23.0;28.0
1524;UNIVERSIDAD DE CIENCIAS APLICADAS Y AMBIENTALES UDCA.;UNIVERSIDAD DE CIENCIAS APLICADAS Y AMBIENTALES UDCA.-BOGOTÁ D.C.;QUIMICA;QUÍMICA Y AFINES;BOGOTÁ;BOGOTÁ D.C.;16;154.0;150.0;168.0;133.0;154.0;163.0;25.0;23.0;33.0;22.0;21.0
3847;UNIVERSIDAD DE CIENCIAS APLICADAS Y AMBIENTALES UDCA.;UNIVERSIDAD DE CIENCIAS APLICADAS Y AMBIENTALES UDCA.-BOGOTÁ D.C.;QUIMICA FARMACEUTICA;QUÍMICA Y AFINES;BOGOTÁ;BOGOTÁ D.C.;151;150.0;153.0;151.0;143.0;151.0;151.0;24.0;24.0;27.0;32.0;26.0
2416;UNIVERSIDAD DE CIENCIAS APLICADAS Y AMBIENTALES UDCA.;UNIVERSIDAD DE CIENCIAS APLICADAS Y AMBIENTALES UDCA.-BOGOTÁ D.C.;ZOOTECNIA;ZOOTECNIA;BOGOTÁ;BOGOTÁ D.C.;2;160.0;162.0;167.0;146.0;153.0;174.0;40.0;1.0;4.0;7.0;49.0
1382;UNIVERSIDAD DE CORDOBA;UNIVERSIDAD DE CORDOBA-MONTERIA;ACUICULTURA;ZOOTECNIA;CORDOBA;MONTERÍA;61;136.0;143.0;134.0;131.0;136.0;136.0;20.0;21.0;25.0;34.0;20.0
2513;UNIVERSIDAD DE CORDOBA;UNIVERSIDAD DE CORDOBA-MONTERIA;ADMINISTRACION EN FINANZAS Y NEGOCIOS INTERNACIONALES;ADMINISTRACIÓN;CORDOBA;MONTERÍA;250;155.0;158.0;149.0;154.0;155.0;157.0;23.0;22.0;30.0;25.0;31.0
6652;UNIVERSIDAD DE CORDOBA;UNIVERSIDAD DE CORDOBA-MONTERIA;ADMINISTRACION EN SALUD;ADMINISTRACIÓN;CORDOBA;MONTERÍA;150;138.0;144.0;129.0;134.0;149.0;134.0;23.0;22.0;26.0;32.0;23.0
923;UNIVERSIDAD DE CORDOBA;UNIVERSIDAD DE CORDOBA-MONTERIA;BACTERIOLOGIA;BACTERIOLOGÍA;CORDOBA;MONTERÍA;100;155.0;164.0;151.0;155.0;154.0;152.0;25.0;24.0;27.0;27.0;27.0
6446;UNIVERSIDAD DE CORDOBA;UNIVERSIDAD DE CORDOBA-MONTERIA;BIOLOGIA;BIOLOGÍA, MICROBIOLOGÍA Y AFINES;CORDOBA;MONTERÍA;71;145.0;153.0;140.0;141.0;144.0;146.0;29.0;25.0;32.0;28.0;29.0
7930;UNIVERSIDAD DE CORDOBA;UNIVERSIDAD DE CORDOBA-MONTERIA;DERECHO;DERECHO Y AFINES;CORDOBA;MONTERÍA;120;158.0;165.0;140.0;172.0;157.0;153.0;26.0;27.0;29.0;28.0;28.0
3051;UNIVERSIDAD DE CORDOBA;UNIVERSIDAD DE CORDOBA-MONTERIA;ENFERMERIA;ENFERMERÍA;CORDOBA;MONTERÍA;57;157.0;163.0;152.0;161.0;160.0;148.0;23.0;22.0;28.0;31.0;25.0
2399;UNIVERSIDAD DE CORDOBA;UNIVERSIDAD DE CORDOBA-MONTERIA;ESTADISTICA;MATEMÁTICAS, ESTADÍSTICA Y AFINES;CORDOBA;MONTERÍA;43;147.0;148.0;162.0;142.0;142.0;140.0;25.0;20.0;26.0;36.0;21.0
97;UNIVERSIDAD DE CORDOBA;UNIVERSIDAD DE CORDOBA-MONTERIA;FISICA;FÍSICA;CORDOBA;MONTERÍA;53;151.0;153.0;164.0;147.0;141.0;150.0;29.0;32.0;33.0;39.0;30.0
3840;UNIVERSIDAD DE CORDOBA;UNIVERSIDAD DE CORDOBA-MONTERIA;GEOGRAFIA;GEOGRAFÍA, HISTORIA;CORDOBA;MONTERÍA;60;144.0;153.0;135.0;140.0;145.0;146.0;23.0;23.0;28.0;28.0;24.0
1439;UNIVERSIDAD DE CORDOBA;UNIVERSIDAD DE CORDOBA-MONTERIA;INGENIERIA AGRONOMICA;INGENIERÍA AGRONÓMICA, PECUARIA Y AFINES;CORDOBA;MONTERÍA;91;144.0;150.0;151.0;144.0;135.0;141.0;27.0;27.0;33.0;33.0;24.0
5857;UNIVERSIDAD DE CORDOBA;UNIVERSIDAD DE CORDOBA-MONTERIA;INGENIERIA AMBIENTAL;INGENIERÍA AMBIENTAL, SANITARIA Y AFINES;CORDOBA;MONTERÍA;90;159.0;165.0;163.0;159.0;153.0;156.0;23.0;24.0;31.0;29.0;28.0
66;UNIVERSIDAD DE CORDOBA;UNIVERSIDAD DE CORDOBA-MONTERIA;INGENIERIA DE ALIMENTOS;INGENIERÍA AGROINDUSTRIAL, ALIMENTOS Y AFINES;CORDOBA;MONTERÍA;105;144.0;148.0;149.0;141.0;145.0;138.0;22.0;25.0;30.0;34.0;22.0
289;UNIVERSIDAD DE CORDOBA;UNIVERSIDAD DE CORDOBA-MONTERIA;INGENIERIA DE SISTEMAS;INGENIERÍA DE SISTEMAS, TELEMÁTICA Y AFINES;CORDOBA;MONTERÍA;197;150.0;155.0;155.0;142.0;145.0;155.0;26.0;27.0;31.0;36.0;30.0
1777;UNIVERSIDAD DE CORDOBA;UNIVERSIDAD DE CORDOBA-MONTERIA;INGENIERIA INDUSTRIAL;INGENIERÍA INDUSTRIAL Y AFINES;CORDOBA;MONTERÍA;82;156.0;161.0;166.0;148.0;150.0;155.0;24.0;27.0;33.0;34.0;25.0
5860;UNIVERSIDAD DE CORDOBA;UNIVERSIDAD DE CORDOBA-MONTERIA;INGENIERIA MECANICA;INGENIERÍA MECÁNICA Y AFINES;CORDOBA;MONTERÍA;93;158.0;162.0;184.0;150.0;142.0;152.0;23.0;23.0;29.0;32.0;23.0
9505;UNIVERSIDAD DE CORDOBA;UNIVERSIDAD DE CORDOBA-MONTERIA;LICENCIATURA EN CIENCIAS NATURALES Y EDUCACION AMBIENTAL;EDUCACIÓN;CORDOBA;MONTERÍA;77;144.0;150.0;139.0;146.0;146.0;141.0;24.0;21.0;28.0;33.0;17.0
4183;UNIVERSIDAD DE CORDOBA;UNIVERSIDAD DE CORDOBA-MONTERIA;LICENCIATURA EN EDUCACION BASICA CON ENFASIS EN CIENCIAS SOCIALES;EDUCACIÓN;CORDOBA;MONTERÍA;84;151.0;161.0;135.0;162.0;153.0;146.0;28.0;31.0;29.0;34.0;27.0
1522;UNIVERSIDAD DE CORDOBA;UNIVERSIDAD DE CORDOBA-MONTERIA;LICENCIATURA EN EDUCACION BASICA CON ENFASIS EN EDUCACION ARTISTICA-MUSICA;EDUCACIÓN;CORDOBA;MONTERÍA;35;136.0;141.0;127.0;127.0;149.0;135.0;29.0;28.0;25.0;27.0;27.0
3111;UNIVERSIDAD DE CORDOBA;UNIVERSIDAD DE CORDOBA-MONTERIA;LICENCIATURA EN EDUCACION BASICA CON ENFASIS EN HUMANIDADES-INGLES;EDUCACIÓN;CORDOBA;MONTERÍA;117;165.0;168.0;141.0;159.0;158.0;199.0;26.0;27.0;29.0;31.0;27.0
4279;UNIVERSIDAD DE CORDOBA;UNIVERSIDAD DE CORDOBA-MONTERIA;LICENCIATURA EN EDUCACION FISICA, RECREACION Y DEPORTES;EDUCACIÓN;CORDOBA;MONTERÍA;74;141.0;144.0;135.0;136.0;146.0;142.0;27.0;23.0;30.0;34.0;21.0
9727;UNIVERSIDAD DE CORDOBA;UNIVERSIDAD DE CORDOBA-MONTERIA;LICENCIATURA EN EDUCACIÓN INFANTIL;EDUCACIÓN;CORDOBA;MONTERÍA;270;139.0;146.0;126.0;138.0;149.0;136.0;23.0;25.0;28.0;26.0;24.0
2824;UNIVERSIDAD DE CORDOBA;UNIVERSIDAD DE CORDOBA-MONTERIA;LICENCIATURA EN INFORMATICA Y MEDIOS AUDIOVISUALES;EDUCACIÓN;CORDOBA;MONTERÍA;1;144.0;144.0;135.0;156.0;140.0;147.0;0.0;0.0;0.0;0.0;0.0
9740;UNIVERSIDAD DE CORDOBA;UNIVERSIDAD DE CORDOBA-MONTERIA;LICENCIATURA EN INFORMÁTICA;EDUCACIÓN;CORDOBA;MONTERÍA;119;143.0;150.0;143.0;139.0;142.0;144.0;25.0;24.0;29.0;40.0;26.0
9599;UNIVERSIDAD DE CORDOBA;UNIVERSIDAD DE CORDOBA-MONTERIA;LICENCIATURA EN LITERATURA Y LENGUA CASTELLANA;EDUCACIÓN;CORDOBA;MONTERÍA;100;153.0;166.0;131.0;150.0;165.0;152.0;24.0;26.0;34.0;28.0;26.0
2249;UNIVERSIDAD DE CORDOBA;UNIVERSIDAD DE CORDOBA-MONTERIA;MATEMATICAS;MATEMÁTICAS, ESTADÍSTICA Y AFINES;CORDOBA;MONTERÍA;14;158.0;167.0;189.0;142.0;149.0;144.0;17.0;20.0;26.0;25.0;31.0
2669;UNIVERSIDAD DE CORDOBA;UNIVERSIDAD DE CORDOBA-MONTERIA;MEDICINA VETERINARIA Y ZOOTECNIA;MEDICINA VETERINARIA;CORDOBA;MONTERÍA;83;144.0;151.0;143.0;138.0;143.0;143.0;28.0;26.0;32.0;29.0;33.0
3088;UNIVERSIDAD DE CORDOBA;UNIVERSIDAD DE CORDOBA-MONTERIA;QUIMICA;QUÍMICA Y AFINES;CORDOBA;MONTERÍA;106;147.0;150.0;152.0;141.0;147.0;145.0;25.0;29.0;31.0;39.0;26.0
1849;UNIVERSIDAD DE CUNDINAMARCA-UDEC;UNIVERSIDAD DE CUNDINAMARCA-UDEC-GIRARDOT;ADMINISTRACION DE EMPRESAS;ADMINISTRACIÓN;CUNDINAMARCA;GIRARDOT;55;137.0;142.0;130.0;130.0;146.0;134.0;24.0;27.0;27.0;45.0;26.0
1852;UNIVERSIDAD DE CUNDINAMARCA-UDEC;UNIVERSIDAD DE CUNDINAMARCA-UDEC-FUSAGASUGA;ADMINISTRACION DE EMPRESAS;ADMINISTRACIÓN;CUNDINAMARCA;FUSAGASUGÁ;126;149.0;153.0;145.0;148.0;149.0;149.0;23.0;24.0;29.0;28.0;22.0
2728;UNIVERSIDAD DE CUNDINAMARCA-UDEC;UNIVERSIDAD DE CUNDINAMARCA-UDEC-UBATE;ADMINISTRACION DE EMPRESAS;ADMINISTRACIÓN;CUNDINAMARCA;VILLA DE SAN DIEGO DE UBATÉ;61;138.0;139.0;135.0;137.0;140.0;137.0;25.0;24.0;27.0;31.0;21.0
4756;UNIVERSIDAD DE CUNDINAMARCA-UDEC;UNIVERSIDAD DE CUNDINAMARCA-UDEC-FUSAGASUGA;ADMINISTRACION DE EMPRESAS;ADMINISTRACIÓN;CUNDINAMARCA;FUSAGASUGÁ;93;148.0;153.0;148.0;149.0;144.0;145.0;23.0;23.0;26.0;36.0;22.0
6019;UNIVERSIDAD DE CUNDINAMARCA-UDEC;UNIVERSIDAD DE CUNDINAMARCA-UDEC-FUSAGASUGA;ADMINISTRACION DE EMPRESAS;ADMINISTRACIÓN;CUNDINAMARCA;FUSAGASUGÁ;116;152.0;159.0;146.0;151.0;156.0;149.0;20.0;22.0;27.0;32.0;24.0
5218;UNIVERSIDAD DE CUNDINAMARCA-UDEC;UNIVERSIDAD DE CUNDINAMARCA-UDEC-FUSAGASUGA;CIENCIAS DEL DEPORTE Y DE LA EDUCACION FISICA;DEPORTES, EDUCACIÓN FÍSICA Y RECREACIÓN;CUNDINAMARCA;FUSAGASUGÁ;115;148.0;154.0;148.0;140.0;148.0;151.0;23.0;23.0;28.0;28.0;25.0
3333;UNIVERSIDAD DE CUNDINAMARCA-UDEC;UNIVERSIDAD DE CUNDINAMARCA-UDEC-FUSAGASUGA;CONTADURIA PUBLICA;CONTADURÍA PUBLICA;CUNDINAMARCA;FUSAGASUGÁ;146;149.0;154.0;150.0;144.0;152.0;145.0;22.0;20.0;29.0;28.0;21.0
5800;UNIVERSIDAD DE CUNDINAMARCA-UDEC;UNIVERSIDAD DE CUNDINAMARCA-UDEC-FUSAGASUGA;CONTADURIA PUBLICA;CONTADURÍA PUBLICA;CUNDINAMARCA;FUSAGASUGÁ;281;147.0;153.0;149.0;145.0;146.0;144.0;23.0;24.0;28.0;34.0;26.0
6825;UNIVERSIDAD DE CUNDINAMARCA-UDEC;UNIVERSIDAD DE CUNDINAMARCA-UDEC-GIRARDOT;ENFERMERIA;ENFERMERÍA;CUNDINAMARCA;GIRARDOT;63;143.0;152.0;140.0;139.0;146.0;136.0;22.0;22.0;30.0;29.0;29.0
160;UNIVERSIDAD DE CUNDINAMARCA-UDEC;UNIVERSIDAD DE CUNDINAMARCA-UDEC-FUSAGASUGA;INGENIERIA AGRONOMICA;INGENIERÍA AGRONÓMICA, PECUARIA Y AFINES;CUNDINAMARCA;FUSAGASUGÁ;123;150.0;158.0;148.0;148.0;148.0;150.0;23.0;22.0;26.0;30.0;24.0
68;UNIVERSIDAD DE CUNDINAMARCA-UDEC;UNIVERSIDAD DE CUNDINAMARCA-UDEC-FUSAGASUGA;INGENIERIA DE SISTEMAS;INGENIERÍA DE SISTEMAS, TELEMÁTICA Y AFINES;CUNDINAMARCA;FUSAGASUGÁ;121;164.0;164.0;173.0;158.0;157.0;168.0;22.0;27.0;26.0;29.0;28.0
69;UNIVERSIDAD DE CUNDINAMARCA-UDEC;UNIVERSIDAD DE CUNDINAMARCA-UDEC-FUSAGASUGA;INGENIERIA DE SISTEMAS;INGENIERÍA DE SISTEMAS, TELEMÁTICA Y AFINES;CUNDINAMARCA;FUSAGASUGÁ;121;162.0;166.0;169.0;160.0;149.0;166.0;22.0;23.0;28.0;32.0;26.0
928;UNIVERSIDAD DE CUNDINAMARCA-UDEC;UNIVERSIDAD DE CUNDINAMARCA-UDEC-UBATE;INGENIERIA DE SISTEMAS;INGENIERÍA DE SISTEMAS, TELEMÁTICA Y AFINES;CUNDINAMARCA;VILLA DE SAN DIEGO DE UBATÉ;45;154.0;155.0;159.0;145.0;150.0;160.0;27.0;24.0;27.0;23.0;29.0
3052;UNIVERSIDAD DE CUNDINAMARCA-UDEC;UNIVERSIDAD DE CUNDINAMARCA-UDEC-FUSAGASUGA;INGENIERIA DE SISTEMAS;INGENIERÍA DE SISTEMAS, TELEMÁTICA Y AFINES;CUNDINAMARCA;FUSAGASUGÁ;93;160.0;162.0;166.0;153.0;150.0;168.0;27.0;26.0;27.0;36.0;27.0
6824;UNIVERSIDAD DE CUNDINAMARCA-UDEC;UNIVERSIDAD DE CUNDINAMARCA-UDEC-FUSAGASUGA;INGENIERIA ELECTRONICA;INGENIERÍA ELECTRÓNICA, TELECOMUNICACIONES Y AFINES;CUNDINAMARCA;FUSAGASUGÁ;35;154.0;157.0;166.0;148.0;145.0;155.0;22.0;27.0;26.0;37.0;25.0
793;UNIVERSIDAD DE CUNDINAMARCA-UDEC;UNIVERSIDAD DE CUNDINAMARCA-UDEC-FUSAGASUGA;INGENIERIA INDUSTRIAL;INGENIERÍA INDUSTRIAL Y AFINES;CUNDINAMARCA;FUSAGASUGÁ;181;154.0;158.0;155.0;151.0;151.0;154.0;23.0;23.0;27.0;36.0;23.0
2886;UNIVERSIDAD DE CUNDINAMARCA-UDEC;UNIVERSIDAD DE CUNDINAMARCA-UDEC-GIRARDOT;INGENIERÍA AMBIENTAL;INGENIERÍA AMBIENTAL, SANITARIA Y AFINES;CUNDINAMARCA;GIRARDOT;128;151.0;154.0;149.0;149.0;153.0;148.0;22.0;25.0;29.0;33.0;20.0
20706;UNIVERSIDAD DE CUNDINAMARCA-UDEC;UNIVERSIDAD DE CUNDINAMARCA-UDEC-FUSAGASUGA;LICENCIATURA EN CIENCIAS SOCIALES;EDUCACIÓN;CUNDINAMARCA;FUSAGASUGÁ;34;146.0;161.0;136.0;147.0;140.0;143.0;26.0;26.0;30.0;50.0;25.0
6505;UNIVERSIDAD DE CUNDINAMARCA-UDEC;UNIVERSIDAD DE CUNDINAMARCA-UDEC-FUSAGASUGA;LICENCIATURA EN EDUCACION BASICA CON ENFASIS EN EDUCACION FISICA,RECREACION Y DEPORTES;EDUCACIÓN;CUNDINAMARCA;FUSAGASUGÁ;3;142.0;141.0;132.0;137.0;156.0;146.0;16.0;5.0;11.0;12.0;18.0
5728;UNIVERSIDAD DE CUNDINAMARCA-UDEC;UNIVERSIDAD DE CUNDINAMARCA-UDEC-FUSAGASUGA;MUSICA;MÚSICA;CUNDINAMARCA;FUSAGASUGÁ;28;156.0;164.0;152.0;151.0;146.0;165.0;24.0;25.0;28.0;39.0;24.0
4053;UNIVERSIDAD DE CUNDINAMARCA-UDEC;UNIVERSIDAD DE CUNDINAMARCA-UDEC-FUSAGASUGA;PSICOLOGÍA;PSICOLOGÍA;CUNDINAMARCA;FUSAGASUGÁ;62;160.0;174.0;146.0;170.0;152.0;160.0;26.0;29.0;24.0;25.0;35.0
5124;UNIVERSIDAD DE CUNDINAMARCA-UDEC;UNIVERSIDAD DE CUNDINAMARCA-UDEC-FUSAGASUGA;ZOOTECNIA;ZOOTECNIA;CUNDINAMARCA;FUSAGASUGÁ;56;145.0;151.0;143.0;147.0;141.0;144.0;21.0;21.0;27.0;36.0;23.0
7397;UNIVERSIDAD DE CUNDINAMARCA-UDEC;UNIVERSIDAD DE CUNDINAMARCA-UDEC-UBATE;ZOOTECNIA;ZOOTECNIA;CUNDINAMARCA;VILLA DE SAN DIEGO DE UBATÉ;33;147.0;149.0;152.0;144.0;149.0;138.0;26.0;15.0;21.0;23.0;22.0
6041;UNIVERSIDAD DE IBAGUE -CORUNIVERSITARIA-;UNIVERSIDAD DE IBAGUE-IBAGUE;ADMINISTRACION DE NEGOCIOS INTERNACIONALES;ADMINISTRACIÓN;TOLIMA;IBAGUÉ;70;160.0;161.0;154.0;150.0;149.0;183.0;28.0;25.0;33.0;27.0;29.0
6040;UNIVERSIDAD DE IBAGUE -CORUNIVERSITARIA-;UNIVERSIDAD DE IBAGUE-IBAGUE;ADMINISTRACION FINANCIERA;ADMINISTRACIÓN;TOLIMA;IBAGUÉ;8;152.0;150.0;143.0;134.0;159.0;175.0;40.0;31.0;24.0;24.0;36.0
9495;UNIVERSIDAD DE IBAGUE -CORUNIVERSITARIA-;UNIVERSIDAD DE IBAGUE-IBAGUE;ADMINISTRACIÓN DE EMPRESAS;ADMINISTRACIÓN;TOLIMA;IBAGUÉ;22;145.0;143.0;135.0;130.0;151.0;167.0;32.0;29.0;36.0;27.0;30.0
2752;UNIVERSIDAD DE IBAGUE -CORUNIVERSITARIA-;UNIVERSIDAD DE IBAGUE-IBAGUE;ARQUITECTURA;ARQUITECTURA;TOLIMA;IBAGUÉ;70;151.0;155.0;148.0;144.0;145.0;164.0;26.0;24.0;29.0;29.0;26.0
17292;UNIVERSIDAD DE IBAGUE -CORUNIVERSITARIA-;UNIVERSIDAD DE IBAGUE-IBAGUE;BIOLOGÍA AMBIENTAL;BIOLOGÍA, MICROBIOLOGÍA Y AFINES;TOLIMA;IBAGUÉ;20;156.0;166.0;151.0;146.0;147.0;171.0;19.0;22.0;28.0;23.0;26.0
6215;UNIVERSIDAD DE IBAGUE -CORUNIVERSITARIA-;UNIVERSIDAD DE IBAGUE-IBAGUE;CIENCIA POLITICA;CIENCIA POLÍTICA, RELACIONES INTERNACIONALES;TOLIMA;IBAGUÉ;3;168.0;189.0;143.0;177.0;160.0;174.0;15.0;5.0;10.0;9.0;23.0
4393;UNIVERSIDAD DE IBAGUE -CORUNIVERSITARIA-;UNIVERSIDAD DE IBAGUE-IBAGUE;COMUNICACION SOCIAL Y PERIODISMO;COMUNICACIÓN SOCIAL, PERIODISMO Y AFINES;TOLIMA;IBAGUÉ;24;148.0;152.0;127.0;147.0;154.0;157.0;30.0;28.0;30.0;22.0;28.0
1866;UNIVERSIDAD DE IBAGUE -CORUNIVERSITARIA-;UNIVERSIDAD DE IBAGUE-IBAGUE;CONTADURIA PUBLICA;CONTADURÍA PUBLICA;TOLIMA;IBAGUÉ;12;148.0;145.0;150.0;138.0;144.0;164.0;35.0;20.0;24.0;24.0;28.0
1003;UNIVERSIDAD DE IBAGUE -CORUNIVERSITARIA-;UNIVERSIDAD DE IBAGUE-IBAGUE;DERECHO;DERECHO Y AFINES;TOLIMA;IBAGUÉ;105;157.0;164.0;132.0;164.0;161.0;162.0;29.0;31.0;29.0;28.0;32.0
9516;UNIVERSIDAD DE IBAGUE -CORUNIVERSITARIA-;UNIVERSIDAD DE IBAGUE-IBAGUE;DERECHO;DERECHO Y AFINES;TOLIMA;IBAGUÉ;21;148.0;149.0;139.0;155.0;152.0;146.0;28.0;25.0;22.0;21.0;25.0
8764;UNIVERSIDAD DE IBAGUE -CORUNIVERSITARIA-;UNIVERSIDAD DE IBAGUE-IBAGUE;DISEÑO;DISEÑO;TOLIMA;IBAGUÉ;15;151.0;154.0;132.0;144.0;146.0;178.0;28.0;18.0;28.0;21.0;21.0
1867;UNIVERSIDAD DE IBAGUE -CORUNIVERSITARIA-;UNIVERSIDAD DE IBAGUE-IBAGUE;ECONOMIA;ECONOMÍA;TOLIMA;IBAGUÉ;11;160.0;160.0;158.0;153.0;155.0;175.0;31.0;30.0;30.0;28.0;32.0
6902;UNIVERSIDAD DE IBAGUE -CORUNIVERSITARIA-;UNIVERSIDAD DE IBAGUE-IBAGUE;INGENIERIA  CIVIL;INGENIERÍA CIVIL Y AFINES;TOLIMA;IBAGUÉ;92;149.0;145.0;162.0;138.0;145.0;157.0;27.0;28.0;31.0;32.0;23.0
1865;UNIVERSIDAD DE IBAGUE -CORUNIVERSITARIA-;UNIVERSIDAD DE IBAGUE-IBAGUE;INGENIERIA DE SISTEMAS;INGENIERÍA DE SISTEMAS, TELEMÁTICA Y AFINES;TOLIMA;IBAGUÉ;16;167.0;161.0;170.0;157.0;153.0;193.0;23.0;21.0;16.0;22.0;34.0
6901;UNIVERSIDAD DE IBAGUE -CORUNIVERSITARIA-;UNIVERSIDAD DE IBAGUE-IBAGUE;INGENIERIA ELECTRONICA;INGENIERÍA ELECTRÓNICA, TELECOMUNICACIONES Y AFINES;TOLIMA;IBAGUÉ;29;177.0;176.0;185.0;174.0;157.0;196.0;22.0;30.0;23.0;25.0;28.0
143;UNIVERSIDAD DE IBAGUE -CORUNIVERSITARIA-;UNIVERSIDAD DE IBAGUE-IBAGUE;INGENIERIA INDUSTRIAL;INGENIERÍA INDUSTRIAL Y AFINES;TOLIMA;IBAGUÉ;51;152.0;151.0;153.0;145.0;144.0;165.0;30.0;29.0;32.0;21.0;27.0
5641;UNIVERSIDAD DE IBAGUE -CORUNIVERSITARIA-;UNIVERSIDAD DE IBAGUE-IBAGUE;INGENIERIA MECANICA;INGENIERÍA MECÁNICA Y AFINES;TOLIMA;IBAGUÉ;35;159.0;154.0;177.0;149.0;149.0;168.0;37.0;27.0;35.0;21.0;23.0
365;UNIVERSIDAD DE IBAGUE -CORUNIVERSITARIA-;UNIVERSIDAD DE IBAGUE-IBAGUE;INGENIERÍA DE SISTEMAS;INGENIERÍA DE SISTEMAS, TELEMÁTICA Y AFINES;TOLIMA;IBAGUÉ;1;158.0;142.0;171.0;161.0;146.0;168.0;0.0;0.0;0.0;0.0;0.0
6556;UNIVERSIDAD DE IBAGUE -CORUNIVERSITARIA-;UNIVERSIDAD DE IBAGUE-IBAGUE;MERCADEO;ADMINISTRACIÓN;TOLIMA;IBAGUÉ;11;150.0;162.0;138.0;133.0;149.0;168.0;25.0;36.0;35.0;23.0;33.0
3748;UNIVERSIDAD DE IBAGUE -CORUNIVERSITARIA-;UNIVERSIDAD DE IBAGUE-IBAGUE;PSICOLOGIA;PSICOLOGÍA;TOLIMA;IBAGUÉ;121;148.0;155.0;132.0;142.0;148.0;162.0;25.0;25.0;28.0;28.0;27.0
1851;UNIVERSIDAD DE LA AMAZONIA;UNIVERSIDAD DE LA AMAZONIA-FLORENCIA;ADMINISTRACION;ADMINISTRACIÓN;CAQUETA;FLORENCIA;1;117.0;87.0;117.0;101.0;144.0;134.0;0.0;0.0;0.0;0.0;0.0
5114;UNIVERSIDAD DE LA AMAZONIA;UNIVERSIDAD DE LA AMAZONIA-FLORENCIA;ADMINISTRACION DE EMPRESAS;ADMINISTRACIÓN;CAQUETA;FLORENCIA;88;145.0;153.0;138.0;148.0;147.0;139.0;23.0;29.0;29.0;30.0;26.0
4575;UNIVERSIDAD DE LA AMAZONIA;UNIVERSIDAD DE LA AMAZONIA-FLORENCIA;ADMINISTRACION FINANCIERA;ADMINISTRACIÓN;CAQUETA;FLORENCIA;24;134.0;142.0;132.0;134.0;136.0;123.0;17.0;21.0;20.0;35.0;17.0
4213;UNIVERSIDAD DE LA AMAZONIA;UNIVERSIDAD DE LA AMAZONIA-FLORENCIA;BIOLOGIA;BIOLOGÍA, MICROBIOLOGÍA Y AFINES;CAQUETA;FLORENCIA;33;151.0;157.0;145.0;155.0;155.0;144.0;26.0;26.0;30.0;45.0;27.0
5115;UNIVERSIDAD DE LA AMAZONIA;UNIVERSIDAD DE LA AMAZONIA-FLORENCIA;CONTADURIA PUBLICA;CONTADURÍA PUBLICA;CAQUETA;FLORENCIA;92;152.0;161.0;151.0;157.0;151.0;140.0;21.0;22.0;24.0;33.0;22.0
2660;UNIVERSIDAD DE LA AMAZONIA;UNIVERSIDAD DE LA AMAZONIA-FLORENCIA;DERECHO;DERECHO Y AFINES;CAQUETA;FLORENCIA;98;161.0;172.0;150.0;175.0;160.0;148.0;23.0;26.0;30.0;30.0;29.0
2474;UNIVERSIDAD DE LA AMAZONIA;UNIVERSIDAD DE LA AMAZONIA-FLORENCIA;INGENIERIA AGROECOLOGICA;INGENIERÍA AGRONÓMICA, PECUARIA Y AFINES;CAQUETA;FLORENCIA;63;142.0;150.0;141.0;138.0;149.0;132.0;23.0;26.0;25.0;27.0;21.0
3043;UNIVERSIDAD DE LA AMAZONIA;UNIVERSIDAD DE LA AMAZONIA-FLORENCIA;INGENIERIA DE ALIMENTOS;INGENIERÍA AGROINDUSTRIAL, ALIMENTOS Y AFINES;CAQUETA;FLORENCIA;32;138.0;138.0;137.0;139.0;142.0;132.0;26.0;25.0;27.0;26.0;21.0
2325;UNIVERSIDAD DE LA AMAZONIA;UNIVERSIDAD DE LA AMAZONIA-FLORENCIA;INGENIERIA DE SISTEMAS;INGENIERÍA DE SISTEMAS, TELEMÁTICA Y AFINES;CAQUETA;FLORENCIA;77;154.0;157.0;156.0;152.0;148.0;157.0;23.0;24.0;30.0;24.0;26.0
481;UNIVERSIDAD DE LA AMAZONIA;UNIVERSIDAD DE LA AMAZONIA-FLORENCIA;LICENCIATURA EN EDUCACION BASICA CON ENFASIS EN CIENCIAS SOCIALES;EDUCACIÓN;CAQUETA;FLORENCIA;33;145.0;150.0;132.0;147.0;151.0;146.0;29.0;26.0;34.0;38.0;23.0
9572;UNIVERSIDAD DE LA AMAZONIA;UNIVERSIDAD DE LA AMAZONIA-FLORENCIA;LICENCIATURA EN EDUCACIÓN ARTÍSTICA Y CULTURAL;EDUCACIÓN;CAQUETA;FLORENCIA;40;138.0;147.0;118.0;136.0;151.0;137.0;22.0;26.0;30.0;23.0;17.0
9812;UNIVERSIDAD DE LA AMAZONIA;UNIVERSIDAD DE LA AMAZONIA-FLORENCIA;LICENCIATURA EN EDUCACIÓN FÍSICA DEPORTES Y RECREACIÓN;EDUCACIÓN;CAQUETA;FLORENCIA;71;131.0;137.0;126.0;121.0;141.0;128.0;21.0;25.0;25.0;30.0;23.0
25295;UNIVERSIDAD DE LA AMAZONIA;UNIVERSIDAD DE LA AMAZONIA-FLORENCIA;LICENCIATURA EN EDUCACIÓN INFANTIL;EDUCACIÓN;CAQUETA;FLORENCIA;36;134.0;139.0;120.0;128.0;148.0;132.0;22.0;26.0;28.0;45.0;18.0
1456;UNIVERSIDAD DE LA AMAZONIA;UNIVERSIDAD DE LA AMAZONIA-FLORENCIA;LICENCIATURA EN LENGUA CASTELLANA Y LITERATURA;EDUCACIÓN;CAQUETA;FLORENCIA;18;143.0;146.0;127.0;147.0;158.0;140.0;29.0;27.0;29.0;25.0;17.0
25109;UNIVERSIDAD DE LA AMAZONIA;UNIVERSIDAD DE LA AMAZONIA-FLORENCIA;LICENCIATURA EN LENGUAS EXTRANJERAS CON ÉNFASIS EN INGLÉS;EDUCACIÓN;CAQUETA;FLORENCIA;44;171.0;173.0;153.0;163.0;156.0;208.0;23.0;25.0;26.0;42.0;27.0
20788;UNIVERSIDAD DE LA AMAZONIA;UNIVERSIDAD DE LA AMAZONIA-FLORENCIA;LICENCIATURA EN LITERATURA Y LENGUA CASTELLANA;EDUCACIÓN;CAQUETA;FLORENCIA;17;141.0;153.0;126.0;140.0;156.0;131.0;22.0;22.0;27.0;19.0;18.0
26275;UNIVERSIDAD DE LA AMAZONIA;UNIVERSIDAD DE LA AMAZONIA-FLORENCIA;LICENCIATURA EN MATEMATICAS;EDUCACIÓN;CAQUETA;FLORENCIA;26;145.0;144.0;161.0;136.0;149.0;138.0;26.0;23.0;27.0;25.0;23.0
6859;UNIVERSIDAD DE LA AMAZONIA;UNIVERSIDAD DE LA AMAZONIA-FLORENCIA;LICENCIATURA EN MATEMATICAS Y FISICA;EDUCACIÓN;CAQUETA;FLORENCIA;4;168.0;178.0;176.0;182.0;145.0;158.0;6.0;25.0;9.0;26.0;14.0
4861;UNIVERSIDAD DE LA AMAZONIA;UNIVERSIDAD DE LA AMAZONIA-FLORENCIA;LICENCIATURA EN PEDAGOGIA INFANTIL;EDUCACIÓN;CAQUETA;FLORENCIA;5;131.0;154.0;144.0;127.0;115.0;113.0;18.0;20.0;26.0;70.0;20.0
2661;UNIVERSIDAD DE LA AMAZONIA;UNIVERSIDAD DE LA AMAZONIA-FLORENCIA;MEDICINA VETERINARIA Y ZOOTECNIA;MEDICINA VETERINARIA;CAQUETA;FLORENCIA;72;147.0;158.0;151.0;148.0;136.0;142.0;20.0;24.0;30.0;47.0;25.0
25753;UNIVERSIDAD DE LA AMAZONIA;UNIVERSIDAD DE LA AMAZONIA-FLORENCIA;PROFESIONAL EN MERCADEO;PUBLICIDAD Y AFINES;CAQUETA;FLORENCIA;38;140.0;141.0;130.0;133.0;163.0;132.0;21.0;24.0;26.0;34.0;18.0
9537;UNIVERSIDAD DE LA AMAZONIA;UNIVERSIDAD DE LA AMAZONIA-FLORENCIA;PSICÓLOGA;PSICOLOGÍA;CAQUETA;FLORENCIA;92;156.0;169.0;142.0;163.0;152.0;153.0;22.0;27.0;26.0;23.0;30.0
1183;UNIVERSIDAD DE LA AMAZONIA;UNIVERSIDAD DE LA AMAZONIA-FLORENCIA;QUIMICA;QUÍMICA Y AFINES;CAQUETA;FLORENCIA;16;146.0;155.0;154.0;145.0;139.0;136.0;22.0;25.0;32.0;24.0;22.0
3102;UNIVERSIDAD DE LA GUAJIRA;UNIVERSIDAD DE LA GUAJIRA-RIOHACHA;ADMINISTRACION DE EMPRESAS;ADMINISTRACIÓN;LA GUAJIRA;RIOHACHA;100;136.0;141.0;131.0;130.0;146.0;131.0;24.0;23.0;27.0;35.0;24.0
3104;UNIVERSIDAD DE LA GUAJIRA;UNIVERSIDAD DE LA GUAJIRA-RIOHACHA;ADMINISTRACION DE EMPRESAS;ADMINISTRACIÓN;LA GUAJIRA;RIOHACHA;53;138.0;141.0;138.0;128.0;147.0;135.0;22.0;26.0;30.0;30.0;20.0
6010;UNIVERSIDAD DE LA GUAJIRA;UNIVERSIDAD DE LA GUAJIRA-RIOHACHA;ADMINISTRACION DE EMPRESAS;ADMINISTRACIÓN;LA GUAJIRA;RIOHACHA;60;134.0;136.0;129.0;125.0;149.0;130.0;22.0;23.0;28.0;25.0;25.0
9094;UNIVERSIDAD DE LA GUAJIRA;UNIVERSIDAD DE LA GUAJIRA-RIOHACHA;ADMINISTRACIÓN MARITIMA Y PORTUARIA;ADMINISTRACIÓN;LA GUAJIRA;RIOHACHA;46;127.0;126.0;112.0;119.0;143.0;134.0;27.0;27.0;31.0;24.0;18.0
2910;UNIVERSIDAD DE LA GUAJIRA;UNIVERSIDAD DE LA GUAJIRA-RIOHACHA;ADMINISTRACIÓN PÚBLICA;ADMINISTRACIÓN;LA GUAJIRA;RIOHACHA;48;119.0;123.0;107.0;114.0;132.0;120.0;25.0;24.0;24.0;38.0;17.0
4437;UNIVERSIDAD DE LA GUAJIRA;UNIVERSIDAD DE LA GUAJIRA-RIOHACHA;ADMINSITRACION TURISTICA Y HOTELERA;ADMINISTRACIÓN;LA GUAJIRA;RIOHACHA;75;132.0;136.0;122.0;122.0;144.0;133.0;20.0;23.0;24.0;32.0;22.0
2046;UNIVERSIDAD DE LA GUAJIRA;UNIVERSIDAD DE LA GUAJIRA-RIOHACHA;BIOLOGIA;BIOLOGÍA, MICROBIOLOGÍA Y AFINES;LA GUAJIRA;RIOHACHA;57;141.0;150.0;133.0;134.0;152.0;137.0;23.0;23.0;28.0;24.0;24.0
4241;UNIVERSIDAD DE LA GUAJIRA;UNIVERSIDAD DE LA GUAJIRA-RIOHACHA;CONTADURIA PUBLICA;CONTADURÍA PUBLICA;LA GUAJIRA;RIOHACHA;153;140.0;143.0;138.0;134.0;147.0;136.0;23.0;21.0;30.0;32.0;21.0
8768;UNIVERSIDAD DE LA GUAJIRA;UNIVERSIDAD DE LA GUAJIRA-RIOHACHA;CONTADURIA PUBLICA;CONTADURÍA PUBLICA;LA GUAJIRA;RIOHACHA;1;99.0;120.0;64.0;109.0;88.0;113.0;0.0;0.0;0.0;0.0;0.0
9039;UNIVERSIDAD DE LA GUAJIRA;UNIVERSIDAD DE LA GUAJIRA-RIOHACHA;DERECHO;DERECHO Y AFINES;LA GUAJIRA;RIOHACHA;142;147.0;158.0;132.0;158.0;146.0;139.0;24.0;24.0;28.0;37.0;25.0
7554;UNIVERSIDAD DE LA GUAJIRA;UNIVERSIDAD DE LA GUAJIRA-RIOHACHA;ECONOMIA;ECONOMÍA;LA GUAJIRA;RIOHACHA;67;137.0;140.0;135.0;133.0;147.0;131.0;24.0;23.0;27.0;33.0;22.0
2769;UNIVERSIDAD DE LA GUAJIRA;UNIVERSIDAD DE LA GUAJIRA-RIOHACHA;INGENIERIA AMBIENTAL;INGENIERÍA AMBIENTAL, SANITARIA Y AFINES;LA GUAJIRA;RIOHACHA;70;143.0;146.0;146.0;138.0;146.0;139.0;23.0;26.0;23.0;25.0;26.0
1247;UNIVERSIDAD DE LA GUAJIRA;UNIVERSIDAD DE LA GUAJIRA-RIOHACHA;INGENIERIA CIVIL;INGENIERÍA CIVIL Y AFINES;LA GUAJIRA;RIOHACHA;80;150.0;150.0;167.0;141.0;149.0;142.0;25.0;26.0;25.0;23.0;25.0
492;UNIVERSIDAD DE LA GUAJIRA;UNIVERSIDAD DE LA GUAJIRA-RIOHACHA;INGENIERIA DE SISTEMAS;INGENIERÍA DE SISTEMAS, TELEMÁTICA Y AFINES;LA GUAJIRA;RIOHACHA;106;143.0;146.0;145.0;135.0;145.0;145.0;25.0;25.0;30.0;29.0;25.0
5973;UNIVERSIDAD DE LA GUAJIRA;UNIVERSIDAD DE LA GUAJIRA-RIOHACHA;INGENIERIA INDUSTRIAL;INGENIERÍA INDUSTRIAL Y AFINES;LA GUAJIRA;RIOHACHA;78;149.0;154.0;150.0;148.0;153.0;141.0;22.0;23.0;29.0;34.0;22.0
6282;UNIVERSIDAD DE LA GUAJIRA;UNIVERSIDAD DE LA GUAJIRA-RIOHACHA;INGENIERIA MECANICA;INGENIERÍA MECÁNICA Y AFINES;LA GUAJIRA;RIOHACHA;37;150.0;149.0;167.0;142.0;152.0;140.0;28.0;29.0;34.0;22.0;26.0
8021;UNIVERSIDAD DE LA GUAJIRA;UNIVERSIDAD DE LA GUAJIRA-RIOHACHA;LICENCIATURA EN EDUCACION  FISICA RECREACION  Y  DEPORTE;DEPORTES, EDUCACIÓN FÍSICA Y RECREACIÓN;LA GUAJIRA;RIOHACHA;74;126.0;133.0;121.0;119.0;135.0;124.0;21.0;23.0;23.0;31.0;20.0
9702;UNIVERSIDAD DE LA GUAJIRA;UNIVERSIDAD DE LA GUAJIRA-RIOHACHA;LICENCIATURA EN EDUCACIÓN INFANTIL;EDUCACIÓN;LA GUAJIRA;RIOHACHA;95;121.0;126.0;109.0;111.0;139.0;121.0;24.0;24.0;25.0;30.0;17.0
838;UNIVERSIDAD DE LA GUAJIRA;UNIVERSIDAD DE LA GUAJIRA-RIOHACHA;LICENCIATURA EN ETNOEDUCACION;EDUCACIÓN;LA GUAJIRA;RIOHACHA;12;113.0;121.0;94.0;112.0;130.0;107.0;17.0;18.0;19.0;23.0;21.0
4097;UNIVERSIDAD DE LA GUAJIRA;UNIVERSIDAD DE LA GUAJIRA-RIOHACHA;LICENCIATURA EN ETNOEDUCACION;EDUCACIÓN;LA GUAJIRA;RIOHACHA;20;111.0;115.0;102.0;105.0;118.0;114.0;21.0;25.0;18.0;49.0;16.0
20607;UNIVERSIDAD DE LA GUAJIRA;UNIVERSIDAD DE LA GUAJIRA-RIOHACHA;LICENCIATURA EN ETNOEDUCACIÓN E INTERCULTURALIDAD;EDUCACIÓN;LA GUAJIRA;RIOHACHA;67;125.0;133.0;113.0;119.0;142.0;118.0;24.0;23.0;26.0;34.0;20.0
9520;UNIVERSIDAD DE LA GUAJIRA;UNIVERSIDAD DE LA GUAJIRA-RIOHACHA;LICENCIATURA EN MUSICA;EDUCACIÓN;LA GUAJIRA;RIOHACHA;11;143.0;146.0;136.0;142.0;146.0;147.0;29.0;22.0;33.0;25.0;22.0
6492;UNIVERSIDAD DE LA GUAJIRA;UNIVERSIDAD DE LA GUAJIRA-RIOHACHA;LICENCIATURA EN PEDAGOGIA INFANTIL;EDUCACIÓN;LA GUAJIRA;RIOHACHA;144;126.0;131.0;111.0;119.0;140.0;127.0;24.0;22.0;25.0;33.0;19.0
3355;UNIVERSIDAD DE LA GUAJIRA;UNIVERSIDAD DE LA GUAJIRA-RIOHACHA;NEGOCIOS INTERNACIONALES;ECONOMÍA;LA GUAJIRA;RIOHACHA;68;147.0;151.0;137.0;145.0;150.0;152.0;24.0;22.0;30.0;23.0;27.0
9519;UNIVERSIDAD DE LA GUAJIRA;UNIVERSIDAD DE LA GUAJIRA-RIOHACHA;PSICOLOGÍA;PSICOLOGÍA;LA GUAJIRA;RIOHACHA;211;139.0;152.0;126.0;137.0;144.0;137.0;24.0;24.0;27.0;32.0;25.0
1034;UNIVERSIDAD DE LA GUAJIRA;UNIVERSIDAD DE LA GUAJIRA-RIOHACHA;TRABAJO SOCIAL;SOCIOLOGÍA, TRABAJO SOCIAL Y AFINES;LA GUAJIRA;RIOHACHA;338;132.0;141.0;120.0;128.0;145.0;127.0;24.0;22.0;25.0;32.0;21.0
3681;UNIVERSIDAD DE LA GUAJIRA;UNIVERSIDAD DE LA GUAJIRA-RIOHACHA;TRABAJO SOCIAL;SOCIOLOGÍA, TRABAJO SOCIAL Y AFINES;LA GUAJIRA;RIOHACHA;181;127.0;134.0;112.0;125.0;142.0;123.0;24.0;22.0;26.0;33.0;23.0
5125;UNIVERSIDAD DE LA GUAJIRA;UNIVERSIDAD DE LA GUAJIRA-RIOHACHA;TRABAJO SOCIAL;SOCIOLOGÍA, TRABAJO SOCIAL Y AFINES;LA GUAJIRA;RIOHACHA;1;156.0;138.0;165.0;161.0;191.0;125.0;0.0;0.0;0.0;0.0;0.0
8550;UNIVERSIDAD DE LA SABANA;UNIVERSIDAD DE LA SABANA-CHIA;ADMINISTRACION & SERVICIO;ADMINISTRACIÓN;CUNDINAMARCA;CHÍA;27;178.0;182.0;172.0;170.0;166.0;201.0;20.0;21.0;28.0;21.0;13.0
4230;UNIVERSIDAD DE LA SABANA;UNIVERSIDAD DE LA SABANA-CHIA;ADMINISTRACION DE EMPRESAS;ADMINISTRACIÓN;CUNDINAMARCA;CHÍA;63;176.0;175.0;166.0;171.0;165.0;201.0;20.0;27.0;23.0;19.0;20.0
5485;UNIVERSIDAD DE LA SABANA;UNIVERSIDAD DE LA SABANA-CHIA;ADMINISTRACION DE MERCADEO Y LOGISTICA INTERNACIONALES;ADMINISTRACIÓN;CUNDINAMARCA;CHÍA;1;173.0;148.0;166.0;186.0;163.0;204.0;0.0;0.0;0.0;0.0;0.0
2270;UNIVERSIDAD DE LA SABANA;UNIVERSIDAD DE LA SABANA-CHIA;ADMINISTRACION DE NEGOCIOS INTERNACIONALES;ADMINISTRACIÓN;CUNDINAMARCA;CHÍA;170;179.0;178.0;172.0;173.0;165.0;206.0;19.0;20.0;23.0;34.0;19.0
3881;UNIVERSIDAD DE LA SABANA;UNIVERSIDAD DE LA SABANA-CHIA;ADMINISTRACION EN MERCADEO Y LOGISTICA INTERNACIONALES;ADMINISTRACIÓN;CUNDINAMARCA;CHÍA;97;179.0;178.0;172.0;172.0;166.0;204.0;16.0;21.0;25.0;36.0;25.0
7505;UNIVERSIDAD DE LA SABANA;UNIVERSIDAD DE LA SABANA-CHIA;CIENCIAS POLÍTICAS;CIENCIA POLÍTICA, RELACIONES INTERNACIONALES;CUNDINAMARCA;CHÍA;18;186.0;193.0;164.0;189.0;172.0;215.0;19.0;31.0;32.0;18.0;45.0
3314;UNIVERSIDAD DE LA SABANA;UNIVERSIDAD DE LA SABANA-CHIA;COMUNICACION AUDIOVISUAL Y MULTIMEDIOS;COMUNICACIÓN SOCIAL, PERIODISMO Y AFINES;CUNDINAMARCA;CHÍA;165;176.0;180.0;161.0;172.0;162.0;204.0;22.0;26.0;27.0;32.0;27.0
2756;UNIVERSIDAD DE LA SABANA;UNIVERSIDAD DE LA SABANA-CHIA;COMUNICACION SOCIAL- PERIODISMO;COMUNICACIÓN SOCIAL, PERIODISMO Y AFINES;CUNDINAMARCA;CHÍA;103;173.0;178.0;156.0;173.0;163.0;197.0;20.0;25.0;31.0;28.0;26.0
20608;UNIVERSIDAD DE LA SABANA;UNIVERSIDAD DE LA SABANA-CHIA;COMUNICACIÓN CORPORATIVA;COMUNICACIÓN SOCIAL, PERIODISMO Y AFINES;CUNDINAMARCA;CHÍA;59;172.0;178.0;153.0;169.0;160.0;201.0;19.0;23.0;23.0;21.0;19.0
6412;UNIVERSIDAD DE LA SABANA;UNIVERSIDAD DE LA SABANA-CHIA;DERECHO;DERECHO Y AFINES;CUNDINAMARCA;CHÍA;54;185.0;190.0;165.0;197.0;175.0;200.0;18.0;24.0;29.0;40.0;26.0
5824;UNIVERSIDAD DE LA SABANA;UNIVERSIDAD DE LA SABANA-CHIA;ECONOMIA Y FINANZAS INTERNACIONALES;ECONOMÍA;CUNDINAMARCA;CHÍA;46;188.0;192.0;190.0;187.0;159.0;213.0;21.0;18.0;30.0;33.0;33.0
6413;UNIVERSIDAD DE LA SABANA;UNIVERSIDAD DE LA SABANA-CHIA;ENFERMERIA;ENFERMERÍA;CUNDINAMARCA;CHÍA;32;168.0;171.0;151.0;169.0;170.0;181.0;17.0;20.0;19.0;32.0;21.0
2527;UNIVERSIDAD DE LA SABANA;UNIVERSIDAD DE LA SABANA-CHIA;FILOSOFÍA;FILOSOFÍA, TEOLOGÍA Y AFINES;CUNDINAMARCA;CHÍA;5;189.0;207.0;179.0;189.0;172.0;196.0;21.0;22.0;15.0;32.0;14.0
1584;UNIVERSIDAD DE LA SABANA;UNIVERSIDAD DE LA SABANA-CHIA;FISIOTERAPIA;TERAPIAS;CUNDINAMARCA;CHÍA;37;162.0;163.0;150.0;157.0;168.0;174.0;18.0;22.0;19.0;22.0;20.0
2505;UNIVERSIDAD DE LA SABANA;UNIVERSIDAD DE LA SABANA-CHIA;GASTRONOMIA;OTROS PROGRAMAS ASOCIADOS A BELLAS ARTES;CUNDINAMARCA;CHÍA;67;179.0;180.0;172.0;174.0;164.0;205.0;22.0;25.0;21.0;30.0;20.0
1778;UNIVERSIDAD DE LA SABANA;UNIVERSIDAD DE LA SABANA-CHIA;INGENIERIA DE PRODUCCION AGROINDUSTRIAL;INGENIERÍA AGROINDUSTRIAL, ALIMENTOS Y AFINES;CUNDINAMARCA;CHÍA;7;183.0;188.0;191.0;177.0;167.0;191.0;18.0;21.0;21.0;24.0;56.0
5123;UNIVERSIDAD DE LA SABANA;UNIVERSIDAD DE LA SABANA-CHIA;INGENIERIA INDUSTRIAL;INGENIERÍA INDUSTRIAL Y AFINES;CUNDINAMARCA;CHÍA;111;185.0;183.0;187.0;180.0;168.0;204.0;24.0;26.0;30.0;26.0;30.0
5676;UNIVERSIDAD DE LA SABANA;UNIVERSIDAD DE LA SABANA-CHIA;INGENIERIA INFORMATICA;INGENIERÍA DE SISTEMAS, TELEMÁTICA Y AFINES;CUNDINAMARCA;CHÍA;66;190.0;191.0;197.0;184.0;168.0;212.0;19.0;27.0;26.0;34.0;31.0
7378;UNIVERSIDAD DE LA SABANA;UNIVERSIDAD DE LA SABANA-CHIA;INGENIERIA MECANICA;INGENIERÍA MECÁNICA Y AFINES;CUNDINAMARCA;CHÍA;62;184.0;183.0;196.0;178.0;157.0;205.0;20.0;21.0;29.0;32.0;32.0
763;UNIVERSIDAD DE LA SABANA;UNIVERSIDAD DE LA SABANA-CHIA;INGENIERIA QUIMICA;INGENIERÍA QUÍMICA Y AFINES;CUNDINAMARCA;CHÍA;58;186.0;185.0;194.0;182.0;170.0;197.0;21.0;29.0;23.0;24.0;19.0
8833;UNIVERSIDAD DE LA SABANA;UNIVERSIDAD DE LA SABANA-CHIA;INGENIERÍA CIVIL;INGENIERÍA CIVIL Y AFINES;CUNDINAMARCA;CHÍA;32;181.0;178.0;192.0;171.0;172.0;193.0;22.0;26.0;28.0;40.0;26.0
28283;UNIVERSIDAD DE LA SABANA;UNIVERSIDAD DE LA SABANA-CHIA;INGENIERÍA DE BIOPRODUCCIÓN;INGENIERÍA AGROINDUSTRIAL, ALIMENTOS Y AFINES;CUNDINAMARCA;CHÍA;3;176.0;184.0;178.0;185.0;144.0;188.0;11.0;29.0;16.0;27.0;28.0
9496;UNIVERSIDAD DE LA SABANA;UNIVERSIDAD DE LA SABANA-CHIA;LICENCIATURA EN CIENCIAS NATURALES;EDUCACIÓN;CUNDINAMARCA;CHÍA;4;185.0;188.0;179.0;181.0;181.0;194.0;18.0;16.0;20.0;4.0;14.0
16492;UNIVERSIDAD DE LA SABANA;UNIVERSIDAD DE LA SABANA-CHIA;LICENCIATURA EN EDUCACION BASICA CON ENFASIS EN CIENCIAS SOCIALES;EDUCACIÓN;CUNDINAMARCA;CHÍA;1;130.0;150.0;74.0;122.0;192.0;110.0;0.0;0.0;0.0;0.0;0.0
9687;UNIVERSIDAD DE LA SABANA;UNIVERSIDAD DE LA SABANA-CHIA;LICENCIATURA EN EDUCACIÓN INFANTIL;EDUCACIÓN;CUNDINAMARCA;CHÍA;24;169.0;172.0;147.0;157.0;183.0;184.0;26.0;24.0;27.0;41.0;24.0
1444;UNIVERSIDAD DE LA SABANA;UNIVERSIDAD DE LA SABANA-CHIA;MEDICINA;MEDICINA;CUNDINAMARCA;CHÍA;170;187.0;187.0;177.0;185.0;176.0;211.0;19.0;24.0;22.0;39.0;28.0
6823;UNIVERSIDAD DE LA SABANA;UNIVERSIDAD DE LA SABANA-CHIA;PSICOLOGIA;PSICOLOGÍA;CUNDINAMARCA;CHÍA;106;180.0;184.0;158.0;178.0;172.0;208.0;20.0;26.0;26.0;40.0;33.0
454;UNIVERSIDAD DE LA SALLE;UNIVERSIDAD DE LA SALLE-BOGOTÁ D.C.;ADMINISTRACION DE EMPRESAS;ADMINISTRACIÓN;BOGOTÁ;BOGOTÁ D.C.;89;151.0;152.0;145.0;148.0;145.0;164.0;28.0;24.0;32.0;33.0;30.0
9784;UNIVERSIDAD DE LA SALLE;UNIVERSIDAD DE LA SALLE-BOGOTÁ D.C.;ADMINISTRACIÓN DE AGRONEGOCIOS;ADMINISTRACIÓN;BOGOTÁ;BOGOTÁ D.C.;16;150.0;146.0;145.0;132.0;155.0;171.0;36.0;28.0;35.0;19.0;32.0
28486;UNIVERSIDAD DE LA SALLE;UNIVERSIDAD DE LA SALLE-BOGOTÁ D.C.;ARCHIVISTICA E INTELIGENCIA DE NEGOCIOS;BIBLIOTECOLOGÍA, OTROS DE CIENCIAS SOCIALES Y HUMANAS;BOGOTÁ;BOGOTÁ D.C.;33;136.0;138.0;121.0;138.0;144.0;139.0;24.0;25.0;29.0;49.0;21.0
455;UNIVERSIDAD DE LA SALLE;UNIVERSIDAD DE LA SALLE-BOGOTÁ D.C.;ARQUITECTURA;ARQUITECTURA;BOGOTÁ;BOGOTÁ D.C.;92;161.0;161.0;154.0;155.0;159.0;175.0;26.0;26.0;30.0;23.0;22.0
16946;UNIVERSIDAD DE LA SALLE;UNIVERSIDAD DE LA SALLE-BOGOTÁ D.C.;ARQUITECTURA;ARQUITECTURA;BOGOTÁ;BOGOTÁ D.C.;5;155.0;163.0;171.0;117.0;150.0;176.0;21.0;26.0;70.0;23.0;35.0
28307;UNIVERSIDAD DE LA SALLE;UNIVERSIDAD DE LA SALLE-BOGOTÁ D.C.;BIBLIOTECOLOGÍA Y ESTUDIOS DE LA INFORMACIÓN;BIBLIOTECOLOGÍA, OTROS DE CIENCIAS SOCIALES Y HUMANAS;BOGOTÁ;BOGOTÁ D.C.;9;142.0;135.0;122.0;138.0;151.0;163.0;38.0;32.0;37.0;25.0;35.0
360;UNIVERSIDAD DE LA SALLE;UNIVERSIDAD DE LA SALLE-BOGOTÁ D.C.;BIOLOGÍA;BIOLOGÍA, MICROBIOLOGÍA Y AFINES;BOGOTÁ;BOGOTÁ D.C.;23;163.0;170.0;157.0;163.0;143.0;184.0;27.0;30.0;34.0;38.0;20.0
49;UNIVERSIDAD DE LA SALLE;UNIVERSIDAD DE LA SALLE-BOGOTÁ D.C.;CONTADURIA PUBLICA;CONTADURÍA PUBLICA;BOGOTÁ;BOGOTÁ D.C.;39;148.0;148.0;144.0;142.0;153.0;152.0;26.0;22.0;29.0;42.0;26.0
28241;UNIVERSIDAD DE LA SALLE;UNIVERSIDAD DE LA SALLE-BOGOTÁ D.C.;DISEÑO INDUSTRIAL;DISEÑO;BOGOTÁ;BOGOTÁ D.C.;6;152.0;155.0;140.0;127.0;156.0;181.0;31.0;32.0;31.0;23.0;19.0
28185;UNIVERSIDAD DE LA SALLE;UNIVERSIDAD DE LA SALLE-BOGOTÁ D.C.;DISEÑO VISUAL;DISEÑO;BOGOTÁ;BOGOTÁ D.C.;9;165.0;180.0;152.0;161.0;144.0;187.0;20.0;18.0;21.0;21.0;14.0
3662;UNIVERSIDAD DE LA SALLE;UNIVERSIDAD DE LA SALLE-BOGOTÁ D.C.;ECONOMIA;ECONOMÍA;BOGOTÁ;BOGOTÁ D.C.;40;161.0;159.0;154.0;159.0;164.0;168.0;29.0;26.0;28.0;36.0;25.0
2358;UNIVERSIDAD DE LA SALLE;UNIVERSIDAD DE LA SALLE-BOGOTÁ D.C.;FILOSOFIA Y LETRAS;FILOSOFÍA, TEOLOGÍA Y AFINES;BOGOTÁ;BOGOTÁ D.C.;13;169.0;183.0;143.0;175.0;166.0;177.0;21.0;32.0;24.0;46.0;45.0
6654;UNIVERSIDAD DE LA SALLE;UNIVERSIDAD DE LA SALLE-BOGOTÁ D.C.;FINANZAS Y COMERCIO INTERNACIONAL;ECONOMÍA;BOGOTÁ;BOGOTÁ D.C.;154;158.0;158.0;153.0;149.0;154.0;176.0;28.0;24.0;29.0;29.0;19.0
31721;UNIVERSIDAD DE LA SALLE;UNIVERSIDAD DE LA SALLE-BOGOTÁ D.C.;Finanzas y Comercio Internacional;ECONOMÍA;BOGOTÁ;BOGOTÁ D.C.;1;176.0;175.0;165.0;214.0;166.0;160.0;0.0;0.0;0.0;0.0;0.0
3663;UNIVERSIDAD DE LA SALLE;UNIVERSIDAD DE LA SALLE-BOGOTÁ D.C.;INGENIERIA AMBIENTAL Y SANITARIA;INGENIERÍA AMBIENTAL, SANITARIA Y AFINES;BOGOTÁ;BOGOTÁ D.C.;17;164.0;167.0;165.0;153.0;161.0;171.0;30.0;24.0;34.0;44.0;27.0
1338;UNIVERSIDAD DE LA SALLE;UNIVERSIDAD DE LA SALLE-BOGOTÁ D.C.;INGENIERIA CIVIL;INGENIERÍA CIVIL Y AFINES;BOGOTÁ;BOGOTÁ D.C.;42;159.0;155.0;177.0;144.0;149.0;169.0;25.0;23.0;27.0;33.0;18.0
6802;UNIVERSIDAD DE LA SALLE;UNIVERSIDAD DE LA SALLE-BOGOTÁ D.C.;INGENIERIA DE ALIMENTOS;INGENIERÍA AGROINDUSTRIAL, ALIMENTOS Y AFINES;BOGOTÁ;BOGOTÁ D.C.;14;164.0;164.0;167.0;156.0;161.0;173.0;34.0;37.0;33.0;30.0;25.0
1752;UNIVERSIDAD DE LA SALLE;UNIVERSIDAD DE LA SALLE-BOGOTÁ D.C.;INGENIERIA DE DISEÑO Y AUTOMATIZACION ELECTRONICA;INGENIERÍA ELECTRÓNICA, TELECOMUNICACIONES Y AFINES;BOGOTÁ;BOGOTÁ D.C.;4;177.0;174.0;185.0;185.0;150.0;192.0;21.0;23.0;14.0;26.0;15.0
895;UNIVERSIDAD DE LA SALLE;UNIVERSIDAD DE LA SALLE-BOGOTÁ D.C.;INGENIERIA ELECTRICA;INGENIERÍA ELÉCTRICA Y AFINES;BOGOTÁ;BOGOTÁ D.C.;18;151.0;143.0;161.0;134.0;142.0;176.0;37.0;24.0;38.0;42.0;39.0
6639;UNIVERSIDAD DE LA SALLE;UNIVERSIDAD DE LA SALLE-BOGOTÁ D.C.;INGENIERIA EN AUTOMATIZACIÓN;INGENIERÍA ELECTRÓNICA, TELECOMUNICACIONES Y AFINES;BOGOTÁ;BOGOTÁ D.C.;9;172.0;170.0;186.0;161.0;158.0;185.0;22.0;14.0;18.0;25.0;22.0
790;UNIVERSIDAD DE LA SALLE;UNIVERSIDAD DE LA SALLE-BOGOTÁ D.C.;INGENIERIA INDUSTRIAL;INGENIERÍA INDUSTRIAL Y AFINES;BOGOTÁ;BOGOTÁ D.C.;23;160.0;160.0;165.0;148.0;160.0;169.0;24.0;26.0;35.0;36.0;27.0
9738;UNIVERSIDAD DE LA SALLE;UNIVERSIDAD DE LA SALLE-BOGOTÁ D.C.;INGENIERIA QUIMICA;INGENIERÍA QUÍMICA Y AFINES;BOGOTÁ;BOGOTÁ D.C.;27;160.0;167.0;173.0;149.0;133.0;176.0;27.0;24.0;33.0;55.0;25.0
1661;UNIVERSIDAD DE LA SALLE;UNIVERSIDAD DE LA SALLE-BOGOTÁ D.C.;INGENIERÍA AGRONÓMICA;INGENIERÍA AGRONÓMICA, PECUARIA Y AFINES;BOGOTÁ;BOGOTÁ D.C.;32;137.0;143.0;138.0;134.0;139.0;130.0;22.0;20.0;20.0;42.0;19.0
27919;UNIVERSIDAD DE LA SALLE;UNIVERSIDAD DE LA SALLE-BOGOTÁ D.C.;INGENIERÍA AGROPECUARIA;INGENIERÍA AGRONÓMICA, PECUARIA Y AFINES;BOGOTÁ;BOGOTÁ D.C.;19;132.0;138.0;129.0;124.0;140.0;129.0;21.0;27.0;27.0;40.0;19.0
24979;UNIVERSIDAD DE LA SALLE;UNIVERSIDAD DE LA SALLE-BOGOTÁ D.C.;LICENCIATURA EN CIENCIAS NATURALES Y EDUCACIÓN AMBIENTAL;EDUCACIÓN;BOGOTÁ;BOGOTÁ D.C.;25;139.0;138.0;130.0;139.0;154.0;136.0;27.0;32.0;25.0;22.0;23.0
1076;UNIVERSIDAD DE LA SALLE;UNIVERSIDAD DE LA SALLE-BOGOTÁ D.C.;LICENCIATURA EN EDUCACION RELIGIOSA;EDUCACIÓN;BOGOTÁ;BOGOTÁ D.C.;6;157.0;156.0;134.0;161.0;183.0;148.0;33.0;40.0;22.0;58.0;25.0
24819;UNIVERSIDAD DE LA SALLE;UNIVERSIDAD DE LA SALLE-BOGOTÁ D.C.;LICENCIATURA EN EDUCACIÓN BÁSICA PRIMARIA;EDUCACIÓN;BOGOTÁ;BOGOTÁ D.C.;38;140.0;146.0;133.0;135.0;144.0;142.0;28.0;32.0;41.0;26.0;38.0
9674;UNIVERSIDAD DE LA SALLE;UNIVERSIDAD DE LA SALLE-BOGOTÁ D.C.;LICENCIATURA EN ESPAÑOL Y LENGUAS EXTRANJERAS;EDUCACIÓN;BOGOTÁ;BOGOTÁ D.C.;117;164.0;169.0;140.0;157.0;156.0;198.0;26.0;25.0;28.0;29.0;26.0
25778;UNIVERSIDAD DE LA SALLE;UNIVERSIDAD DE LA SALLE-BOGOTÁ D.C.;LICENCIATURA EN LITERATURA Y LENGUA CASTELLANA;EDUCACIÓN;BOGOTÁ;BOGOTÁ D.C.;31;148.0;159.0;126.0;143.0;157.0;154.0;26.0;25.0;34.0;47.0;29.0
3030;UNIVERSIDAD DE LA SALLE;UNIVERSIDAD DE LA SALLE-BOGOTÁ D.C.;MEDICINA VETERINARIA;MEDICINA VETERINARIA;BOGOTÁ;BOGOTÁ D.C.;133;158.0;160.0;150.0;148.0;156.0;178.0;25.0;26.0;32.0;34.0;27.0
4431;UNIVERSIDAD DE LA SALLE;UNIVERSIDAD DE LA SALLE-BOGOTÁ D.C.;NEGOCIOS Y RELACIONES INTERNACIONALES;ECONOMÍA;BOGOTÁ;BOGOTÁ D.C.;138;166.0;167.0;153.0;163.0;159.0;190.0;24.0;26.0;29.0;31.0;21.0
32091;UNIVERSIDAD DE LA SALLE;UNIVERSIDAD DE LA SALLE-BOGOTÁ D.C.;Negocios y Relaciones Internacionales;SIN CLASIFICAR;BOGOTÁ;BOGOTÁ D.C.;1;151.0;168.0;145.0;122.0;168.0;150.0;0.0;0.0;0.0;0.0;0.0
6803;UNIVERSIDAD DE LA SALLE;UNIVERSIDAD DE LA SALLE-BOGOTÁ D.C.;OPTOMETRÍA;OPTOMETRÍA, OTROS PROGRAMAS DE CIENCIAS DE LA SALUD;BOGOTÁ;BOGOTÁ D.C.;90;149.0;149.0;139.0;143.0;149.0;165.0;29.0;28.0;29.0;29.0;30.0
9712;UNIVERSIDAD DE LA SALLE;UNIVERSIDAD DE LA SALLE-BOGOTÁ D.C.;SISTEMAS DE INFORMACIÓN, BIBLIOTECOLOGÍA Y ARCHIVÍSTICA;BIBLIOTECOLOGÍA, OTROS DE CIENCIAS SOCIALES Y HUMANAS;BOGOTÁ;BOGOTÁ D.C.;3;124.0;129.0;128.0;100.0;114.0;150.0;37.0;33.0;12.0;33.0;22.0
6804;UNIVERSIDAD DE LA SALLE;UNIVERSIDAD DE LA SALLE-BOGOTÁ D.C.;TRABAJO SOCIAL;SOCIOLOGÍA, TRABAJO SOCIAL Y AFINES;BOGOTÁ;BOGOTÁ D.C.;49;146.0;152.0;129.0;148.0;146.0;153.0;28.0;26.0;33.0;46.0;29.0
896;UNIVERSIDAD DE LA SALLE;UNIVERSIDAD DE LA SALLE-BOGOTÁ D.C.;ZOOTECNIA;ZOOTECNIA;BOGOTÁ;BOGOTÁ D.C.;20;155.0;147.0;153.0;139.0;163.0;172.0;34.0;26.0;38.0;39.0;22.0
456;UNIVERSIDAD DE LOS ANDES;UNIVERSIDAD DE LOS ANDES-BOGOTÁ D.C.;ADMINISTRACION DE EMPRESAS;ADMINISTRACIÓN;BOGOTÁ;BOGOTÁ D.C.;343;179.0;174.0;173.0;168.0;169.0;213.0;32.0;28.0;38.0;29.0;36.0
3236;UNIVERSIDAD DE LOS ANDES;UNIVERSIDAD DE LOS ANDES-BOGOTÁ D.C.;ANTROPOLOGIA;ANTROPOLOGÍA, ARTES LIBERALES;BOGOTÁ;BOGOTÁ D.C.;13;180.0;191.0;159.0;178.0;173.0;200.0;25.0;36.0;28.0;23.0;16.0
897;UNIVERSIDAD DE LOS ANDES;UNIVERSIDAD DE LOS ANDES-BOGOTÁ D.C.;ARQUITECTURA;ARQUITECTURA;BOGOTÁ;BOGOTÁ D.C.;160;181.0;180.0;175.0;173.0;168.0;210.0;26.0;23.0;25.0;33.0;30.0
5302;UNIVERSIDAD DE LOS ANDES;UNIVERSIDAD DE LOS ANDES-BOGOTÁ D.C.;ARTE;ARTES PLÁSTICAS, VISUALES Y AFINES;BOGOTÁ;BOGOTÁ D.C.;45;171.0;175.0;150.0;164.0;162.0;204.0;29.0;36.0;34.0;44.0;24.0
2713;UNIVERSIDAD DE LOS ANDES;UNIVERSIDAD DE LOS ANDES-BOGOTÁ D.C.;BIOLOGIA;BIOLOGÍA, MICROBIOLOGÍA Y AFINES;BOGOTÁ;BOGOTÁ D.C.;37;199.0;196.0;196.0;197.0;173.0;232.0;22.0;30.0;31.0;22.0;43.0
1940;UNIVERSIDAD DE LOS ANDES;UNIVERSIDAD DE LOS ANDES-BOGOTÁ D.C.;CIENCIA POLITICA;CIENCIA POLÍTICA, RELACIONES INTERNACIONALES;BOGOTÁ;BOGOTÁ D.C.;73;188.0;194.0;164.0;199.0;171.0;215.0;21.0;26.0;35.0;34.0;39.0
9783;UNIVERSIDAD DE LOS ANDES;UNIVERSIDAD DE LOS ANDES-BOGOTÁ D.C.;CONTADURÍA INTERNACIONAL;CONTADURÍA PUBLICA;BOGOTÁ;BOGOTÁ D.C.;1;169.0;172.0;161.0;145.0;164.0;202.0;0.0;0.0;0.0;0.0;0.0
1753;UNIVERSIDAD DE LOS ANDES;UNIVERSIDAD DE LOS ANDES-BOGOTÁ D.C.;DERECHO;DERECHO Y AFINES;BOGOTÁ;BOGOTÁ D.C.;254;187.0;191.0;163.0;193.0;178.0;212.0;23.0;30.0;29.0;41.0;33.0
3803;UNIVERSIDAD DE LOS ANDES;UNIVERSIDAD DE LOS ANDES-BOGOTÁ D.C.;DISEÑO;DISEÑO;BOGOTÁ;BOGOTÁ D.C.;196;174.0;173.0;158.0;158.0;168.0;210.0;31.0;30.0;32.0;34.0;32.0
457;UNIVERSIDAD DE LOS ANDES;UNIVERSIDAD DE LOS ANDES-BOGOTÁ D.C.;ECONOMIA;ECONOMÍA;BOGOTÁ;BOGOTÁ D.C.;219;190.0;185.0;187.0;181.0;176.0;218.0;30.0;30.0;38.0;40.0;41.0
27925;UNIVERSIDAD DE LOS ANDES;UNIVERSIDAD DE LOS ANDES-BOGOTÁ D.C.;ESTUDIOS GLOBALES;SOCIOLOGÍA, TRABAJO SOCIAL Y AFINES;BOGOTÁ;BOGOTÁ D.C.;17;185.0;186.0;158.0;187.0;179.0;214.0;33.0;25.0;24.0;39.0;34.0
6959;UNIVERSIDAD DE LOS ANDES;UNIVERSIDAD DE LOS ANDES-BOGOTÁ D.C.;FILOSOFIA;FILOSOFÍA, TEOLOGÍA Y AFINES;BOGOTÁ;BOGOTÁ D.C.;12;199.0;207.0;175.0;197.0;181.0;236.0;12.0;18.0;15.0;42.0;39.0
4214;UNIVERSIDAD DE LOS ANDES;UNIVERSIDAD DE LOS ANDES-BOGOTÁ D.C.;FISICA;FÍSICA;BOGOTÁ;BOGOTÁ D.C.;66;202.0;201.0;218.0;191.0;179.0;218.0;26.0;36.0;36.0;36.0;50.0
773;UNIVERSIDAD DE LOS ANDES;UNIVERSIDAD DE LOS ANDES-BOGOTÁ D.C.;GEOCIENCIAS;GEOLOGÍA, OTROS PROGRAMAS DE CIENCIAS NATURALES;BOGOTÁ;BOGOTÁ D.C.;6;189.0;178.0;202.0;193.0;155.0;219.0;30.0;66.0;42.0;22.0;41.0
5921;UNIVERSIDAD DE LOS ANDES;UNIVERSIDAD DE LOS ANDES-BOGOTÁ D.C.;GOBIERNO Y ASUNTOS PUBLICOS;ADMINISTRACIÓN;BOGOTÁ;BOGOTÁ D.C.;23;195.0;192.0;177.0;201.0;193.0;213.0;30.0;26.0;26.0;45.0;30.0
2838;UNIVERSIDAD DE LOS ANDES;UNIVERSIDAD DE LOS ANDES-BOGOTÁ D.C.;HISTORIA;GEOGRAFÍA, HISTORIA;BOGOTÁ;BOGOTÁ D.C.;7;183.0;193.0;160.0;183.0;159.0;219.0;31.0;40.0;43.0;23.0;42.0
377;UNIVERSIDAD DE LOS ANDES;UNIVERSIDAD DE LOS ANDES-BOGOTÁ D.C.;HISTORIA DEL ARTE;GEOGRAFÍA, HISTORIA;BOGOTÁ;BOGOTÁ D.C.;9;186.0;190.0;156.0;178.0;165.0;243.0;31.0;37.0;31.0;30.0;43.0
5546;UNIVERSIDAD DE LOS ANDES;UNIVERSIDAD DE LOS ANDES-BOGOTÁ D.C.;INGENIERIA AMBIENTAL;INGENIERÍA AMBIENTAL, SANITARIA Y AFINES;BOGOTÁ;BOGOTÁ D.C.;26;188.0;186.0;198.0;175.0;167.0;215.0;17.0;28.0;26.0;39.0;39.0
7136;UNIVERSIDAD DE LOS ANDES;UNIVERSIDAD DE LOS ANDES-BOGOTÁ D.C.;INGENIERIA BIOMEDICA;INGENIERÍA BIOMÉDICA Y AFINES;BOGOTÁ;BOGOTÁ D.C.;100;196.0;195.0;206.0;189.0;171.0;220.0;24.0;30.0;32.0;27.0;39.0
4671;UNIVERSIDAD DE LOS ANDES;UNIVERSIDAD DE LOS ANDES-BOGOTÁ D.C.;INGENIERIA CIVIL;INGENIERÍA CIVIL Y AFINES;BOGOTÁ;BOGOTÁ D.C.;88;185.0;181.0;198.0;175.0;168.0;203.0;26.0;28.0;27.0;28.0;32.0
25133;UNIVERSIDAD DE LOS ANDES;UNIVERSIDAD DE LOS ANDES-BOGOTÁ D.C.;INGENIERIA DE ALIMENTOS;INGENIERÍA AGROINDUSTRIAL, ALIMENTOS Y AFINES;BOGOTÁ;BOGOTÁ D.C.;10;179.0;171.0;185.0;176.0;161.0;203.0;23.0;15.0;34.0;22.0;18.0
898;UNIVERSIDAD DE LOS ANDES;UNIVERSIDAD DE LOS ANDES-BOGOTÁ D.C.;INGENIERIA DE SISTEMAS Y COMPUTACION;INGENIERÍA DE SISTEMAS, TELEMÁTICA Y AFINES;BOGOTÁ;BOGOTÁ D.C.;220;194.0;189.0;201.0;186.0;173.0;223.0;26.0;29.0;28.0;29.0;39.0
50;UNIVERSIDAD DE LOS ANDES;UNIVERSIDAD DE LOS ANDES-BOGOTÁ D.C.;INGENIERIA ELECTRICA;INGENIERÍA ELÉCTRICA Y AFINES;BOGOTÁ;BOGOTÁ D.C.;18;188.0;177.0;200.0;182.0;166.0;213.0;35.0;34.0;33.0;45.0;35.0
3031;UNIVERSIDAD DE LOS ANDES;UNIVERSIDAD DE LOS ANDES-BOGOTÁ D.C.;INGENIERIA ELECTRONICA;INGENIERÍA ELECTRÓNICA, TELECOMUNICACIONES Y AFINES;BOGOTÁ;BOGOTÁ D.C.;42;198.0;190.0;215.0;187.0;173.0;224.0;24.0;35.0;29.0;24.0;39.0
899;UNIVERSIDAD DE LOS ANDES;UNIVERSIDAD DE LOS ANDES-BOGOTÁ D.C.;INGENIERIA INDUSTRIAL;INGENIERÍA INDUSTRIAL Y AFINES;BOGOTÁ;BOGOTÁ D.C.;250;185.0;177.0;192.0;169.0;170.0;216.0;30.0;29.0;36.0;27.0;33.0
6396;UNIVERSIDAD DE LOS ANDES;UNIVERSIDAD DE LOS ANDES-BOGOTÁ D.C.;INGENIERIA MECANICA;INGENIERÍA MECÁNICA Y AFINES;BOGOTÁ;BOGOTÁ D.C.;83;195.0;187.0;208.0;182.0;174.0;223.0;28.0;32.0;33.0;25.0;43.0
4791;UNIVERSIDAD DE LOS ANDES;UNIVERSIDAD DE LOS ANDES-BOGOTÁ D.C.;INGENIERIA QUIMICA;INGENIERÍA QUÍMICA Y AFINES;BOGOTÁ;BOGOTÁ D.C.;37;194.0;195.0;207.0;184.0;170.0;213.0;29.0;28.0;30.0;32.0;29.0
9540;UNIVERSIDAD DE LOS ANDES;UNIVERSIDAD DE LOS ANDES-BOGOTÁ D.C.;LENGUAS Y CULTURA;LENGUAS MODERNAS, LITERATURA, LINGÜÍSTICA Y AFINES;BOGOTÁ;BOGOTÁ D.C.;29;185.0;196.0;160.0;182.0;160.0;226.0;32.0;30.0;31.0;29.0;35.0
9668;UNIVERSIDAD DE LOS ANDES;UNIVERSIDAD DE LOS ANDES-BOGOTÁ D.C.;LICENCIATURA EN ARTES;EDUCACIÓN;BOGOTÁ;BOGOTÁ D.C.;4;175.0;191.0;164.0;177.0;134.0;207.0;29.0;14.0;34.0;11.0;17.0
20738;UNIVERSIDAD DE LOS ANDES;UNIVERSIDAD DE LOS ANDES-BOGOTÁ D.C.;LICENCIATURA EN BIOLOGIA;EDUCACIÓN;BOGOTÁ;BOGOTÁ D.C.;1;167.0;171.0;165.0;167.0;174.0;159.0;0.0;0.0;0.0;0.0;0.0
20667;UNIVERSIDAD DE LOS ANDES;UNIVERSIDAD DE LOS ANDES-BOGOTÁ D.C.;LICENCIATURA EN EDUCACIÓN INFANTIL;EDUCACIÓN;BOGOTÁ;BOGOTÁ D.C.;7;182.0;189.0;166.0;175.0;184.0;196.0;21.0;23.0;25.0;11.0;22.0
20713;UNIVERSIDAD DE LOS ANDES;UNIVERSIDAD DE LOS ANDES-BOGOTÁ D.C.;LICENCIATURA EN ESPAÑOL Y FILOLOGÍA;EDUCACIÓN;BOGOTÁ;BOGOTÁ D.C.;1;176.0;186.0;151.0;172.0;161.0;209.0;0.0;0.0;0.0;0.0;0.0
20666;UNIVERSIDAD DE LOS ANDES;UNIVERSIDAD DE LOS ANDES-BOGOTÁ D.C.;LICENCIATURA EN HISTORIA;EDUCACIÓN;BOGOTÁ;BOGOTÁ D.C.;1;168.0;190.0;112.0;187.0;158.0;195.0;0.0;0.0;0.0;0.0;0.0
9527;UNIVERSIDAD DE LOS ANDES;UNIVERSIDAD DE LOS ANDES-BOGOTÁ D.C.;LICENCIATURA EN MATEMÁTICAS;EDUCACIÓN;BOGOTÁ;BOGOTÁ D.C.;4;199.0;190.0;248.0;198.0;154.0;205.0;24.0;61.0;21.0;34.0;13.0
1520;UNIVERSIDAD DE LOS ANDES;UNIVERSIDAD DE LOS ANDES-BOGOTÁ D.C.;LITERATURA;LENGUAS MODERNAS, LITERATURA, LINGÜÍSTICA Y AFINES;BOGOTÁ;BOGOTÁ D.C.;21;193.0;201.0;170.0;176.0;187.0;228.0;36.0;28.0;34.0;41.0;43.0
96;UNIVERSIDAD DE LOS ANDES;UNIVERSIDAD DE LOS ANDES-BOGOTÁ D.C.;MATEMATICAS;MATEMÁTICAS, ESTADÍSTICA Y AFINES;BOGOTÁ;BOGOTÁ D.C.;13;216.0;211.0;269.0;207.0;161.0;235.0;31.0;42.0;16.0;17.0;46.0
4819;UNIVERSIDAD DE LOS ANDES;UNIVERSIDAD DE LOS ANDES-BOGOTÁ D.C.;MEDICINA;MEDICINA;BOGOTÁ;BOGOTÁ D.C.;85;192.0;197.0;189.0;193.0;171.0;212.0;16.0;23.0;21.0;29.0;24.0
6580;UNIVERSIDAD DE LOS ANDES;UNIVERSIDAD DE LOS ANDES-BOGOTÁ D.C.;MICROBIOLOGIA;BIOLOGÍA, MICROBIOLOGÍA Y AFINES;BOGOTÁ;BOGOTÁ D.C.;33;189.0;188.0;187.0;188.0;165.0;219.0;19.0;20.0;22.0;19.0;47.0
4850;UNIVERSIDAD DE LOS ANDES;UNIVERSIDAD DE LOS ANDES-BOGOTÁ D.C.;MUSICA;MÚSICA;BOGOTÁ;BOGOTÁ D.C.;37;180.0;174.0;178.0;166.0;162.0;221.0;35.0;38.0;35.0;43.0;39.0
20761;UNIVERSIDAD DE LOS ANDES;UNIVERSIDAD DE LOS ANDES-BOGOTÁ D.C.;NARRATIVAS DIGITALES;COMUNICACIÓN SOCIAL, PERIODISMO Y AFINES;BOGOTÁ;BOGOTÁ D.C.;41;174.0;180.0;157.0;161.0;161.0;210.0;30.0;30.0;35.0;26.0;25.0
2204;UNIVERSIDAD DE LOS ANDES;UNIVERSIDAD DE LOS ANDES-BOGOTÁ D.C.;PSICOLOGIA;PSICOLOGÍA;BOGOTÁ;BOGOTÁ D.C.;57;186.0;186.0;171.0;183.0;169.0;222.0;28.0;22.0;42.0;22.0;33.0
2812;UNIVERSIDAD DE LOS ANDES;UNIVERSIDAD DE LOS ANDES-BOGOTÁ D.C.;QUIMICA;QUÍMICA Y AFINES;BOGOTÁ;BOGOTÁ D.C.;11;193.0;195.0;196.0;184.0;166.0;226.0;24.0;24.0;43.0;29.0;37.0
4247;UNIVERSIDAD DE LOS LLANOS;UNIVERSIDAD DE LOS LLANOS-VILLAVICENCIO;ADMINISTRACION DE EMPRESAS;ADMINISTRACIÓN;META;VILLAVICENCIO;144;151.0;157.0;147.0;147.0;151.0;154.0;25.0;25.0;31.0;27.0;26.0
3948;UNIVERSIDAD DE LOS LLANOS;UNIVERSIDAD DE LOS LLANOS-VILLAVICENCIO;BIOLOGIA;BIOLOGÍA, MICROBIOLOGÍA Y AFINES;META;VILLAVICENCIO;35;164.0;171.0;164.0;164.0;148.0;172.0;24.0;19.0;21.0;45.0;18.0
269;UNIVERSIDAD DE LOS LLANOS;UNIVERSIDAD DE LOS LLANOS-VILLAVICENCIO;CONTADURIA PUBLICA;CONTADURÍA PUBLICA;META;VILLAVICENCIO;131;154.0;159.0;159.0;150.0;150.0;153.0;23.0;23.0;29.0;31.0;22.0
74;UNIVERSIDAD DE LOS LLANOS;UNIVERSIDAD DE LOS LLANOS-VILLAVICENCIO;ECONOMIA;ECONOMÍA;META;VILLAVICENCIO;55;158.0;162.0;154.0;164.0;156.0;156.0;24.0;20.0;25.0;33.0;21.0
6422;UNIVERSIDAD DE LOS LLANOS;UNIVERSIDAD DE LOS LLANOS-VILLAVICENCIO;ENFERMERIA;ENFERMERÍA;META;VILLAVICENCIO;63;160.0;167.0;153.0;162.0;153.0;164.0;27.0;21.0;25.0;30.0;21.0
28518;UNIVERSIDAD DE LOS LLANOS;UNIVERSIDAD DE LOS LLANOS-VILLAVICENCIO;FISIOTERAPIA;TERAPIAS;META;VILLAVICENCIO;25;160.0;170.0;152.0;162.0;155.0;163.0;17.0;29.0;26.0;27.0;31.0
6059;UNIVERSIDAD DE LOS LLANOS;UNIVERSIDAD DE LOS LLANOS-VILLAVICENCIO;INGENIERIA AGRONOMICA;INGENIERÍA AGRONÓMICA, PECUARIA Y AFINES;META;VILLAVICENCIO;55;157.0;162.0;167.0;157.0;151.0;150.0;27.0;29.0;30.0;39.0;22.0
5575;UNIVERSIDAD DE LOS LLANOS;UNIVERSIDAD DE LOS LLANOS-VILLAVICENCIO;INGENIERIA DE SISTEMAS;INGENIERÍA DE SISTEMAS, TELEMÁTICA Y AFINES;META;VILLAVICENCIO;42;177.0;180.0;186.0;176.0;156.0;187.0;20.0;17.0;25.0;36.0;24.0
1791;UNIVERSIDAD DE LOS LLANOS;UNIVERSIDAD DE LOS LLANOS-VILLAVICENCIO;INGENIERIA ELECTRONICA;INGENIERÍA ELECTRÓNICA, TELECOMUNICACIONES Y AFINES;META;VILLAVICENCIO;52;166.0;165.0;185.0;160.0;143.0;176.0;25.0;20.0;28.0;32.0;26.0
4996;UNIVERSIDAD DE LOS LLANOS;UNIVERSIDAD DE LOS LLANOS-VILLAVICENCIO;INGENIERÍA AGROINDUSTRIAL;INGENIERÍA AGROINDUSTRIAL, ALIMENTOS Y AFINES;META;VILLAVICENCIO;57;157.0;161.0;164.0;154.0;152.0;152.0;20.0;29.0;25.0;31.0;26.0
24944;UNIVERSIDAD DE LOS LLANOS;UNIVERSIDAD DE LOS LLANOS-VILLAVICENCIO;INGENIERÍA AMBIENTAL;INGENIERÍA AMBIENTAL, SANITARIA Y AFINES;META;VILLAVICENCIO;21;165.0;165.0;168.0;158.0;165.0;168.0;25.0;22.0;31.0;27.0;21.0
25756;UNIVERSIDAD DE LOS LLANOS;UNIVERSIDAD DE LOS LLANOS-VILLAVICENCIO;INGENIERÍA DE PROCESOS;INGENIERÍA QUÍMICA Y AFINES;META;VILLAVICENCIO;17;164.0;171.0;176.0;161.0;144.0;167.0;25.0;24.0;29.0;24.0;22.0
9659;UNIVERSIDAD DE LOS LLANOS;UNIVERSIDAD DE LOS LLANOS-VILLAVICENCIO;LICENCIATURA EN EDUCACION FISICA Y DEPORTE;EDUCACIÓN;META;VILLAVICENCIO;16;147.0;154.0;151.0;139.0;141.0;152.0;20.0;20.0;31.0;29.0;25.0
1016;UNIVERSIDAD DE LOS LLANOS;UNIVERSIDAD DE LOS LLANOS-VILLAVICENCIO;LICENCIATURA EN EDUCACION FISICA Y DEPORTES;EDUCACIÓN;META;VILLAVICENCIO;31;155.0;162.0;152.0;152.0;157.0;151.0;17.0;19.0;24.0;36.0;22.0
25757;UNIVERSIDAD DE LOS LLANOS;UNIVERSIDAD DE LOS LLANOS-VILLAVICENCIO;LICENCIATURA EN EDUCACIÓN CAMPESINA Y RURAL;EDUCACIÓN;META;VILLAVICENCIO;24;139.0;147.0;129.0;132.0;150.0;137.0;16.0;23.0;21.0;42.0;25.0
9715;UNIVERSIDAD DE LOS LLANOS;UNIVERSIDAD DE LOS LLANOS-VILLAVICENCIO;LICENCIATURA EN EDUCACIÓN INFANTIL;EDUCACIÓN;META;VILLAVICENCIO;46;149.0;159.0;133.0;150.0;152.0;151.0;25.0;27.0;24.0;34.0;20.0
9501;UNIVERSIDAD DE LOS LLANOS;UNIVERSIDAD DE LOS LLANOS-VILLAVICENCIO;LICENCIATURA EN MATEMATICAS;EDUCACIÓN;META;VILLAVICENCIO;38;162.0;162.0;179.0;151.0;165.0;152.0;27.0;21.0;32.0;42.0;24.0
2834;UNIVERSIDAD DE LOS LLANOS;UNIVERSIDAD DE LOS LLANOS-VILLAVICENCIO;LICENCIATURA EN MATEMATICAS Y FISICA;EDUCACIÓN;META;VILLAVICENCIO;3;131.0;114.0;156.0;95.0;160.0;131.0;15.0;24.0;17.0;23.0;9.0
3222;UNIVERSIDAD DE LOS LLANOS;UNIVERSIDAD DE LOS LLANOS-VILLAVICENCIO;LICENCIATURA EN PRODUCCION AGROPECUARIA;EDUCACIÓN;META;VILLAVICENCIO;1;134.0;146.0;150.0;106.0;164.0;105.0;0.0;0.0;0.0;0.0;0.0
4707;UNIVERSIDAD DE LOS LLANOS;UNIVERSIDAD DE LOS LLANOS-VILLAVICENCIO;MEDICINA VETERINARIA Y ZOOTECNIA;MEDICINA VETERINARIA;META;VILLAVICENCIO;66;161.0;171.0;159.0;160.0;153.0;161.0;19.0;23.0;23.0;27.0;27.0
285;UNIVERSIDAD DE LOS LLANOS;UNIVERSIDAD DE LOS LLANOS-VILLAVICENCIO;MERCADEO;ADMINISTRACIÓN;META;VILLAVICENCIO;47;157.0;163.0;150.0;154.0;157.0;161.0;17.0;20.0;29.0;40.0;24.0
1847;UNIVERSIDAD DE MANIZALES;UNIVERSIDAD DE MANIZALES-MANIZALES;ADMINISTRACION DE EMPRESAS;ADMINISTRACIÓN;CALDAS;MANIZALES;72;148.0;149.0;146.0;139.0;150.0;157.0;25.0;24.0;27.0;23.0;30.0
7956;UNIVERSIDAD DE MANIZALES;UNIVERSIDAD DE MANIZALES-MANIZALES;ADMINISTRACIÓN DE EMPRESAS;ADMINISTRACIÓN;CALDAS;MANIZALES;44;138.0;139.0;131.0;135.0;139.0;144.0;26.0;22.0;26.0;37.0;22.0
4270;UNIVERSIDAD DE MANIZALES;UNIVERSIDAD DE MANIZALES-MANIZALES;COMUNICACION SOCIAL Y PERIODISMO;COMUNICACIÓN SOCIAL, PERIODISMO Y AFINES;CALDAS;MANIZALES;22;150.0;155.0;136.0;154.0;149.0;158.0;42.0;22.0;63.0;50.0;45.0
5967;UNIVERSIDAD DE MANIZALES;UNIVERSIDAD DE MANIZALES-MANIZALES;CONTADURIA PUBLICA;CONTADURÍA PUBLICA;CALDAS;MANIZALES;60;140.0;138.0;141.0;136.0;140.0;144.0;28.0;22.0;29.0;34.0;25.0
7662;UNIVERSIDAD DE MANIZALES;UNIVERSIDAD DE MANIZALES-MANIZALES;CONTADURÍA PÚBLICA;CONTADURÍA PUBLICA;CALDAS;MANIZALES;86;146.0;145.0;141.0;143.0;152.0;147.0;26.0;26.0;32.0;29.0;27.0
478;UNIVERSIDAD DE MANIZALES;UNIVERSIDAD DE MANIZALES-MANIZALES;DERECHO;DERECHO Y AFINES;CALDAS;MANIZALES;131;150.0;155.0;137.0;160.0;151.0;148.0;27.0;27.0;32.0;32.0;36.0
4118;UNIVERSIDAD DE MANIZALES;UNIVERSIDAD DE MANIZALES-MANIZALES;ECONOMÍA;ECONOMÍA;CALDAS;MANIZALES;23;153.0;148.0;157.0;152.0;150.0;156.0;30.0;25.0;35.0;39.0;32.0
8646;UNIVERSIDAD DE MANIZALES;UNIVERSIDAD DE MANIZALES-MANIZALES;FINANZAS Y NEGOCIOS INTERNACIONALES;ADMINISTRACIÓN;CALDAS;MANIZALES;26;148.0;151.0;143.0;135.0;151.0;161.0;29.0;26.0;30.0;24.0;31.0
479;UNIVERSIDAD DE MANIZALES;UNIVERSIDAD DE MANIZALES-MANIZALES;INGENIERIA DE SISTEMAS Y TELECOMUNICACIONES;INGENIERÍA DE SISTEMAS, TELEMÁTICA Y AFINES;CALDAS;MANIZALES;62;151.0;154.0;156.0;133.0;144.0;167.0;31.0;28.0;37.0;30.0;34.0
24966;UNIVERSIDAD DE MANIZALES;UNIVERSIDAD DE MANIZALES-MANIZALES;INGENIERIA EN SEGURIDAD DE LA INFORMACION;INGENIERÍA DE SISTEMAS, TELEMÁTICA Y AFINES;CALDAS;MANIZALES;4;157.0;160.0;159.0;145.0;144.0;179.0;18.0;24.0;27.0;24.0;35.0
31729;UNIVERSIDAD DE MANIZALES;UNIVERSIDAD DE MANIZALES-MANIZALES;INGENIERIA EN SEGURIDAD DE LA INFORMACION;SIN CLASIFICAR;CALDAS;MANIZALES;1;142.0;122.0;117.0;174.0;138.0;158.0;0.0;0.0;0.0;0.0;0.0
25318;UNIVERSIDAD DE MANIZALES;UNIVERSIDAD DE MANIZALES-MANIZALES;INGENIERÍA EN ANALÍTICA DE DATOS;INGENIERÍA DE SISTEMAS, TELEMÁTICA Y AFINES;CALDAS;MANIZALES;19;154.0;159.0;157.0;140.0;157.0;156.0;23.0;33.0;35.0;25.0;34.0
25625;UNIVERSIDAD DE MANIZALES;UNIVERSIDAD DE MANIZALES-MANIZALES;INGENIERÍA LOGÍSTICA;INGENIERÍA QUÍMICA Y AFINES;CALDAS;MANIZALES;6;143.0;145.0;144.0;129.0;154.0;143.0;17.0;28.0;14.0;24.0;14.0
3145;UNIVERSIDAD DE MANIZALES;UNIVERSIDAD DE MANIZALES-MANIZALES;MEDICINA;MEDICINA;CALDAS;MANIZALES;68;169.0;176.0;168.0;166.0;149.0;184.0;27.0;21.0;29.0;30.0;36.0
8730;UNIVERSIDAD DE MANIZALES;UNIVERSIDAD DE MANIZALES-MANIZALES;MERCADEO;ADMINISTRACIÓN;CALDAS;MANIZALES;7;149.0;146.0;145.0;149.0;146.0;162.0;26.0;28.0;25.0;24.0;23.0
4336;UNIVERSIDAD DE MANIZALES;UNIVERSIDAD DE MANIZALES-MANIZALES;MERCADEO NACIONAL E INTERNACIONAL;ADMINISTRACIÓN;CALDAS;MANIZALES;80;148.0;145.0;137.0;142.0;154.0;164.0;31.0;30.0;33.0;26.0;27.0
28150;UNIVERSIDAD DE MANIZALES;UNIVERSIDAD DE MANIZALES-MANIZALES;MERCADEO NACIONAL E INTERNACIONAL;ADMINISTRACIÓN;CALDAS;MANIZALES;26;140.0;141.0;124.0;139.0;148.0;148.0;20.0;23.0;22.0;24.0;18.0
5110;UNIVERSIDAD DE MANIZALES;UNIVERSIDAD DE MANIZALES-MANIZALES;PSICOLOGIA;PSICOLOGÍA;CALDAS;MANIZALES;36;151.0;159.0;135.0;144.0;147.0;168.0;28.0;26.0;32.0;42.0;31.0
1839;UNIVERSIDAD DE MEDELLIN;UNIVERSIDAD DE MEDELLIN-MEDELLIN;ADMINISTRACION DE EMPRESAS;ADMINISTRACIÓN;ANTIOQUIA;MEDELLÍN;42;153.0;157.0;143.0;151.0;150.0;163.0;28.0;30.0;28.0;31.0;21.0
6468;UNIVERSIDAD DE MEDELLIN;UNIVERSIDAD DE MEDELLIN-MEDELLIN;ADMINISTRACION DE EMPRESAS TURISTICAS;ADMINISTRACIÓN;ANTIOQUIA;MEDELLÍN;1;131.0;100.0;112.0;141.0;147.0;154.0;0.0;0.0;0.0;0.0;0.0
8573;UNIVERSIDAD DE MEDELLIN;UNIVERSIDAD DE MEDELLIN-MEDELLIN;ADMINISTRACIÓN DE AGRONEGOCIOS;ADMINISTRACIÓN;ANTIOQUIA;MEDELLÍN;3;147.0;149.0;126.0;160.0;126.0;173.0;32.0;24.0;14.0;6.0;24.0
9776;UNIVERSIDAD DE MEDELLIN;UNIVERSIDAD DE MEDELLIN-MEDELLIN;CIENCIA POLÍTICA;CIENCIA POLÍTICA, RELACIONES INTERNACIONALES;ANTIOQUIA;MEDELLÍN;9;152.0;171.0;119.0;174.0;142.0;153.0;26.0;25.0;32.0;60.0;34.0
7430;UNIVERSIDAD DE MEDELLIN;UNIVERSIDAD DE MEDELLIN-MEDELLIN;COMPUTACIÓN CIENTÍFICA;MATEMÁTICAS, ESTADÍSTICA Y AFINES;ANTIOQUIA;MEDELLÍN;4;178.0;183.0;175.0;152.0;183.0;196.0;17.0;9.0;29.0;19.0;18.0
527;UNIVERSIDAD DE MEDELLIN;UNIVERSIDAD DE MEDELLIN-MEDELLIN;COMUNICACION GRAFICA PUBLICITARIA;PUBLICIDAD Y AFINES;ANTIOQUIA;MEDELLÍN;71;156.0;163.0;138.0;149.0;155.0;176.0;31.0;30.0;32.0;31.0;35.0
1420;UNIVERSIDAD DE MEDELLIN;UNIVERSIDAD DE MEDELLIN-MEDELLIN;COMUNICACION Y LENGUAJES AUDIOVISUALES;COMUNICACIÓN SOCIAL, PERIODISMO Y AFINES;ANTIOQUIA;MEDELLÍN;79;164.0;171.0;143.0;153.0;163.0;190.0;27.0;30.0;35.0;53.0;39.0
147;UNIVERSIDAD DE MEDELLIN;UNIVERSIDAD DE MEDELLIN-MEDELLIN;COMUNICACION Y RELACIONES CORPORATIVAS;COMUNICACIÓN SOCIAL, PERIODISMO Y AFINES;ANTIOQUIA;MEDELLÍN;28;160.0;166.0;140.0;160.0;159.0;172.0;30.0;28.0;42.0;41.0;37.0
9040;UNIVERSIDAD DE MEDELLIN;UNIVERSIDAD DE MEDELLIN-MEDELLIN;COMUNICACIÓN Y ENTRETENIMIENTO DIGITAL;COMUNICACIÓN SOCIAL, PERIODISMO Y AFINES;ANTIOQUIA;MEDELLÍN;15;162.0;169.0;145.0;139.0;157.0;200.0;39.0;31.0;36.0;25.0;31.0
2616;UNIVERSIDAD DE MEDELLIN;UNIVERSIDAD DE MEDELLIN-MEDELLIN;CONTADURIA PUBLICA;CONTADURÍA PUBLICA;ANTIOQUIA;MEDELLÍN;29;153.0;155.0;149.0;144.0;150.0;164.0;37.0;28.0;36.0;43.0;20.0
9158;UNIVERSIDAD DE MEDELLIN;UNIVERSIDAD DE MEDELLIN-MEDELLIN;DERECHO;DERECHO Y AFINES;ANTIOQUIA;MEDELLÍN;153;163.0;170.0;143.0;174.0;163.0;166.0;25.0;28.0;31.0;39.0;30.0
9538;UNIVERSIDAD DE MEDELLIN;UNIVERSIDAD DE MEDELLIN-MEDELLIN;DISEÑO Y GESTIÓN DE ESPACIOS;DISEÑO;ANTIOQUIA;MEDELLÍN;53;153.0;160.0;142.0;140.0;149.0;172.0;31.0;24.0;30.0;36.0;31.0
9552;UNIVERSIDAD DE MEDELLIN;UNIVERSIDAD DE MEDELLIN-MEDELLIN;DISEÑO Y GESTIÓN DE LA MODA Y EL TEXTIL;DISEÑO;ANTIOQUIA;MEDELLÍN;30;151.0;151.0;135.0;148.0;149.0;171.0;29.0;28.0;30.0;38.0;27.0
9535;UNIVERSIDAD DE MEDELLIN;UNIVERSIDAD DE MEDELLIN-MEDELLIN;DISEÑO Y GESTIÓN DEL PRODUCTO;DISEÑO;ANTIOQUIA;MEDELLÍN;8;163.0;167.0;150.0;151.0;160.0;185.0;30.0;39.0;44.0;24.0;17.0
5932;UNIVERSIDAD DE MEDELLIN;UNIVERSIDAD DE MEDELLIN-MEDELLIN;ECONOMIA;ECONOMÍA;ANTIOQUIA;MEDELLÍN;8;163.0;169.0;162.0;161.0;140.0;183.0;25.0;31.0;36.0;60.0;14.0
6773;UNIVERSIDAD DE MEDELLIN;UNIVERSIDAD DE MEDELLIN-MEDELLIN;INGENIERIA AMBIENTAL;INGENIERÍA AMBIENTAL, SANITARIA Y AFINES;ANTIOQUIA;MEDELLÍN;24;156.0;150.0;157.0;146.0;163.0;164.0;31.0;31.0;27.0;27.0;39.0
2175;UNIVERSIDAD DE MEDELLIN;UNIVERSIDAD DE MEDELLIN-MEDELLIN;INGENIERIA CIVIL;INGENIERÍA CIVIL Y AFINES;ANTIOQUIA;MEDELLÍN;69;165.0;163.0;186.0;152.0;157.0;168.0;24.0;23.0;27.0;32.0;34.0
3628;UNIVERSIDAD DE MEDELLIN;UNIVERSIDAD DE MEDELLIN-MEDELLIN;INGENIERIA DE SISTEMAS;INGENIERÍA DE SISTEMAS, TELEMÁTICA Y AFINES;ANTIOQUIA;MEDELLÍN;47;168.0;167.0;174.0;153.0;157.0;188.0;27.0;30.0;38.0;28.0;21.0
4757;UNIVERSIDAD DE MEDELLIN;UNIVERSIDAD DE MEDELLIN-MEDELLIN;INGENIERIA DE TELECOMUNICACIONES;INGENIERÍA ELECTRÓNICA, TELECOMUNICACIONES Y AFINES;ANTIOQUIA;MEDELLÍN;8;165.0;166.0;166.0;162.0;148.0;185.0;28.0;42.0;40.0;66.0;27.0
9486;UNIVERSIDAD DE MEDELLIN;UNIVERSIDAD DE MEDELLIN-MEDELLIN;INGENIERIA ELECTRONICA;INGENIERÍA ELECTRÓNICA, TELECOMUNICACIONES Y AFINES;ANTIOQUIA;MEDELLÍN;3;176.0;176.0;182.0;176.0;175.0;170.0;19.0;14.0;13.0;39.0;22.0
560;UNIVERSIDAD DE MEDELLIN;UNIVERSIDAD DE MEDELLIN-MEDELLIN;INGENIERIA FINANCIERA;INGENIERÍA ADMINISTRATIVA Y AFINES;ANTIOQUIA;MEDELLÍN;31;160.0;156.0;175.0;144.0;160.0;167.0;30.0;20.0;37.0;45.0;31.0
8681;UNIVERSIDAD DE MEDELLIN;UNIVERSIDAD DE MEDELLIN-MEDELLIN;INGENIERÍA EN ENERGÍA;OTRAS INGENIERÍAS;ANTIOQUIA;MEDELLÍN;5;173.0;176.0;204.0;170.0;145.0;172.0;32.0;55.0;41.0;32.0;35.0
8454;UNIVERSIDAD DE MEDELLIN;UNIVERSIDAD DE MEDELLIN-MEDELLIN;INGENIERÍA INDUSTRIAL;INGENIERÍA INDUSTRIAL Y AFINES;ANTIOQUIA;MEDELLÍN;25;163.0;161.0;176.0;147.0;158.0;174.0;27.0;25.0;37.0;40.0;33.0
4059;UNIVERSIDAD DE MEDELLIN;UNIVERSIDAD DE MEDELLIN-MEDELLIN;INVESTIGACION CRIMINAL;DERECHO Y AFINES;ANTIOQUIA;MEDELLÍN;22;153.0;155.0;142.0;154.0;155.0;159.0;26.0;25.0;34.0;25.0;33.0
1608;UNIVERSIDAD DE MEDELLIN;UNIVERSIDAD DE MEDELLIN-MEDELLIN;INVESTIGACIÓN CRIMINAL;DERECHO Y AFINES;ANTIOQUIA;MEDELLÍN;30;159.0;165.0;141.0;156.0;163.0;170.0;28.0;29.0;36.0;49.0;28.0
3317;UNIVERSIDAD DE MEDELLIN;UNIVERSIDAD DE MEDELLIN-MEDELLIN;MERCADEO;ADMINISTRACIÓN;ANTIOQUIA;MEDELLÍN;34;152.0;157.0;132.0;148.0;152.0;168.0;28.0;36.0;36.0;47.0;26.0
1472;UNIVERSIDAD DE MEDELLIN;UNIVERSIDAD DE MEDELLIN-MEDELLIN;NEGOCIOS INTERNACIONALES;ADMINISTRACIÓN;ANTIOQUIA;MEDELLÍN;82;165.0;168.0;150.0;157.0;161.0;190.0;25.0;27.0;35.0;35.0;31.0
7537;UNIVERSIDAD DE MEDELLIN;UNIVERSIDAD DE MEDELLIN-MEDELLIN;PSICOLOGÍA;PSICOLOGÍA;ANTIOQUIA;MEDELLÍN;31;161.0;170.0;134.0;164.0;162.0;178.0;25.0;23.0;28.0;29.0;36.0
529;UNIVERSIDAD DE NARIÑO;UNIVERSIDAD DE NARIÑO-PASTO;ADMINISTRACION DE EMPRESAS;ADMINISTRACIÓN;NARIÑO;PASTO;44;156.0;161.0;156.0;152.0;154.0;155.0;24.0;20.0;28.0;47.0;22.0
9608;UNIVERSIDAD DE NARIÑO;UNIVERSIDAD DE NARIÑO-PASTO;ADMINISTRACIÓN DE EMPRESAS;ADMINISTRACIÓN;NARIÑO;PASTO;35;151.0;158.0;140.0;152.0;157.0;148.0;18.0;24.0;26.0;34.0;22.0
9748;UNIVERSIDAD DE NARIÑO;UNIVERSIDAD DE NARIÑO-PASTO;ADMINISTRACIÓN DE EMPRESAS;ADMINISTRACIÓN;NARIÑO;PASTO;39;144.0;148.0;147.0;135.0;145.0;144.0;23.0;27.0;32.0;41.0;21.0
76;UNIVERSIDAD DE NARIÑO;UNIVERSIDAD DE NARIÑO-PASTO;ARQUITECTURA;ARQUITECTURA;NARIÑO;PASTO;36;161.0;160.0;175.0;152.0;150.0;167.0;26.0;16.0;35.0;35.0;24.0
2426;UNIVERSIDAD DE NARIÑO;UNIVERSIDAD DE NARIÑO-PASTO;ARTES VISUALES;ARTES PLÁSTICAS, VISUALES Y AFINES;NARIÑO;PASTO;26;151.0;164.0;144.0;148.0;145.0;152.0;22.0;31.0;30.0;20.0;25.0
6007;UNIVERSIDAD DE NARIÑO;UNIVERSIDAD DE NARIÑO-PASTO;BIOLOGIA;BIOLOGÍA, MICROBIOLOGÍA Y AFINES;NARIÑO;PASTO;32;165.0;172.0;163.0;162.0;153.0;174.0;29.0;23.0;32.0;39.0;17.0
7811;UNIVERSIDAD DE NARIÑO;UNIVERSIDAD DE NARIÑO-PASTO;COMERCIO INTERNACIONAL;ECONOMÍA;NARIÑO;PASTO;22;162.0;164.0;156.0;154.0;158.0;176.0;20.0;24.0;28.0;22.0;34.0
9539;UNIVERSIDAD DE NARIÑO;UNIVERSIDAD DE NARIÑO-PASTO;COMERCIO INTERNACIONAL;ECONOMÍA;NARIÑO;PASTO;30;145.0;157.0;138.0;139.0;148.0;144.0;22.0;25.0;28.0;35.0;24.0
5846;UNIVERSIDAD DE NARIÑO;UNIVERSIDAD DE NARIÑO-PASTO;CONTADURÍA PÚBLICA;CONTADURÍA PUBLICA;NARIÑO;PASTO;35;156.0;162.0;164.0;153.0;157.0;147.0;29.0;26.0;33.0;28.0;34.0
4709;UNIVERSIDAD DE NARIÑO;UNIVERSIDAD DE NARIÑO-PASTO;DERECHO;DERECHO Y AFINES;NARIÑO;PASTO;67;168.0;173.0;161.0;177.0;169.0;159.0;24.0;22.0;38.0;33.0;32.0
7538;UNIVERSIDAD DE NARIÑO;UNIVERSIDAD DE NARIÑO-PASTO;DISEÑO GRAFICO;PUBLICIDAD Y AFINES;NARIÑO;PASTO;59;157.0;168.0;152.0;153.0;147.0;168.0;20.0;24.0;23.0;31.0;24.0
8698;UNIVERSIDAD DE NARIÑO;UNIVERSIDAD DE NARIÑO-PASTO;DISEÑO GRAFICO;DISEÑO;NARIÑO;PASTO;1;153.0;164.0;171.0;139.0;145.0;147.0;0.0;0.0;0.0;0.0;0.0
1998;UNIVERSIDAD DE NARIÑO;UNIVERSIDAD DE NARIÑO-PASTO;DISEÑO INDUSTRIAL;DISEÑO;NARIÑO;PASTO;48;149.0;156.0;151.0;145.0;139.0;154.0;26.0;28.0;34.0;39.0;27.0
1845;UNIVERSIDAD DE NARIÑO;UNIVERSIDAD DE NARIÑO-PASTO;ECONOMIA;ECONOMÍA;NARIÑO;PASTO;29;161.0;172.0;159.0;165.0;152.0;157.0;17.0;23.0;31.0;38.0;27.0
2260;UNIVERSIDAD DE NARIÑO;UNIVERSIDAD DE NARIÑO-PASTO;FISICA;FÍSICA;NARIÑO;PASTO;14;170.0;173.0;206.0;154.0;148.0;172.0;28.0;33.0;41.0;49.0;26.0
3237;UNIVERSIDAD DE NARIÑO;UNIVERSIDAD DE NARIÑO-PASTO;GEOGRAFIA;GEOGRAFÍA, HISTORIA;NARIÑO;PASTO;34;147.0;156.0;147.0;147.0;143.0;144.0;20.0;18.0;26.0;24.0;33.0
3144;UNIVERSIDAD DE NARIÑO;UNIVERSIDAD DE NARIÑO-PASTO;INGENIERIA AGROFORESTAL;INGENIERÍA AGRÍCOLA, FORESTAL Y AFINES;NARIÑO;PASTO;32;154.0;163.0;156.0;149.0;154.0;150.0;20.0;16.0;29.0;42.0;22.0
8124;UNIVERSIDAD DE NARIÑO;UNIVERSIDAD DE NARIÑO-PASTO;INGENIERIA AGROFORESTAL;INGENIERÍA AGRÍCOLA, FORESTAL Y AFINES;NARIÑO;PASTO;36;130.0;135.0;127.0;120.0;141.0;127.0;27.0;19.0;27.0;25.0;18.0
938;UNIVERSIDAD DE NARIÑO;UNIVERSIDAD DE NARIÑO-PASTO;INGENIERIA AGROINDUSTRIAL;INGENIERÍA AGROINDUSTRIAL, ALIMENTOS Y AFINES;NARIÑO;PASTO;25;161.0;166.0;180.0;154.0;151.0;154.0;21.0;15.0;32.0;27.0;50.0
2314;UNIVERSIDAD DE NARIÑO;UNIVERSIDAD DE NARIÑO-PASTO;INGENIERIA AGRONOMICA;AGRONOMÍA;NARIÑO;PASTO;42;151.0;160.0;158.0;140.0;146.0;149.0;16.0;24.0;27.0;35.0;22.0
4018;UNIVERSIDAD DE NARIÑO;UNIVERSIDAD DE NARIÑO-PASTO;INGENIERIA AMBIENTAL;INGENIERÍA AMBIENTAL, SANITARIA Y AFINES;NARIÑO;PASTO;32;157.0;166.0;158.0;151.0;164.0;144.0;21.0;30.0;27.0;46.0;40.0
5976;UNIVERSIDAD DE NARIÑO;UNIVERSIDAD DE NARIÑO-PASTO;INGENIERIA CIVIL;INGENIERÍA CIVIL Y AFINES;NARIÑO;PASTO;76;163.0;159.0;187.0;151.0;158.0;160.0;25.0;23.0;36.0;34.0;32.0
3685;UNIVERSIDAD DE NARIÑO;UNIVERSIDAD DE NARIÑO-PASTO;INGENIERIA DE SISTEMAS;INGENIERÍA DE SISTEMAS, TELEMÁTICA Y AFINES;NARIÑO;PASTO;34;171.0;174.0;182.0;166.0;148.0;184.0;23.0;28.0;27.0;25.0;29.0
7833;UNIVERSIDAD DE NARIÑO;UNIVERSIDAD DE NARIÑO-PASTO;INGENIERIA DE SISTEMAS;INGENIERÍA DE SISTEMAS, TELEMÁTICA Y AFINES;NARIÑO;PASTO;39;132.0;132.0;139.0;115.0;139.0;136.0;25.0;23.0;24.0;34.0;24.0
8141;UNIVERSIDAD DE NARIÑO;UNIVERSIDAD DE NARIÑO-PASTO;INGENIERIA DE SISTEMAS;INGENIERÍA DE SISTEMAS, TELEMÁTICA Y AFINES;NARIÑO;PASTO;26;158.0;163.0;163.0;151.0;154.0;158.0;15.0;22.0;26.0;39.0;19.0
6423;UNIVERSIDAD DE NARIÑO;UNIVERSIDAD DE NARIÑO-PASTO;INGENIERIA ELECTRONICA;INGENIERÍA ELECTRÓNICA, TELECOMUNICACIONES Y AFINES;NARIÑO;PASTO;37;168.0;175.0;184.0;159.0;149.0;175.0;22.0;19.0;30.0;34.0;24.0
3249;UNIVERSIDAD DE NARIÑO;UNIVERSIDAD DE NARIÑO-PASTO;INGENIERIA EN PRODUCCION ACUICOLA;INGENIERÍA AGRÍCOLA, FORESTAL Y AFINES;NARIÑO;PASTO;10;141.0;140.0;150.0;129.0;148.0;140.0;15.0;28.0;23.0;27.0;13.0
9749;UNIVERSIDAD DE NARIÑO;UNIVERSIDAD DE NARIÑO-PASTO;INGENIERÌA AGRONOMICA;INGENIERÍA AGRONÓMICA, PECUARIA Y AFINES;NARIÑO;PASTO;1;167.0;186.0;167.0;146.0;157.0;178.0;0.0;0.0;0.0;0.0;0.0
1538;UNIVERSIDAD DE NARIÑO;UNIVERSIDAD DE NARIÑO-PASTO;LICENCIATURA EN ARTES VISUALES;EDUCACIÓN;NARIÑO;PASTO;37;151.0;157.0;142.0;143.0;156.0;159.0;20.0;25.0;27.0;23.0;19.0
20791;UNIVERSIDAD DE NARIÑO;UNIVERSIDAD DE NARIÑO-PASTO;LICENCIATURA EN CIENCIAS NATURALES Y EDUCACIÓN AMBIENTAL;EDUCACIÓN;NARIÑO;PASTO;33;156.0;160.0;151.0;155.0;160.0;153.0;24.0;21.0;23.0;36.0;20.0
25310;UNIVERSIDAD DE NARIÑO;UNIVERSIDAD DE NARIÑO-PASTO;LICENCIATURA EN CIENCIAS NATURALES Y EDUCACIÓN AMBIENTAL;EDUCACIÓN;NARIÑO;PASTO;46;124.0;133.0;118.0;117.0;132.0;122.0;26.0;24.0;21.0;30.0;19.0
7903;UNIVERSIDAD DE NARIÑO;UNIVERSIDAD DE NARIÑO-PASTO;LICENCIATURA EN CIENCIAS SOCIALES;EDUCACIÓN;NARIÑO;PASTO;34;157.0;174.0;140.0;166.0;160.0;144.0;19.0;23.0;28.0;24.0;38.0
20661;UNIVERSIDAD DE NARIÑO;UNIVERSIDAD DE NARIÑO-PASTO;LICENCIATURA EN ESPAÑOL E INGLES;EDUCACIÓN;NARIÑO;PASTO;41;164.0;169.0;140.0;151.0;165.0;193.0;21.0;28.0;31.0;32.0;33.0
6158;UNIVERSIDAD DE NARIÑO;UNIVERSIDAD DE NARIÑO-PASTO;LICENCIATURA EN FILOSOFIA Y LETRAS;EDUCACIÓN;NARIÑO;PASTO;28;150.0;165.0;133.0;157.0;144.0;152.0;22.0;31.0;34.0;48.0;26.0
655;UNIVERSIDAD DE NARIÑO;UNIVERSIDAD DE NARIÑO-PASTO;LICENCIATURA EN INFORMATICA;EDUCACIÓN;NARIÑO;PASTO;25;150.0;154.0;155.0;138.0;152.0;150.0;18.0;27.0;27.0;27.0;23.0
1831;UNIVERSIDAD DE NARIÑO;UNIVERSIDAD DE NARIÑO-PASTO;LICENCIATURA EN LENGUA CASTELLANA Y LITERATURA;EDUCACIÓN;NARIÑO;PASTO;35;150.0;163.0;140.0;150.0;147.0;153.0;20.0;24.0;25.0;26.0;21.0
7917;UNIVERSIDAD DE NARIÑO;UNIVERSIDAD DE NARIÑO-PASTO;LICENCIATURA EN LENGUA CASTELLANA Y LITERATURA;EDUCACIÓN;NARIÑO;PASTO;30;122.0;129.0;106.0;110.0;144.0;119.0;25.0;28.0;20.0;21.0;21.0
20732;UNIVERSIDAD DE NARIÑO;UNIVERSIDAD DE NARIÑO-PASTO;LICENCIATURA EN LENGUAS EXTRANJERAS CON ÉNFASIS EN INGLÉS;EDUCACIÓN;NARIÑO;PASTO;50;171.0;171.0;153.0;162.0;165.0;204.0;23.0;25.0;29.0;41.0;18.0
3862;UNIVERSIDAD DE NARIÑO;UNIVERSIDAD DE NARIÑO-PASTO;LICENCIATURA EN MATEMATICAS;EDUCACIÓN;NARIÑO;PASTO;26;158.0;152.0;190.0;144.0;156.0;150.0;24.0;16.0;24.0;48.0;26.0
4883;UNIVERSIDAD DE NARIÑO;UNIVERSIDAD DE NARIÑO-PASTO;LICENCIATURA EN MUSICA;EDUCACIÓN;NARIÑO;PASTO;51;149.0;161.0;141.0;143.0;151.0;149.0;26.0;29.0;29.0;31.0;25.0
1513;UNIVERSIDAD DE NARIÑO;UNIVERSIDAD DE NARIÑO-PASTO;MEDICINA;MEDICINA;NARIÑO;PASTO;33;159.0;163.0;154.0;159.0;163.0;159.0;26.0;32.0;28.0;43.0;25.0
499;UNIVERSIDAD DE NARIÑO;UNIVERSIDAD DE NARIÑO-PASTO;MEDICINA VETERINARIA;MEDICINA VETERINARIA;NARIÑO;PASTO;38;156.0;166.0;155.0;154.0;149.0;154.0;20.0;17.0;26.0;33.0;30.0
8662;UNIVERSIDAD DE NARIÑO;UNIVERSIDAD DE NARIÑO-PASTO;MERCADEO;ADMINISTRACIÓN;NARIÑO;PASTO;38;157.0;163.0;153.0;155.0;155.0;160.0;20.0;25.0;30.0;37.0;25.0
9713;UNIVERSIDAD DE NARIÑO;UNIVERSIDAD DE NARIÑO-PASTO;MERCADEO;ADMINISTRACIÓN;NARIÑO;PASTO;26;143.0;147.0;139.0;136.0;152.0;143.0;22.0;28.0;23.0;50.0;25.0
6424;UNIVERSIDAD DE NARIÑO;UNIVERSIDAD DE NARIÑO-PASTO;PSICOLOGIA;PSICOLOGÍA;NARIÑO;PASTO;44;164.0;178.0;152.0;166.0;161.0;163.0;24.0;31.0;36.0;31.0;30.0
1834;UNIVERSIDAD DE NARIÑO;UNIVERSIDAD DE NARIÑO-PASTO;QUIMICA;QUÍMICA Y AFINES;NARIÑO;PASTO;21;169.0;167.0;172.0;166.0;165.0;176.0;28.0;29.0;24.0;39.0;20.0
3872;UNIVERSIDAD DE NARIÑO;UNIVERSIDAD DE NARIÑO-PASTO;SOCIOLOGIA;SOCIOLOGÍA, TRABAJO SOCIAL Y AFINES;NARIÑO;PASTO;39;156.0;171.0;140.0;164.0;152.0;155.0;21.0;19.0;27.0;49.0;22.0
9491;UNIVERSIDAD DE NARIÑO;UNIVERSIDAD DE NARIÑO-PASTO;SOCIOLOGÍA;SOCIOLOGÍA, TRABAJO SOCIAL Y AFINES;NARIÑO;PASTO;3;118.0;137.0;121.0;117.0;84.0;128.0;23.0;14.0;22.0;89.0;21.0
5576;UNIVERSIDAD DE NARIÑO;UNIVERSIDAD DE NARIÑO-PASTO;ZOOTECNIA;ZOOTECNIA;NARIÑO;PASTO;24;142.0;150.0;145.0;139.0;132.0;144.0;25.0;21.0;35.0;49.0;17.0
1363;UNIVERSIDAD DE PAMPLONA;UNIVERSIDAD DE PAMPLONA-PAMPLONA;ADMINISTRACION DE EMPRESAS;ADMINISTRACIÓN;NORTE SANTANDER;PAMPLONA;310;127.0;131.0;120.0;121.0;141.0;124.0;24.0;25.0;26.0;28.0;19.0
1794;UNIVERSIDAD DE PAMPLONA;UNIVERSIDAD DE PAMPLONA-PAMPLONA;ADMINISTRACION DE EMPRESAS;ADMINISTRACIÓN;NORTE SANTANDER;PAMPLONA;116;140.0;145.0;137.0;135.0;145.0;139.0;27.0;25.0;30.0;37.0;25.0
946;UNIVERSIDAD DE PAMPLONA;UNIVERSIDAD DE PAMPLONA-PAMPLONA;ARQUITECTURA;ARQUITECTURA;NORTE SANTANDER;PAMPLONA;109;150.0;153.0;154.0;146.0;146.0;150.0;26.0;27.0;32.0;34.0;25.0
1273;UNIVERSIDAD DE PAMPLONA;UNIVERSIDAD DE PAMPLONA-PAMPLONA;ARTES VISUALES;ARTES PLÁSTICAS, VISUALES Y AFINES;NORTE SANTANDER;PAMPLONA;25;147.0;166.0;137.0;139.0;139.0;153.0;26.0;26.0;29.0;23.0;32.0
5579;UNIVERSIDAD DE PAMPLONA;UNIVERSIDAD DE PAMPLONA-PAMPLONA;BACTERIOLOGIA Y LABORATORIO CLINICO;BACTERIOLOGÍA;NORTE SANTANDER;PAMPLONA;19;159.0;164.0;154.0;158.0;163.0;156.0;19.0;18.0;27.0;24.0;22.0
5613;UNIVERSIDAD DE PAMPLONA;UNIVERSIDAD DE PAMPLONA-PAMPLONA;BIOLOGIA;BIOLOGÍA, MICROBIOLOGÍA Y AFINES;NORTE SANTANDER;PAMPLONA;45;157.0;166.0;152.0;152.0;157.0;156.0;25.0;26.0;31.0;40.0;25.0
3127;UNIVERSIDAD DE PAMPLONA;UNIVERSIDAD DE PAMPLONA-PAMPLONA;COMUNICACION SOCIAL;COMUNICACIÓN SOCIAL, PERIODISMO Y AFINES;NORTE SANTANDER;PAMPLONA;57;147.0;155.0;132.0;153.0;153.0;145.0;25.0;28.0;30.0;37.0;25.0
3751;UNIVERSIDAD DE PAMPLONA;UNIVERSIDAD DE PAMPLONA-PAMPLONA;COMUNICACION SOCIAL;COMUNICACIÓN SOCIAL, PERIODISMO Y AFINES;NORTE SANTANDER;PAMPLONA;63;142.0;150.0;131.0;137.0;145.0;148.0;26.0;22.0;29.0;38.0;26.0
3063;UNIVERSIDAD DE PAMPLONA;UNIVERSIDAD DE PAMPLONA-PAMPLONA;CONTADURIA PUBLICA;CONTADURÍA PUBLICA;NORTE SANTANDER;PAMPLONA;78;147.0;154.0;152.0;144.0;147.0;138.0;22.0;21.0;30.0;26.0;17.0
4192;UNIVERSIDAD DE PAMPLONA;UNIVERSIDAD DE PAMPLONA-PAMPLONA;CONTADURIA PUBLICA;CONTADURÍA PUBLICA;NORTE SANTANDER;PAMPLONA;281;131.0;135.0;128.0;126.0;138.0;126.0;25.0;24.0;27.0;35.0;21.0
5358;UNIVERSIDAD DE PAMPLONA;UNIVERSIDAD DE PAMPLONA-PAMPLONA;DERECHO;DERECHO Y AFINES;NORTE SANTANDER;PAMPLONA;1;165.0;182.0;174.0;161.0;128.0;179.0;0.0;0.0;0.0;0.0;0.0
6653;UNIVERSIDAD DE PAMPLONA;UNIVERSIDAD DE PAMPLONA-PAMPLONA;DERECHO;DERECHO Y AFINES;NORTE SANTANDER;PAMPLONA;139;151.0;162.0;140.0;165.0;144.0;145.0;28.0;25.0;32.0;34.0;27.0
6625;UNIVERSIDAD DE PAMPLONA;UNIVERSIDAD DE PAMPLONA-PAMPLONA;DISEÑO INDUSTRIAL;DISEÑO;NORTE SANTANDER;PAMPLONA;44;145.0;153.0;139.0;140.0;140.0;155.0;30.0;25.0;30.0;38.0;23.0
2896;UNIVERSIDAD DE PAMPLONA;UNIVERSIDAD DE PAMPLONA-PAMPLONA;ECONOMIA;ECONOMÍA;NORTE SANTANDER;PAMPLONA;24;139.0;136.0;134.0;144.0;148.0;135.0;21.0;22.0;26.0;23.0;24.0
5170;UNIVERSIDAD DE PAMPLONA;UNIVERSIDAD DE PAMPLONA-PAMPLONA;ECONOMIA;ECONOMÍA;NORTE SANTANDER;PAMPLONA;49;155.0;158.0;155.0;154.0;162.0;148.0;25.0;20.0;28.0;38.0;34.0
1088;UNIVERSIDAD DE PAMPLONA;UNIVERSIDAD DE PAMPLONA-PAMPLONA;ENFERMERIA;ENFERMERÍA;NORTE SANTANDER;PAMPLONA;21;159.0;171.0;150.0;169.0;158.0;148.0;13.0;19.0;19.0;29.0;26.0
3230;UNIVERSIDAD DE PAMPLONA;UNIVERSIDAD DE PAMPLONA-PAMPLONA;FILOSOFIA;FILOSOFÍA, TEOLOGÍA Y AFINES;NORTE SANTANDER;PAMPLONA;25;147.0;163.0;124.0;150.0;148.0;152.0;29.0;35.0;39.0;27.0;26.0
3098;UNIVERSIDAD DE PAMPLONA;UNIVERSIDAD DE PAMPLONA-PAMPLONA;FISICA;FÍSICA;NORTE SANTANDER;PAMPLONA;5;151.0;154.0;188.0;120.0;128.0;164.0;20.0;29.0;36.0;28.0;38.0
947;UNIVERSIDAD DE PAMPLONA;UNIVERSIDAD DE PAMPLONA-PAMPLONA;FISIOTERAPIA;TERAPIAS;NORTE SANTANDER;PAMPLONA;60;154.0;163.0;153.0;156.0;143.0;155.0;22.0;20.0;27.0;36.0;23.0
1952;UNIVERSIDAD DE PAMPLONA;UNIVERSIDAD DE PAMPLONA-PAMPLONA;FONOAUDIOLOGIA;TERAPIAS;NORTE SANTANDER;PAMPLONA;55;143.0;153.0;139.0;137.0;147.0;141.0;22.0;27.0;26.0;40.0;25.0
5781;UNIVERSIDAD DE PAMPLONA;UNIVERSIDAD DE PAMPLONA-PAMPLONA;GEOLOGIA;GEOLOGÍA, OTROS PROGRAMAS DE CIENCIAS NATURALES;NORTE SANTANDER;PAMPLONA;28;161.0;167.0;171.0;155.0;156.0;157.0;25.0;31.0;33.0;25.0;27.0
6925;UNIVERSIDAD DE PAMPLONA;UNIVERSIDAD DE PAMPLONA-PAMPLONA;INGENIERIA AGRONOMICA;AGRONOMÍA;NORTE SANTANDER;PAMPLONA;48;140.0;146.0;149.0;129.0;144.0;131.0;21.0;24.0;25.0;33.0;23.0
3148;UNIVERSIDAD DE PAMPLONA;UNIVERSIDAD DE PAMPLONA-PAMPLONA;INGENIERIA AMBIENTAL;INGENIERÍA AMBIENTAL, SANITARIA Y AFINES;NORTE SANTANDER;PAMPLONA;34;152.0;154.0;164.0;146.0;147.0;151.0;23.0;25.0;30.0;29.0;36.0
2884;UNIVERSIDAD DE PAMPLONA;UNIVERSIDAD DE PAMPLONA-PAMPLONA;INGENIERIA CIVIL;INGENIERÍA CIVIL Y AFINES;NORTE SANTANDER;PAMPLONA;57;159.0;164.0;183.0;156.0;145.0;149.0;23.0;21.0;31.0;54.0;20.0
1795;UNIVERSIDAD DE PAMPLONA;UNIVERSIDAD DE PAMPLONA-PAMPLONA;INGENIERIA DE ALIMENTOS;INGENIERÍA AGROINDUSTRIAL, ALIMENTOS Y AFINES;NORTE SANTANDER;PAMPLONA;48;142.0;145.0;145.0;135.0;147.0;139.0;28.0;28.0;32.0;25.0;27.0
948;UNIVERSIDAD DE PAMPLONA;UNIVERSIDAD DE PAMPLONA-PAMPLONA;INGENIERIA DE SISTEMAS;INGENIERÍA DE SISTEMAS, TELEMÁTICA Y AFINES;NORTE SANTANDER;PAMPLONA;75;155.0;156.0;167.0;141.0;146.0;164.0;21.0;21.0;29.0;25.0;25.0
2227;UNIVERSIDAD DE PAMPLONA;UNIVERSIDAD DE PAMPLONA-PAMPLONA;INGENIERIA ELECTRICA;INGENIERÍA ELÉCTRICA Y AFINES;NORTE SANTANDER;PAMPLONA;55;151.0;151.0;170.0;141.0;145.0;147.0;25.0;27.0;34.0;28.0;26.0
503;UNIVERSIDAD DE PAMPLONA;UNIVERSIDAD DE PAMPLONA-PAMPLONA;INGENIERIA ELECTRONICA;INGENIERÍA ELECTRÓNICA, TELECOMUNICACIONES Y AFINES;NORTE SANTANDER;PAMPLONA;15;146.0;145.0;156.0;124.0;152.0;152.0;29.0;22.0;26.0;26.0;19.0
2355;UNIVERSIDAD DE PAMPLONA;UNIVERSIDAD DE PAMPLONA-PAMPLONA;INGENIERIA EN TELECOMUNICACIONES;INGENIERÍA ELECTRÓNICA, TELECOMUNICACIONES Y AFINES;NORTE SANTANDER;PAMPLONA;46;152.0;152.0;161.0;141.0;150.0;154.0;28.0;24.0;27.0;32.0;23.0
3064;UNIVERSIDAD DE PAMPLONA;UNIVERSIDAD DE PAMPLONA-PAMPLONA;INGENIERIA INDUSTRIAL;INGENIERÍA INDUSTRIAL Y AFINES;NORTE SANTANDER;PAMPLONA;137;150.0;152.0;158.0;145.0;152.0;142.0;24.0;24.0;31.0;27.0;25.0
504;UNIVERSIDAD DE PAMPLONA;UNIVERSIDAD DE PAMPLONA-PAMPLONA;INGENIERIA MECANICA;INGENIERÍA MECÁNICA Y AFINES;NORTE SANTANDER;PAMPLONA;26;155.0;158.0;180.0;146.0;138.0;154.0;27.0;35.0;33.0;39.0;24.0
2228;UNIVERSIDAD DE PAMPLONA;UNIVERSIDAD DE PAMPLONA-PAMPLONA;INGENIERIA MECATRONICA;INGENIERÍA MECÁNICA Y AFINES;NORTE SANTANDER;PAMPLONA;77;162.0;165.0;182.0;151.0;146.0;164.0;24.0;23.0;28.0;29.0;26.0
4476;UNIVERSIDAD DE PAMPLONA;UNIVERSIDAD DE PAMPLONA-PAMPLONA;INGENIERIA QUIMICA;INGENIERÍA QUÍMICA Y AFINES;NORTE SANTANDER;PAMPLONA;51;159.0;159.0;169.0;151.0;153.0;162.0;22.0;19.0;27.0;26.0;23.0
16031;UNIVERSIDAD DE PAMPLONA;UNIVERSIDAD DE PAMPLONA-PAMPLONA;LICENCIATURA EDUCACIÓN INFANTIL;EDUCACIÓN;NORTE SANTANDER;PAMPLONA;117;140.0;144.0;130.0;135.0;151.0;137.0;24.0;25.0;27.0;32.0;23.0
7221;UNIVERSIDAD DE PAMPLONA;UNIVERSIDAD DE PAMPLONA-PAMPLONA;LICENCIATURA EN CIENCIAS SOCIALES Y DESARROLLO LOCAL;GEOGRAFÍA, HISTORIA;NORTE SANTANDER;PAMPLONA;47;143.0;154.0;131.0;152.0;142.0;138.0;20.0;21.0;28.0;33.0;24.0
1106;UNIVERSIDAD DE PAMPLONA;UNIVERSIDAD DE PAMPLONA-PAMPLONA;LICENCIATURA EN EDUCACION ARTISTICA;EDUCACIÓN;NORTE SANTANDER;PAMPLONA;19;142.0;144.0;135.0;134.0;148.0;148.0;25.0;27.0;24.0;27.0;24.0
3136;UNIVERSIDAD DE PAMPLONA;UNIVERSIDAD DE PAMPLONA-PAMPLONA;LICENCIATURA EN EDUCACION BASICA CON ENFASIS EN EDUCACION FISICA, RECREACION Y DEPORTES;EDUCACIÓN;NORTE SANTANDER;PAMPLONA;8;116.0;112.0;120.0;104.0;129.0;112.0;12.0;18.0;15.0;55.0;21.0
3759;UNIVERSIDAD DE PAMPLONA;UNIVERSIDAD DE PAMPLONA-PAMPLONA;LICENCIATURA EN EDUCACION BASICA CON ENFASIS EN EDUCACION FISICA, RECREACION Y DEPORTES;EDUCACIÓN;NORTE SANTANDER;PAMPLONA;5;130.0;136.0;124.0;124.0;136.0;133.0;15.0;24.0;39.0;23.0;8.0
7222;UNIVERSIDAD DE PAMPLONA;UNIVERSIDAD DE PAMPLONA-PAMPLONA;LICENCIATURA EN EDUCACIÓN ARTÍSTICA Y CULTURAL;EDUCACIÓN;NORTE SANTANDER;PAMPLONA;8;140.0;152.0;127.0;138.0;149.0;134.0;33.0;16.0;34.0;27.0;31.0
16000;UNIVERSIDAD DE PAMPLONA;UNIVERSIDAD DE PAMPLONA-PAMPLONA;LICENCIATURA EN EDUCACIÓN FÍSICA RECREACIÓN Y DEPORTES;EDUCACIÓN;NORTE SANTANDER;PAMPLONA;126;138.0;139.0;140.0;129.0;143.0;138.0;25.0;24.0;26.0;32.0;22.0
26226;UNIVERSIDAD DE PAMPLONA;UNIVERSIDAD DE PAMPLONA-PAMPLONA;LICENCIATURA EN EDUCACIÓN FÍSICA, RECREACIÓN Y DEPORTES;EDUCACIÓN;NORTE SANTANDER;PAMPLONA;111;125.0;131.0;122.0;121.0;129.0;122.0;25.0;25.0;27.0;45.0;22.0
15987;UNIVERSIDAD DE PAMPLONA;UNIVERSIDAD DE PAMPLONA-PAMPLONA;LICENCIATURA EN HUMANIDADES Y LENGUA CASTELLANA;EDUCACIÓN;NORTE SANTANDER;PAMPLONA;59;144.0;156.0;125.0;142.0;153.0;144.0;25.0;29.0;26.0;34.0;26.0
1007;UNIVERSIDAD DE PAMPLONA;UNIVERSIDAD DE PAMPLONA-PAMPLONA;LICENCIATURA EN LENGUAS EXTRANJERAS: INGLES-FRANCES;EDUCACIÓN;NORTE SANTANDER;PAMPLONA;74;172.0;175.0;149.0;163.0;165.0;208.0;23.0;31.0;28.0;26.0;38.0
16026;UNIVERSIDAD DE PAMPLONA;UNIVERSIDAD DE PAMPLONA-PAMPLONA;MATEMÁTICA APLICADA;MATEMÁTICAS, ESTADÍSTICA Y AFINES;NORTE SANTANDER;PAMPLONA;10;175.0;177.0;193.0;178.0;160.0;166.0;22.0;13.0;30.0;30.0;25.0
5845;UNIVERSIDAD DE PAMPLONA;UNIVERSIDAD DE PAMPLONA-PAMPLONA;MEDICINA;MEDICINA;NORTE SANTANDER;PAMPLONA;132;168.0;173.0;168.0;171.0;150.0;176.0;23.0;26.0;27.0;30.0;29.0
4193;UNIVERSIDAD DE PAMPLONA;UNIVERSIDAD DE PAMPLONA-PAMPLONA;MEDICINA VETERINARIA;MEDICINA VETERINARIA;NORTE SANTANDER;PAMPLONA;52;143.0;153.0;141.0;139.0;141.0;142.0;24.0;25.0;28.0;39.0;27.0
3265;UNIVERSIDAD DE PAMPLONA;UNIVERSIDAD DE PAMPLONA-PAMPLONA;MICROBIOLOGIA;BIOLOGÍA, MICROBIOLOGÍA Y AFINES;NORTE SANTANDER;PAMPLONA;64;149.0;158.0;141.0;145.0;155.0;146.0;23.0;22.0;27.0;24.0;20.0
239;UNIVERSIDAD DE PAMPLONA;UNIVERSIDAD DE PAMPLONA-PAMPLONA;MUSICA;MÚSICA;NORTE SANTANDER;PAMPLONA;16;147.0;163.0;135.0;138.0;138.0;163.0;20.0;24.0;24.0;50.0;29.0
5580;UNIVERSIDAD DE PAMPLONA;UNIVERSIDAD DE PAMPLONA-PAMPLONA;NUTRICION Y DIETETICA;NUTRICIÓN Y DIETÉTICA;NORTE SANTANDER;PAMPLONA;69;151.0;160.0;149.0;149.0;145.0;153.0;28.0;24.0;28.0;32.0;26.0
4194;UNIVERSIDAD DE PAMPLONA;UNIVERSIDAD DE PAMPLONA-PAMPLONA;PSICOLOGIA;PSICOLOGÍA;NORTE SANTANDER;PAMPLONA;130;157.0;168.0;144.0;159.0;156.0;160.0;22.0;27.0;28.0;37.0;35.0
170;UNIVERSIDAD DE PAMPLONA;UNIVERSIDAD DE PAMPLONA-PAMPLONA;QUIMICA;QUÍMICA Y AFINES;NORTE SANTANDER;PAMPLONA;6;151.0;147.0;141.0;142.0;174.0;151.0;26.0;30.0;27.0;21.0;25.0
1500;UNIVERSIDAD DE PAMPLONA;UNIVERSIDAD DE PAMPLONA-PAMPLONA;TERAPIA OCUPACIONAL;TERAPIAS;NORTE SANTANDER;PAMPLONA;45;139.0;147.0;130.0;141.0;144.0;134.0;25.0;28.0;27.0;26.0;17.0
4714;UNIVERSIDAD DE PAMPLONA;UNIVERSIDAD DE PAMPLONA-PAMPLONA;ZOOTECNIA;ZOOTECNIA;NORTE SANTANDER;PAMPLONA;69;137.0;141.0;137.0;128.0;143.0;138.0;25.0;28.0;28.0;28.0;24.0
3820;UNIVERSIDAD DE SAN BUENAVENTURA;UNIVERSIDAD DE SAN BUENAVENTURA-BOGOTÁ D.C.;ADMINISTRACION DE EMPRESAS;ADMINISTRACIÓN;BOGOTÁ;BOGOTÁ D.C.;31;145.0;144.0;141.0;135.0;153.0;151.0;26.0;23.0;26.0;27.0;18.0
1379;UNIVERSIDAD DE SAN BUENAVENTURA;UNIVERSIDAD DE SAN BUENAVENTURA-CALI;ADMINISTRACION DE NEGOCIOS;ADMINISTRACIÓN;VALLE;CALI;66;149.0;149.0;141.0;143.0;146.0;164.0;31.0;29.0;36.0;23.0;27.0
1399;UNIVERSIDAD DE SAN BUENAVENTURA;UNIVERSIDAD DE SAN BUENAVENTURA-CARTAGENA;ADMINISTRACION DE NEGOCIOS;ADMINISTRACIÓN;BOLIVAR;CARTAGENA DE INDIAS;22;132.0;133.0;128.0;128.0;132.0;137.0;29.0;30.0;35.0;26.0;39.0
5933;UNIVERSIDAD DE SAN BUENAVENTURA;UNIVERSIDAD DE SAN BUENAVENTURA-MEDELLIN;ADMINISTRACION DE NEGOCIOS;ADMINISTRACIÓN;ANTIOQUIA;MEDELLÍN;31;143.0;145.0;135.0;134.0;149.0;151.0;30.0;30.0;30.0;22.0;24.0
344;UNIVERSIDAD DE SAN BUENAVENTURA;UNIVERSIDAD DE SAN BUENAVENTURA-CARTAGENA;ADMINISTRACION DEL COMERCIO INTERNACIONAL;ADMINISTRACIÓN;BOLIVAR;CARTAGENA DE INDIAS;24;138.0;142.0;122.0;136.0;135.0;156.0;27.0;24.0;28.0;24.0;28.0
429;UNIVERSIDAD DE SAN BUENAVENTURA;UNIVERSIDAD DE SAN BUENAVENTURA-MEDELLIN;ARQUITECTURA;ARQUITECTURA;ANTIOQUIA;MEDELLÍN;80;154.0;156.0;155.0;143.0;153.0;165.0;28.0;32.0;33.0;31.0;31.0
515;UNIVERSIDAD DE SAN BUENAVENTURA;UNIVERSIDAD DE SAN BUENAVENTURA-CALI;ARQUITECTURA;ARQUITECTURA;VALLE;CALI;66;155.0;159.0;154.0;145.0;149.0;168.0;27.0;32.0;29.0;26.0;32.0
5961;UNIVERSIDAD DE SAN BUENAVENTURA;UNIVERSIDAD DE SAN BUENAVENTURA-CARTAGENA;ARQUITECTURA;ARQUITECTURA;BOLIVAR;CARTAGENA DE INDIAS;37;142.0;150.0;130.0;131.0;143.0;154.0;34.0;26.0;38.0;35.0;27.0
8849;UNIVERSIDAD DE SAN BUENAVENTURA;UNIVERSIDAD DE SAN BUENAVENTURA-MEDELLIN;ARQUITECTURA;ARQUITECTURA;ANTIOQUIA;MEDELLÍN;15;151.0;156.0;160.0;129.0;152.0;158.0;31.0;32.0;34.0;20.0;27.0
5556;UNIVERSIDAD DE SAN BUENAVENTURA;UNIVERSIDAD DE SAN BUENAVENTURA-CARTAGENA;BACTERIOLOGIA;BACTERIOLOGÍA;BOLIVAR;CARTAGENA DE INDIAS;48;143.0;151.0;131.0;133.0;147.0;152.0;27.0;26.0;31.0;28.0;29.0
1169;UNIVERSIDAD DE SAN BUENAVENTURA;UNIVERSIDAD DE SAN BUENAVENTURA-BOGOTÁ D.C.;CIENCIA POLITICA;CIENCIA POLÍTICA, RELACIONES INTERNACIONALES;BOGOTÁ;BOGOTÁ D.C.;14;165.0;172.0;152.0;170.0;156.0;176.0;26.0;14.0;28.0;49.0;24.0
25128;UNIVERSIDAD DE SAN BUENAVENTURA;UNIVERSIDAD DE SAN BUENAVENTURA-CALI;CIENCIAS CULINARIAS DE LA GASTRONOMÍA;OTROS PROGRAMAS ASOCIADOS A BELLAS ARTES;VALLE;CALI;29;147.0;154.0;132.0;137.0;144.0;166.0;27.0;37.0;30.0;29.0;28.0
2205;UNIVERSIDAD DE SAN BUENAVENTURA;UNIVERSIDAD DE SAN BUENAVENTURA-BOGOTÁ D.C.;CONTADURIA PUBLICA;CONTADURÍA PUBLICA;BOGOTÁ;BOGOTÁ D.C.;11;150.0;156.0;160.0;146.0;150.0;141.0;19.0;13.0;28.0;23.0;27.0
3078;UNIVERSIDAD DE SAN BUENAVENTURA;UNIVERSIDAD DE SAN BUENAVENTURA-CALI;CONTADURIA PUBLICA;CONTADURÍA PUBLICA;VALLE;CALI;37;149.0;156.0;145.0;147.0;145.0;152.0;23.0;27.0;31.0;28.0;29.0
3629;UNIVERSIDAD DE SAN BUENAVENTURA;UNIVERSIDAD DE SAN BUENAVENTURA-MEDELLIN;CONTADURIA PUBLICA;CONTADURÍA PUBLICA;ANTIOQUIA;MEDELLÍN;37;148.0;154.0;145.0;143.0;156.0;143.0;19.0;25.0;29.0;38.0;24.0
5962;UNIVERSIDAD DE SAN BUENAVENTURA;UNIVERSIDAD DE SAN BUENAVENTURA-CARTAGENA;CONTADURIA PUBLICA;CONTADURÍA PUBLICA;BOLIVAR;CARTAGENA DE INDIAS;47;134.0;133.0;131.0;122.0;143.0;142.0;27.0;28.0;24.0;27.0;28.0
1192;UNIVERSIDAD DE SAN BUENAVENTURA;UNIVERSIDAD DE SAN BUENAVENTURA-BOGOTÁ D.C.;DERECHO;DERECHO Y AFINES;BOGOTÁ;BOGOTÁ D.C.;15;158.0;169.0;143.0;159.0;164.0;158.0;24.0;21.0;29.0;19.0;29.0
1504;UNIVERSIDAD DE SAN BUENAVENTURA;UNIVERSIDAD DE SAN BUENAVENTURA-CALI;DERECHO;DERECHO Y AFINES;VALLE;CALI;86;160.0;167.0;135.0;172.0;156.0;168.0;26.0;29.0;28.0;37.0;33.0
1634;UNIVERSIDAD DE SAN BUENAVENTURA;UNIVERSIDAD DE SAN BUENAVENTURA-MEDELLIN;DERECHO;DERECHO Y AFINES;ANTIOQUIA;MEDELLÍN;47;150.0;156.0;132.0;159.0;156.0;149.0;29.0;29.0;30.0;26.0;27.0
5106;UNIVERSIDAD DE SAN BUENAVENTURA;UNIVERSIDAD DE SAN BUENAVENTURA-CARTAGENA;DERECHO;DERECHO Y AFINES;BOLIVAR;CARTAGENA DE INDIAS;40;144.0;154.0;124.0;144.0;156.0;140.0;27.0;33.0;33.0;24.0;30.0
6980;UNIVERSIDAD DE SAN BUENAVENTURA;UNIVERSIDAD DE SAN BUENAVENTURA-CALI;DISEÑO DE VESTUARIO;DISEÑO;VALLE;CALI;63;149.0;152.0;134.0;141.0;146.0;173.0;33.0;30.0;36.0;33.0;27.0
4263;UNIVERSIDAD DE SAN BUENAVENTURA;UNIVERSIDAD DE SAN BUENAVENTURA-MEDELLIN;DISEÑO INDUSTRIAL;DISEÑO;ANTIOQUIA;MEDELLÍN;8;158.0;165.0;147.0;153.0;144.0;182.0;25.0;31.0;32.0;30.0;21.0
6805;UNIVERSIDAD DE SAN BUENAVENTURA;UNIVERSIDAD DE SAN BUENAVENTURA-BOGOTÁ D.C.;ECONOMIA;ECONOMÍA;BOGOTÁ;BOGOTÁ D.C.;1;165.0;183.0;165.0;168.0;161.0;150.0;0.0;0.0;0.0;0.0;0.0
6853;UNIVERSIDAD DE SAN BUENAVENTURA;UNIVERSIDAD DE SAN BUENAVENTURA-CALI;ECONOMIA;ECONOMÍA;VALLE;CALI;16;164.0;170.0;157.0;163.0;160.0;171.0;30.0;34.0;42.0;27.0;26.0
26288;UNIVERSIDAD DE SAN BUENAVENTURA;UNIVERSIDAD DE SAN BUENAVENTURA-CALI;FINANZAS Y NEGOCIOS INTERNACIONALES;CONTADURÍA PUBLICA;VALLE;CALI;77;157.0;158.0;150.0;153.0;151.0;171.0;24.0;20.0;30.0;23.0;27.0
5963;UNIVERSIDAD DE SAN BUENAVENTURA;UNIVERSIDAD DE SAN BUENAVENTURA-CARTAGENA;FISIOTERAPIA;TERAPIAS;BOLIVAR;CARTAGENA DE INDIAS;96;136.0;142.0;120.0;127.0;146.0;143.0;25.0;23.0;29.0;28.0;27.0
3386;UNIVERSIDAD DE SAN BUENAVENTURA;UNIVERSIDAD DE SAN BUENAVENTURA-CARTAGENA;FONOAUDIOLOGIA;TERAPIAS;BOLIVAR;CARTAGENA DE INDIAS;53;130.0;139.0;113.0;120.0;145.0;132.0;25.0;22.0;26.0;30.0;24.0
26623;UNIVERSIDAD DE SAN BUENAVENTURA;UNIVERSIDAD DE SAN BUENAVENTURA-CALI;GESTION DEPORTIVA;ADMINISTRACIÓN;VALLE;CALI;8;145.0;148.0;137.0;127.0;139.0;173.0;24.0;23.0;35.0;40.0;17.0
8189;UNIVERSIDAD DE SAN BUENAVENTURA;UNIVERSIDAD DE SAN BUENAVENTURA-CALI;GOBIERNO Y RELACIONES INTERNACIONALES;CIENCIA POLÍTICA, RELACIONES INTERNACIONALES;VALLE;CALI;23;165.0;179.0;145.0;175.0;147.0;179.0;20.0;27.0;31.0;46.0;30.0
25473;UNIVERSIDAD DE SAN BUENAVENTURA;UNIVERSIDAD DE SAN BUENAVENTURA-CARTAGENA;GOBIERNO Y RELACIONES INTERNACIONALES;CIENCIA POLÍTICA, RELACIONES INTERNACIONALES;BOLIVAR;CARTAGENA DE INDIAS;4;149.0;163.0;133.0;172.0;143.0;132.0;28.0;28.0;36.0;22.0;48.0
5694;UNIVERSIDAD DE SAN BUENAVENTURA;UNIVERSIDAD DE SAN BUENAVENTURA-BOGOTÁ D.C.;INGENIERIA AERONAUTICA;INGENIERÍA MECÁNICA Y AFINES;BOGOTÁ;BOGOTÁ D.C.;39;169.0;165.0;185.0;162.0;146.0;188.0;23.0;27.0;29.0;49.0;30.0
5145;UNIVERSIDAD DE SAN BUENAVENTURA;UNIVERSIDAD DE SAN BUENAVENTURA-CALI;INGENIERIA AGROINDUSTRIAL;INGENIERÍA AGROINDUSTRIAL, ALIMENTOS Y AFINES;VALLE;CALI;8;150.0;149.0;157.0;140.0;142.0;162.0;16.0;32.0;25.0;59.0;19.0
3630;UNIVERSIDAD DE SAN BUENAVENTURA;UNIVERSIDAD DE SAN BUENAVENTURA-MEDELLIN;INGENIERIA AMBIENTAL;INGENIERÍA AMBIENTAL, SANITARIA Y AFINES;ANTIOQUIA;MEDELLÍN;10;154.0;162.0;153.0;149.0;153.0;154.0;27.0;26.0;26.0;20.0;30.0
1734;UNIVERSIDAD DE SAN BUENAVENTURA;UNIVERSIDAD DE SAN BUENAVENTURA-MEDELLIN;INGENIERIA DE SISTEMAS;INGENIERÍA DE SISTEMAS, TELEMÁTICA Y AFINES;ANTIOQUIA;MEDELLÍN;3;147.0;142.0;151.0;127.0;132.0;186.0;8.0;22.0;42.0;20.0;14.0
4164;UNIVERSIDAD DE SAN BUENAVENTURA;UNIVERSIDAD DE SAN BUENAVENTURA-BOGOTÁ D.C.;INGENIERIA DE SISTEMAS;INGENIERÍA DE SISTEMAS, TELEMÁTICA Y AFINES;BOGOTÁ;BOGOTÁ D.C.;22;165.0;168.0;167.0;148.0;154.0;186.0;27.0;27.0;30.0;28.0;20.0
6437;UNIVERSIDAD DE SAN BUENAVENTURA;UNIVERSIDAD DE SAN BUENAVENTURA-CALI;INGENIERIA DE SISTEMAS;INGENIERÍA DE SISTEMAS, TELEMÁTICA Y AFINES;VALLE;CALI;41;159.0;162.0;159.0;151.0;142.0;181.0;32.0;30.0;33.0;34.0;26.0
24967;UNIVERSIDAD DE SAN BUENAVENTURA;UNIVERSIDAD DE SAN BUENAVENTURA-MEDELLIN;INGENIERIA DE SISTEMAS CIBERNETICOS;INGENIERÍA ELECTRÓNICA, TELECOMUNICACIONES Y AFINES;ANTIOQUIA;MEDELLÍN;7;151.0;145.0;160.0;105.0;187.0;160.0;35.0;14.0;13.0;58.0;30.0
1945;UNIVERSIDAD DE SAN BUENAVENTURA;UNIVERSIDAD DE SAN BUENAVENTURA-BOGOTÁ D.C.;INGENIERIA DE SONIDO;INGENIERÍA ELECTRÓNICA, TELECOMUNICACIONES Y AFINES;BOGOTÁ;BOGOTÁ D.C.;31;171.0;175.0;183.0;160.0;147.0;191.0;22.0;34.0;31.0;24.0;17.0
6638;UNIVERSIDAD DE SAN BUENAVENTURA;UNIVERSIDAD DE SAN BUENAVENTURA-MEDELLIN;INGENIERIA DE SONIDO;INGENIERÍA ELÉCTRICA Y AFINES;ANTIOQUIA;MEDELLÍN;11;165.0;170.0;175.0;148.0;147.0;185.0;19.0;18.0;25.0;22.0;22.0
2244;UNIVERSIDAD DE SAN BUENAVENTURA;UNIVERSIDAD DE SAN BUENAVENTURA-CALI;INGENIERIA ELECTRONICA;INGENIERÍA ELECTRÓNICA, TELECOMUNICACIONES Y AFINES;VALLE;CALI;4;160.0;170.0;157.0;139.0;158.0;176.0;29.0;38.0;35.0;22.0;16.0
5094;UNIVERSIDAD DE SAN BUENAVENTURA;UNIVERSIDAD DE SAN BUENAVENTURA-BOGOTÁ D.C.;INGENIERIA ELECTRONICA;INGENIERÍA ELECTRÓNICA, TELECOMUNICACIONES Y AFINES;BOGOTÁ;BOGOTÁ D.C.;4;145.0;149.0;158.0;149.0;115.0;155.0;26.0;18.0;27.0;77.0;9.0
430;UNIVERSIDAD DE SAN BUENAVENTURA;UNIVERSIDAD DE SAN BUENAVENTURA-MEDELLIN;INGENIERIA INDUSTRIAL;INGENIERÍA INDUSTRIAL Y AFINES;ANTIOQUIA;MEDELLÍN;1;114.0;139.0;120.0;127.0;70.0;114.0;0.0;0.0;0.0;0.0;0.0
1380;UNIVERSIDAD DE SAN BUENAVENTURA;UNIVERSIDAD DE SAN BUENAVENTURA-CALI;INGENIERIA INDUSTRIAL;INGENIERÍA INDUSTRIAL Y AFINES;VALLE;CALI;20;159.0;159.0;155.0;148.0;164.0;170.0;26.0;30.0;30.0;39.0;18.0
9189;UNIVERSIDAD DE SAN BUENAVENTURA;UNIVERSIDAD DE SAN BUENAVENTURA-MEDELLIN;INGENIERIA INDUSTRIAL;INGENIERÍA INDUSTRIAL Y AFINES;ANTIOQUIA;MEDELLÍN;9;151.0;148.0;163.0;148.0;140.0;154.0;24.0;22.0;19.0;36.0;23.0
3664;UNIVERSIDAD DE SAN BUENAVENTURA;UNIVERSIDAD DE SAN BUENAVENTURA-BOGOTÁ D.C.;INGENIERIA MECATRONICA;INGENIERÍA MECÁNICA Y AFINES;BOGOTÁ;BOGOTÁ D.C.;18;172.0;176.0;193.0;154.0;158.0;178.0;24.0;20.0;32.0;46.0;27.0
5438;UNIVERSIDAD DE SAN BUENAVENTURA;UNIVERSIDAD DE SAN BUENAVENTURA-CALI;INGENIERIA MULTIMEDIA;OTRAS INGENIERÍAS;VALLE;CALI;45;164.0;168.0;158.0;151.0;150.0;193.0;23.0;24.0;28.0;23.0;33.0
7238;UNIVERSIDAD DE SAN BUENAVENTURA;UNIVERSIDAD DE SAN BUENAVENTURA-CARTAGENA;INGENIERIA MULTIMEDIA;INGENIERÍA DE SISTEMAS, TELEMÁTICA Y AFINES;BOLIVAR;CARTAGENA DE INDIAS;8;174.0;188.0;166.0;162.0;149.0;206.0;7.0;15.0;41.0;26.0;40.0
8533;UNIVERSIDAD DE SAN BUENAVENTURA;UNIVERSIDAD DE SAN BUENAVENTURA-MEDELLIN;INGENIERIA MULTIMEDIA;INGENIERÍA DE SISTEMAS, TELEMÁTICA Y AFINES;ANTIOQUIA;MEDELLÍN;10;174.0;184.0;176.0;158.0;153.0;197.0;25.0;21.0;42.0;19.0;17.0
4251;UNIVERSIDAD DE SAN BUENAVENTURA;UNIVERSIDAD DE SAN BUENAVENTURA-CARTAGENA;INGENIERIA QUIMICA;INGENIERÍA QUÍMICA Y AFINES;BOLIVAR;CARTAGENA DE INDIAS;14;157.0;157.0;163.0;141.0;151.0;173.0;22.0;20.0;26.0;27.0;30.0
25474;UNIVERSIDAD DE SAN BUENAVENTURA;UNIVERSIDAD DE SAN BUENAVENTURA-CARTAGENA;INGENIERÍA AGROINDUSTRIAL;INGENIERÍA QUÍMICA Y AFINES;BOLIVAR;CARTAGENA DE INDIAS;1;132.0;131.0;116.0;88.0;181.0;143.0;0.0;0.0;0.0;0.0;0.0
25313;UNIVERSIDAD DE SAN BUENAVENTURA;UNIVERSIDAD DE SAN BUENAVENTURA-CALI;INGENIERÍA BIOMÉDICA;INGENIERÍA BIOMÉDICA Y AFINES;VALLE;CALI;5;171.0;186.0;182.0;165.0;147.0;178.0;15.0;23.0;17.0;29.0;30.0
25319;UNIVERSIDAD DE SAN BUENAVENTURA;UNIVERSIDAD DE SAN BUENAVENTURA-MEDELLIN;INGENIERÍA DE DATOS Y SOFTWARE;INGENIERÍA DE SISTEMAS, TELEMÁTICA Y AFINES;ANTIOQUIA;MEDELLÍN;24;155.0;156.0;153.0;142.0;146.0;178.0;26.0;27.0;33.0;37.0;25.0
24969;UNIVERSIDAD DE SAN BUENAVENTURA;UNIVERSIDAD DE SAN BUENAVENTURA-CARTAGENA;INGENIERÍA INDUSTRIAL;INGENIERÍA INDUSTRIAL Y AFINES;BOLIVAR;CARTAGENA DE INDIAS;11;155.0;157.0;165.0;139.0;158.0;154.0;18.0;13.0;37.0;21.0;21.0
8792;UNIVERSIDAD DE SAN BUENAVENTURA;UNIVERSIDAD DE SAN BUENAVENTURA-BOGOTÁ D.C.;INGENIERÍA MULTIMEDIA;OTRAS INGENIERÍAS;BOGOTÁ;BOGOTÁ D.C.;31;170.0;171.0;172.0;156.0;157.0;197.0;26.0;22.0;26.0;20.0;34.0
20737;UNIVERSIDAD DE SAN BUENAVENTURA;UNIVERSIDAD DE SAN BUENAVENTURA-MEDELLIN;LICENCIATURA EN EDUCACION ARTISTICA;EDUCACIÓN;ANTIOQUIA;MEDELLÍN;11;146.0;148.0;137.0;140.0;146.0;161.0;34.0;35.0;33.0;27.0;29.0
1668;UNIVERSIDAD DE SAN BUENAVENTURA;UNIVERSIDAD DE SAN BUENAVENTURA-MEDELLIN;LICENCIATURA EN EDUCACION ARTISTICA Y CULTURAL;EDUCACIÓN;ANTIOQUIA;MEDELLÍN;6;142.0;144.0;130.0;136.0;151.0;149.0;27.0;20.0;21.0;13.0;28.0
1571;UNIVERSIDAD DE SAN BUENAVENTURA;UNIVERSIDAD DE SAN BUENAVENTURA-CARTAGENA;LICENCIATURA EN EDUCACION FISICA, RECREACION Y DEPORTES;EDUCACIÓN;BOLIVAR;CARTAGENA DE INDIAS;63;126.0;132.0;119.0;116.0;139.0;126.0;23.0;23.0;26.0;35.0;20.0
9747;UNIVERSIDAD DE SAN BUENAVENTURA;UNIVERSIDAD DE SAN BUENAVENTURA-CALI;LICENCIATURA EN EDUCACION INFANTIL;EDUCACIÓN;VALLE;CALI;10;148.0;148.0;125.0;145.0;159.0;160.0;20.0;26.0;17.0;55.0;30.0
9832;UNIVERSIDAD DE SAN BUENAVENTURA;UNIVERSIDAD DE SAN BUENAVENTURA-MEDELLIN;LICENCIATURA EN EDUCACION INFANTIL;EDUCACIÓN;ANTIOQUIA;MEDELLÍN;39;143.0;152.0;127.0;133.0;152.0;149.0;27.0;23.0;28.0;42.0;25.0
25767;UNIVERSIDAD DE SAN BUENAVENTURA;UNIVERSIDAD DE SAN BUENAVENTURA-BOGOTÁ D.C.;LICENCIATURA EN EDUCACION INFANTIL;EDUCACIÓN;BOGOTÁ;BOGOTÁ D.C.;3;125.0;117.0;102.0;117.0;146.0;144.0;21.0;20.0;33.0;37.0;11.0
2640;UNIVERSIDAD DE SAN BUENAVENTURA;UNIVERSIDAD DE SAN BUENAVENTURA-BOGOTÁ D.C.;LICENCIATURA EN EDUCACION PARA LA PRIMERA INFANCIA;EDUCACIÓN;BOGOTÁ;BOGOTÁ D.C.;4;149.0;158.0;133.0;161.0;136.0;158.0;12.0;17.0;26.0;24.0;8.0
20817;UNIVERSIDAD DE SAN BUENAVENTURA;UNIVERSIDAD DE SAN BUENAVENTURA-CALI;LICENCIATURA EN EDUCACIÓN FÍSICA;EDUCACIÓN;VALLE;CALI;31;138.0;141.0;130.0;131.0;138.0;148.0;28.0;28.0;30.0;37.0;27.0
20663;UNIVERSIDAD DE SAN BUENAVENTURA;UNIVERSIDAD DE SAN BUENAVENTURA-MEDELLIN;LICENCIATURA EN EDUCACIÓN FÍSICA Y DEPORTE;EDUCACIÓN;ANTIOQUIA;MEDELLÍN;68;128.0;130.0;120.0;115.0;136.0;138.0;23.0;23.0;26.0;44.0;31.0
25129;UNIVERSIDAD DE SAN BUENAVENTURA;UNIVERSIDAD DE SAN BUENAVENTURA-MEDELLIN;LICENCIATURA EN EDUCACIÓN INFANTIL;EDUCACIÓN;ANTIOQUIA;MEDELLÍN;7;136.0;138.0;121.0;123.0;151.0;147.0;31.0;22.0;35.0;18.0;36.0
25130;UNIVERSIDAD DE SAN BUENAVENTURA;UNIVERSIDAD DE SAN BUENAVENTURA-CARTAGENA;LICENCIATURA EN EDUCACIÓN INFANTIL;EDUCACIÓN;BOLIVAR;CARTAGENA DE INDIAS;32;130.0;134.0;111.0;128.0;146.0;132.0;26.0;23.0;26.0;28.0;36.0
3233;UNIVERSIDAD DE SAN BUENAVENTURA;UNIVERSIDAD DE SAN BUENAVENTURA-BOGOTÁ D.C.;LICENCIATURA EN FILOSOFIA;EDUCACIÓN;BOGOTÁ;BOGOTÁ D.C.;12;141.0;159.0;114.0;135.0;149.0;148.0;27.0;35.0;37.0;25.0;20.0
20758;UNIVERSIDAD DE SAN BUENAVENTURA;UNIVERSIDAD DE SAN BUENAVENTURA-MEDELLIN;LICENCIATURA EN HUMANIDADES Y LENGUA CASTELLANA;EDUCACIÓN;ANTIOQUIA;MEDELLÍN;37;142.0;149.0;123.0;135.0;163.0;143.0;27.0;30.0;32.0;37.0;29.0
5964;UNIVERSIDAD DE SAN BUENAVENTURA;UNIVERSIDAD DE SAN BUENAVENTURA-CARTAGENA;LICENCIATURA EN LENGUAS MODERNAS CON ENFASIS EN INGLES Y FRANCES;EDUCACIÓN;BOLIVAR;CARTAGENA DE INDIAS;69;154.0;162.0;125.0;142.0;152.0;193.0;25.0;31.0;32.0;24.0;25.0
16419;UNIVERSIDAD DE SAN BUENAVENTURA;UNIVERSIDAD DE SAN BUENAVENTURA-CALI;LICENCIATURA EN LITERATURA Y LENGUA CASTELLANA;EDUCACIÓN;VALLE;CALI;19;156.0;177.0;138.0;164.0;147.0;154.0;27.0;29.0;29.0;75.0;31.0
5732;UNIVERSIDAD DE SAN BUENAVENTURA;UNIVERSIDAD DE SAN BUENAVENTURA-BOGOTÁ D.C.;LICENCIATURA EN TEOLOGIA;EDUCACIÓN;BOGOTÁ;BOGOTÁ D.C.;10;140.0;145.0;122.0;135.0;158.0;141.0;23.0;18.0;16.0;21.0;23.0
25470;UNIVERSIDAD DE SAN BUENAVENTURA;UNIVERSIDAD DE SAN BUENAVENTURA-CALI;MERCADEO Y NEGOCIOS INTERNACIONALES;PUBLICIDAD Y AFINES;VALLE;CALI;62;147.0;152.0;137.0;138.0;141.0;169.0;24.0;27.0;34.0;35.0;26.0
3851;UNIVERSIDAD DE SAN BUENAVENTURA;UNIVERSIDAD DE SAN BUENAVENTURA-MEDELLIN;NEGOCIOS INTERNACIONALES;ADMINISTRACIÓN;ANTIOQUIA;MEDELLÍN;31;152.0;160.0;139.0;144.0;146.0;171.0;28.0;27.0;31.0;48.0;28.0
25471;UNIVERSIDAD DE SAN BUENAVENTURA;UNIVERSIDAD DE SAN BUENAVENTURA-CALI;PROFESIONAL EN DANZA Y PERFORMANCE;MÚSICA;VALLE;CALI;16;157.0;165.0;137.0;156.0;149.0;180.0;22.0;26.0;24.0;26.0;17.0
24970;UNIVERSIDAD DE SAN BUENAVENTURA;UNIVERSIDAD DE SAN BUENAVENTURA-BOGOTÁ D.C.;PROFESIONAL EN LENGUA INGLESA;LENGUAS MODERNAS, LITERATURA, LINGÜÍSTICA Y AFINES;BOGOTÁ;BOGOTÁ D.C.;11;165.0;180.0;143.0;143.0;170.0;190.0;23.0;33.0;38.0;10.0;21.0
2026;UNIVERSIDAD DE SAN BUENAVENTURA;UNIVERSIDAD DE SAN BUENAVENTURA-MEDELLIN;PSICOLOGIA;PSICOLOGÍA;ANTIOQUIA;MEDELLÍN;1;144.0;186.0;133.0;157.0;138.0;107.0;0.0;0.0;0.0;0.0;0.0
2617;UNIVERSIDAD DE SAN BUENAVENTURA;UNIVERSIDAD DE SAN BUENAVENTURA-MEDELLIN;PSICOLOGIA;PSICOLOGÍA;ANTIOQUIA;MEDELLÍN;63;162.0;169.0;141.0;157.0;165.0;177.0;28.0;29.0;32.0;26.0;36.0
2932;UNIVERSIDAD DE SAN BUENAVENTURA;UNIVERSIDAD DE SAN BUENAVENTURA-CARTAGENA;PSICOLOGIA;PSICOLOGÍA;BOLIVAR;CARTAGENA DE INDIAS;131;143.0;153.0;120.0;137.0;152.0;155.0;28.0;30.0;36.0;27.0;35.0
4205;UNIVERSIDAD DE SAN BUENAVENTURA;UNIVERSIDAD DE SAN BUENAVENTURA-CALI;PSICOLOGIA;PSICOLOGÍA;VALLE;CALI;100;154.0;166.0;131.0;154.0;147.0;172.0;26.0;26.0;28.0;33.0;38.0
4361;UNIVERSIDAD DE SAN BUENAVENTURA;UNIVERSIDAD DE SAN BUENAVENTURA-MEDELLIN;PSICOLOGIA;PSICOLOGÍA;ANTIOQUIA;MEDELLÍN;7;146.0;158.0;132.0;148.0;133.0;159.0;15.0;21.0;33.0;28.0;23.0
6397;UNIVERSIDAD DE SAN BUENAVENTURA;UNIVERSIDAD DE SAN BUENAVENTURA-BOGOTÁ D.C.;PSICOLOGIA;PSICOLOGÍA;BOGOTÁ;BOGOTÁ D.C.;16;157.0;177.0;145.0;152.0;146.0;165.0;22.0;22.0;27.0;24.0;32.0
6200;UNIVERSIDAD DE SAN BUENAVENTURA;UNIVERSIDAD DE SAN BUENAVENTURA-BOGOTÁ D.C.;RELACIONES INTERNACIONALES;ADMINISTRACIÓN;BOGOTÁ;BOGOTÁ D.C.;11;164.0;169.0;151.0;171.0;156.0;176.0;26.0;20.0;32.0;28.0;33.0
4424;UNIVERSIDAD DE SANTANDER;UNIVERSIDAD DE SANTANDER - UDES-BUCARAMANGA;ADMINISTRACION  FINANCIERA;ADMINISTRACIÓN;SANTANDER;BUCARAMANGA;37;135.0;142.0;131.0;130.0;132.0;139.0;26.0;20.0;28.0;46.0;24.0
5133;UNIVERSIDAD DE SANTANDER;UNIVERSIDAD DE SANTANDER - UDES-BUCARAMANGA;ADMINISTRACION DE NEGOCIOS INTERNACIONALES;ADMINISTRACIÓN;SANTANDER;BUCARAMANGA;17;153.0;157.0;142.0;150.0;148.0;171.0;18.0;28.0;28.0;18.0;20.0
78;UNIVERSIDAD DE SANTANDER;UNIVERSIDAD DE SANTANDER - UDES-BUCARAMANGA;ADMINISTRACION FINANCIERA;ADMINISTRACIÓN;SANTANDER;BUCARAMANGA;17;142.0;154.0;134.0;141.0;133.0;148.0;29.0;35.0;38.0;72.0;29.0
2691;UNIVERSIDAD DE SANTANDER;UNIVERSIDAD DE SANTANDER - UDES-BUCARAMANGA;ADMINISTRACION FINANCIERA;ADMINISTRACIÓN;SANTANDER;BUCARAMANGA;17;153.0;154.0;160.0;145.0;144.0;164.0;30.0;24.0;36.0;32.0;35.0
20684;UNIVERSIDAD DE SANTANDER;UNIVERSIDAD DE SANTANDER - UDES-BUCARAMANGA;ANTROPOLOGÍA;SOCIOLOGÍA, TRABAJO SOCIAL Y AFINES;SANTANDER;BUCARAMANGA;6;141.0;161.0;119.0;166.0;94.0;165.0;35.0;38.0;30.0;78.0;19.0
1350;UNIVERSIDAD DE SANTANDER;UNIVERSIDAD DE SANTANDER - UDES-BUCARAMANGA;BACTERIOLOGIA Y LABORATORIO CLINICO;BACTERIOLOGÍA;SANTANDER;BUCARAMANGA;40;140.0;149.0;124.0;136.0;153.0;136.0;26.0;22.0;30.0;27.0;20.0
3693;UNIVERSIDAD DE SANTANDER;UNIVERSIDAD DE SANTANDER - UDES-BUCARAMANGA;BACTERIOLOGIA Y LABORATORIO CLINICO;BACTERIOLOGÍA;SANTANDER;BUCARAMANGA;47;149.0;151.0;142.0;144.0;150.0;154.0;24.0;24.0;32.0;25.0;26.0
4190;UNIVERSIDAD DE SANTANDER;UNIVERSIDAD DE SANTANDER - UDES-BUCARAMANGA;BACTERIOLOGIA Y LABORATORIO CLINICO;BACTERIOLOGÍA;SANTANDER;BUCARAMANGA;44;145.0;148.0;142.0;133.0;153.0;151.0;25.0;20.0;30.0;61.0;31.0
3885;UNIVERSIDAD DE SANTANDER;UNIVERSIDAD DE SANTANDER - UDES-BUCARAMANGA;COMERCIO EXTERIOR;ECONOMÍA;SANTANDER;BUCARAMANGA;43;140.0;139.0;138.0;131.0;134.0;160.0;28.0;27.0;34.0;39.0;29.0
26237;UNIVERSIDAD DE SANTANDER;UNIVERSIDAD DE SANTANDER - UDES-BUCARAMANGA;COMUNICACION SOCIAL Y PERIODISMO;COMUNICACIÓN SOCIAL, PERIODISMO Y AFINES;SANTANDER;BUCARAMANGA;14;137.0;142.0;115.0;140.0;145.0;140.0;23.0;24.0;26.0;17.0;27.0
20803;UNIVERSIDAD DE SANTANDER;UNIVERSIDAD DE SANTANDER - UDES-BUCARAMANGA;COMUNICACIÓN SOCIAL Y PERIODISMO;COMUNICACIÓN SOCIAL, PERIODISMO Y AFINES;SANTANDER;BUCARAMANGA;26;144.0;150.0;127.0;140.0;153.0;153.0;26.0;24.0;31.0;23.0;27.0
8878;UNIVERSIDAD DE SANTANDER;UNIVERSIDAD DE SANTANDER - UDES-BUCARAMANGA;CONTADURIA PUBLICA;CONTADURÍA PUBLICA;SANTANDER;BUCARAMANGA;31;144.0;148.0;138.0;137.0;151.0;146.0;26.0;24.0;32.0;37.0;23.0
2231;UNIVERSIDAD DE SANTANDER;UNIVERSIDAD DE SANTANDER - UDES-BUCARAMANGA;DERECHO;DERECHO Y AFINES;SANTANDER;BUCARAMANGA;1;137.0;153.0;121.0;128.0;155.0;128.0;0.0;0.0;0.0;0.0;0.0
2232;UNIVERSIDAD DE SANTANDER;UNIVERSIDAD DE SANTANDER - UDES-BUCARAMANGA;DERECHO;DERECHO Y AFINES;SANTANDER;BUCARAMANGA;27;152.0;156.0;142.0;159.0;153.0;148.0;24.0;29.0;25.0;24.0;30.0
3329;UNIVERSIDAD DE SANTANDER;UNIVERSIDAD DE SANTANDER - UDES-BUCARAMANGA;DERECHO;DERECHO Y AFINES;SANTANDER;BUCARAMANGA;73;140.0;147.0;123.0;147.0;149.0;133.0;27.0;26.0;32.0;31.0;32.0
5835;UNIVERSIDAD DE SANTANDER;UNIVERSIDAD DE SANTANDER - UDES-BUCARAMANGA;DERECHO;DERECHO Y AFINES;SANTANDER;BUCARAMANGA;36;139.0;145.0;129.0;146.0;141.0;133.0;25.0;30.0;32.0;48.0;33.0
24834;UNIVERSIDAD DE SANTANDER;UNIVERSIDAD DE SANTANDER - UDES-BUCARAMANGA;DISEÑO GRÁFICO;ARTES PLÁSTICAS, VISUALES Y AFINES;SANTANDER;BUCARAMANGA;21;147.0;142.0;135.0;135.0;161.0;164.0;28.0;28.0;28.0;41.0;28.0
25967;UNIVERSIDAD DE SANTANDER;UNIVERSIDAD DE SANTANDER - UDES-BUCARAMANGA;DISEÑO GRÁFICO;ARTES PLÁSTICAS, VISUALES Y AFINES;SANTANDER;BUCARAMANGA;6;151.0;157.0;146.0;150.0;125.0;175.0;14.0;14.0;16.0;63.0;23.0
2692;UNIVERSIDAD DE SANTANDER;UNIVERSIDAD DE SANTANDER - UDES-BUCARAMANGA;ENFERMERIA;ENFERMERÍA;SANTANDER;BUCARAMANGA;28;141.0;144.0;131.0;138.0;153.0;139.0;22.0;20.0;23.0;39.0;26.0
6706;UNIVERSIDAD DE SANTANDER;UNIVERSIDAD DE SANTANDER - UDES-BUCARAMANGA;ENFERMERIA;ENFERMERÍA;SANTANDER;BUCARAMANGA;57;131.0;135.0;128.0;121.0;140.0;130.0;31.0;21.0;41.0;54.0;38.0
2226;UNIVERSIDAD DE SANTANDER;UNIVERSIDAD DE SANTANDER - UDES-BUCARAMANGA;FISIOTERAPIA;TERAPIAS;SANTANDER;BUCARAMANGA;55;149.0;151.0;136.0;144.0;160.0;154.0;26.0;27.0;26.0;47.0;20.0
6819;UNIVERSIDAD DE SANTANDER;UNIVERSIDAD DE SANTANDER - UDES-BUCARAMANGA;FISIOTERAPIA;TERAPIAS;SANTANDER;BUCARAMANGA;52;139.0;149.0;125.0;134.0;145.0;143.0;24.0;23.0;31.0;30.0;23.0
6840;UNIVERSIDAD DE SANTANDER;UNIVERSIDAD DE SANTANDER - UDES-BUCARAMANGA;FISIOTERAPIA;TERAPIAS;SANTANDER;BUCARAMANGA;37;146.0;150.0;136.0;138.0;155.0;150.0;24.0;26.0;24.0;23.0;20.0
2693;UNIVERSIDAD DE SANTANDER;UNIVERSIDAD DE SANTANDER - UDES-BUCARAMANGA;FONOAUDIOLOGIA;TERAPIAS;SANTANDER;BUCARAMANGA;34;139.0;148.0;126.0;132.0;145.0;142.0;18.0;24.0;25.0;36.0;20.0
9665;UNIVERSIDAD DE SANTANDER;UNIVERSIDAD DE SANTANDER - UDES-BUCARAMANGA;GEOLOGÍA;GEOLOGÍA, OTROS PROGRAMAS DE CIENCIAS NATURALES;SANTANDER;BUCARAMANGA;16;150.0;156.0;151.0;132.0;148.0;162.0;27.0;22.0;27.0;23.0;23.0
8523;UNIVERSIDAD DE SANTANDER;UNIVERSIDAD DE SANTANDER - UDES-BUCARAMANGA;INGENIERIA AGROINDUSTRIAL;INGENIERÍA AGROINDUSTRIAL, ALIMENTOS Y AFINES;SANTANDER;BUCARAMANGA;4;129.0;125.0;120.0;116.0;140.0;142.0;13.0;30.0;24.0;16.0;23.0
3067;UNIVERSIDAD DE SANTANDER;UNIVERSIDAD DE SANTANDER - UDES-BUCARAMANGA;INGENIERIA CIVIL;INGENIERÍA CIVIL Y AFINES;SANTANDER;BUCARAMANGA;27;149.0;144.0;165.0;136.0;146.0;153.0;30.0;31.0;29.0;25.0;28.0
5128;UNIVERSIDAD DE SANTANDER;UNIVERSIDAD DE SANTANDER - UDES-BUCARAMANGA;INGENIERIA DE SISTEMAS;INGENIERÍA DE SISTEMAS, TELEMÁTICA Y AFINES;SANTANDER;BUCARAMANGA;12;153.0;150.0;150.0;146.0;152.0;168.0;36.0;27.0;20.0;34.0;25.0
4792;UNIVERSIDAD DE SANTANDER;UNIVERSIDAD DE SANTANDER - UDES-BUCARAMANGA;INGENIERIA DE SOFTWARE Y COMUNICACIONES;INGENIERÍA DE SISTEMAS, TELEMÁTICA Y AFINES;SANTANDER;BUCARAMANGA;4;154.0;160.0;152.0;148.0;125.0;183.0;30.0;44.0;16.0;7.0;5.0
486;UNIVERSIDAD DE SANTANDER;UNIVERSIDAD DE SANTANDER - UDES-BUCARAMANGA;INGENIERIA INDUSTRIAL;INGENIERÍA INDUSTRIAL Y AFINES;SANTANDER;BUCARAMANGA;26;153.0;154.0;151.0;142.0;155.0;160.0;26.0;27.0;26.0;25.0;30.0
3069;UNIVERSIDAD DE SANTANDER;UNIVERSIDAD DE SANTANDER - UDES-BUCARAMANGA;INGENIERIA INDUSTRIAL;INGENIERÍA INDUSTRIAL Y AFINES;SANTANDER;BUCARAMANGA;11;156.0;140.0;161.0;149.0;152.0;181.0;31.0;23.0;25.0;31.0;44.0
5577;UNIVERSIDAD DE SANTANDER;UNIVERSIDAD DE SANTANDER - UDES-BUCARAMANGA;INGENIERIA INDUSTRIAL;INGENIERÍA INDUSTRIAL Y AFINES;SANTANDER;BUCARAMANGA;14;155.0;150.0;159.0;131.0;172.0;161.0;30.0;50.0;36.0;47.0;27.0
8640;UNIVERSIDAD DE SANTANDER;UNIVERSIDAD DE SANTANDER - UDES-BUCARAMANGA;INGENIERÍA DE SOFTWARE;INGENIERÍA DE SISTEMAS, TELEMÁTICA Y AFINES;SANTANDER;BUCARAMANGA;5;148.0;138.0;151.0;154.0;118.0;177.0;43.0;15.0;18.0;67.0;19.0
9507;UNIVERSIDAD DE SANTANDER;UNIVERSIDAD DE SANTANDER - UDES-BUCARAMANGA;INGENIERÍA PETROQUÍMICA;INGENIERÍA DE MINAS, METALURGIA Y AFINES;SANTANDER;BUCARAMANGA;3;161.0;176.0;172.0;161.0;136.0;161.0;11.0;19.0;10.0;30.0;18.0
135;UNIVERSIDAD DE SANTANDER;UNIVERSIDAD DE SANTANDER - UDES-BUCARAMANGA;INSTRUMENTACION QUIRURGICA;INSTRUMENTACIÓN QUIRÚRGICA;SANTANDER;BUCARAMANGA;21;150.0;152.0;138.0;152.0;154.0;152.0;25.0;19.0;22.0;23.0;24.0
4769;UNIVERSIDAD DE SANTANDER;UNIVERSIDAD DE SANTANDER - UDES-BUCARAMANGA;INSTRUMENTACION QUIRURGICA;INSTRUMENTACIÓN QUIRÚRGICA;SANTANDER;BUCARAMANGA;54;142.0;148.0;131.0;135.0;144.0;150.0;22.0;23.0;32.0;44.0;22.0
20777;UNIVERSIDAD DE SANTANDER;UNIVERSIDAD DE SANTANDER - UDES-BUCARAMANGA;LICENCIATURA EN EDUCACION INFANTIL;EDUCACIÓN;SANTANDER;BUCARAMANGA;5;150.0;164.0;127.0;149.0;162.0;145.0;24.0;25.0;22.0;18.0;16.0
5659;UNIVERSIDAD DE SANTANDER;UNIVERSIDAD DE SANTANDER - UDES-BUCARAMANGA;MEDICINA;MEDICINA;SANTANDER;BUCARAMANGA;95;162.0;169.0;158.0;159.0;155.0;168.0;22.0;21.0;34.0;35.0;27.0
8139;UNIVERSIDAD DE SANTANDER;UNIVERSIDAD DE SANTANDER - UDES-BUCARAMANGA;MEDICINA;MEDICINA;SANTANDER;BUCARAMANGA;46;162.0;164.0;153.0;158.0;164.0;170.0;25.0;24.0;26.0;53.0;20.0
20804;UNIVERSIDAD DE SANTANDER;UNIVERSIDAD DE SANTANDER - UDES-BUCARAMANGA;MEDICINA;MEDICINA;SANTANDER;BUCARAMANGA;39;155.0;160.0;142.0;147.0;169.0;155.0;20.0;25.0;28.0;31.0;21.0
7046;UNIVERSIDAD DE SANTANDER;UNIVERSIDAD DE SANTANDER - UDES-BUCARAMANGA;MEDICINA VETERINARIA;MEDICINA VETERINARIA;SANTANDER;BUCARAMANGA;51;157.0;162.0;150.0;157.0;147.0;171.0;30.0;28.0;30.0;32.0;31.0
7441;UNIVERSIDAD DE SANTANDER;UNIVERSIDAD DE SANTANDER - UDES-BUCARAMANGA;MEDICINA VETERINARIA Y ZOOTECNIA;MEDICINA VETERINARIA;SANTANDER;BUCARAMANGA;16;151.0;154.0;137.0;137.0;166.0;160.0;23.0;18.0;32.0;44.0;25.0
3231;UNIVERSIDAD DE SANTANDER;UNIVERSIDAD DE SANTANDER - UDES-BUCARAMANGA;MERCADEO Y PUBLICIDAD;PUBLICIDAD Y AFINES;SANTANDER;BUCARAMANGA;33;148.0;152.0;135.0;140.0;154.0;159.0;26.0;26.0;27.0;28.0;26.0
5332;UNIVERSIDAD DE SANTANDER;UNIVERSIDAD DE SANTANDER - UDES-BUCARAMANGA;MERCADEO Y PUBLICIDAD;PUBLICIDAD Y AFINES;SANTANDER;BUCARAMANGA;21;139.0;143.0;119.0;128.0;140.0;166.0;27.0;35.0;25.0;27.0;22.0
637;UNIVERSIDAD DE SANTANDER;UNIVERSIDAD DE SANTANDER - UDES-BUCARAMANGA;MICROBIOLOGIA INDUSTRIAL;BIOLOGÍA, MICROBIOLOGÍA Y AFINES;SANTANDER;BUCARAMANGA;15;162.0;169.0;159.0;157.0;159.0;167.0;19.0;23.0;29.0;26.0;14.0
955;UNIVERSIDAD DE SANTANDER;UNIVERSIDAD DE SANTANDER - UDES-BUCARAMANGA;PSICOLOGIA;PSICOLOGÍA;SANTANDER;BUCARAMANGA;39;153.0;163.0;134.0;148.0;158.0;159.0;28.0;25.0;38.0;46.0;31.0
8937;UNIVERSIDAD DE SANTANDER;UNIVERSIDAD DE SANTANDER - UDES-BUCARAMANGA;PSICOLOGIA;PSICOLOGÍA;SANTANDER;BUCARAMANGA;27;147.0;150.0;128.0;132.0;164.0;159.0;30.0;27.0;33.0;46.0;41.0
8561;UNIVERSIDAD DE SANTANDER;UNIVERSIDAD DE SANTANDER - UDES-BUCARAMANGA;PSICOLOGÍA;PSICOLOGÍA;SANTANDER;BUCARAMANGA;71;131.0;137.0;111.0;125.0;153.0;131.0;32.0;27.0;33.0;31.0;28.0
1800;UNIVERSIDAD DE SANTANDER;UNIVERSIDAD DE SANTANDER - UDES-BUCARAMANGA;TERAPIA OCUPACIONAL;TERAPIAS;SANTANDER;BUCARAMANGA;16;146.0;157.0;126.0;155.0;149.0;143.0;26.0;33.0;35.0;46.0;30.0
4711;UNIVERSIDAD DE SANTANDER;UNIVERSIDAD DE SANTANDER - UDES-BUCARAMANGA;TERAPIA OCUPACIONAL;TERAPIAS;SANTANDER;BUCARAMANGA;22;149.0;149.0;135.0;143.0;166.0;151.0;26.0;26.0;35.0;44.0;27.0
6572;UNIVERSIDAD DE SUCRE;UNIVERSIDAD DE SUCRE-SINCELEJO;ADMINISTRACION DE EMPRESAS;ADMINISTRACIÓN;SUCRE;SINCELEJO;80;148.0;150.0;143.0;146.0;153.0;147.0;30.0;25.0;28.0;30.0;25.0
1818;UNIVERSIDAD DE SUCRE;UNIVERSIDAD DE SUCRE-SINCELEJO;BIOLOGIA;BIOLOGÍA, MICROBIOLOGÍA Y AFINES;SUCRE;SINCELEJO;66;158.0;167.0;157.0;158.0;150.0;161.0;21.0;20.0;26.0;32.0;23.0
8202;UNIVERSIDAD DE SUCRE;UNIVERSIDAD DE SUCRE-SINCELEJO;CONTADURIA PUBLICA;CONTADURÍA PUBLICA;SUCRE;SINCELEJO;52;152.0;156.0;152.0;150.0;156.0;148.0;20.0;24.0;28.0;21.0;21.0
8362;UNIVERSIDAD DE SUCRE;UNIVERSIDAD DE SUCRE-SINCELEJO;DERECHO;DERECHO Y AFINES;SUCRE;SINCELEJO;97;159.0;169.0;145.0;173.0;156.0;153.0;23.0;28.0;27.0;35.0;27.0
770;UNIVERSIDAD DE SUCRE;UNIVERSIDAD DE SUCRE-SINCELEJO;ECONOMIA;ECONOMÍA;SUCRE;SINCELEJO;76;151.0;160.0;147.0;153.0;150.0;146.0;20.0;21.0;25.0;35.0;21.0
2238;UNIVERSIDAD DE SUCRE;UNIVERSIDAD DE SUCRE-SINCELEJO;ENFERMERIA;ENFERMERÍA;SUCRE;SINCELEJO;30;160.0;170.0;156.0;167.0;153.0;155.0;22.0;20.0;26.0;35.0;23.0
4723;UNIVERSIDAD DE SUCRE;UNIVERSIDAD DE SUCRE-SINCELEJO;FONOAUDIOLOGIA;TERAPIAS;SUCRE;SINCELEJO;46;153.0;159.0;141.0;155.0;159.0;152.0;26.0;18.0;33.0;23.0;21.0
1407;UNIVERSIDAD DE SUCRE;UNIVERSIDAD DE SUCRE-SINCELEJO;INGENIERIA AGRICOLA;INGENIERÍA AGRÍCOLA, FORESTAL Y AFINES;SUCRE;SINCELEJO;48;141.0;143.0;151.0;134.0;139.0;137.0;23.0;29.0;27.0;38.0;23.0
5142;UNIVERSIDAD DE SUCRE;UNIVERSIDAD DE SUCRE-SINCELEJO;INGENIERIA AGROINDUSTRIAL;INGENIERÍA AGROINDUSTRIAL, ALIMENTOS Y AFINES;SUCRE;SINCELEJO;55;151.0;156.0;157.0;142.0;153.0;146.0;25.0;18.0;30.0;24.0;25.0
5991;UNIVERSIDAD DE SUCRE;UNIVERSIDAD DE SUCRE-SINCELEJO;INGENIERIA CIVIL;INGENIERÍA CIVIL Y AFINES;SUCRE;SINCELEJO;88;166.0;165.0;182.0;163.0;158.0;163.0;21.0;20.0;25.0;24.0;22.0
25463;UNIVERSIDAD DE SUCRE;UNIVERSIDAD DE SUCRE-SINCELEJO;INGENIERÍA ELECTRÓNICA;INGENIERÍA ELECTRÓNICA, TELECOMUNICACIONES Y AFINES;SUCRE;SINCELEJO;25;164.0;167.0;169.0;163.0;153.0;169.0;21.0;19.0;22.0;25.0;28.0
8977;UNIVERSIDAD DE SUCRE;UNIVERSIDAD DE SUCRE-SINCELEJO;LICENCIATURA EN FISICA;FÍSICA;SUCRE;SINCELEJO;17;144.0;146.0;154.0;135.0;144.0;138.0;24.0;27.0;29.0;19.0;21.0
8045;UNIVERSIDAD DE SUCRE;UNIVERSIDAD DE SUCRE-SINCELEJO;LICENCIATURA EN LENGUAS EXTRANJERAS;EDUCACIÓN;SUCRE;SINCELEJO;59;165.0;168.0;132.0;155.0;168.0;202.0;25.0;27.0;32.0;28.0;27.0
5899;UNIVERSIDAD DE SUCRE;UNIVERSIDAD DE SUCRE-SINCELEJO;LICENCIATURA EN MATEMATICAS;MATEMÁTICAS, ESTADÍSTICA Y AFINES;SUCRE;SINCELEJO;60;153.0;155.0;173.0;139.0;157.0;141.0;22.0;24.0;25.0;32.0;21.0
7099;UNIVERSIDAD DE SUCRE;UNIVERSIDAD DE SUCRE-SINCELEJO;MEDICINA;MEDICINA;SUCRE;SINCELEJO;35;173.0;181.0;175.0;170.0;164.0;172.0;17.0;20.0;28.0;33.0;36.0
5589;UNIVERSIDAD DE SUCRE;UNIVERSIDAD DE SUCRE-SINCELEJO;ZOOTECNIA;ZOOTECNIA;SUCRE;SINCELEJO;38;136.0;141.0;132.0;124.0;149.0;133.0;19.0;24.0;21.0;27.0;22.0
1405;UNIVERSIDAD DEL ATLANTICO;UNIVERSIDAD DEL ATLANTICO-BARRANQUILLA;ADMINISTRACION DE EMPRESAS;ADMINISTRACIÓN;ATLANTICO;BARRANQUILLA;189;156.0;162.0;148.0;150.0;152.0;168.0;24.0;28.0;31.0;29.0;28.0
859;UNIVERSIDAD DEL ATLANTICO;UNIVERSIDAD DEL ATLANTICO-BARRANQUILLA;ADMINISTRACIÓN DE EMPRESAS TURÍSTICAS;ADMINISTRACIÓN;ATLANTICO;BARRANQUILLA;53;156.0;157.0;133.0;154.0;156.0;177.0;26.0;28.0;31.0;28.0;20.0
5070;UNIVERSIDAD DEL ATLANTICO;UNIVERSIDAD DEL ATLANTICO-BARRANQUILLA;ARQUITECTURA;ARQUITECTURA;ATLANTICO;BARRANQUILLA;113;153.0;156.0;154.0;145.0;149.0;163.0;31.0;28.0;33.0;28.0;31.0
587;UNIVERSIDAD DEL ATLANTICO;UNIVERSIDAD DEL ATLANTICO-BARRANQUILLA;ARTE DRAMATICO;ARTES REPRESENTATIVAS;ATLANTICO;BARRANQUILLA;16;154.0;168.0;135.0;151.0;149.0;167.0;20.0;28.0;32.0;30.0;26.0
3174;UNIVERSIDAD DEL ATLANTICO;UNIVERSIDAD DEL ATLANTICO-BARRANQUILLA;ARTES PLASTICAS;ARTES PLÁSTICAS, VISUALES Y AFINES;ATLANTICO;BARRANQUILLA;25;146.0;157.0;136.0;134.0;144.0;161.0;24.0;27.0;35.0;39.0;24.0
1833;UNIVERSIDAD DEL ATLANTICO;UNIVERSIDAD DEL ATLANTICO-BARRANQUILLA;BIOLOGIA;BIOLOGÍA, MICROBIOLOGÍA Y AFINES;ATLANTICO;BARRANQUILLA;65;157.0;167.0;146.0;146.0;153.0;171.0;24.0;23.0;32.0;35.0;31.0
116;UNIVERSIDAD DEL ATLANTICO;UNIVERSIDAD DEL ATLANTICO-BARRANQUILLA;CONTADURIA PUBLICA;CONTADURÍA PUBLICA;ATLANTICO;BARRANQUILLA;235;156.0;159.0;153.0;152.0;153.0;162.0;27.0;25.0;30.0;31.0;26.0
8475;UNIVERSIDAD DEL ATLANTICO;UNIVERSIDAD DEL ATLANTICO-BARRANQUILLA;DANZA;OTROS PROGRAMAS ASOCIADOS A BELLAS ARTES;ATLANTICO;BARRANQUILLA;19;149.0;164.0;125.0;146.0;151.0;159.0;21.0;21.0;25.0;43.0;26.0
34;UNIVERSIDAD DEL ATLANTICO;UNIVERSIDAD DEL ATLANTICO-BARRANQUILLA;DERECHO;DERECHO Y AFINES;ATLANTICO;BARRANQUILLA;204;161.0;170.0;144.0;174.0;157.0;162.0;23.0;27.0;26.0;27.0;29.0
6370;UNIVERSIDAD DEL ATLANTICO;UNIVERSIDAD DEL ATLANTICO-BARRANQUILLA;ECONOMIA;ECONOMÍA;ATLANTICO;BARRANQUILLA;118;157.0;162.0;152.0;152.0;152.0;167.0;24.0;25.0;30.0;38.0;21.0
4490;UNIVERSIDAD DEL ATLANTICO;UNIVERSIDAD DEL ATLANTICO-BARRANQUILLA;FARMACIA;BIOLOGÍA, MICROBIOLOGÍA Y AFINES;ATLANTICO;BARRANQUILLA;161;155.0;163.0;148.0;149.0;148.0;169.0;25.0;26.0;31.0;33.0;24.0
2790;UNIVERSIDAD DEL ATLANTICO;UNIVERSIDAD DEL ATLANTICO-BARRANQUILLA;FILOSOFIA;FILOSOFÍA, TEOLOGÍA Y AFINES;ATLANTICO;BARRANQUILLA;42;146.0;164.0;119.0;153.0;146.0;149.0;21.0;27.0;33.0;37.0;31.0
564;UNIVERSIDAD DEL ATLANTICO;UNIVERSIDAD DEL ATLANTICO-BARRANQUILLA;FISICA;FÍSICA;ATLANTICO;BARRANQUILLA;15;174.0;167.0;200.0;151.0;155.0;195.0;25.0;49.0;35.0;22.0;38.0
6085;UNIVERSIDAD DEL ATLANTICO;UNIVERSIDAD DEL ATLANTICO-BARRANQUILLA;HISTORIA;GEOGRAFÍA, HISTORIA;ATLANTICO;BARRANQUILLA;41;146.0;158.0;128.0;146.0;142.0;154.0;31.0;24.0;27.0;35.0;25.0
5635;UNIVERSIDAD DEL ATLANTICO;UNIVERSIDAD DEL ATLANTICO-BARRANQUILLA;INGENIERIA AGROINDUSTRIAL;INGENIERÍA AGROINDUSTRIAL, ALIMENTOS Y AFINES;ATLANTICO;BARRANQUILLA;64;149.0;154.0;148.0;139.0;148.0;155.0;26.0;28.0;31.0;30.0;25.0
1326;UNIVERSIDAD DEL ATLANTICO;UNIVERSIDAD DEL ATLANTICO-BARRANQUILLA;INGENIERIA INDUSTRIAL;INGENIERÍA INDUSTRIAL Y AFINES;ATLANTICO;BARRANQUILLA;128;167.0;168.0;174.0;158.0;154.0;178.0;25.0;28.0;30.0;31.0;25.0
6779;UNIVERSIDAD DEL ATLANTICO;UNIVERSIDAD DEL ATLANTICO-BARRANQUILLA;INGENIERIA MECANICA;INGENIERÍA MECÁNICA Y AFINES;ATLANTICO;BARRANQUILLA;78;163.0;163.0;179.0;149.0;151.0;175.0;27.0;24.0;34.0;34.0;20.0
6885;UNIVERSIDAD DEL ATLANTICO;UNIVERSIDAD DEL ATLANTICO-BARRANQUILLA;INGENIERIA QUIMICA;INGENIERÍA QUÍMICA Y AFINES;ATLANTICO;BARRANQUILLA;93;162.0;162.0;174.0;148.0;152.0;174.0;29.0;29.0;32.0;25.0;26.0
5879;UNIVERSIDAD DEL ATLANTICO;UNIVERSIDAD DEL ATLANTICO-BARRANQUILLA;LICENCIATURA EN BIOLOGIA Y QUIMICA;EDUCACIÓN;ATLANTICO;BARRANQUILLA;149;147.0;154.0;138.0;142.0;151.0;151.0;23.0;23.0;28.0;26.0;22.0
818;UNIVERSIDAD DEL ATLANTICO;UNIVERSIDAD DEL ATLANTICO-BARRANQUILLA;LICENCIATURA EN CIENCIAS SOCIALES;EDUCACIÓN;ATLANTICO;BARRANQUILLA;87;146.0;159.0;127.0;149.0;148.0;147.0;20.0;25.0;28.0;38.0;29.0
6730;UNIVERSIDAD DEL ATLANTICO;UNIVERSIDAD DEL ATLANTICO-BARRANQUILLA;LICENCIATURA EN CULTURA, FISICA, RECREACION Y DEPORTES;EDUCACIÓN;ATLANTICO;BARRANQUILLA;134;142.0;147.0;138.0;130.0;144.0;149.0;21.0;25.0;25.0;33.0;21.0
1667;UNIVERSIDAD DEL ATLANTICO;UNIVERSIDAD DEL ATLANTICO-BARRANQUILLA;LICENCIATURA EN EDUCACION ARTISTICA;EDUCACIÓN;ATLANTICO;BARRANQUILLA;21;139.0;149.0;123.0;123.0;150.0;150.0;26.0;23.0;23.0;24.0;25.0
3175;UNIVERSIDAD DEL ATLANTICO;UNIVERSIDAD DEL ATLANTICO-BARRANQUILLA;LICENCIATURA EN EDUCACION ESPECIAL;EDUCACIÓN;ATLANTICO;BARRANQUILLA;91;148.0;155.0;136.0;147.0;149.0;154.0;28.0;23.0;32.0;35.0;22.0
2577;UNIVERSIDAD DEL ATLANTICO;UNIVERSIDAD DEL ATLANTICO-BARRANQUILLA;LICENCIATURA EN EDUCACION INFANTIL;EDUCACIÓN;ATLANTICO;BARRANQUILLA;158;147.0;155.0;130.0;144.0;151.0;155.0;22.0;24.0;27.0;32.0;29.0
9543;UNIVERSIDAD DEL ATLANTICO;UNIVERSIDAD DEL ATLANTICO-BARRANQUILLA;LICENCIATURA EN EDUCACON FISICA, RECREACION Y DEPORTES;EDUCACIÓN;ATLANTICO;BARRANQUILLA;1;128.0;110.0;103.0;130.0;182.0;116.0;0.0;0.0;0.0;0.0;0.0
819;UNIVERSIDAD DEL ATLANTICO;UNIVERSIDAD DEL ATLANTICO-BARRANQUILLA;LICENCIATURA EN ESPAÑOL Y LITERATURA;EDUCACIÓN;ATLANTICO;BARRANQUILLA;167;156.0;171.0;129.0;152.0;157.0;174.0;21.0;26.0;31.0;35.0;24.0
5878;UNIVERSIDAD DEL ATLANTICO;UNIVERSIDAD DEL ATLANTICO-BARRANQUILLA;LICENCIATURA EN IDIOMAS EXTRANJEROS;EDUCACIÓN;ATLANTICO;BARRANQUILLA;136;170.0;175.0;146.0;159.0;163.0;205.0;22.0;30.0;31.0;32.0;30.0
386;UNIVERSIDAD DEL ATLANTICO;UNIVERSIDAD DEL ATLANTICO-BARRANQUILLA;LICENCIATURA EN MATEMATICAS;EDUCACIÓN;ATLANTICO;BARRANQUILLA;147;148.0;150.0;162.0;132.0;147.0;150.0;27.0;28.0;30.0;32.0;24.0
2345;UNIVERSIDAD DEL ATLANTICO;UNIVERSIDAD DEL ATLANTICO-BARRANQUILLA;LICENCIATURA EN MUSICA;EDUCACIÓN;ATLANTICO;BARRANQUILLA;14;144.0;151.0;124.0;118.0;153.0;172.0;33.0;31.0;29.0;30.0;20.0
979;UNIVERSIDAD DEL ATLANTICO;UNIVERSIDAD DEL ATLANTICO-BARRANQUILLA;MATEMATICAS;MATEMÁTICAS, ESTADÍSTICA Y AFINES;ATLANTICO;BARRANQUILLA;15;159.0;160.0;199.0;143.0;124.0;171.0;38.0;15.0;40.0;54.0;22.0
7607;UNIVERSIDAD DEL ATLANTICO;UNIVERSIDAD DEL ATLANTICO-BARRANQUILLA;MÚSICA;MÚSICA;ATLANTICO;BARRANQUILLA;18;151.0;164.0;142.0;136.0;139.0;175.0;32.0;31.0;34.0;46.0;28.0
6780;UNIVERSIDAD DEL ATLANTICO;UNIVERSIDAD DEL ATLANTICO-BARRANQUILLA;NUTRICION Y DIETETICA;NUTRICIÓN Y DIETÉTICA;ATLANTICO;BARRANQUILLA;100;146.0;155.0;134.0;142.0;148.0;151.0;32.0;28.0;34.0;33.0;30.0
1433;UNIVERSIDAD DEL ATLANTICO;UNIVERSIDAD DEL ATLANTICO-BARRANQUILLA;QUIMICA;QUÍMICA Y AFINES;ATLANTICO;BARRANQUILLA;33;152.0;158.0;160.0;138.0;149.0;156.0;19.0;21.0;27.0;23.0;23.0
2346;UNIVERSIDAD DEL ATLANTICO;UNIVERSIDAD DEL ATLANTICO-BARRANQUILLA;SOCIOLOGIA;SOCIOLOGÍA, TRABAJO SOCIAL Y AFINES;ATLANTICO;BARRANQUILLA;37;149.0;167.0;130.0;153.0;137.0;161.0;23.0;28.0;39.0;39.0;24.0
62;UNIVERSIDAD DEL CAUCA;UNIVERSIDAD DEL CAUCA-POPAYAN;ADMINISTRACION DE EMPRESAS;ADMINISTRACIÓN;CAUCA;POPAYÁN;60;164.0;168.0;164.0;167.0;151.0;172.0;25.0;23.0;31.0;42.0;19.0
217;UNIVERSIDAD DEL CAUCA;UNIVERSIDAD DEL CAUCA-POPAYAN;ANTROPOLOGIA;ANTROPOLOGÍA, ARTES LIBERALES;CAUCA;POPAYÁN;29;155.0;170.0;141.0;168.0;130.0;168.0;27.0;28.0;25.0;51.0;29.0
9478;UNIVERSIDAD DEL CAUCA;UNIVERSIDAD DEL CAUCA-POPAYAN;ARQUITECTURA;ARQUITECTURA;CAUCA;POPAYÁN;29;166.0;169.0;176.0;162.0;154.0;169.0;22.0;20.0;42.0;26.0;23.0
6131;UNIVERSIDAD DEL CAUCA;UNIVERSIDAD DEL CAUCA-POPAYAN;ARTES PLASTICAS;ARTES PLÁSTICAS, VISUALES Y AFINES;CAUCA;POPAYÁN;29;146.0;156.0;123.0;152.0;141.0;159.0;26.0;37.0;26.0;35.0;30.0
1396;UNIVERSIDAD DEL CAUCA;UNIVERSIDAD DEL CAUCA-POPAYAN;BIOLOGIA;BIOLOGÍA, MICROBIOLOGÍA Y AFINES;CAUCA;POPAYÁN;30;166.0;172.0;169.0;160.0;153.0;174.0;21.0;19.0;32.0;23.0;24.0
1074;UNIVERSIDAD DEL CAUCA;UNIVERSIDAD DEL CAUCA-POPAYAN;CIENCIA POLITICA;CIENCIA POLÍTICA, RELACIONES INTERNACIONALES;CAUCA;POPAYÁN;52;161.0;176.0;144.0;168.0;156.0;160.0;23.0;23.0;33.0;31.0;27.0
6501;UNIVERSIDAD DEL CAUCA;UNIVERSIDAD DEL CAUCA-POPAYAN;COMUNICACION SOCIAL;COMUNICACIÓN SOCIAL, PERIODISMO Y AFINES;CAUCA;POPAYÁN;21;166.0;179.0;147.0;162.0;160.0;183.0;16.0;34.0;26.0;24.0;40.0
1837;UNIVERSIDAD DEL CAUCA;UNIVERSIDAD DEL CAUCA-POPAYAN;CONTADURIA PUBLICA;CONTADURÍA PUBLICA;CAUCA;POPAYÁN;42;165.0;167.0;166.0;171.0;151.0;168.0;26.0;19.0;30.0;28.0;19.0
2663;UNIVERSIDAD DEL CAUCA;UNIVERSIDAD DEL CAUCA-POPAYAN;DERECHO;DERECHO Y AFINES;CAUCA;POPAYÁN;253;165.0;174.0;156.0;177.0;158.0;161.0;26.0;28.0;29.0;31.0;28.0
7240;UNIVERSIDAD DEL CAUCA;UNIVERSIDAD DEL CAUCA-POPAYAN;DERECHO;DERECHO Y AFINES;CAUCA;POPAYÁN;1;184.0;182.0;111.0;169.0;300.0;158.0;0.0;0.0;0.0;0.0;0.0
6570;UNIVERSIDAD DEL CAUCA;UNIVERSIDAD DEL CAUCA-POPAYAN;DIRECCION DE BANDA;MÚSICA;CAUCA;POPAYÁN;5;167.0;167.0;170.0;167.0;155.0;177.0;18.0;18.0;12.0;39.0;14.0
5293;UNIVERSIDAD DEL CAUCA;UNIVERSIDAD DEL CAUCA-POPAYAN;DISEÑO GRAFICO;DISEÑO;CAUCA;POPAYÁN;29;157.0;171.0;145.0;149.0;149.0;169.0;23.0;31.0;30.0;24.0;38.0
484;UNIVERSIDAD DEL CAUCA;UNIVERSIDAD DEL CAUCA-POPAYAN;ECONOMIA;ECONOMÍA;CAUCA;POPAYÁN;34;172.0;179.0;175.0;174.0;161.0;171.0;23.0;22.0;25.0;22.0;17.0
3044;UNIVERSIDAD DEL CAUCA;UNIVERSIDAD DEL CAUCA-POPAYAN;ENFERMERIA;ENFERMERÍA;CAUCA;POPAYÁN;42;158.0;170.0;157.0;161.0;144.0;159.0;26.0;28.0;34.0;40.0;30.0
2383;UNIVERSIDAD DEL CAUCA;UNIVERSIDAD DEL CAUCA-POPAYAN;FILOSOFIA;FILOSOFÍA, TEOLOGÍA Y AFINES;CAUCA;POPAYÁN;24;147.0;164.0;126.0;153.0;143.0;150.0;25.0;27.0;31.0;27.0;26.0
1884;UNIVERSIDAD DEL CAUCA;UNIVERSIDAD DEL CAUCA-POPAYAN;FISIOTERAPIA;TERAPIAS;CAUCA;POPAYÁN;38;167.0;171.0;162.0;170.0;166.0;166.0;23.0;19.0;28.0;16.0;23.0
63;UNIVERSIDAD DEL CAUCA;UNIVERSIDAD DEL CAUCA-POPAYAN;FONOAUDIOLOGIA;TERAPIAS;CAUCA;POPAYÁN;50;164.0;173.0;159.0;166.0;152.0;169.0;20.0;22.0;27.0;32.0;20.0
633;UNIVERSIDAD DEL CAUCA;UNIVERSIDAD DEL CAUCA-POPAYAN;GEOGRAFIA DEL DESARROLLO REGIONAL Y AMBIENTAL;GEOGRAFÍA, HISTORIA;CAUCA;POPAYÁN;19;147.0;154.0;140.0;150.0;147.0;143.0;24.0;26.0;30.0;31.0;23.0
3813;UNIVERSIDAD DEL CAUCA;UNIVERSIDAD DEL CAUCA-POPAYAN;HISTORIA;GEOGRAFÍA, HISTORIA;CAUCA;POPAYÁN;11;152.0;171.0;126.0;170.0;142.0;152.0;35.0;33.0;40.0;69.0;33.0
2664;UNIVERSIDAD DEL CAUCA;UNIVERSIDAD DEL CAUCA-POPAYAN;INGENIERIA AGROINDUSTRIAL;INGENIERÍA AGROINDUSTRIAL, ALIMENTOS Y AFINES;CAUCA;POPAYÁN;78;154.0;154.0;158.0;152.0;154.0;152.0;25.0;28.0;27.0;37.0;24.0
3730;UNIVERSIDAD DEL CAUCA;UNIVERSIDAD DEL CAUCA-POPAYAN;INGENIERIA AGROPECUARIA;AGRONOMÍA;CAUCA;POPAYÁN;66;154.0;155.0;157.0;154.0;152.0;150.0;25.0;25.0;28.0;30.0;23.0
5119;UNIVERSIDAD DEL CAUCA;UNIVERSIDAD DEL CAUCA-POPAYAN;INGENIERIA AMBIENTAL;INGENIERÍA AMBIENTAL, SANITARIA Y AFINES;CAUCA;POPAYÁN;45;169.0;174.0;177.0;165.0;158.0;171.0;26.0;33.0;31.0;32.0;19.0
64;UNIVERSIDAD DEL CAUCA;UNIVERSIDAD DEL CAUCA-POPAYAN;INGENIERIA CIVIL;INGENIERÍA CIVIL Y AFINES;CAUCA;POPAYÁN;136;167.0;167.0;190.0;156.0;153.0;166.0;26.0;28.0;36.0;26.0;23.0
485;UNIVERSIDAD DEL CAUCA;UNIVERSIDAD DEL CAUCA-POPAYAN;INGENIERIA DE SISTEMAS;INGENIERÍA DE SISTEMAS, TELEMÁTICA Y AFINES;CAUCA;POPAYÁN;90;167.0;168.0;177.0;157.0;151.0;181.0;24.0;28.0;31.0;40.0;23.0
6818;UNIVERSIDAD DEL CAUCA;UNIVERSIDAD DEL CAUCA-POPAYAN;INGENIERIA ELECTRONICA Y TELECOMUNICACIONES;INGENIERÍA ELECTRÓNICA, TELECOMUNICACIONES Y AFINES;CAUCA;POPAYÁN;82;175.0;175.0;194.0;167.0;151.0;186.0;27.0;21.0;38.0;24.0;27.0
2216;UNIVERSIDAD DEL CAUCA;UNIVERSIDAD DEL CAUCA-POPAYAN;INGENIERIA EN AUTOMATICA INDUSTRIAL;INGENIERÍA ELECTRÓNICA, TELECOMUNICACIONES Y AFINES;CAUCA;POPAYÁN;37;165.0;166.0;180.0;155.0;151.0;174.0;24.0;18.0;28.0;33.0;21.0
6039;UNIVERSIDAD DEL CAUCA;UNIVERSIDAD DEL CAUCA-POPAYAN;INGENIERIA FISICA;OTRAS INGENIERÍAS;CAUCA;POPAYÁN;27;178.0;182.0;194.0;170.0;160.0;185.0;24.0;29.0;30.0;25.0;33.0
2772;UNIVERSIDAD DEL CAUCA;UNIVERSIDAD DEL CAUCA-POPAYAN;INGENIERIA FORESTAL;INGENIERÍA AGRÍCOLA, FORESTAL Y AFINES;CAUCA;POPAYÁN;38;157.0;164.0;164.0;158.0;142.0;156.0;19.0;21.0;26.0;34.0;22.0
1885;UNIVERSIDAD DEL CAUCA;UNIVERSIDAD DEL CAUCA-POPAYAN;LICENCIATURA EN EDUCACION BASICA CON ENFASIS EN EDUCACION ARTISTICA;EDUCACIÓN;CAUCA;POPAYÁN;36;141.0;151.0;130.0;136.0;145.0;144.0;24.0;23.0;28.0;36.0;23.0
1438;UNIVERSIDAD DEL CAUCA;UNIVERSIDAD DEL CAUCA-POPAYAN;LICENCIATURA EN EDUCACION BASICA CON ENFASIS EN EDUCACION FISICA,RECREACION Y DEPORTE;EDUCACIÓN;CAUCA;POPAYÁN;51;153.0;161.0;150.0;154.0;150.0;150.0;27.0;24.0;32.0;25.0;23.0
6509;UNIVERSIDAD DEL CAUCA;UNIVERSIDAD DEL CAUCA-POPAYAN;LICENCIATURA EN EDUCACION BASICA CON ENFASIS EN LENGUA CASTELLANA E INGLES;EDUCACIÓN;CAUCA;POPAYÁN;19;161.0;170.0;148.0;154.0;158.0;174.0;24.0;21.0;18.0;22.0;22.0
4180;UNIVERSIDAD DEL CAUCA;UNIVERSIDAD DEL CAUCA-POPAYAN;LICENCIATURA EN EDUCACION BASICA ENFASIS EN CIENCIAS NATURALES Y EDUCACION AMBIENTAL;EDUCACIÓN;CAUCA;POPAYÁN;36;152.0;162.0;145.0;150.0;153.0;151.0;23.0;22.0;29.0;19.0;21.0
5727;UNIVERSIDAD DEL CAUCA;UNIVERSIDAD DEL CAUCA-POPAYAN;LICENCIATURA EN ESPAÑOL Y LITERATURA;EDUCACIÓN;CAUCA;POPAYÁN;23;167.0;179.0;148.0;167.0;176.0;164.0;19.0;25.0;33.0;46.0;21.0
7004;UNIVERSIDAD DEL CAUCA;UNIVERSIDAD DEL CAUCA-POPAYAN;LICENCIATURA EN ETNOEDUCACION;EDUCACIÓN;CAUCA;POPAYÁN;20;139.0;153.0;127.0;133.0;148.0;134.0;24.0;20.0;24.0;29.0;20.0
5120;UNIVERSIDAD DEL CAUCA;UNIVERSIDAD DEL CAUCA-POPAYAN;LICENCIATURA EN LENGUAS MODERNAS INGLES-FRANCES;EDUCACIÓN;CAUCA;POPAYÁN;42;175.0;183.0;149.0;169.0;164.0;212.0;32.0;34.0;30.0;24.0;22.0
8750;UNIVERSIDAD DEL CAUCA;UNIVERSIDAD DEL CAUCA-POPAYAN;LICENCIATURA EN LENGUAS MODERNAS, INGLES Y FRANCES;EDUCACIÓN;CAUCA;POPAYÁN;28;169.0;172.0;143.0;158.0;170.0;201.0;19.0;24.0;29.0;34.0;12.0
3843;UNIVERSIDAD DEL CAUCA;UNIVERSIDAD DEL CAUCA-POPAYAN;LICENCIATURA EN MATEMATICAS;EDUCACIÓN;CAUCA;POPAYÁN;30;160.0;160.0;177.0;151.0;157.0;157.0;28.0;23.0;38.0;29.0;25.0
5294;UNIVERSIDAD DEL CAUCA;UNIVERSIDAD DEL CAUCA-POPAYAN;LICENCIATURA EN MUSICA;EDUCACIÓN;CAUCA;POPAYÁN;5;162.0;169.0;161.0;151.0;168.0;160.0;13.0;18.0;39.0;26.0;28.0
5612;UNIVERSIDAD DEL CAUCA;UNIVERSIDAD DEL CAUCA-POPAYAN;MATEMATICAS;MATEMÁTICAS, ESTADÍSTICA Y AFINES;CAUCA;POPAYÁN;13;161.0;170.0;189.0;130.0;155.0;162.0;25.0;26.0;33.0;15.0;26.0
6655;UNIVERSIDAD DEL CAUCA;UNIVERSIDAD DEL CAUCA-POPAYAN;MEDICINA;MEDICINA;CAUCA;POPAYÁN;61;176.0;179.0;181.0;178.0;164.0;178.0;22.0;26.0;27.0;30.0;32.0
4447;UNIVERSIDAD DEL CAUCA;UNIVERSIDAD DEL CAUCA-POPAYAN;MUSICA INSTRUMENTAL;MÚSICA;CAUCA;POPAYÁN;9;153.0;166.0;135.0;159.0;142.0;162.0;21.0;36.0;25.0;23.0;20.0
6445;UNIVERSIDAD DEL CAUCA;UNIVERSIDAD DEL CAUCA-POPAYAN;QUIMICA;QUÍMICA Y AFINES;CAUCA;POPAYÁN;7;174.0;182.0;171.0;174.0;162.0;182.0;9.0;33.0;15.0;17.0;15.0
3984;UNIVERSIDAD DEL CAUCA;UNIVERSIDAD DEL CAUCA-POPAYAN;TURISMO;ADMINISTRACIÓN;CAUCA;POPAYÁN;24;152.0;157.0;128.0;146.0;157.0;171.0;18.0;28.0;30.0;27.0;27.0
117;UNIVERSIDAD DEL MAGDALENA;UNIVERSIDAD DEL MAGDALENA - UNIMAGDALENA-SANTA MARTA;ADMINISTRACION DE EMPRESAS;ADMINISTRACIÓN;MAGDALENA;SANTA MARTA;153;150.0;155.0;146.0;149.0;150.0;151.0;25.0;24.0;31.0;31.0;25.0
4581;UNIVERSIDAD DEL MAGDALENA;UNIVERSIDAD DEL MAGDALENA - UNIMAGDALENA-SANTA MARTA;ADMINISTRACION DE EMPRESAS TURISTICAS Y HOTELERAS;ADMINISTRACIÓN;MAGDALENA;SANTA MARTA;56;151.0;153.0;131.0;147.0;152.0;172.0;24.0;27.0;28.0;31.0;23.0
20816;UNIVERSIDAD DEL MAGDALENA;UNIVERSIDAD DEL MAGDALENA - UNIMAGDALENA-SANTA MARTA;ADMINISTRACIÓN DE LA SEGURIDAD Y SALUD   EN EL TRABAJO;SALUD PUBLICA;MAGDALENA;SANTA MARTA;107;127.0;129.0;117.0;123.0;142.0;124.0;24.0;24.0;24.0;27.0;19.0
20604;UNIVERSIDAD DEL MAGDALENA;UNIVERSIDAD DEL MAGDALENA - UNIMAGDALENA-SANTA MARTA;ADMINISTRACIÓN PÚBLICA;ADMINISTRACIÓN;MAGDALENA;SANTA MARTA;84;129.0;131.0;111.0;134.0;142.0;127.0;24.0;27.0;28.0;35.0;22.0
6140;UNIVERSIDAD DEL MAGDALENA;UNIVERSIDAD DEL MAGDALENA - UNIMAGDALENA-SANTA MARTA;ANTROPOLOGIA;ANTROPOLOGÍA, ARTES LIBERALES;MAGDALENA;SANTA MARTA;74;153.0;163.0;132.0;158.0;158.0;155.0;23.0;27.0;36.0;39.0;36.0
5233;UNIVERSIDAD DEL MAGDALENA;UNIVERSIDAD DEL MAGDALENA - UNIMAGDALENA-SANTA MARTA;BIOLOGIA;BIOLOGÍA, MICROBIOLOGÍA Y AFINES;MAGDALENA;SANTA MARTA;69;165.0;171.0;157.0;164.0;158.0;175.0;27.0;25.0;30.0;30.0;31.0
3218;UNIVERSIDAD DEL MAGDALENA;UNIVERSIDAD DEL MAGDALENA - UNIMAGDALENA-SANTA MARTA;CINE Y AUDIOVISUALES;ARTES PLÁSTICAS, VISUALES Y AFINES;MAGDALENA;SANTA MARTA;73;160.0;173.0;140.0;160.0;145.0;184.0;24.0;31.0;31.0;31.0;38.0
4703;UNIVERSIDAD DEL MAGDALENA;UNIVERSIDAD DEL MAGDALENA - UNIMAGDALENA-SANTA MARTA;CONTADURIA PUBLICA;CONTADURÍA PUBLICA;MAGDALENA;SANTA MARTA;158;151.0;156.0;151.0;146.0;155.0;148.0;26.0;22.0;33.0;22.0;25.0
9139;UNIVERSIDAD DEL MAGDALENA;UNIVERSIDAD DEL MAGDALENA - UNIMAGDALENA-SANTA MARTA;CONTADURIA PUBLICA;CONTADURÍA PUBLICA;MAGDALENA;SANTA MARTA;2;159.0;159.0;168.0;165.0;128.0;176.0;18.0;12.0;0.0;24.0;22.0
1785;UNIVERSIDAD DEL MAGDALENA;UNIVERSIDAD DEL MAGDALENA - UNIMAGDALENA-SANTA MARTA;DERECHO;DERECHO Y AFINES;MAGDALENA;SANTA MARTA;117;163.0;173.0;149.0;176.0;159.0;160.0;21.0;28.0;34.0;37.0;40.0
5572;UNIVERSIDAD DEL MAGDALENA;UNIVERSIDAD DEL MAGDALENA - UNIMAGDALENA-SANTA MARTA;ECONOMIA;ECONOMÍA;MAGDALENA;SANTA MARTA;70;152.0;158.0;145.0;153.0;148.0;155.0;21.0;22.0;28.0;36.0;23.0
1786;UNIVERSIDAD DEL MAGDALENA;UNIVERSIDAD DEL MAGDALENA - UNIMAGDALENA-SANTA MARTA;ENFERMERIA;ENFERMERÍA;MAGDALENA;SANTA MARTA;84;160.0;169.0;152.0;161.0;163.0;155.0;22.0;22.0;24.0;26.0;29.0
25608;UNIVERSIDAD DEL MAGDALENA;UNIVERSIDAD DEL MAGDALENA - UNIMAGDALENA-SANTA MARTA;GESTIÓN CULTURAL Y DE INDUSTRIAS CREATIVAS;ADMINISTRACIÓN;MAGDALENA;SANTA MARTA;11;129.0;133.0;107.0;132.0;139.0;136.0;26.0;16.0;25.0;25.0;20.0
24797;UNIVERSIDAD DEL MAGDALENA;UNIVERSIDAD DEL MAGDALENA - UNIMAGDALENA-SANTA MARTA;HISTORIA Y PATRIMONIO;GEOGRAFÍA, HISTORIA;MAGDALENA;SANTA MARTA;20;139.0;153.0;123.0;144.0;135.0;144.0;26.0;37.0;29.0;27.0;33.0
5222;UNIVERSIDAD DEL MAGDALENA;UNIVERSIDAD DEL MAGDALENA - UNIMAGDALENA-SANTA MARTA;INGENIERIA AGRONOMICA;INGENIERÍA AGRONÓMICA, PECUARIA Y AFINES;MAGDALENA;SANTA MARTA;77;146.0;150.0;151.0;142.0;146.0;140.0;21.0;22.0;27.0;35.0;21.0
5126;UNIVERSIDAD DEL MAGDALENA;UNIVERSIDAD DEL MAGDALENA - UNIMAGDALENA-SANTA MARTA;INGENIERIA AMBIENTAL Y SANITARIA;INGENIERÍA AMBIENTAL, SANITARIA Y AFINES;MAGDALENA;SANTA MARTA;128;157.0;161.0;156.0;158.0;152.0;158.0;24.0;25.0;29.0;28.0;26.0
1787;UNIVERSIDAD DEL MAGDALENA;UNIVERSIDAD DEL MAGDALENA - UNIMAGDALENA-SANTA MARTA;INGENIERIA CIVIL;INGENIERÍA CIVIL Y AFINES;MAGDALENA;SANTA MARTA;98;171.0;170.0;186.0;171.0;158.0;168.0;17.0;23.0;24.0;24.0;23.0
2675;UNIVERSIDAD DEL MAGDALENA;UNIVERSIDAD DEL MAGDALENA - UNIMAGDALENA-SANTA MARTA;INGENIERIA DE SISTEMAS;INGENIERÍA DE SISTEMAS, TELEMÁTICA Y AFINES;MAGDALENA;SANTA MARTA;99;164.0;165.0;173.0;159.0;149.0;175.0;30.0;22.0;32.0;24.0;29.0
581;UNIVERSIDAD DEL MAGDALENA;UNIVERSIDAD DEL MAGDALENA - UNIMAGDALENA-SANTA MARTA;INGENIERIA ELECTRONICA;INGENIERÍA ELECTRÓNICA, TELECOMUNICACIONES Y AFINES;MAGDALENA;SANTA MARTA;89;162.0;163.0;172.0;154.0;154.0;168.0;30.0;24.0;32.0;32.0;28.0
497;UNIVERSIDAD DEL MAGDALENA;UNIVERSIDAD DEL MAGDALENA - UNIMAGDALENA-SANTA MARTA;INGENIERIA INDUSTRIAL;INGENIERÍA INDUSTRIAL Y AFINES;MAGDALENA;SANTA MARTA;148;162.0;165.0;167.0;159.0;154.0;164.0;22.0;21.0;29.0;28.0;28.0
5300;UNIVERSIDAD DEL MAGDALENA;UNIVERSIDAD DEL MAGDALENA - UNIMAGDALENA-SANTA MARTA;INGENIERIA PESQUERA;INGENIERÍA AGRONÓMICA, PECUARIA Y AFINES;MAGDALENA;SANTA MARTA;22;147.0;148.0;160.0;138.0;148.0;142.0;24.0;17.0;25.0;40.0;20.0
26478;UNIVERSIDAD DEL MAGDALENA;UNIVERSIDAD DEL MAGDALENA - UNIMAGDALENA-SANTA MARTA;LICENCIATURA EN ARTES;EDUCACIÓN;MAGDALENA;SANTA MARTA;17;155.0;160.0;141.0;159.0;152.0;166.0;27.0;31.0;27.0;24.0;61.0
24798;UNIVERSIDAD DEL MAGDALENA;UNIVERSIDAD DEL MAGDALENA - UNIMAGDALENA-SANTA MARTA;LICENCIATURA EN CIENCIAS NATURALES Y EDUCACIÓN AMBIENTAL;EDUCACIÓN;MAGDALENA;SANTA MARTA;22;154.0;158.0;148.0;149.0;162.0;154.0;16.0;16.0;20.0;39.0;23.0
5316;UNIVERSIDAD DEL MAGDALENA;UNIVERSIDAD DEL MAGDALENA - UNIMAGDALENA-SANTA MARTA;LICENCIATURA EN EDUCACION BASICA CON ENFASIS EN INFORMATICA;EDUCACIÓN;MAGDALENA;SANTA MARTA;9;136.0;144.0;136.0;127.0;134.0;138.0;32.0;29.0;27.0;55.0;21.0
9587;UNIVERSIDAD DEL MAGDALENA;UNIVERSIDAD DEL MAGDALENA - UNIMAGDALENA-SANTA MARTA;LICENCIATURA EN EDUCACION INFANTIL;EDUCACIÓN;MAGDALENA;SANTA MARTA;33;150.0;158.0;131.0;152.0;151.0;158.0;25.0;23.0;25.0;36.0;23.0
24799;UNIVERSIDAD DEL MAGDALENA;UNIVERSIDAD DEL MAGDALENA - UNIMAGDALENA-SANTA MARTA;LICENCIATURA EN EDUCACIÓN CAMPESINA Y RURAL;EDUCACIÓN;MAGDALENA;SANTA MARTA;34;138.0;140.0;129.0;137.0;141.0;144.0;27.0;29.0;30.0;39.0;16.0
25111;UNIVERSIDAD DEL MAGDALENA;UNIVERSIDAD DEL MAGDALENA - UNIMAGDALENA-SANTA MARTA;LICENCIATURA EN EDUCACIÓN INFANTIL;EDUCACIÓN;MAGDALENA;SANTA MARTA;1;150.0;184.0;113.0;168.0;124.0;161.0;0.0;0.0;0.0;0.0;0.0
16087;UNIVERSIDAD DEL MAGDALENA;UNIVERSIDAD DEL MAGDALENA - UNIMAGDALENA-SANTA MARTA;LICENCIATURA EN ESPAÑOL Y LITERATURA;EDUCACIÓN;MAGDALENA;SANTA MARTA;1;139.0;137.0;141.0;129.0;163.0;124.0;0.0;0.0;0.0;0.0;0.0
26541;UNIVERSIDAD DEL MAGDALENA;UNIVERSIDAD DEL MAGDALENA - UNIMAGDALENA-SANTA MARTA;LICENCIATURA EN ETNOEDUCACIÓN;EDUCACIÓN;MAGDALENA;SANTA MARTA;33;133.0;139.0;112.0;128.0;152.0;135.0;27.0;22.0;29.0;25.0;22.0
16046;UNIVERSIDAD DEL MAGDALENA;UNIVERSIDAD DEL MAGDALENA - UNIMAGDALENA-SANTA MARTA;LICENCIATURA EN INFORMATICA;EDUCACIÓN;MAGDALENA;SANTA MARTA;1;172.0;181.0;120.0;188.0;177.0;193.0;0.0;0.0;0.0;0.0;0.0
24948;UNIVERSIDAD DEL MAGDALENA;UNIVERSIDAD DEL MAGDALENA - UNIMAGDALENA-SANTA MARTA;LICENCIATURA EN LENGUAS EXTRANJERAS CON ÉNFASIS EN INGLÉS;EDUCACIÓN;MAGDALENA;SANTA MARTA;41;175.0;177.0;152.0;166.0;173.0;209.0;20.0;23.0;25.0;20.0;24.0
24800;UNIVERSIDAD DEL MAGDALENA;UNIVERSIDAD DEL MAGDALENA - UNIMAGDALENA-SANTA MARTA;LICENCIATURA EN LITERATURA Y LENGUA CASTELLANA;EDUCACIÓN;MAGDALENA;SANTA MARTA;19;155.0;167.0;132.0;155.0;171.0;152.0;23.0;29.0;25.0;30.0;16.0
25112;UNIVERSIDAD DEL MAGDALENA;UNIVERSIDAD DEL MAGDALENA - UNIMAGDALENA-SANTA MARTA;LICENCIATURA EN LITERATURA Y LENGUA CASTELLANA;EDUCACIÓN;MAGDALENA;SANTA MARTA;227;131.0;142.0;115.0;127.0;147.0;125.0;24.0;25.0;28.0;37.0;24.0
24801;UNIVERSIDAD DEL MAGDALENA;UNIVERSIDAD DEL MAGDALENA - UNIMAGDALENA-SANTA MARTA;LICENCIATURA EN MATEMÁTICAS;EDUCACIÓN;MAGDALENA;SANTA MARTA;37;161.0;161.0;170.0;148.0;164.0;161.0;20.0;27.0;25.0;32.0;23.0
4186;UNIVERSIDAD DEL MAGDALENA;UNIVERSIDAD DEL MAGDALENA - UNIMAGDALENA-SANTA MARTA;LICENCIATURA EN PREESCOLAR;EDUCACIÓN;MAGDALENA;SANTA MARTA;6;125.0;136.0;100.0;137.0;124.0;126.0;33.0;25.0;33.0;33.0;27.0
26480;UNIVERSIDAD DEL MAGDALENA;UNIVERSIDAD DEL MAGDALENA - UNIMAGDALENA-SANTA MARTA;LICENCIATURA EN QUÍMICA;EDUCACIÓN;MAGDALENA;SANTA MARTA;12;152.0;169.0;151.0;143.0;141.0;155.0;24.0;26.0;29.0;50.0;27.0
25459;UNIVERSIDAD DEL MAGDALENA;UNIVERSIDAD DEL MAGDALENA - UNIMAGDALENA-SANTA MARTA;LICENCIATURA EN TECNOLOGÍA;EDUCACIÓN;MAGDALENA;SANTA MARTA;12;139.0;142.0;133.0;141.0;131.0;149.0;24.0;28.0;32.0;18.0;24.0
3150;UNIVERSIDAD DEL MAGDALENA;UNIVERSIDAD DEL MAGDALENA - UNIMAGDALENA-SANTA MARTA;MEDICINA;MEDICINA;MAGDALENA;SANTA MARTA;74;174.0;178.0;168.0;177.0;164.0;181.0;24.0;26.0;29.0;26.0;34.0
212;UNIVERSIDAD DEL MAGDALENA;UNIVERSIDAD DEL MAGDALENA - UNIMAGDALENA-SANTA MARTA;NEGOCIOS INTERNACIONALES;ADMINISTRACIÓN;MAGDALENA;SANTA MARTA;166;165.0;169.0;148.0;161.0;161.0;188.0;23.0;24.0;31.0;32.0;29.0
2222;UNIVERSIDAD DEL MAGDALENA;UNIVERSIDAD DEL MAGDALENA - UNIMAGDALENA-SANTA MARTA;ODONTOLOGIA;ODONTOLOGÍA;MAGDALENA;SANTA MARTA;77;152.0;162.0;144.0;147.0;153.0;155.0;21.0;24.0;28.0;25.0;30.0
20815;UNIVERSIDAD DEL MAGDALENA;UNIVERSIDAD DEL MAGDALENA - UNIMAGDALENA-SANTA MARTA;PROFESIONAL EN DEPORTE;DEPORTES, EDUCACIÓN FÍSICA Y RECREACIÓN;MAGDALENA;SANTA MARTA;361;125.0;127.0;121.0;118.0;135.0;123.0;27.0;27.0;25.0;34.0;23.0
932;UNIVERSIDAD DEL MAGDALENA;UNIVERSIDAD DEL MAGDALENA - UNIMAGDALENA-SANTA MARTA;PSICOLOGIA;PSICOLOGÍA;MAGDALENA;SANTA MARTA;60;163.0;171.0;147.0;166.0;158.0;172.0;27.0;24.0;40.0;24.0;30.0
9834;UNIVERSIDAD DEL PACIFICO;UNIVERSIDAD DEL PACIFICO-BUENAVENTURA;ADMINISTRACIÓN DE NEGOCIOS INTERNACIONALES;ADMINISTRACIÓN;VALLE;BUENAVENTURA;97;129.0;133.0;122.0;120.0;140.0;132.0;27.0;25.0;28.0;32.0;29.0
9529;UNIVERSIDAD DEL PACIFICO;UNIVERSIDAD DEL PACIFICO-BUENAVENTURA;AGRONOMIA;AGRONOMÍA;VALLE;BUENAVENTURA;25;118.0;127.0;112.0;113.0;124.0;114.0;25.0;19.0;28.0;37.0;24.0
6064;UNIVERSIDAD DEL PACIFICO;UNIVERSIDAD DEL PACIFICO-BUENAVENTURA;AGRONOMIA DEL TROPICO HUMEDO;AGRONOMÍA;VALLE;BUENAVENTURA;2;119.0;120.0;124.0;99.0;132.0;122.0;23.0;4.0;1.0;22.0;31.0
5591;UNIVERSIDAD DEL PACIFICO;UNIVERSIDAD DEL PACIFICO-BUENAVENTURA;ARQUITECTURA;ARQUITECTURA;VALLE;BUENAVENTURA;32;127.0;132.0;131.0;119.0;129.0;126.0;25.0;24.0;31.0;48.0;30.0
4017;UNIVERSIDAD DEL PACIFICO;UNIVERSIDAD DEL PACIFICO-BUENAVENTURA;INGENIERIA DE SISTEMAS;INGENIERÍA DE SISTEMAS, TELEMÁTICA Y AFINES;VALLE;BUENAVENTURA;41;139.0;141.0;140.0;128.0;141.0;146.0;26.0;26.0;32.0;42.0;25.0
1087;UNIVERSIDAD DEL PACIFICO;UNIVERSIDAD DEL PACIFICO-BUENAVENTURA;SOCIOLOGIA;SOCIOLOGÍA, TRABAJO SOCIAL Y AFINES;VALLE;BUENAVENTURA;53;126.0;138.0;109.0;121.0;141.0;123.0;24.0;23.0;31.0;36.0;19.0
505;UNIVERSIDAD DEL QUINDIO;UNIVERSIDAD DEL QUINDIO-ARMENIA;ADMINISTRACION DE NEGOCIOS;ADMINISTRACIÓN;QUINDIO;ARMENIA;106;141.0;141.0;134.0;132.0;152.0;144.0;25.0;25.0;29.0;27.0;23.0
5794;UNIVERSIDAD DEL QUINDIO;UNIVERSIDAD DEL QUINDIO-ARMENIA;ADMINISTRACION DE NEGOCIOS;ADMINISTRACIÓN;QUINDIO;ARMENIA;63;154.0;160.0;151.0;150.0;146.0;165.0;25.0;23.0;28.0;23.0;26.0
2874;UNIVERSIDAD DEL QUINDIO;UNIVERSIDAD DEL QUINDIO-ARMENIA;ADMINISTRACIÓN FINANCIERA;ADMINISTRACIÓN;QUINDIO;ARMENIA;117;139.0;136.0;137.0;137.0;145.0;140.0;26.0;25.0;28.0;31.0;26.0
7201;UNIVERSIDAD DEL QUINDIO;UNIVERSIDAD DEL QUINDIO-ARMENIA;ARTES VISUALES;ARTES PLÁSTICAS, VISUALES Y AFINES;QUINDIO;ARMENIA;31;160.0;168.0;145.0;152.0;158.0;175.0;22.0;29.0;25.0;33.0;24.0
2310;UNIVERSIDAD DEL QUINDIO;UNIVERSIDAD DEL QUINDIO-ARMENIA;BIOLOGIA;BIOLOGÍA, MICROBIOLOGÍA Y AFINES;QUINDIO;ARMENIA;54;164.0;174.0;155.0;163.0;153.0;174.0;24.0;29.0;25.0;38.0;21.0
667;UNIVERSIDAD DEL QUINDIO;UNIVERSIDAD DEL QUINDIO-ARMENIA;CIENCIAS DE LA INFORMACION Y LA DOCUMENTACION;BIBLIOTECOLOGÍA, OTROS DE CIENCIAS SOCIALES Y HUMANAS;QUINDIO;ARMENIA;195;143.0;147.0;132.0;141.0;154.0;140.0;23.0;24.0;27.0;39.0;27.0
2757;UNIVERSIDAD DEL QUINDIO;UNIVERSIDAD DEL QUINDIO-ARMENIA;COMUNICACION SOCIAL- PERIODISMO;COMUNICACIÓN SOCIAL, PERIODISMO Y AFINES;QUINDIO;ARMENIA;94;158.0;168.0;143.0;161.0;156.0;160.0;23.0;22.0;28.0;28.0;30.0
6427;UNIVERSIDAD DEL QUINDIO;UNIVERSIDAD DEL QUINDIO-ARMENIA;CONTADURIA PUBLICA;CONTADURÍA PUBLICA;QUINDIO;ARMENIA;128;149.0;149.0;149.0;143.0;152.0;151.0;24.0;24.0;31.0;23.0;22.0
2920;UNIVERSIDAD DEL QUINDIO;UNIVERSIDAD DEL QUINDIO-ARMENIA;ECONOMIA;ECONOMÍA;QUINDIO;ARMENIA;86;155.0;160.0;159.0;151.0;148.0;155.0;28.0;24.0;34.0;35.0;30.0
5261;UNIVERSIDAD DEL QUINDIO;UNIVERSIDAD DEL QUINDIO-ARMENIA;ENFERMERIA;ENFERMERÍA;QUINDIO;ARMENIA;45;161.0;163.0;153.0;163.0;162.0;165.0;26.0;26.0;29.0;22.0;22.0
5265;UNIVERSIDAD DEL QUINDIO;UNIVERSIDAD DEL QUINDIO-ARMENIA;FILOSOFIA;FILOSOFÍA, TEOLOGÍA Y AFINES;QUINDIO;ARMENIA;16;157.0;186.0;128.0;157.0;151.0;163.0;24.0;41.0;29.0;51.0;28.0
4385;UNIVERSIDAD DEL QUINDIO;UNIVERSIDAD DEL QUINDIO-ARMENIA;FISICA;FÍSICA;QUINDIO;ARMENIA;8;170.0;178.0;198.0;157.0;127.0;189.0;29.0;14.0;45.0;55.0;10.0
5704;UNIVERSIDAD DEL QUINDIO;UNIVERSIDAD DEL QUINDIO-ARMENIA;GERONTOLOGIA;SOCIOLOGÍA, TRABAJO SOCIAL Y AFINES;QUINDIO;ARMENIA;31;135.0;140.0;119.0;132.0;146.0;140.0;25.0;23.0;22.0;28.0;18.0
950;UNIVERSIDAD DEL QUINDIO;UNIVERSIDAD DEL QUINDIO-ARMENIA;INGENIERIA CIVIL;INGENIERÍA CIVIL Y AFINES;QUINDIO;ARMENIA;52;172.0;171.0;193.0;168.0;158.0;172.0;25.0;16.0;30.0;38.0;25.0
4933;UNIVERSIDAD DEL QUINDIO;UNIVERSIDAD DEL QUINDIO-ARMENIA;INGENIERIA DE ALIMENTOS;INGENIERÍA AGROINDUSTRIAL, ALIMENTOS Y AFINES;QUINDIO;ARMENIA;44;140.0;137.0;145.0;132.0;147.0;139.0;27.0;24.0;28.0;24.0;25.0
5130;UNIVERSIDAD DEL QUINDIO;UNIVERSIDAD DEL QUINDIO-ARMENIA;INGENIERIA DE SISTEMAS Y COMPUTACION;INGENIERÍA DE SISTEMAS, TELEMÁTICA Y AFINES;QUINDIO;ARMENIA;151;167.0;168.0;174.0;159.0;157.0;180.0;29.0;27.0;34.0;31.0;25.0
5131;UNIVERSIDAD DEL QUINDIO;UNIVERSIDAD DEL QUINDIO-ARMENIA;INGENIERIA ELECTRONICA;INGENIERÍA ELECTRÓNICA, TELECOMUNICACIONES Y AFINES;QUINDIO;ARMENIA;67;155.0;155.0;165.0;145.0;144.0;165.0;31.0;30.0;34.0;30.0;26.0
25120;UNIVERSIDAD DEL QUINDIO;UNIVERSIDAD DEL QUINDIO-ARMENIA;INGENIERÍA TOPOGRÁFICA Y GEOMÁTICA;INGENIERÍA CIVIL Y AFINES;QUINDIO;ARMENIA;43;150.0;142.0;168.0;136.0;148.0;156.0;26.0;25.0;31.0;41.0;20.0
6504;UNIVERSIDAD DEL QUINDIO;UNIVERSIDAD DEL QUINDIO-ARMENIA;LICENCIATURA EN BIOLOGIA Y EDUCACION AMBIENTAL;EDUCACIÓN;QUINDIO;ARMENIA;30;146.0;151.0;130.0;137.0;156.0;157.0;23.0;28.0;26.0;44.0;23.0
618;UNIVERSIDAD DEL QUINDIO;UNIVERSIDAD DEL QUINDIO-ARMENIA;LICENCIATURA EN EDUCACION FISICA Y DEPORTES;EDUCACIÓN;QUINDIO;ARMENIA;61;143.0;144.0;134.0;134.0;149.0;155.0;29.0;28.0;26.0;25.0;22.0
26278;UNIVERSIDAD DEL QUINDIO;UNIVERSIDAD DEL QUINDIO-ARMENIA;LICENCIATURA EN EDUCACIÓN INFANTIL;EDUCACIÓN;QUINDIO;ARMENIA;78;142.0;147.0;124.0;135.0;152.0;150.0;24.0;23.0;25.0;33.0;20.0
4253;UNIVERSIDAD DEL QUINDIO;UNIVERSIDAD DEL QUINDIO-ARMENIA;LICENCIATURA EN ESPAÑOL Y LITERATURA;EDUCACIÓN;QUINDIO;ARMENIA;52;148.0;161.0;123.0;138.0;151.0;164.0;34.0;29.0;41.0;58.0;23.0
1365;UNIVERSIDAD DEL QUINDIO;UNIVERSIDAD DEL QUINDIO-ARMENIA;LICENCIATURA EN LENGUAS MODERNAS;EDUCACIÓN;QUINDIO;ARMENIA;161;171.0;173.0;147.0;161.0;171.0;203.0;22.0;24.0;25.0;40.0;18.0
3160;UNIVERSIDAD DEL QUINDIO;UNIVERSIDAD DEL QUINDIO-ARMENIA;LICENCIATURA EN MATEMATICAS;EDUCACIÓN;QUINDIO;ARMENIA;22;156.0;154.0;173.0;142.0;152.0;161.0;29.0;24.0;34.0;41.0;18.0
1890;UNIVERSIDAD DEL QUINDIO;UNIVERSIDAD DEL QUINDIO-ARMENIA;MEDICINA;MEDICINA;QUINDIO;ARMENIA;30;180.0;183.0;178.0;185.0;150.0;205.0;22.0;23.0;25.0;40.0;42.0
2248;UNIVERSIDAD DEL QUINDIO;UNIVERSIDAD DEL QUINDIO-ARMENIA;QUIMICA;QUÍMICA Y AFINES;QUINDIO;ARMENIA;49;157.0;156.0;165.0;142.0;152.0;168.0;28.0;23.0;33.0;34.0;23.0
7203;UNIVERSIDAD DEL QUINDIO;UNIVERSIDAD DEL QUINDIO-ARMENIA;SEGURIDAD Y SALUD EN EL TRABAJO;SALUD PUBLICA;QUINDIO;ARMENIA;354;133.0;137.0;126.0;129.0;139.0;136.0;24.0;24.0;27.0;36.0;23.0
28321;UNIVERSIDAD DEL QUINDIO;UNIVERSIDAD DEL QUINDIO-ARMENIA;SEGURIDAD Y SALUD EN EL TRABAJO;INGENIERÍA INDUSTRIAL Y AFINES;QUINDIO;ARMENIA;2;124.0;129.0;94.0;125.0;157.0;116.0;32.0;30.0;5.0;17.0;3.0
5664;UNIVERSIDAD DEL QUINDIO;UNIVERSIDAD DEL QUINDIO-ARMENIA;TRABAJO SOCIAL;SOCIOLOGÍA, TRABAJO SOCIAL Y AFINES;QUINDIO;ARMENIA;73;155.0;166.0;134.0;152.0;166.0;156.0;23.0;22.0;32.0;30.0;19.0
24961;UNIVERSIDAD DEL QUINDIO;UNIVERSIDAD DEL QUINDIO-ARMENIA;ZOOTECNIA;AGRONOMÍA;QUINDIO;ARMENIA;40;152.0;154.0;145.0;145.0;150.0;163.0;24.0;23.0;24.0;45.0;21.0
4473;UNIVERSIDAD DEL SINÚ ELIAS BECHARA ZAINUM - UNISINÚ-;UNIVERSIDAD DEL SINÚ 'Elías Bechara Zainúm' - UNISINÚ-MONTERIA;ADMINISTRACION DE EMPRESAS;ADMINISTRACIÓN;CORDOBA;MONTERÍA;58;131.0;132.0;131.0;125.0;139.0;131.0;25.0;26.0;32.0;43.0;26.0
5377;UNIVERSIDAD DEL SINÚ ELIAS BECHARA ZAINUM - UNISINÚ-;UNIVERSIDAD DEL SINÚ 'Elías Bechara Zainúm' - UNISINÚ-CARTAGENA;ADMINISTRACION DE NEGOCIOS INTERNACIONALES;ADMINISTRACIÓN;BOLIVAR;CARTAGENA DE INDIAS;47;139.0;138.0;123.0;130.0;146.0;158.0;32.0;30.0;32.0;32.0;24.0
5847;UNIVERSIDAD DEL SINÚ ELIAS BECHARA ZAINUM - UNISINÚ-;UNIVERSIDAD DEL SINÚ 'Elías Bechara Zainúm' - UNISINÚ-MONTERIA;ARQUITECTURA;ARQUITECTURA;CORDOBA;MONTERÍA;108;139.0;143.0;138.0;134.0;147.0;136.0;26.0;27.0;30.0;26.0;27.0
8461;UNIVERSIDAD DEL SINÚ ELIAS BECHARA ZAINUM - UNISINÚ-;UNIVERSIDAD DEL SINÚ 'Elías Bechara Zainúm' - UNISINÚ-CARTAGENA;BIOLOGIA MARINA;BIOLOGÍA, MICROBIOLOGÍA Y AFINES;BOLIVAR;CARTAGENA DE INDIAS;6;148.0;145.0;136.0;133.0;154.0;170.0;21.0;26.0;26.0;43.0;30.0
6279;UNIVERSIDAD DEL SINÚ ELIAS BECHARA ZAINUM - UNISINÚ-;UNIVERSIDAD DEL SINÚ 'Elías Bechara Zainúm' - UNISINÚ-MONTERIA;COMUNICACION SOCIAL;COMUNICACIÓN SOCIAL, PERIODISMO Y AFINES;CORDOBA;MONTERÍA;19;138.0;144.0;118.0;131.0;156.0;142.0;23.0;22.0;27.0;20.0;21.0
17482;UNIVERSIDAD DEL SINÚ ELIAS BECHARA ZAINUM - UNISINÚ-;UNIVERSIDAD DEL SINÚ 'Elías Bechara Zainúm' - UNISINÚ-MONTERIA;COMUNICACION SOCIAL;COMUNICACIÓN SOCIAL, PERIODISMO Y AFINES;CORDOBA;MONTERÍA;1;130.0;167.0;115.0;155.0;96.0;116.0;0.0;0.0;0.0;0.0;0.0
2906;UNIVERSIDAD DEL SINÚ ELIAS BECHARA ZAINUM - UNISINÚ-;UNIVERSIDAD DEL SINÚ 'Elías Bechara Zainúm' - UNISINÚ-MONTERIA;CONTADURIA PUBLICA;CONTADURÍA PUBLICA;CORDOBA;MONTERÍA;82;141.0;143.0;140.0;136.0;147.0;136.0;23.0;24.0;31.0;29.0;21.0
4691;UNIVERSIDAD DEL SINÚ ELIAS BECHARA ZAINUM - UNISINÚ-;UNIVERSIDAD DEL SINÚ 'Elías Bechara Zainúm' - UNISINÚ-MONTERIA;CONTADURIA PUBLICA;CONTADURÍA PUBLICA;CORDOBA;MONTERÍA;1;123.0;133.0;137.0;89.0;151.0;105.0;0.0;0.0;0.0;0.0;0.0
334;UNIVERSIDAD DEL SINÚ ELIAS BECHARA ZAINUM - UNISINÚ-;UNIVERSIDAD DEL SINÚ 'Elías Bechara Zainúm' - UNISINÚ-CARTAGENA;CONTADURÍA PÚBLICA;CONTADURÍA PUBLICA;BOLIVAR;CARTAGENA DE INDIAS;48;136.0;136.0;135.0;128.0;146.0;138.0;28.0;24.0;26.0;22.0;21.0
5677;UNIVERSIDAD DEL SINÚ ELIAS BECHARA ZAINUM - UNISINÚ-;UNIVERSIDAD DEL SINÚ 'Elías Bechara Zainúm' - UNISINÚ-MONTERIA;DERECHO;DERECHO Y AFINES;CORDOBA;MONTERÍA;103;142.0;149.0;123.0;150.0;150.0;140.0;30.0;27.0;33.0;32.0;27.0
6236;UNIVERSIDAD DEL SINÚ ELIAS BECHARA ZAINUM - UNISINÚ-;UNIVERSIDAD DEL SINÚ 'Elías Bechara Zainúm' - UNISINÚ-CARTAGENA;DERECHO;DERECHO Y AFINES;BOLIVAR;CARTAGENA DE INDIAS;55;136.0;144.0;114.0;148.0;140.0;132.0;27.0;27.0;28.0;32.0;24.0
7168;UNIVERSIDAD DEL SINÚ ELIAS BECHARA ZAINUM - UNISINÚ-;UNIVERSIDAD DEL SINÚ 'Elías Bechara Zainúm' - UNISINÚ-MONTERIA;DERECHO;DERECHO Y AFINES;CORDOBA;MONTERÍA;8;139.0;142.0;117.0;151.0;135.0;153.0;21.0;24.0;28.0;27.0;21.0
305;UNIVERSIDAD DEL SINÚ ELIAS BECHARA ZAINUM - UNISINÚ-;UNIVERSIDAD DEL SINÚ 'Elías Bechara Zainúm' - UNISINÚ-CARTAGENA;ENFERMERIA;ENFERMERÍA;BOLIVAR;CARTAGENA DE INDIAS;39;142.0;149.0;133.0;138.0;149.0;139.0;23.0;24.0;27.0;22.0;22.0
7108;UNIVERSIDAD DEL SINÚ ELIAS BECHARA ZAINUM - UNISINÚ-;UNIVERSIDAD DEL SINÚ 'Elías Bechara Zainúm' - UNISINÚ-MONTERIA;ENFERMERIA;ENFERMERÍA;CORDOBA;MONTERÍA;119;133.0;138.0;124.0;129.0;143.0;128.0;25.0;22.0;27.0;29.0;21.0
3358;UNIVERSIDAD DEL SINÚ ELIAS BECHARA ZAINUM - UNISINÚ-;UNIVERSIDAD DEL SINÚ 'Elías Bechara Zainúm' - UNISINÚ-MONTERIA;FISIOTERAPIA;TERAPIAS;CORDOBA;MONTERÍA;147;132.0;139.0;121.0;126.0;141.0;134.0;23.0;23.0;27.0;37.0;24.0
4800;UNIVERSIDAD DEL SINÚ ELIAS BECHARA ZAINUM - UNISINÚ-;UNIVERSIDAD DEL SINÚ 'Elías Bechara Zainúm' - UNISINÚ-MONTERIA;INGENIERIA CIVIL;INGENIERÍA CIVIL Y AFINES;CORDOBA;MONTERÍA;107;144.0;141.0;154.0;137.0;150.0;138.0;25.0;26.0;29.0;26.0;23.0
2104;UNIVERSIDAD DEL SINÚ ELIAS BECHARA ZAINUM - UNISINÚ-;UNIVERSIDAD DEL SINÚ 'Elías Bechara Zainúm' - UNISINÚ-CARTAGENA;INGENIERIA DE SISTEMAS;INGENIERÍA DE SISTEMAS, TELEMÁTICA Y AFINES;BOLIVAR;CARTAGENA DE INDIAS;30;137.0;136.0;138.0;119.0;134.0;159.0;29.0;31.0;35.0;35.0;41.0
3049;UNIVERSIDAD DEL SINÚ ELIAS BECHARA ZAINUM - UNISINÚ-;UNIVERSIDAD DEL SINÚ 'Elías Bechara Zainúm' - UNISINÚ-MONTERIA;INGENIERIA DE SISTEMAS DE INFORMACION;INGENIERÍA DE SISTEMAS, TELEMÁTICA Y AFINES;CORDOBA;MONTERÍA;27;147.0;149.0;144.0;138.0;146.0;158.0;21.0;20.0;28.0;28.0;26.0
1631;UNIVERSIDAD DEL SINÚ ELIAS BECHARA ZAINUM - UNISINÚ-;UNIVERSIDAD DEL SINÚ 'Elías Bechara Zainúm' - UNISINÚ-MONTERIA;INGENIERIA ELECTRICA;INGENIERÍA ELÉCTRICA Y AFINES;CORDOBA;MONTERÍA;28;135.0;130.0;144.0;130.0;135.0;136.0;26.0;30.0;33.0;44.0;27.0
5238;UNIVERSIDAD DEL SINÚ ELIAS BECHARA ZAINUM - UNISINÚ-;UNIVERSIDAD DEL SINÚ 'Elías Bechara Zainúm' - UNISINÚ-MONTERIA;INGENIERIA INDUSTRIAL;INGENIERÍA INDUSTRIAL Y AFINES;CORDOBA;MONTERÍA;47;149.0;151.0;152.0;143.0;154.0;146.0;23.0;23.0;27.0;26.0;27.0
8036;UNIVERSIDAD DEL SINÚ ELIAS BECHARA ZAINUM - UNISINÚ-;UNIVERSIDAD DEL SINÚ 'Elías Bechara Zainúm' - UNISINÚ-CARTAGENA;INGENIERIA INDUSTRIAL;INGENIERÍA INDUSTRIAL Y AFINES;BOLIVAR;CARTAGENA DE INDIAS;91;133.0;132.0;138.0;120.0;136.0;139.0;28.0;31.0;34.0;28.0;24.0
25960;UNIVERSIDAD DEL SINÚ ELIAS BECHARA ZAINUM - UNISINÚ-;UNIVERSIDAD DEL SINÚ 'Elías Bechara Zainúm' - UNISINÚ-CARTAGENA;INGENIERÍA CIVIL (POR CICLOS PROPEDEÚTICOS);INGENIERÍA CIVIL Y AFINES;BOLIVAR;CARTAGENA DE INDIAS;8;131.0;123.0;130.0;122.0;143.0;137.0;26.0;31.0;42.0;21.0;36.0
20837;UNIVERSIDAD DEL SINÚ ELIAS BECHARA ZAINUM - UNISINÚ-;UNIVERSIDAD DEL SINÚ 'Elías Bechara Zainúm' - UNISINÚ-MONTERIA;INGENIERÍA ELECTROMECÁNICA;INGENIERÍA MECÁNICA Y AFINES;CORDOBA;MONTERÍA;17;142.0;142.0;149.0;134.0;142.0;141.0;19.0;30.0;26.0;26.0;22.0
1862;UNIVERSIDAD DEL SINÚ ELIAS BECHARA ZAINUM - UNISINÚ-;UNIVERSIDAD DEL SINÚ 'Elías Bechara Zainúm' - UNISINÚ-MONTERIA;INSTRUMENTACION QUIRURGICA;INSTRUMENTACIÓN QUIRÚRGICA;CORDOBA;MONTERÍA;1;109.0;102.0;94.0;110.0;122.0;119.0;0.0;0.0;0.0;0.0;0.0
2336;UNIVERSIDAD DEL SINÚ ELIAS BECHARA ZAINUM - UNISINÚ-;UNIVERSIDAD DEL SINÚ 'Elías Bechara Zainúm' - UNISINÚ-MONTERIA;INSTRUMENTACION QUIRURGICA;INSTRUMENTACIÓN QUIRÚRGICA;CORDOBA;MONTERÍA;72;140.0;147.0;126.0;136.0;154.0;135.0;22.0;21.0;25.0;22.0;20.0
306;UNIVERSIDAD DEL SINÚ ELIAS BECHARA ZAINUM - UNISINÚ-;UNIVERSIDAD DEL SINÚ 'Elías Bechara Zainúm' - UNISINÚ-CARTAGENA;MEDICINA;MEDICINA;BOLIVAR;CARTAGENA DE INDIAS;150;148.0;153.0;138.0;144.0;145.0;159.0;25.0;27.0;31.0;34.0;28.0
4989;UNIVERSIDAD DEL SINÚ ELIAS BECHARA ZAINUM - UNISINÚ-;UNIVERSIDAD DEL SINÚ 'Elías Bechara Zainúm' - UNISINÚ-MONTERIA;MEDICINA;MEDICINA;CORDOBA;MONTERÍA;337;151.0;158.0;143.0;147.0;152.0;156.0;23.0;26.0;29.0;31.0;29.0
2537;UNIVERSIDAD DEL SINÚ ELIAS BECHARA ZAINUM - UNISINÚ-;UNIVERSIDAD DEL SINÚ 'Elías Bechara Zainúm' - UNISINÚ-MONTERIA;NEGOCIOS INTERNACIONALES;ADMINISTRACIÓN;CORDOBA;MONTERÍA;77;153.0;158.0;141.0;152.0;150.0;164.0;21.0;26.0;27.0;25.0;24.0
2040;UNIVERSIDAD DEL SINÚ ELIAS BECHARA ZAINUM - UNISINÚ-;UNIVERSIDAD DEL SINÚ 'Elías Bechara Zainúm' - UNISINÚ-CARTAGENA;NUTRICION Y DIETETICA;NUTRICIÓN Y DIETÉTICA;BOLIVAR;CARTAGENA DE INDIAS;87;134.0;140.0;127.0;125.0;140.0;137.0;27.0;26.0;32.0;34.0;32.0
788;UNIVERSIDAD DEL SINÚ ELIAS BECHARA ZAINUM - UNISINÚ-;UNIVERSIDAD DEL SINÚ 'Elías Bechara Zainúm' - UNISINÚ-MONTERIA;ODONTOLOGIA;ODONTOLOGÍA;CORDOBA;MONTERÍA;68;135.0;139.0;119.0;130.0;150.0;135.0;22.0;21.0;27.0;23.0;24.0
5797;UNIVERSIDAD DEL SINÚ ELIAS BECHARA ZAINUM - UNISINÚ-;UNIVERSIDAD DEL SINÚ 'Elías Bechara Zainúm' - UNISINÚ-CARTAGENA;ODONTOLOGIA;ODONTOLOGÍA;BOLIVAR;CARTAGENA DE INDIAS;29;133.0;138.0;122.0;122.0;149.0;132.0;20.0;23.0;22.0;25.0;25.0
7561;UNIVERSIDAD DEL SINÚ ELIAS BECHARA ZAINUM - UNISINÚ-;UNIVERSIDAD DEL SINÚ 'Elías Bechara Zainúm' - UNISINÚ-CARTAGENA;OPTOMETRÍA;OPTOMETRÍA, OTROS PROGRAMAS DE CIENCIAS DE LA SALUD;BOLIVAR;CARTAGENA DE INDIAS;25;137.0;147.0;125.0;134.0;144.0;135.0;24.0;27.0;26.0;26.0;25.0
307;UNIVERSIDAD DEL SINÚ ELIAS BECHARA ZAINUM - UNISINÚ-;UNIVERSIDAD DEL SINÚ 'Elías Bechara Zainúm' - UNISINÚ-CARTAGENA;PSICOLOGIA;PSICOLOGÍA;BOLIVAR;CARTAGENA DE INDIAS;48;136.0;152.0;111.0;139.0;137.0;139.0;26.0;29.0;29.0;26.0;26.0
731;UNIVERSIDAD DEL SINÚ ELIAS BECHARA ZAINUM - UNISINÚ-;UNIVERSIDAD DEL SINÚ 'Elías Bechara Zainúm' - UNISINÚ-MONTERIA;PSICOLOGIA;PSICOLOGÍA;CORDOBA;MONTERÍA;155;137.0;143.0;120.0;134.0;152.0;136.0;23.0;24.0;30.0;27.0;27.0
3989;UNIVERSIDAD DEL SINÚ ELIAS BECHARA ZAINUM - UNISINÚ-;UNIVERSIDAD DEL SINÚ 'Elías Bechara Zainúm' - UNISINÚ-MONTERIA;TRABAJO SOCIAL;SOCIOLOGÍA, TRABAJO SOCIAL Y AFINES;CORDOBA;MONTERÍA;57;134.0;142.0;116.0;136.0;150.0;128.0;25.0;22.0;29.0;30.0;18.0
4724;UNIVERSIDAD DEL TOLIMA;UNIVERSIDAD DEL TOLIMA-IBAGUE;ADMINISTRACION DE EMPRESAS;ADMINISTRACIÓN;TOLIMA;IBAGUÉ;35;161.0;173.0;161.0;162.0;148.0;161.0;19.0;20.0;25.0;23.0;22.0
1714;UNIVERSIDAD DEL TOLIMA;UNIVERSIDAD DEL TOLIMA-IBAGUE;ADMINISTRACION FINANCIERA;ADMINISTRACIÓN;TOLIMA;IBAGUÉ;615;141.0;144.0;140.0;136.0;147.0;139.0;25.0;24.0;29.0;31.0;26.0
1312;UNIVERSIDAD DEL TOLIMA;UNIVERSIDAD DEL TOLIMA-IBAGUE;ADMINISTRACION TURISTICA Y HOTELERA;ADMINISTRACIÓN;TOLIMA;IBAGUÉ;80;145.0;147.0;137.0;141.0;148.0;151.0;25.0;22.0;29.0;23.0;27.0
7104;UNIVERSIDAD DEL TOLIMA;UNIVERSIDAD DEL TOLIMA-IBAGUE;ARQUITECTURA;ARQUITECTURA;TOLIMA;IBAGUÉ;79;161.0;166.0;169.0;156.0;151.0;164.0;25.0;24.0;32.0;33.0;27.0
6677;UNIVERSIDAD DEL TOLIMA;UNIVERSIDAD DEL TOLIMA-IBAGUE;ARTES PLÁSTICAS Y VISUALES;ARTES PLÁSTICAS, VISUALES Y AFINES;TOLIMA;IBAGUÉ;47;151.0;164.0;141.0;149.0;138.0;162.0;23.0;25.0;30.0;32.0;24.0
4742;UNIVERSIDAD DEL TOLIMA;UNIVERSIDAD DEL TOLIMA-IBAGUE;BIOLOGIA;BIOLOGÍA, MICROBIOLOGÍA Y AFINES;TOLIMA;IBAGUÉ;26;173.0;176.0;169.0;184.0;154.0;182.0;21.0;20.0;20.0;25.0;30.0
5390;UNIVERSIDAD DEL TOLIMA;UNIVERSIDAD DEL TOLIMA-IBAGUE;CIENCIA POLÍTICA;CIENCIA POLÍTICA, RELACIONES INTERNACIONALES;TOLIMA;IBAGUÉ;33;150.0;161.0;136.0;162.0;146.0;144.0;20.0;23.0;26.0;34.0;29.0
3130;UNIVERSIDAD DEL TOLIMA;UNIVERSIDAD DEL TOLIMA-IBAGUE;CIENCIAS SOCIALES;ANTROPOLOGÍA, ARTES LIBERALES;TOLIMA;IBAGUÉ;1;163.0;179.0;158.0;186.0;133.0;158.0;0.0;0.0;0.0;0.0;0.0
698;UNIVERSIDAD DEL TOLIMA;UNIVERSIDAD DEL TOLIMA-IBAGUE;COMUNICACION SOCIAL -  PERIODISMO;COMUNICACIÓN SOCIAL, PERIODISMO Y AFINES;TOLIMA;IBAGUÉ;29;160.0;172.0;143.0;163.0;158.0;162.0;26.0;24.0;31.0;46.0;26.0
1240;UNIVERSIDAD DEL TOLIMA;UNIVERSIDAD DEL TOLIMA-IBAGUE;DERECHO;DERECHO Y AFINES;TOLIMA;IBAGUÉ;61;166.0;176.0;149.0;179.0;156.0;172.0;22.0;25.0;30.0;37.0;27.0
4203;UNIVERSIDAD DEL TOLIMA;UNIVERSIDAD DEL TOLIMA-IBAGUE;ECONOMIA;ECONOMÍA;TOLIMA;IBAGUÉ;25;167.0;171.0;159.0;165.0;169.0;173.0;21.0;21.0;31.0;39.0;20.0
85;UNIVERSIDAD DEL TOLIMA;UNIVERSIDAD DEL TOLIMA-IBAGUE;ENFERMERIA;ENFERMERÍA;TOLIMA;IBAGUÉ;36;168.0;179.0;164.0;171.0;162.0;162.0;29.0;21.0;30.0;31.0;29.0
30875;UNIVERSIDAD DEL TOLIMA;UNIVERSIDAD DEL TOLIMA-IBAGUE;FÍSICA;FÍSICA;TOLIMA;IBAGUÉ;3;174.0;185.0;199.0;156.0;164.0;166.0;29.0;19.0;45.0;11.0;28.0
2954;UNIVERSIDAD DEL TOLIMA;UNIVERSIDAD DEL TOLIMA-IBAGUE;HISTORIA;GEOGRAFÍA, HISTORIA;TOLIMA;IBAGUÉ;13;153.0;159.0;131.0;160.0;157.0;159.0;41.0;23.0;30.0;28.0;31.0
6850;UNIVERSIDAD DEL TOLIMA;UNIVERSIDAD DEL TOLIMA-IBAGUE;INGENIERIA AGROINDUSTRIAL;INGENIERÍA AGROINDUSTRIAL, ALIMENTOS Y AFINES;TOLIMA;IBAGUÉ;44;157.0;158.0;165.0;147.0;149.0;167.0;26.0;21.0;31.0;25.0;20.0
1441;UNIVERSIDAD DEL TOLIMA;UNIVERSIDAD DEL TOLIMA-IBAGUE;INGENIERIA AGRONOMICA;INGENIERÍA AGRONÓMICA, PECUARIA Y AFINES;TOLIMA;IBAGUÉ;55;154.0;160.0;158.0;147.0;151.0;155.0;25.0;22.0;30.0;32.0;26.0
1304;UNIVERSIDAD DEL TOLIMA;UNIVERSIDAD DEL TOLIMA-IBAGUE;INGENIERIA DE SISTEMAS;INGENIERÍA DE SISTEMAS, TELEMÁTICA Y AFINES;TOLIMA;IBAGUÉ;34;152.0;157.0;148.0;148.0;147.0;161.0;28.0;26.0;32.0;38.0;24.0
3140;UNIVERSIDAD DEL TOLIMA;UNIVERSIDAD DEL TOLIMA-IBAGUE;INGENIERIA FORESTAL;INGENIERÍA AGRÍCOLA, FORESTAL Y AFINES;TOLIMA;IBAGUÉ;61;162.0;171.0;167.0;161.0;150.0;159.0;19.0;21.0;27.0;22.0;20.0
20703;UNIVERSIDAD DEL TOLIMA;UNIVERSIDAD DEL TOLIMA-IBAGUE;INGENIERÍA EN AGROECOLOGÍA;INGENIERÍA AMBIENTAL, SANITARIA Y AFINES;TOLIMA;IBAGUÉ;67;146.0;154.0;141.0;146.0;148.0;142.0;23.0;25.0;31.0;32.0;23.0
6306;UNIVERSIDAD DEL TOLIMA;UNIVERSIDAD DEL TOLIMA-IBAGUE;LICENCIATURA EN CIENCIAS NATURALES Y EDUCACION AMBIENTAL;EDUCACIÓN;TOLIMA;IBAGUÉ;221;137.0;141.0;129.0;135.0;147.0;132.0;24.0;26.0;28.0;31.0;23.0
9761;UNIVERSIDAD DEL TOLIMA;UNIVERSIDAD DEL TOLIMA-IBAGUE;LICENCIATURA EN CIENCIAS NATURALES Y EDUCACION AMBIENTAL;EDUCACIÓN;TOLIMA;IBAGUÉ;36;157.0;164.0;157.0;156.0;155.0;156.0;21.0;21.0;25.0;34.0;22.0
1284;UNIVERSIDAD DEL TOLIMA;UNIVERSIDAD DEL TOLIMA-IBAGUE;LICENCIATURA EN CIENCIAS SOCIALES;EDUCACIÓN;TOLIMA;IBAGUÉ;31;158.0;170.0;135.0;176.0;155.0;156.0;21.0;24.0;17.0;37.0;19.0
5480;UNIVERSIDAD DEL TOLIMA;UNIVERSIDAD DEL TOLIMA-IBAGUE;LICENCIATURA EN EDUCACION ARTISTICA;EDUCACIÓN;TOLIMA;IBAGUÉ;216;143.0;149.0;130.0;141.0;150.0;143.0;25.0;25.0;27.0;32.0;25.0
5590;UNIVERSIDAD DEL TOLIMA;UNIVERSIDAD DEL TOLIMA-IBAGUE;LICENCIATURA EN EDUCACION BASICA CON ENFASIS EN CIENCIAS NATURALES Y EDUCACION AMBIENTAL;EDUCACIÓN;TOLIMA;IBAGUÉ;1;144.0;143.0;146.0;110.0;176.0;147.0;0.0;0.0;0.0;0.0;0.0
20812;UNIVERSIDAD DEL TOLIMA;UNIVERSIDAD DEL TOLIMA-IBAGUE;LICENCIATURA EN EDUCACION FISICA RECREACION Y DEPORTES;EDUCACIÓN;TOLIMA;IBAGUÉ;41;152.0;159.0;148.0;145.0;151.0;160.0;23.0;20.0;27.0;22.0;25.0
2309;UNIVERSIDAD DEL TOLIMA;UNIVERSIDAD DEL TOLIMA-IBAGUE;LICENCIATURA EN EDUCACION FISICA, DEPORTES Y RECREACION;EDUCACIÓN;TOLIMA;IBAGUÉ;5;149.0;160.0;154.0;144.0;150.0;137.0;11.0;14.0;16.0;24.0;7.0
25127;UNIVERSIDAD DEL TOLIMA;UNIVERSIDAD DEL TOLIMA-IBAGUE;LICENCIATURA EN EDUCACION INFANTIL;EDUCACIÓN;TOLIMA;IBAGUÉ;690;129.0;134.0;119.0;125.0;141.0;127.0;26.0;24.0;27.0;37.0;23.0
5788;UNIVERSIDAD DEL TOLIMA;UNIVERSIDAD DEL TOLIMA-IBAGUE;LICENCIATURA EN INGLES;EDUCACIÓN;TOLIMA;IBAGUÉ;3;155.0;169.0;134.0;144.0;122.0;208.0;15.0;13.0;23.0;106.0;6.0
9138;UNIVERSIDAD DEL TOLIMA;UNIVERSIDAD DEL TOLIMA-IBAGUE;LICENCIATURA EN INGLES;EDUCACIÓN;TOLIMA;IBAGUÉ;7;172.0;176.0;137.0;167.0;172.0;209.0;13.0;20.0;24.0;25.0;9.0
2295;UNIVERSIDAD DEL TOLIMA;UNIVERSIDAD DEL TOLIMA-IBAGUE;LICENCIATURA EN LENGUA CASTELLANA;EDUCACIÓN;TOLIMA;IBAGUÉ;1;124.0;133.0;85.0;127.0;148.0;127.0;0.0;0.0;0.0;0.0;0.0
20631;UNIVERSIDAD DEL TOLIMA;UNIVERSIDAD DEL TOLIMA-IBAGUE;LICENCIATURA EN LENGUAS EXTRANJERAS CON ÉNFASIS EN INGLÉS;EDUCACIÓN;TOLIMA;IBAGUÉ;40;170.0;177.0;146.0;163.0;158.0;206.0;25.0;27.0;28.0;26.0;41.0
9534;UNIVERSIDAD DEL TOLIMA;UNIVERSIDAD DEL TOLIMA-IBAGUE;LICENCIATURA EN LITERATURA Y LENGUA CASTELLANA;EDUCACIÓN;TOLIMA;IBAGUÉ;248;143.0;153.0;126.0;143.0;152.0;139.0;25.0;27.0;31.0;29.0;26.0
20632;UNIVERSIDAD DEL TOLIMA;UNIVERSIDAD DEL TOLIMA-IBAGUE;LICENCIATURA EN LITERATURA Y LENGUA CASTELLANA;EDUCACIÓN;TOLIMA;IBAGUÉ;47;159.0;174.0;140.0;160.0;159.0;164.0;24.0;23.0;29.0;25.0;21.0
6906;UNIVERSIDAD DEL TOLIMA;UNIVERSIDAD DEL TOLIMA-IBAGUE;LICENCIATURA EN MATEMATICAS;EDUCACIÓN;TOLIMA;IBAGUÉ;40;152.0;151.0;165.0;145.0;150.0;151.0;20.0;28.0;32.0;33.0;25.0
2250;UNIVERSIDAD DEL TOLIMA;UNIVERSIDAD DEL TOLIMA-IBAGUE;MATEMATICAS CON ENFASIS EN ESTADISTICA;MATEMÁTICAS, ESTADÍSTICA Y AFINES;TOLIMA;IBAGUÉ;28;162.0;164.0;182.0;154.0;147.0;163.0;25.0;19.0;33.0;26.0;27.0
2316;UNIVERSIDAD DEL TOLIMA;UNIVERSIDAD DEL TOLIMA-IBAGUE;MEDICINA;MEDICINA;TOLIMA;IBAGUÉ;68;163.0;167.0;162.0;166.0;152.0;167.0;23.0;22.0;34.0;25.0;31.0
4725;UNIVERSIDAD DEL TOLIMA;UNIVERSIDAD DEL TOLIMA-IBAGUE;MEDICINA VETERINARIA Y ZOOTECNIA;MEDICINA VETERINARIA;TOLIMA;IBAGUÉ;48;164.0;170.0;161.0;157.0;156.0;175.0;24.0;32.0;30.0;35.0;24.0
3126;UNIVERSIDAD DEL TOLIMA;UNIVERSIDAD DEL TOLIMA-IBAGUE;NEGOCIOS INTERNACIONALES;ADMINISTRACIÓN;TOLIMA;IBAGUÉ;43;171.0;172.0;164.0;167.0;157.0;197.0;26.0;19.0;28.0;26.0;14.0
26164;UNIVERSIDAD DEL TOLIMA;UNIVERSIDAD DEL TOLIMA-IBAGUE;QUÍMICA;QUÍMICA Y AFINES;TOLIMA;IBAGUÉ;14;173.0;181.0;175.0;161.0;161.0;186.0;15.0;20.0;27.0;20.0;12.0
9651;UNIVERSIDAD DEL TOLIMA;UNIVERSIDAD DEL TOLIMA-IBAGUE;SEGURIDAD Y SALUD EN EL TRABAJO;SALUD PUBLICA;TOLIMA;IBAGUÉ;525;134.0;137.0;128.0;129.0;144.0;131.0;24.0;25.0;28.0;29.0;24.0
6272;UNIVERSIDAD DEL TOLIMA;UNIVERSIDAD DEL TOLIMA-IBAGUE;SOCIOLOGIA;SOCIOLOGÍA, TRABAJO SOCIAL Y AFINES;TOLIMA;IBAGUÉ;29;151.0;162.0;136.0;158.0;152.0;149.0;26.0;26.0;30.0;37.0;39.0
105;UNIVERSIDAD DEL VALLE;UNIVERSIDAD DEL VALLE-CALI;ADMINISTRACION DE EMPRESAS;ADMINISTRACIÓN;VALLE;CALI;150;155.0;161.0;152.0;152.0;151.0;157.0;31.0;26.0;33.0;30.0;32.0
1844;UNIVERSIDAD DEL VALLE;UNIVERSIDAD DEL VALLE-CALI;ADMINISTRACION DE EMPRESAS;ADMINISTRACIÓN;VALLE;CALI;90;143.0;152.0;140.0;140.0;136.0;145.0;23.0;26.0;33.0;44.0;32.0
4243;UNIVERSIDAD DEL VALLE;UNIVERSIDAD DEL VALLE-CALI;ADMINISTRACION DE EMPRESAS;ADMINISTRACIÓN;VALLE;CALI;41;140.0;145.0;139.0;133.0;143.0;141.0;28.0;24.0;32.0;33.0;27.0
4244;UNIVERSIDAD DEL VALLE;UNIVERSIDAD DEL VALLE-CALI;ADMINISTRACION DE EMPRESAS;ADMINISTRACIÓN;VALLE;CALI;78;152.0;163.0;156.0;147.0;149.0;146.0;25.0;21.0;31.0;34.0;34.0
4245;UNIVERSIDAD DEL VALLE;UNIVERSIDAD DEL VALLE-CALI;ADMINISTRACION DE EMPRESAS;ADMINISTRACIÓN;VALLE;CALI;59;147.0;155.0;137.0;137.0;151.0;153.0;26.0;24.0;28.0;27.0;30.0
5121;UNIVERSIDAD DEL VALLE;UNIVERSIDAD DEL VALLE-CALI;ADMINISTRACION DE EMPRESAS;ADMINISTRACIÓN;VALLE;CALI;93;144.0;153.0;139.0;140.0;151.0;139.0;23.0;22.0;32.0;26.0;29.0
5175;UNIVERSIDAD DEL VALLE;UNIVERSIDAD DEL VALLE-CALI;ADMINISTRACION DE EMPRESAS;ADMINISTRACIÓN;VALLE;CALI;29;152.0;158.0;146.0;141.0;162.0;154.0;28.0;22.0;27.0;26.0;25.0
5667;UNIVERSIDAD DEL VALLE;UNIVERSIDAD DEL VALLE-CALI;ADMINISTRACION DE EMPRESAS;ADMINISTRACIÓN;VALLE;CALI;30;142.0;153.0;141.0;140.0;143.0;135.0;25.0;25.0;31.0;26.0;25.0
6880;UNIVERSIDAD DEL VALLE;UNIVERSIDAD DEL VALLE-CALI;ADMINISTRACION DE EMPRESAS;ADMINISTRACIÓN;VALLE;CALI;38;140.0;148.0;138.0;132.0;147.0;135.0;26.0;23.0;27.0;28.0;26.0
26161;UNIVERSIDAD DEL VALLE;UNIVERSIDAD DEL VALLE-CALI;ADMINISTRACION PUBLICA;ADMINISTRACIÓN;VALLE;CALI;38;149.0;156.0;136.0;150.0;147.0;155.0;33.0;40.0;40.0;30.0;27.0
26409;UNIVERSIDAD DEL VALLE;UNIVERSIDAD DEL VALLE-CALI;ADMINISTRACIÓN TURÍSTICA;ADMINISTRACIÓN;VALLE;CALI;36;154.0;161.0;137.0;148.0;157.0;167.0;24.0;21.0;32.0;38.0;24.0
2705;UNIVERSIDAD DEL VALLE;UNIVERSIDAD DEL VALLE-CALI;ARQUITECTURA;ARQUITECTURA;VALLE;CALI;67;164.0;172.0;170.0;156.0;154.0;166.0;22.0;23.0;39.0;29.0;37.0
963;UNIVERSIDAD DEL VALLE;UNIVERSIDAD DEL VALLE-CALI;BACTERIOLOGIA Y LABORATORIO CLINICO;BACTERIOLOGÍA;VALLE;CALI;35;172.0;179.0;164.0;174.0;150.0;193.0;27.0;26.0;37.0;22.0;38.0
4734;UNIVERSIDAD DEL VALLE;UNIVERSIDAD DEL VALLE-CALI;BIOLOGIA;BIOLOGÍA, MICROBIOLOGÍA Y AFINES;VALLE;CALI;26;180.0;193.0;180.0;175.0;164.0;189.0;17.0;20.0;31.0;28.0;25.0
1430;UNIVERSIDAD DEL VALLE;UNIVERSIDAD DEL VALLE-CALI;COMERCIO EXTERIOR;ECONOMÍA;VALLE;CALI;98;159.0;168.0;151.0;157.0;150.0;171.0;22.0;24.0;35.0;33.0;36.0
6176;UNIVERSIDAD DEL VALLE;UNIVERSIDAD DEL VALLE-CALI;COMERCIO EXTERIOR;ECONOMÍA;VALLE;CALI;45;147.0;154.0;136.0;134.0;152.0;159.0;19.0;21.0;30.0;25.0;25.0
16359;UNIVERSIDAD DEL VALLE;UNIVERSIDAD DEL VALLE-CALI;COMERCIO EXTERIOR;ECONOMÍA;VALLE;CALI;16;164.0;168.0;148.0;151.0;197.0;155.0;21.0;20.0;25.0;75.0;32.0
6495;UNIVERSIDAD DEL VALLE;UNIVERSIDAD DEL VALLE-CALI;COMUNICACION SOCIAL;COMUNICACIÓN SOCIAL, PERIODISMO Y AFINES;VALLE;CALI;30;172.0;197.0;151.0;169.0;162.0;179.0;20.0;26.0;40.0;36.0;40.0
28322;UNIVERSIDAD DEL VALLE;UNIVERSIDAD DEL VALLE-CALI;COMUNICACION SOCIAL - PERIODISMO;COMUNICACIÓN SOCIAL, PERIODISMO Y AFINES;VALLE;CALI;1;171.0;158.0;162.0;185.0;158.0;190.0;0.0;0.0;0.0;0.0;0.0
514;UNIVERSIDAD DEL VALLE;UNIVERSIDAD DEL VALLE-CALI;CONTADURIA PUBLICA;CONTADURÍA PUBLICA;VALLE;CALI;48;152.0;158.0;149.0;153.0;149.0;151.0;23.0;21.0;28.0;26.0;25.0
964;UNIVERSIDAD DEL VALLE;UNIVERSIDAD DEL VALLE-CALI;CONTADURIA PUBLICA;CONTADURÍA PUBLICA;VALLE;CALI;162;159.0;167.0;161.0;162.0;150.0;158.0;24.0;21.0;31.0;29.0;25.0
1774;UNIVERSIDAD DEL VALLE;UNIVERSIDAD DEL VALLE-CALI;CONTADURIA PUBLICA;CONTADURÍA PUBLICA;VALLE;CALI;28;149.0;156.0;149.0;147.0;153.0;139.0;20.0;26.0;34.0;26.0;18.0
2700;UNIVERSIDAD DEL VALLE;UNIVERSIDAD DEL VALLE-CALI;CONTADURIA PUBLICA;CONTADURÍA PUBLICA;VALLE;CALI;39;153.0;166.0;147.0;152.0;153.0;144.0;22.0;24.0;33.0;24.0;30.0
3082;UNIVERSIDAD DEL VALLE;UNIVERSIDAD DEL VALLE-CALI;CONTADURIA PUBLICA;CONTADURÍA PUBLICA;VALLE;CALI;37;151.0;154.0;157.0;145.0;151.0;148.0;26.0;22.0;36.0;35.0;25.0
5147;UNIVERSIDAD DEL VALLE;UNIVERSIDAD DEL VALLE-CALI;CONTADURIA PUBLICA;CONTADURÍA PUBLICA;VALLE;CALI;18;142.0;148.0;142.0;136.0;153.0;131.0;28.0;25.0;32.0;19.0;19.0
5601;UNIVERSIDAD DEL VALLE;UNIVERSIDAD DEL VALLE-CALI;CONTADURIA PUBLICA;CONTADURÍA PUBLICA;VALLE;CALI;20;141.0;152.0;141.0;139.0;137.0;133.0;29.0;26.0;30.0;39.0;23.0
6070;UNIVERSIDAD DEL VALLE;UNIVERSIDAD DEL VALLE-CALI;CONTADURIA PUBLICA;CONTADURÍA PUBLICA;VALLE;CALI;43;154.0;165.0;155.0;155.0;148.0;147.0;19.0;19.0;25.0;42.0;25.0
7178;UNIVERSIDAD DEL VALLE;UNIVERSIDAD DEL VALLE-CALI;CONTADURIA PUBLICA;CONTADURÍA PUBLICA;VALLE;CALI;13;138.0;141.0;132.0;132.0;151.0;134.0;31.0;28.0;30.0;24.0;19.0
7179;UNIVERSIDAD DEL VALLE;UNIVERSIDAD DEL VALLE-CALI;CONTADURIA PUBLICA;CONTADURÍA PUBLICA;VALLE;CALI;1;137.0;153.0;100.0;130.0;125.0;176.0;0.0;0.0;0.0;0.0;0.0
5720;UNIVERSIDAD DEL VALLE;UNIVERSIDAD DEL VALLE-CALI;DISEÑO GRAFICO;DISEÑO;VALLE;CALI;45;161.0;173.0;143.0;157.0;155.0;178.0;21.0;29.0;32.0;36.0;28.0
1096;UNIVERSIDAD DEL VALLE;UNIVERSIDAD DEL VALLE-CALI;DISEÑO INDUSTRIAL;DISEÑO;VALLE;CALI;25;154.0;159.0;150.0;152.0;144.0;165.0;25.0;25.0;32.0;39.0;39.0
5596;UNIVERSIDAD DEL VALLE;UNIVERSIDAD DEL VALLE-CALI;ECONOMIA;ECONOMÍA;VALLE;CALI;41;174.0;180.0;177.0;181.0;160.0;174.0;24.0;21.0;38.0;35.0;35.0
3702;UNIVERSIDAD DEL VALLE;UNIVERSIDAD DEL VALLE-CALI;ENFERMERIA;ENFERMERÍA;VALLE;CALI;60;163.0;169.0;155.0;167.0;156.0;168.0;27.0;27.0;32.0;39.0;31.0
630;UNIVERSIDAD DEL VALLE;UNIVERSIDAD DEL VALLE-CALI;ESTADISTICA;MATEMÁTICAS, ESTADÍSTICA Y AFINES;VALLE;CALI;17;153.0;158.0;166.0;152.0;126.0;164.0;28.0;30.0;36.0;40.0;27.0
6138;UNIVERSIDAD DEL VALLE;UNIVERSIDAD DEL VALLE-CALI;ESTUDIOS POLITICOS Y RESOLUCION DE CONFLICTOS;CIENCIA POLÍTICA, RELACIONES INTERNACIONALES;VALLE;CALI;55;163.0;175.0;139.0;176.0;162.0;161.0;29.0;30.0;37.0;47.0;39.0
9506;UNIVERSIDAD DEL VALLE;UNIVERSIDAD DEL VALLE-CALI;ESTUDIOS POLITICOS Y RESOLUCION DE CONFLICTOS;CIENCIA POLÍTICA, RELACIONES INTERNACIONALES;VALLE;CALI;15;129.0;143.0;120.0;136.0;129.0;119.0;19.0;22.0;23.0;43.0;16.0
26610;UNIVERSIDAD DEL VALLE;UNIVERSIDAD DEL VALLE-CALI;FINANZAS Y BANCA;ADMINISTRACIÓN;VALLE;CALI;26;165.0;168.0;166.0;165.0;159.0;171.0;14.0;15.0;21.0;21.0;25.0
2246;UNIVERSIDAD DEL VALLE;UNIVERSIDAD DEL VALLE-CALI;FISICA;FÍSICA;VALLE;CALI;19;183.0;190.0;216.0;157.0;159.0;195.0;28.0;32.0;63.0;27.0;17.0
5993;UNIVERSIDAD DEL VALLE;UNIVERSIDAD DEL VALLE-CALI;FISIOTERAPIA;TERAPIAS;VALLE;CALI;27;166.0;174.0;165.0;170.0;149.0;172.0;20.0;20.0;29.0;57.0;25.0
1381;UNIVERSIDAD DEL VALLE;UNIVERSIDAD DEL VALLE-CALI;FONOAUDIOLOGIA;TERAPIAS;VALLE;CALI;29;158.0;168.0;140.0;155.0;166.0;163.0;21.0;24.0;26.0;33.0;30.0
1085;UNIVERSIDAD DEL VALLE;UNIVERSIDAD DEL VALLE-CALI;GEOGRAFIA;GEOGRAFÍA, HISTORIA;VALLE;CALI;28;157.0;162.0;149.0;159.0;154.0;160.0;21.0;25.0;27.0;39.0;24.0
28340;UNIVERSIDAD DEL VALLE;UNIVERSIDAD DEL VALLE-CALI;GESTIÓN DEL EMPRENDIMIENTO Y LA INNOVACIÓN;ADMINISTRACIÓN;VALLE;CALI;21;144.0;145.0;142.0;131.0;157.0;148.0;25.0;18.0;32.0;24.0;30.0
1999;UNIVERSIDAD DEL VALLE;UNIVERSIDAD DEL VALLE-CALI;HISTORIA;GEOGRAFÍA, HISTORIA;VALLE;CALI;17;163.0;177.0;140.0;176.0;153.0;166.0;19.0;25.0;21.0;27.0;26.0
5179;UNIVERSIDAD DEL VALLE;UNIVERSIDAD DEL VALLE-CALI;INGENIERIA AGRICOLA;INGENIERÍA AGRÍCOLA, FORESTAL Y AFINES;VALLE;CALI;26;164.0;167.0;176.0;160.0;152.0;165.0;22.0;31.0;28.0;23.0;29.0
965;UNIVERSIDAD DEL VALLE;UNIVERSIDAD DEL VALLE-CALI;INGENIERIA CIVIL;INGENIERÍA CIVIL Y AFINES;VALLE;CALI;51;172.0;169.0;192.0;165.0;159.0;173.0;25.0;22.0;28.0;22.0;36.0
2783;UNIVERSIDAD DEL VALLE;UNIVERSIDAD DEL VALLE-CALI;INGENIERIA DE ALIMENTOS;INGENIERÍA AGROINDUSTRIAL, ALIMENTOS Y AFINES;VALLE;CALI;48;158.0;161.0;162.0;152.0;151.0;162.0;26.0;24.0;29.0;33.0;25.0
20705;UNIVERSIDAD DEL VALLE;UNIVERSIDAD DEL VALLE-CALI;INGENIERIA DE ALIMENTOS;INGENIERÍA AGROINDUSTRIAL, ALIMENTOS Y AFINES;VALLE;CALI;29;151.0;153.0;150.0;149.0;152.0;151.0;24.0;19.0;30.0;25.0;37.0
3703;UNIVERSIDAD DEL VALLE;UNIVERSIDAD DEL VALLE-CALI;INGENIERIA DE MATERIALES;INGENIERÍA DE MINAS, METALURGIA Y AFINES;VALLE;CALI;25;164.0;163.0;175.0;152.0;168.0;164.0;30.0;22.0;31.0;50.0;31.0
2885;UNIVERSIDAD DEL VALLE;UNIVERSIDAD DEL VALLE-CALI;INGENIERIA DE SISTEMAS;INGENIERÍA DE SISTEMAS, TELEMÁTICA Y AFINES;VALLE;CALI;80;169.0;173.0;175.0;163.0;150.0;185.0;26.0;21.0;29.0;30.0;26.0
6438;UNIVERSIDAD DEL VALLE;UNIVERSIDAD DEL VALLE-CALI;INGENIERIA DE SISTEMAS;INGENIERÍA DE SISTEMAS, TELEMÁTICA Y AFINES;VALLE;CALI;64;173.0;171.0;178.0;167.0;155.0;195.0;31.0;25.0;40.0;28.0;27.0
3079;UNIVERSIDAD DEL VALLE;UNIVERSIDAD DEL VALLE-CALI;INGENIERIA ELECTRICA;INGENIERÍA ELÉCTRICA Y AFINES;VALLE;CALI;52;167.0;167.0;186.0;156.0;151.0;173.0;23.0;26.0;34.0;26.0;25.0
966;UNIVERSIDAD DEL VALLE;UNIVERSIDAD DEL VALLE-CALI;INGENIERIA ELECTRONICA;INGENIERÍA ELECTRÓNICA, TELECOMUNICACIONES Y AFINES;VALLE;CALI;61;174.0;178.0;189.0;173.0;142.0;189.0;26.0;28.0;32.0;45.0;30.0
3076;UNIVERSIDAD DEL VALLE;UNIVERSIDAD DEL VALLE-CALI;INGENIERIA INDUSTRIAL;INGENIERÍA INDUSTRIAL Y AFINES;VALLE;CALI;27;164.0;171.0;172.0;155.0;153.0;171.0;22.0;20.0;37.0;24.0;21.0
3704;UNIVERSIDAD DEL VALLE;UNIVERSIDAD DEL VALLE-CALI;INGENIERIA INDUSTRIAL;INGENIERÍA INDUSTRIAL Y AFINES;VALLE;CALI;88;171.0;177.0;181.0;164.0;158.0;176.0;24.0;28.0;30.0;30.0;23.0
4004;UNIVERSIDAD DEL VALLE;UNIVERSIDAD DEL VALLE-CALI;INGENIERIA INDUSTRIAL;INGENIERÍA INDUSTRIAL Y AFINES;VALLE;CALI;32;147.0;149.0;149.0;138.0;148.0;150.0;28.0;26.0;30.0;25.0;27.0
4209;UNIVERSIDAD DEL VALLE;UNIVERSIDAD DEL VALLE-CALI;INGENIERIA INDUSTRIAL;INGENIERÍA INDUSTRIAL Y AFINES;VALLE;CALI;40;164.0;168.0;178.0;162.0;143.0;168.0;20.0;23.0;27.0;34.0;22.0
2706;UNIVERSIDAD DEL VALLE;UNIVERSIDAD DEL VALLE-CALI;INGENIERIA MECANICA;INGENIERÍA MECÁNICA Y AFINES;VALLE;CALI;43;179.0;180.0;200.0;174.0;149.0;191.0;29.0;23.0;25.0;35.0;33.0
119;UNIVERSIDAD DEL VALLE;UNIVERSIDAD DEL VALLE-CALI;INGENIERIA QUIMICA;INGENIERÍA QUÍMICA Y AFINES;VALLE;CALI;56;174.0;171.0;186.0;176.0;154.0;182.0;26.0;24.0;30.0;31.0;29.0
1022;UNIVERSIDAD DEL VALLE;UNIVERSIDAD DEL VALLE-CALI;INGENIERIA SANITARIA Y AMBIENTAL;INGENIERÍA AMBIENTAL, SANITARIA Y AFINES;VALLE;CALI;63;168.0;173.0;175.0;167.0;153.0;173.0;21.0;18.0;25.0;31.0;29.0
3215;UNIVERSIDAD DEL VALLE;UNIVERSIDAD DEL VALLE-CALI;INGENIERIA TOPOGRAFICA;INGENIERÍA CIVIL Y AFINES;VALLE;CALI;48;164.0;162.0;172.0;157.0;154.0;174.0;29.0;28.0;27.0;40.0;30.0
26538;UNIVERSIDAD DEL VALLE;UNIVERSIDAD DEL VALLE-CALI;INTERPRETACIÓN PARA SORDOS Y GUÍA-INTERPRETACIÓN PARA SORDOCIEGOS;LENGUAS MODERNAS, LITERATURA, LINGÜÍSTICA Y AFINES;VALLE;CALI;7;139.0;151.0;132.0;129.0;139.0;143.0;26.0;21.0;36.0;25.0;20.0
6571;UNIVERSIDAD DEL VALLE;UNIVERSIDAD DEL VALLE-CALI;LICENCIATURA EN ARTE DRAMATICO;EDUCACIÓN;VALLE;CALI;18;147.0;162.0;129.0;141.0;147.0;158.0;39.0;38.0;41.0;28.0;26.0
638;UNIVERSIDAD DEL VALLE;UNIVERSIDAD DEL VALLE-CALI;LICENCIATURA EN ARTES VISUALES;EDUCACIÓN;VALLE;CALI;11;161.0;176.0;129.0;168.0;155.0;175.0;18.0;28.0;33.0;32.0;35.0
16346;UNIVERSIDAD DEL VALLE;UNIVERSIDAD DEL VALLE-CALI;LICENCIATURA EN CIENCIAS NATURALES Y EDUCACION AMBIENTAL;EDUCACIÓN;VALLE;CALI;26;159.0;166.0;159.0;151.0;151.0;166.0;24.0;22.0;32.0;39.0;33.0
20602;UNIVERSIDAD DEL VALLE;UNIVERSIDAD DEL VALLE-CALI;LICENCIATURA EN CIENCIAS NATURALES Y EDUCACION AMBIENTAL;EDUCACIÓN;VALLE;CALI;20;129.0;137.0;124.0;126.0;135.0;124.0;26.0;21.0;24.0;24.0;27.0
2861;UNIVERSIDAD DEL VALLE;UNIVERSIDAD DEL VALLE-CALI;LICENCIATURA EN CIENCIAS SOCIALES;EDUCACIÓN;VALLE;CALI;35;155.0;170.0;139.0;175.0;147.0;144.0;29.0;30.0;32.0;24.0;37.0
16268;UNIVERSIDAD DEL VALLE;UNIVERSIDAD DEL VALLE-CALI;LICENCIATURA EN CIENCIAS SOCIALES;EDUCACIÓN;VALLE;CALI;1;182.0;202.0;151.0;205.0;157.0;195.0;0.0;0.0;0.0;0.0;0.0
20729;UNIVERSIDAD DEL VALLE;UNIVERSIDAD DEL VALLE-CALI;LICENCIATURA EN DANZA;ARTES REPRESENTATIVAS;VALLE;CALI;11;146.0;155.0;130.0;147.0;144.0;155.0;27.0;26.0;25.0;24.0;27.0
5146;UNIVERSIDAD DEL VALLE;UNIVERSIDAD DEL VALLE-CALI;LICENCIATURA EN EDUCACION BASICA CON ENFASIS EN CIENCIAS SOCIALES;EDUCACIÓN;VALLE;CALI;2;167.0;185.0;160.0;174.0;175.0;139.0;37.0;14.0;33.0;1.0;33.0
310;UNIVERSIDAD DEL VALLE;UNIVERSIDAD DEL VALLE-CALI;LICENCIATURA EN EDUCACION BASICA CON ENFASIS EN MATEMATICAS;EDUCACIÓN;VALLE;CALI;23;143.0;141.0;155.0;134.0;157.0;129.0;25.0;27.0;27.0;22.0;28.0
5597;UNIVERSIDAD DEL VALLE;UNIVERSIDAD DEL VALLE-CALI;LICENCIATURA EN EDUCACION BASICA CON ENFASIS EN MATEMATICAS;EDUCACIÓN;VALLE;CALI;3;152.0;168.0;177.0;139.0;154.0;122.0;45.0;51.0;63.0;35.0;58.0
16317;UNIVERSIDAD DEL VALLE;UNIVERSIDAD DEL VALLE-CALI;LICENCIATURA EN EDUCACION FISICA Y DEPORTE;EDUCACIÓN;VALLE;CALI;26;157.0;168.0;152.0;153.0;140.0;169.0;24.0;27.0;30.0;39.0;25.0
16326;UNIVERSIDAD DEL VALLE;UNIVERSIDAD DEL VALLE-CALI;LICENCIATURA EN EDUCACION FISICA Y DEPORTE;EDUCACIÓN;VALLE;CALI;38;146.0;149.0;148.0;142.0;141.0;152.0;21.0;25.0;31.0;34.0;20.0
1431;UNIVERSIDAD DEL VALLE;UNIVERSIDAD DEL VALLE-CALI;LICENCIATURA EN EDUCACION FISICA Y DEPORTES;EDUCACIÓN;VALLE;CALI;1;133.0;127.0;135.0;115.0;145.0;141.0;0.0;0.0;0.0;0.0;0.0
2840;UNIVERSIDAD DEL VALLE;UNIVERSIDAD DEL VALLE-CALI;LICENCIATURA EN EDUCACION POPULAR;EDUCACIÓN;VALLE;CALI;23;148.0;168.0;122.0;163.0;131.0;155.0;29.0;40.0;37.0;50.0;30.0
28353;UNIVERSIDAD DEL VALLE;UNIVERSIDAD DEL VALLE-CALI;LICENCIATURA EN EDUCACIÓN INFANTIL;EDUCACIÓN;VALLE;CALI;20;159.0;169.0;153.0;154.0;151.0;169.0;19.0;19.0;32.0;54.0;39.0
20753;UNIVERSIDAD DEL VALLE;UNIVERSIDAD DEL VALLE-CALI;LICENCIATURA EN ESPAÑOL Y FILOLOGIA;EDUCACIÓN;VALLE;CALI;21;160.0;175.0;142.0;164.0;150.0;168.0;29.0;28.0;35.0;40.0;27.0
6576;UNIVERSIDAD DEL VALLE;UNIVERSIDAD DEL VALLE-CALI;LICENCIATURA EN FILOSOFIA;EDUCACIÓN;VALLE;CALI;29;160.0;183.0;136.0;169.0;157.0;154.0;31.0;25.0;34.0;49.0;25.0
1981;UNIVERSIDAD DEL VALLE;UNIVERSIDAD DEL VALLE-CALI;LICENCIATURA EN HISTORIA;EDUCACIÓN;VALLE;CALI;26;161.0;174.0;139.0;167.0;157.0;167.0;18.0;25.0;39.0;49.0;43.0
2931;UNIVERSIDAD DEL VALLE;UNIVERSIDAD DEL VALLE-CALI;LICENCIATURA EN HISTORIA;GEOGRAFÍA, HISTORIA;VALLE;CALI;20;152.0;160.0;125.0;156.0;153.0;164.0;34.0;26.0;23.0;28.0;30.0
16333;UNIVERSIDAD DEL VALLE;UNIVERSIDAD DEL VALLE-CALI;LICENCIATURA EN LENGUAS EXTRANJERAS CON ÉNFASIS EN INGLÉS Y FRANCÉS;EDUCACIÓN;VALLE;CALI;46;181.0;191.0;156.0;177.0;169.0;213.0;20.0;35.0;30.0;21.0;27.0
2525;UNIVERSIDAD DEL VALLE;UNIVERSIDAD DEL VALLE-CALI;LICENCIATURA EN LITERATURA;LENGUAS MODERNAS, LITERATURA, LINGÜÍSTICA Y AFINES;VALLE;CALI;14;151.0;166.0;125.0;159.0;154.0;150.0;27.0;19.0;14.0;48.0;27.0
3988;UNIVERSIDAD DEL VALLE;UNIVERSIDAD DEL VALLE-CALI;LICENCIATURA EN LITERATURA;LENGUAS MODERNAS, LITERATURA, LINGÜÍSTICA Y AFINES;VALLE;CALI;1;151.0;161.0;158.0;129.0;179.0;128.0;0.0;0.0;0.0;0.0;0.0
5298;UNIVERSIDAD DEL VALLE;UNIVERSIDAD DEL VALLE-CALI;LICENCIATURA EN LITERATURA;EDUCACIÓN;VALLE;CALI;30;169.0;188.0;147.0;177.0;155.0;178.0;18.0;26.0;26.0;36.0;47.0
9569;UNIVERSIDAD DEL VALLE;UNIVERSIDAD DEL VALLE-CALI;LICENCIATURA EN LITERATURA;LENGUAS MODERNAS, LITERATURA, LINGÜÍSTICA Y AFINES;VALLE;CALI;46;157.0;172.0;140.0;156.0;161.0;157.0;22.0;27.0;29.0;40.0;27.0
20704;UNIVERSIDAD DEL VALLE;UNIVERSIDAD DEL VALLE-CALI;LICENCIATURA EN MATEMATICAS;EDUCACIÓN;VALLE;CALI;34;160.0;162.0;182.0;153.0;144.0;158.0;26.0;21.0;31.0;26.0;25.0
20730;UNIVERSIDAD DEL VALLE;UNIVERSIDAD DEL VALLE-CALI;LICENCIATURA EN MATEMATICAS;EDUCACIÓN;VALLE;CALI;3;146.0;146.0;146.0;132.0;154.0;151.0;23.0;17.0;24.0;22.0;14.0
20813;UNIVERSIDAD DEL VALLE;UNIVERSIDAD DEL VALLE-CALI;LICENCIATURA EN MATEMATICAS;EDUCACIÓN;VALLE;CALI;14;147.0;158.0;164.0;132.0;133.0;146.0;22.0;27.0;30.0;32.0;30.0
5741;UNIVERSIDAD DEL VALLE;UNIVERSIDAD DEL VALLE-CALI;LICENCIATURA EN MATEMATICAS Y FISICA;EDUCACIÓN;VALLE;CALI;1;157.0;184.0;177.0;168.0;117.0;140.0;0.0;0.0;0.0;0.0;0.0
6135;UNIVERSIDAD DEL VALLE;UNIVERSIDAD DEL VALLE-CALI;LICENCIATURA EN MUSICA;EDUCACIÓN;VALLE;CALI;10;145.0;144.0;148.0;139.0;135.0;159.0;32.0;23.0;29.0;52.0;20.0
8432;UNIVERSIDAD DEL VALLE;UNIVERSIDAD DEL VALLE-CALI;LICENCIATURA EN MUSICA;MÚSICA;VALLE;CALI;9;143.0;145.0;135.0;136.0;145.0;156.0;16.0;29.0;34.0;31.0;26.0
2258;UNIVERSIDAD DEL VALLE;UNIVERSIDAD DEL VALLE-CALI;MATEMATICAS;MATEMÁTICAS, ESTADÍSTICA Y AFINES;VALLE;CALI;3;163.0;152.0;183.0;159.0;168.0;154.0;12.0;18.0;14.0;8.0;29.0
6055;UNIVERSIDAD DEL VALLE;UNIVERSIDAD DEL VALLE-CALI;MEDICINA;MEDICINA;VALLE;CALI;70;177.0;180.0;177.0;181.0;172.0;176.0;26.0;30.0;31.0;44.0;36.0
2833;UNIVERSIDAD DEL VALLE;UNIVERSIDAD DEL VALLE-CALI;MUSICA;MÚSICA;VALLE;CALI;18;156.0;165.0;147.0;160.0;143.0;163.0;29.0;31.0;32.0;43.0;36.0
87;UNIVERSIDAD DEL VALLE;UNIVERSIDAD DEL VALLE-CALI;ODONTOLOGIA;ODONTOLOGÍA;VALLE;CALI;41;158.0;168.0;160.0;153.0;142.0;168.0;21.0;21.0;33.0;39.0;26.0
20790;UNIVERSIDAD DEL VALLE;UNIVERSIDAD DEL VALLE-CALI;PRIMERA INFANCIA;PSICOLOGÍA;VALLE;CALI;17;153.0;171.0;136.0;159.0;144.0;157.0;26.0;22.0;22.0;31.0;28.0
5202;UNIVERSIDAD DEL VALLE;UNIVERSIDAD DEL VALLE-CALI;PROFESIONAL EN FILOSOFIA;FILOSOFÍA, TEOLOGÍA Y AFINES;VALLE;CALI;19;169.0;195.0;153.0;174.0;152.0;174.0;21.0;30.0;31.0;25.0;25.0
1377;UNIVERSIDAD DEL VALLE;UNIVERSIDAD DEL VALLE-CALI;PSICOLOGIA;PSICOLOGÍA;VALLE;CALI;4;161.0;170.0;156.0;165.0;156.0;160.0;30.0;5.0;21.0;35.0;23.0
1898;UNIVERSIDAD DEL VALLE;UNIVERSIDAD DEL VALLE-CALI;PSICOLOGIA;PSICOLOGÍA;VALLE;CALI;46;167.0;184.0;156.0;171.0;155.0;173.0;27.0;22.0;26.0;41.0;34.0
5600;UNIVERSIDAD DEL VALLE;UNIVERSIDAD DEL VALLE-CALI;PSICOLOGIA;PSICOLOGÍA;VALLE;CALI;39;166.0;187.0;153.0;172.0;151.0;166.0;16.0;20.0;32.0;27.0;28.0
520;UNIVERSIDAD DEL VALLE;UNIVERSIDAD DEL VALLE-CALI;QUIMICA;QUÍMICA Y AFINES;VALLE;CALI;35;181.0;182.0;188.0;179.0;162.0;191.0;21.0;16.0;32.0;27.0;21.0
2457;UNIVERSIDAD DEL VALLE;UNIVERSIDAD DEL VALLE-CALI;RECREACION;EDUCACIÓN;VALLE;CALI;24;142.0;146.0;129.0;130.0;153.0;152.0;31.0;26.0;38.0;30.0;29.0
5708;UNIVERSIDAD DEL VALLE;UNIVERSIDAD DEL VALLE-CALI;SOCIOLOGIA;SOCIOLOGÍA, TRABAJO SOCIAL Y AFINES;VALLE;CALI;37;164.0;181.0;144.0;175.0;149.0;173.0;22.0;31.0;30.0;23.0;28.0
88;UNIVERSIDAD DEL VALLE;UNIVERSIDAD DEL VALLE-CALI;TERAPIA OCUPACIONAL;TERAPIAS;VALLE;CALI;30;162.0;169.0;148.0;169.0;160.0;163.0;25.0;24.0;28.0;36.0;22.0
1184;UNIVERSIDAD DEL VALLE;UNIVERSIDAD DEL VALLE-CALI;TRABAJO SOCIAL;SOCIOLOGÍA, TRABAJO SOCIAL Y AFINES;VALLE;CALI;1;171.0;181.0;145.0;161.0;183.0;185.0;0.0;0.0;0.0;0.0;0.0
3080;UNIVERSIDAD DEL VALLE;UNIVERSIDAD DEL VALLE-CALI;TRABAJO SOCIAL;SOCIOLOGÍA, TRABAJO SOCIAL Y AFINES;VALLE;CALI;49;160.0;177.0;138.0;168.0;155.0;160.0;30.0;28.0;34.0;34.0;31.0
3973;UNIVERSIDAD DEL VALLE;UNIVERSIDAD DEL VALLE-CALI;TRABAJO SOCIAL;SOCIOLOGÍA, TRABAJO SOCIAL Y AFINES;VALLE;CALI;56;142.0;152.0;130.0;143.0;147.0;137.0;22.0;21.0;33.0;31.0;23.0
4211;UNIVERSIDAD DEL VALLE;UNIVERSIDAD DEL VALLE-CALI;TRABAJO SOCIAL;SOCIOLOGÍA, TRABAJO SOCIAL Y AFINES;VALLE;CALI;41;147.0;162.0;134.0;154.0;150.0;138.0;19.0;22.0;29.0;33.0;19.0
4909;UNIVERSIDAD DEL VALLE;UNIVERSIDAD DEL VALLE-CALI;TRABAJO SOCIAL;SOCIOLOGÍA, TRABAJO SOCIAL Y AFINES;VALLE;CALI;17;138.0;154.0;127.0;138.0;144.0;128.0;21.0;24.0;31.0;44.0;20.0
6433;UNIVERSIDAD DEL VALLE;UNIVERSIDAD DEL VALLE-CALI;TRABAJO SOCIAL;SOCIOLOGÍA, TRABAJO SOCIAL Y AFINES;VALLE;CALI;35;143.0;157.0;125.0;147.0;149.0;135.0;22.0;21.0;28.0;37.0;30.0
553;UNIVERSIDAD DISTRITAL FRANCISCO JOSE DE CALDAS;"UNIVERSIDAD DISTRITAL""FRANCISCO JOSE DE CALDAS""-BOGOTÁ D.C.";ADMINISTRACION AMBIENTAL;ADMINISTRACIÓN;BOGOTÁ;BOGOTÁ D.C.;93;157.0;164.0;148.0;161.0;152.0;159.0;22.0;25.0;27.0;28.0;26.0
1870;UNIVERSIDAD DISTRITAL FRANCISCO JOSE DE CALDAS;"UNIVERSIDAD DISTRITAL""FRANCISCO JOSE DE CALDAS""-BOGOTÁ D.C.";ADMINISTRACION DEPORTIVA;ADMINISTRACIÓN;BOGOTÁ;BOGOTÁ D.C.;87;156.0;160.0;157.0;158.0;148.0;158.0;20.0;23.0;29.0;32.0;19.0
16009;UNIVERSIDAD DISTRITAL FRANCISCO JOSE DE CALDAS;"UNIVERSIDAD DISTRITAL""FRANCISCO JOSE DE CALDAS""-BOGOTÁ D.C.";ARCHIVISTICA Y GESTION DE LA INFORMACION DIGITAL;BIBLIOTECOLOGÍA, OTROS DE CIENCIAS SOCIALES Y HUMANAS;BOGOTÁ;BOGOTÁ D.C.;48;148.0;153.0;136.0;141.0;151.0;158.0;25.0;22.0;30.0;31.0;26.0
2565;UNIVERSIDAD DISTRITAL FRANCISCO JOSE DE CALDAS;"UNIVERSIDAD DISTRITAL""FRANCISCO JOSE DE CALDAS""-BOGOTÁ D.C.";ARTE DANZARIO;ARTES REPRESENTATIVAS;BOGOTÁ;BOGOTÁ D.C.;50;153.0;159.0;142.0;142.0;156.0;165.0;27.0;25.0;31.0;38.0;25.0
5276;UNIVERSIDAD DISTRITAL FRANCISCO JOSE DE CALDAS;"UNIVERSIDAD DISTRITAL""FRANCISCO JOSE DE CALDAS""-BOGOTÁ D.C.";ARTES ESCENICAS;ARTES REPRESENTATIVAS;BOGOTÁ;BOGOTÁ D.C.;41;159.0;178.0;146.0;161.0;145.0;165.0;20.0;32.0;32.0;53.0;22.0
6974;UNIVERSIDAD DISTRITAL FRANCISCO JOSE DE CALDAS;"UNIVERSIDAD DISTRITAL""FRANCISCO JOSE DE CALDAS""-BOGOTÁ D.C.";ARTES MUSICALES;MÚSICA;BOGOTÁ;BOGOTÁ D.C.;62;163.0;171.0;155.0;158.0;158.0;173.0;24.0;25.0;27.0;36.0;29.0
615;UNIVERSIDAD DISTRITAL FRANCISCO JOSE DE CALDAS;"UNIVERSIDAD DISTRITAL""FRANCISCO JOSE DE CALDAS""-BOGOTÁ D.C.";ARTES PLASTICAS Y VISUALES;ARTES PLÁSTICAS, VISUALES Y AFINES;BOGOTÁ;BOGOTÁ D.C.;48;161.0;175.0;144.0;159.0;145.0;183.0;24.0;31.0;33.0;40.0;37.0
25460;UNIVERSIDAD DISTRITAL FRANCISCO JOSE DE CALDAS;"UNIVERSIDAD DISTRITAL""FRANCISCO JOSE DE CALDAS""-BOGOTÁ D.C.";BIOLOGÍA;BIOLOGÍA, MICROBIOLOGÍA Y AFINES;BOGOTÁ;BOGOTÁ D.C.;22;180.0;189.0;183.0;179.0;158.0;191.0;17.0;17.0;33.0;22.0;16.0
16008;UNIVERSIDAD DISTRITAL FRANCISCO JOSE DE CALDAS;"UNIVERSIDAD DISTRITAL""FRANCISCO JOSE DE CALDAS""-BOGOTÁ D.C.";COMUNICACION SOCIAL Y PERIODISMO;COMUNICACIÓN SOCIAL, PERIODISMO Y AFINES;BOGOTÁ;BOGOTÁ D.C.;77;170.0;182.0;157.0;171.0;165.0;175.0;19.0;22.0;26.0;32.0;26.0
25918;UNIVERSIDAD DISTRITAL FRANCISCO JOSE DE CALDAS;"UNIVERSIDAD DISTRITAL""FRANCISCO JOSE DE CALDAS""-BOGOTÁ D.C.";FÍSICA;FÍSICA;BOGOTÁ;BOGOTÁ D.C.;20;185.0;189.0;205.0;182.0;153.0;196.0;30.0;26.0;26.0;32.0;13.0
2636;UNIVERSIDAD DISTRITAL FRANCISCO JOSE DE CALDAS;"UNIVERSIDAD DISTRITAL""FRANCISCO JOSE DE CALDAS""-BOGOTÁ D.C.";INGENIERIA AMBIENTAL;INGENIERÍA AMBIENTAL, SANITARIA Y AFINES;BOGOTÁ;BOGOTÁ D.C.;83;175.0;180.0;177.0;175.0;167.0;177.0;16.0;21.0;24.0;29.0;24.0
2368;UNIVERSIDAD DISTRITAL FRANCISCO JOSE DE CALDAS;"UNIVERSIDAD DISTRITAL""FRANCISCO JOSE DE CALDAS""-BOGOTÁ D.C.";INGENIERIA CATASTRAL Y GEODESIA;INGENIERÍA CIVIL Y AFINES;BOGOTÁ;BOGOTÁ D.C.;126;171.0;174.0;184.0;173.0;152.0;174.0;20.0;21.0;23.0;39.0;23.0
3028;UNIVERSIDAD DISTRITAL FRANCISCO JOSE DE CALDAS;"UNIVERSIDAD DISTRITAL""FRANCISCO JOSE DE CALDAS""-BOGOTÁ D.C.";INGENIERIA CIVIL;INGENIERÍA CIVIL Y AFINES;BOGOTÁ;BOGOTÁ D.C.;116;177.0;176.0;199.0;175.0;160.0;173.0;17.0;24.0;24.0;32.0;22.0
3151;UNIVERSIDAD DISTRITAL FRANCISCO JOSE DE CALDAS;"UNIVERSIDAD DISTRITAL""FRANCISCO JOSE DE CALDAS""-BOGOTÁ D.C.";INGENIERIA DE PRODUCCION;INGENIERÍA INDUSTRIAL Y AFINES;BOGOTÁ;BOGOTÁ D.C.;115;159.0;161.0;166.0;155.0;154.0;160.0;22.0;23.0;29.0;29.0;24.0
3656;UNIVERSIDAD DISTRITAL FRANCISCO JOSE DE CALDAS;"UNIVERSIDAD DISTRITAL""FRANCISCO JOSE DE CALDAS""-BOGOTÁ D.C.";INGENIERIA DE SISTEMAS;INGENIERÍA DE SISTEMAS, TELEMÁTICA Y AFINES;BOGOTÁ;BOGOTÁ D.C.;138;180.0;182.0;192.0;177.0;160.0;193.0;22.0;21.0;28.0;36.0;24.0
1066;UNIVERSIDAD DISTRITAL FRANCISCO JOSE DE CALDAS;"UNIVERSIDAD DISTRITAL""FRANCISCO JOSE DE CALDAS""-BOGOTÁ D.C.";INGENIERIA ELECTRICA;INGENIERÍA ELÉCTRICA Y AFINES;BOGOTÁ;BOGOTÁ D.C.;55;173.0;173.0;189.0;172.0;154.0;178.0;25.0;21.0;24.0;39.0;18.0
6391;UNIVERSIDAD DISTRITAL FRANCISCO JOSE DE CALDAS;"UNIVERSIDAD DISTRITAL""FRANCISCO JOSE DE CALDAS""-BOGOTÁ D.C.";INGENIERIA ELECTRICA;INGENIERÍA ELÉCTRICA Y AFINES;BOGOTÁ;BOGOTÁ D.C.;143;155.0;154.0;164.0;151.0;149.0;155.0;23.0;28.0;27.0;38.0;29.0
4668;UNIVERSIDAD DISTRITAL FRANCISCO JOSE DE CALDAS;"UNIVERSIDAD DISTRITAL""FRANCISCO JOSE DE CALDAS""-BOGOTÁ D.C.";INGENIERIA ELECTRONICA;INGENIERÍA ELECTRÓNICA, TELECOMUNICACIONES Y AFINES;BOGOTÁ;BOGOTÁ D.C.;82;179.0;182.0;196.0;174.0;157.0;186.0;17.0;19.0;24.0;34.0;20.0
5026;UNIVERSIDAD DISTRITAL FRANCISCO JOSE DE CALDAS;"UNIVERSIDAD DISTRITAL""FRANCISCO JOSE DE CALDAS""-BOGOTÁ D.C.";INGENIERIA EN  TELECOMUNICACIONES;INGENIERÍA ELECTRÓNICA, TELECOMUNICACIONES Y AFINES;BOGOTÁ;BOGOTÁ D.C.;59;163.0;165.0;173.0;160.0;145.0;170.0;24.0;28.0;30.0;32.0;20.0
25759;UNIVERSIDAD DISTRITAL FRANCISCO JOSE DE CALDAS;"UNIVERSIDAD DISTRITAL""FRANCISCO JOSE DE CALDAS""-BOGOTÁ D.C.";INGENIERIA EN CONTROL Y AUTOMATIZACIÓN;INGENIERÍA ELECTRÓNICA, TELECOMUNICACIONES Y AFINES;BOGOTÁ;BOGOTÁ D.C.;38;170.0;173.0;189.0;163.0;153.0;173.0;22.0;29.0;29.0;33.0;19.0
2321;UNIVERSIDAD DISTRITAL FRANCISCO JOSE DE CALDAS;"UNIVERSIDAD DISTRITAL""FRANCISCO JOSE DE CALDAS""-BOGOTÁ D.C.";INGENIERIA EN TELEMATICA;INGENIERÍA DE SISTEMAS, TELEMÁTICA Y AFINES;BOGOTÁ;BOGOTÁ D.C.;70;169.0;170.0;177.0;159.0;163.0;176.0;20.0;16.0;30.0;23.0;24.0
2767;UNIVERSIDAD DISTRITAL FRANCISCO JOSE DE CALDAS;"UNIVERSIDAD DISTRITAL""FRANCISCO JOSE DE CALDAS""-BOGOTÁ D.C.";INGENIERIA FORESTAL;INGENIERÍA AGRÍCOLA, FORESTAL Y AFINES;BOGOTÁ;BOGOTÁ D.C.;48;172.0;179.0;177.0;177.0;156.0;170.0;20.0;21.0;24.0;22.0;22.0
3660;UNIVERSIDAD DISTRITAL FRANCISCO JOSE DE CALDAS;"UNIVERSIDAD DISTRITAL""FRANCISCO JOSE DE CALDAS""-BOGOTÁ D.C.";INGENIERIA INDUSTRIAL;INGENIERÍA INDUSTRIAL Y AFINES;BOGOTÁ;BOGOTÁ D.C.;90;180.0;184.0;193.0;176.0;162.0;185.0;18.0;15.0;25.0;26.0;18.0
2199;UNIVERSIDAD DISTRITAL FRANCISCO JOSE DE CALDAS;"UNIVERSIDAD DISTRITAL""FRANCISCO JOSE DE CALDAS""-BOGOTÁ D.C.";INGENIERIA MECANICA;INGENIERÍA MECÁNICA Y AFINES;BOGOTÁ;BOGOTÁ D.C.;97;166.0;166.0;185.0;162.0;151.0;164.0;21.0;21.0;31.0;28.0;26.0
6114;UNIVERSIDAD DISTRITAL FRANCISCO JOSE DE CALDAS;"UNIVERSIDAD DISTRITAL""FRANCISCO JOSE DE CALDAS""-BOGOTÁ D.C.";INGENIERIA TOPOGRAFICA;INGENIERÍA CIVIL Y AFINES;BOGOTÁ;BOGOTÁ D.C.;70;162.0;164.0;170.0;163.0;150.0;161.0;22.0;27.0;26.0;35.0;22.0
6731;UNIVERSIDAD DISTRITAL FRANCISCO JOSE DE CALDAS;"UNIVERSIDAD DISTRITAL""FRANCISCO JOSE DE CALDAS""-BOGOTÁ D.C.";INGENIERÍA SANITARIA;INGENIERÍA AMBIENTAL, SANITARIA Y AFINES;BOGOTÁ;BOGOTÁ D.C.;62;158.0;161.0;159.0;156.0;156.0;158.0;22.0;24.0;27.0;31.0;22.0
9624;UNIVERSIDAD DISTRITAL FRANCISCO JOSE DE CALDAS;"UNIVERSIDAD DISTRITAL""FRANCISCO JOSE DE CALDAS""-BOGOTÁ D.C.";LICENCIATURA  EN MATEMATICAS;EDUCACIÓN;BOGOTÁ;BOGOTÁ D.C.;44;161.0;169.0;176.0;151.0;150.0;160.0;21.0;25.0;31.0;22.0;32.0
9671;UNIVERSIDAD DISTRITAL FRANCISCO JOSE DE CALDAS;"UNIVERSIDAD DISTRITAL""FRANCISCO JOSE DE CALDAS""-BOGOTÁ D.C.";LICENCIATURA EN  CIENCIAS SOCIALES;EDUCACIÓN;BOGOTÁ;BOGOTÁ D.C.;69;177.0;188.0;163.0;191.0;167.0;178.0;19.0;22.0;24.0;38.0;28.0
1081;UNIVERSIDAD DISTRITAL FRANCISCO JOSE DE CALDAS;"UNIVERSIDAD DISTRITAL""FRANCISCO JOSE DE CALDAS""-BOGOTÁ D.C.";LICENCIATURA EN BIOLOGIA;EDUCACIÓN;BOGOTÁ;BOGOTÁ D.C.;94;160.0;171.0;153.0;157.0;157.0;162.0;21.0;24.0;28.0;28.0;30.0
2200;UNIVERSIDAD DISTRITAL FRANCISCO JOSE DE CALDAS;"UNIVERSIDAD DISTRITAL""FRANCISCO JOSE DE CALDAS""-BOGOTÁ D.C.";LICENCIATURA EN EDUCACION BASICA CON ENFASIS EN HUMANIDADES Y LENGUA CASTELLANA;EDUCACIÓN;BOGOTÁ;BOGOTÁ D.C.;76;171.0;187.0;156.0;176.0;162.0;174.0;18.0;22.0;25.0;30.0;25.0
20707;UNIVERSIDAD DISTRITAL FRANCISCO JOSE DE CALDAS;"UNIVERSIDAD DISTRITAL""FRANCISCO JOSE DE CALDAS""-BOGOTÁ D.C.";LICENCIATURA EN EDUCACION INFANTIL;EDUCACIÓN;BOGOTÁ;BOGOTÁ D.C.;66;156.0;172.0;141.0;157.0;153.0;157.0;20.0;24.0;24.0;30.0;22.0
16186;UNIVERSIDAD DISTRITAL FRANCISCO JOSE DE CALDAS;"UNIVERSIDAD DISTRITAL""FRANCISCO JOSE DE CALDAS""-BOGOTÁ D.C.";LICENCIATURA EN EDUCACIÓN ARTÍSTICA;EDUCACIÓN;BOGOTÁ;BOGOTÁ D.C.;75;165.0;177.0;154.0;169.0;154.0;171.0;21.0;24.0;23.0;24.0;27.0
609;UNIVERSIDAD DISTRITAL FRANCISCO JOSE DE CALDAS;"UNIVERSIDAD DISTRITAL""FRANCISCO JOSE DE CALDAS""-BOGOTÁ D.C.";LICENCIATURA EN FISICA;EDUCACIÓN;BOGOTÁ;BOGOTÁ D.C.;61;165.0;169.0;180.0;152.0;154.0;171.0;27.0;24.0;28.0;22.0;22.0
9813;UNIVERSIDAD DISTRITAL FRANCISCO JOSE DE CALDAS;"UNIVERSIDAD DISTRITAL""FRANCISCO JOSE DE CALDAS""-BOGOTÁ D.C.";LICENCIATURA EN LENGUAS EXTRANJERAS CON ENFASIS  EN INGLES;EDUCACIÓN;BOGOTÁ;BOGOTÁ D.C.;86;178.0;181.0;157.0;173.0;165.0;212.0;21.0;25.0;25.0;27.0;26.0
4327;UNIVERSIDAD DISTRITAL FRANCISCO JOSE DE CALDAS;"UNIVERSIDAD DISTRITAL""FRANCISCO JOSE DE CALDAS""-BOGOTÁ D.C.";LICENCIATURA EN QUIMICA;EDUCACIÓN;BOGOTÁ;BOGOTÁ D.C.;49;161.0;165.0;166.0;157.0;157.0;160.0;22.0;22.0;29.0;28.0;20.0
1490;UNIVERSIDAD DISTRITAL FRANCISCO JOSE DE CALDAS;"UNIVERSIDAD DISTRITAL""FRANCISCO JOSE DE CALDAS""-BOGOTÁ D.C.";MATEMATICAS;MATEMÁTICAS, ESTADÍSTICA Y AFINES;BOGOTÁ;BOGOTÁ D.C.;24;179.0;178.0;203.0;165.0;163.0;185.0;28.0;19.0;40.0;42.0;18.0
25464;UNIVERSIDAD DISTRITAL FRANCISCO JOSE DE CALDAS;"UNIVERSIDAD DISTRITAL""FRANCISCO JOSE DE CALDAS""-BOGOTÁ D.C.";QUÍMICA;QUÍMICA Y AFINES;BOGOTÁ;BOGOTÁ D.C.;33;175.0;182.0;182.0;172.0;157.0;183.0;22.0;23.0;31.0;31.0;18.0
4651;UNIVERSIDAD EAFIT-;UNIVERSIDAD EAFIT--MEDELLIN;ADMINISTRACION DE NEGOCIOS;ADMINISTRACIÓN;ANTIOQUIA;MEDELLÍN;1;177.0;169.0;171.0;160.0;204.0;182.0;0.0;0.0;0.0;0.0;0.0
5523;UNIVERSIDAD EAFIT-;UNIVERSIDAD EAFIT--MEDELLIN;ADMINISTRACION DE NEGOCIOS;ADMINISTRACIÓN;ANTIOQUIA;MEDELLÍN;352;172.0;171.0;166.0;167.0;163.0;191.0;23.0;24.0;26.0;29.0;25.0
7349;UNIVERSIDAD EAFIT-;UNIVERSIDAD EAFIT--MEDELLIN;BIOLOGIA;BIOLOGÍA, MICROBIOLOGÍA Y AFINES;ANTIOQUIA;MEDELLÍN;34;192.0;201.0;189.0;184.0;171.0;216.0;17.0;34.0;23.0;39.0;35.0
6069;UNIVERSIDAD EAFIT-;UNIVERSIDAD EAFIT--MEDELLIN;CIENCIAS POLITICAS;CIENCIA POLÍTICA, RELACIONES INTERNACIONALES;ANTIOQUIA;MEDELLÍN;31;183.0;199.0;163.0;197.0;158.0;200.0;29.0;31.0;23.0;25.0;34.0
1426;UNIVERSIDAD EAFIT-;UNIVERSIDAD EAFIT--MEDELLIN;COMUNICACION SOCIAL;COMUNICACIÓN SOCIAL, PERIODISMO Y AFINES;ANTIOQUIA;MEDELLÍN;106;170.0;179.0;148.0;166.0;167.0;192.0;23.0;27.0;31.0;38.0;21.0
875;UNIVERSIDAD EAFIT-;UNIVERSIDAD EAFIT--MEDELLIN;CONTADURIA PUBLICA;CONTADURÍA PUBLICA;ANTIOQUIA;MEDELLÍN;22;178.0;181.0;165.0;189.0;173.0;182.0;30.0;27.0;23.0;34.0;25.0
876;UNIVERSIDAD EAFIT-;UNIVERSIDAD EAFIT--MEDELLIN;DERECHO;DERECHO Y AFINES;ANTIOQUIA;MEDELLÍN;157;183.0;192.0;162.0;193.0;168.0;200.0;20.0;25.0;26.0;27.0;30.0
25475;UNIVERSIDAD EAFIT-;UNIVERSIDAD EAFIT--MEDELLIN;DISEÑO INTERACTIVO;ARTES PLÁSTICAS, VISUALES Y AFINES;ANTIOQUIA;MEDELLÍN;82;176.0;181.0;164.0;172.0;161.0;203.0;25.0;27.0;25.0;36.0;26.0
26067;UNIVERSIDAD EAFIT-;UNIVERSIDAD EAFIT--MEDELLIN;DISEÑO URBANO Y GESTIÓN DEL HÁBITAT;ARQUITECTURA;ANTIOQUIA;MEDELLÍN;3;189.0;185.0;178.0;188.0;159.0;233.0;22.0;23.0;15.0;9.0;58.0
2177;UNIVERSIDAD EAFIT-;UNIVERSIDAD EAFIT--MEDELLIN;ECONOMIA;ECONOMÍA;ANTIOQUIA;MEDELLÍN;47;181.0;185.0;178.0;180.0;160.0;201.0;31.0;21.0;33.0;25.0;34.0
7478;UNIVERSIDAD EAFIT-;UNIVERSIDAD EAFIT--MEDELLIN;FINANZAS;ADMINISTRACIÓN;ANTIOQUIA;MEDELLÍN;99;179.0;178.0;180.0;176.0;162.0;197.0;26.0;25.0;25.0;26.0;30.0
6046;UNIVERSIDAD EAFIT-;UNIVERSIDAD EAFIT--MEDELLIN;GEOLOGIA;GEOLOGÍA, OTROS PROGRAMAS DE CIENCIAS NATURALES;ANTIOQUIA;MEDELLÍN;40;179.0;184.0;182.0;183.0;150.0;199.0;24.0;22.0;27.0;34.0;30.0
1897;UNIVERSIDAD EAFIT-;UNIVERSIDAD EAFIT--MEDELLIN;INGENIERIA CIVIL;INGENIERÍA CIVIL Y AFINES;ANTIOQUIA;MEDELLÍN;124;180.0;181.0;196.0;169.0;165.0;189.0;25.0;26.0;30.0;33.0;24.0
4778;UNIVERSIDAD EAFIT-;UNIVERSIDAD EAFIT--MEDELLIN;INGENIERIA DE DISEÑO DE PRODUCTO;OTRAS INGENIERÍAS;ANTIOQUIA;MEDELLÍN;105;181.0;181.0;184.0;169.0;167.0;206.0;27.0;25.0;30.0;34.0;31.0
1024;UNIVERSIDAD EAFIT-;UNIVERSIDAD EAFIT--MEDELLIN;INGENIERIA DE PROCESOS;OTRAS INGENIERÍAS;ANTIOQUIA;MEDELLÍN;17;187.0;191.0;197.0;181.0;165.0;203.0;25.0;18.0;26.0;24.0;28.0
1892;UNIVERSIDAD EAFIT-;UNIVERSIDAD EAFIT--MEDELLIN;INGENIERIA DE PRODUCCION;INGENIERÍA INDUSTRIAL Y AFINES;ANTIOQUIA;MEDELLÍN;19;178.0;171.0;185.0;174.0;158.0;205.0;33.0;42.0;34.0;45.0;27.0
4144;UNIVERSIDAD EAFIT-;UNIVERSIDAD EAFIT--MEDELLIN;INGENIERIA DE SISTEMAS;INGENIERÍA DE SISTEMAS, TELEMÁTICA Y AFINES;ANTIOQUIA;MEDELLÍN;197;187.0;189.0;193.0;182.0;158.0;211.0;20.0;21.0;26.0;39.0;29.0
5668;UNIVERSIDAD EAFIT-;UNIVERSIDAD EAFIT--MEDELLIN;INGENIERIA FISICA;OTRAS INGENIERÍAS;ANTIOQUIA;MEDELLÍN;39;201.0;201.0;207.0;198.0;176.0;222.0;18.0;27.0;17.0;37.0;42.0
3766;UNIVERSIDAD EAFIT-;UNIVERSIDAD EAFIT--MEDELLIN;INGENIERIA MATEMATICA;OTRAS INGENIERÍAS;ANTIOQUIA;MEDELLÍN;37;199.0;203.0;207.0;197.0;164.0;225.0;16.0;19.0;23.0;20.0;38.0
6775;UNIVERSIDAD EAFIT-;UNIVERSIDAD EAFIT--MEDELLIN;INGENIERIA MECANICA;INGENIERÍA MECÁNICA Y AFINES;ANTIOQUIA;MEDELLÍN;65;181.0;183.0;193.0;173.0;160.0;198.0;28.0;16.0;26.0;30.0;26.0
25940;UNIVERSIDAD EAFIT-;UNIVERSIDAD EAFIT--MEDELLIN;INGENIERÍA AGRONÓMICA;INGENIERÍA AGRONÓMICA, PECUARIA Y AFINES;ANTIOQUIA;MEDELLÍN;22;172.0;177.0;166.0;175.0;161.0;181.0;17.0;29.0;27.0;26.0;32.0
16524;UNIVERSIDAD EAFIT-;UNIVERSIDAD EAFIT--MEDELLIN;LITERATURA;FILOSOFÍA, TEOLOGÍA Y AFINES;ANTIOQUIA;MEDELLÍN;21;181.0;192.0;160.0;179.0;164.0;209.0;22.0;28.0;25.0;30.0;27.0
2922;UNIVERSIDAD EAFIT-;UNIVERSIDAD EAFIT--MEDELLIN;MERCADEO;ADMINISTRACIÓN;ANTIOQUIA;MEDELLÍN;199;170.0;171.0;156.0;161.0;166.0;193.0;26.0;26.0;30.0;34.0;25.0
4296;UNIVERSIDAD EAFIT-;UNIVERSIDAD EAFIT--MEDELLIN;MUSICA;MÚSICA;ANTIOQUIA;MEDELLÍN;47;180.0;186.0;165.0;180.0;165.0;203.0;20.0;29.0;28.0;46.0;21.0
5678;UNIVERSIDAD EAFIT-;UNIVERSIDAD EAFIT--MEDELLIN;NEGOCIOS INTERNACIONALES;ADMINISTRACIÓN;ANTIOQUIA;MEDELLÍN;225;183.0;181.0;168.0;177.0;171.0;218.0;24.0;24.0;24.0;36.0;32.0
5418;UNIVERSIDAD EAFIT-;UNIVERSIDAD EAFIT--MEDELLIN;PSICOLOGÍA;PSICOLOGÍA;ANTIOQUIA;MEDELLÍN;68;174.0;180.0;152.0;174.0;156.0;208.0;29.0;33.0;40.0;32.0;39.0
4780;UNIVERSIDAD EAN;UNIVERSIDAD EAN-BOGOTÁ D.C.;ADMINISTRACION DE EMPRESAS;ADMINISTRACIÓN;BOGOTÁ;BOGOTÁ D.C.;103;155.0;154.0;150.0;149.0;152.0;170.0;25.0;28.0;29.0;36.0;39.0
5528;UNIVERSIDAD EAN;UNIVERSIDAD EAN-BOGOTÁ D.C.;ADMINISTRACION DE EMPRESAS;ADMINISTRACIÓN;BOGOTÁ;BOGOTÁ D.C.;53;159.0;157.0;155.0;150.0;158.0;176.0;28.0;27.0;31.0;34.0;27.0
20646;UNIVERSIDAD EAN;UNIVERSIDAD EAN-BOGOTÁ D.C.;COMUNICACIÓN;COMUNICACIÓN SOCIAL, PERIODISMO Y AFINES;BOGOTÁ;BOGOTÁ D.C.;9;166.0;168.0;142.0;176.0;153.0;193.0;24.0;18.0;34.0;31.0;17.0
9116;UNIVERSIDAD EAN;UNIVERSIDAD EAN-BOGOTÁ D.C.;CONTADURÍA PÚBLICA;CONTADURÍA PUBLICA;BOGOTÁ;BOGOTÁ D.C.;31;151.0;155.0;144.0;150.0;148.0;156.0;21.0;25.0;30.0;29.0;32.0
20678;UNIVERSIDAD EAN;UNIVERSIDAD EAN-BOGOTÁ D.C.;CONTADURÍA PÚBLICA;CONTADURÍA PUBLICA;BOGOTÁ;BOGOTÁ D.C.;78;153.0;156.0;150.0;150.0;152.0;157.0;21.0;27.0;29.0;25.0;25.0
5672;UNIVERSIDAD EAN;UNIVERSIDAD EAN-BOGOTÁ D.C.;ECONOMIA;ECONOMÍA;BOGOTÁ;BOGOTÁ D.C.;29;164.0;170.0;165.0;160.0;157.0;170.0;27.0;26.0;28.0;28.0;28.0
8772;UNIVERSIDAD EAN;UNIVERSIDAD EAN-BOGOTÁ D.C.;ECONOMIA;ECONOMÍA;BOGOTÁ;BOGOTÁ D.C.;23;166.0;169.0;163.0;157.0;162.0;179.0;23.0;25.0;22.0;41.0;26.0
732;UNIVERSIDAD EAN;UNIVERSIDAD EAN-BOGOTÁ D.C.;ESTUDIOS Y GESTION CULTURAL;ADMINISTRACIÓN;BOGOTÁ;BOGOTÁ D.C.;22;151.0;159.0;140.0;152.0;155.0;148.0;26.0;31.0;37.0;23.0;36.0
3296;UNIVERSIDAD EAN;UNIVERSIDAD EAN-BOGOTÁ D.C.;INGENIERIA AMBIENTAL;INGENIERÍA AMBIENTAL, SANITARIA Y AFINES;BOGOTÁ;BOGOTÁ D.C.;11;162.0;161.0;155.0;159.0;148.0;188.0;24.0;27.0;27.0;26.0;43.0
2990;UNIVERSIDAD EAN;UNIVERSIDAD EAN-BOGOTÁ D.C.;INGENIERIA DE PRODUCCION;OTRAS INGENIERÍAS;BOGOTÁ;BOGOTÁ D.C.;11;154.0;153.0;160.0;156.0;145.0;157.0;24.0;28.0;30.0;23.0;24.0
6954;UNIVERSIDAD EAN;UNIVERSIDAD EAN-BOGOTÁ D.C.;INGENIERIA DE PRODUCCION;INGENIERÍA INDUSTRIAL Y AFINES;BOGOTÁ;BOGOTÁ D.C.;4;155.0;145.0;153.0;153.0;158.0;167.0;12.0;9.0;11.0;29.0;15.0
1288;UNIVERSIDAD EAN;UNIVERSIDAD EAN-BOGOTÁ D.C.;INGENIERIA DE SISTEMAS;INGENIERÍA DE SISTEMAS, TELEMÁTICA Y AFINES;BOGOTÁ;BOGOTÁ D.C.;83;160.0;157.0;157.0;155.0;156.0;177.0;31.0;37.0;31.0;32.0;33.0
5078;UNIVERSIDAD EAN;UNIVERSIDAD EAN-BOGOTÁ D.C.;INGENIERIA DE SISTEMAS;INGENIERÍA DE SISTEMAS, TELEMÁTICA Y AFINES;BOGOTÁ;BOGOTÁ D.C.;127;165.0;165.0;166.0;153.0;157.0;182.0;23.0;25.0;27.0;24.0;29.0
19811;UNIVERSIDAD EAN;UNIVERSIDAD EAN-BOGOTÁ D.C.;INGENIERIA DE SISTEMAS;SIN CLASIFICAR;BOGOTÁ;BOGOTÁ D.C.;1;165.0;175.0;190.0;166.0;97.0;198.0;0.0;0.0;0.0;0.0;0.0
8245;UNIVERSIDAD EAN;UNIVERSIDAD EAN-BOGOTÁ D.C.;INGENIERÍA EN ENERGÍAS;INGENIERÍA ELÉCTRICA Y AFINES;BOGOTÁ;BOGOTÁ D.C.;11;155.0;154.0;164.0;146.0;145.0;167.0;27.0;23.0;33.0;29.0;23.0
20679;UNIVERSIDAD EAN;UNIVERSIDAD EAN-BOGOTÁ D.C.;INGENIERÍA INDUSTRIAL;INGENIERÍA INDUSTRIAL Y AFINES;BOGOTÁ;BOGOTÁ D.C.;148;149.0;150.0;147.0;146.0;146.0;156.0;28.0;29.0;30.0;38.0;33.0
20680;UNIVERSIDAD EAN;UNIVERSIDAD EAN-BOGOTÁ D.C.;INGENIERÍA MECATRÓNICA;INGENIERÍA ELECTRÓNICA, TELECOMUNICACIONES Y AFINES;BOGOTÁ;BOGOTÁ D.C.;24;175.0;177.0;180.0;171.0;160.0;189.0;26.0;21.0;31.0;21.0;40.0
8544;UNIVERSIDAD EAN;UNIVERSIDAD EAN-BOGOTÁ D.C.;INGENIERÍA QUÍMICA;INGENIERÍA QUÍMICA Y AFINES;BOGOTÁ;BOGOTÁ D.C.;41;164.0;161.0;163.0;158.0;159.0;176.0;23.0;29.0;22.0;25.0;30.0
2085;UNIVERSIDAD EAN;UNIVERSIDAD EAN-BOGOTÁ D.C.;LENGUAS MODERNAS;LENGUAS MODERNAS, LITERATURA, LINGÜÍSTICA Y AFINES;BOGOTÁ;BOGOTÁ D.C.;219;166.0;169.0;146.0;157.0;154.0;203.0;24.0;27.0;32.0;33.0;30.0
4812;UNIVERSIDAD EAN;UNIVERSIDAD EAN-BOGOTÁ D.C.;LENGUAS MODERNAS;LENGUAS MODERNAS, LITERATURA, LINGÜÍSTICA Y AFINES;BOGOTÁ;BOGOTÁ D.C.;244;168.0;170.0;146.0;158.0;162.0;202.0;24.0;25.0;30.0;31.0;27.0
6630;UNIVERSIDAD EAN;UNIVERSIDAD EAN-BOGOTÁ D.C.;MERCADEO;ADMINISTRACIÓN;BOGOTÁ;BOGOTÁ D.C.;65;151.0;153.0;136.0;149.0;148.0;167.0;24.0;28.0;32.0;30.0;34.0
20802;UNIVERSIDAD EAN;UNIVERSIDAD EAN-BOGOTÁ D.C.;MERCADEO Y ESTRATEGIA COMERCIAL;ADMINISTRACIÓN;BOGOTÁ;BOGOTÁ D.C.;71;160.0;162.0;154.0;152.0;150.0;183.0;25.0;20.0;30.0;47.0;22.0
198;UNIVERSIDAD EAN;UNIVERSIDAD EAN-BOGOTÁ D.C.;NEGOCIOS INTERNACIONALES;ECONOMÍA;BOGOTÁ;BOGOTÁ D.C.;93;156.0;161.0;146.0;150.0;148.0;176.0;25.0;24.0;27.0;29.0;31.0
3003;UNIVERSIDAD EAN;UNIVERSIDAD EAN-BOGOTÁ D.C.;NEGOCIOS INTERNACIONALES;ADMINISTRACIÓN;BOGOTÁ;BOGOTÁ D.C.;100;165.0;165.0;154.0;154.0;161.0;191.0;29.0;23.0;30.0;30.0;27.0
20681;UNIVERSIDAD EAN;UNIVERSIDAD EAN-BOGOTÁ D.C.;PSICOLOGÍA;PSICOLOGÍA;BOGOTÁ;BOGOTÁ D.C.;154;150.0;156.0;133.0;151.0;150.0;160.0;28.0;28.0;30.0;41.0;39.0
25173;UNIVERSIDAD EIA;UNIVERSIDAD EIA-ENVIGADO;ECONOMÍA;ECONOMÍA;ANTIOQUIA;MEDELLÍN;3;205.0;191.0;202.0;181.0;180.0;269.0;3.0;7.0;16.0;24.0;53.0
17807;UNIVERSIDAD EIA;UNIVERSIDAD EIA-ENVIGADO;FÍSICA;FÍSICA;ANTIOQUIA;MEDELLÍN;11;199.0;196.0;213.0;182.0;173.0;231.0;19.0;35.0;36.0;36.0;35.0
1483;UNIVERSIDAD EIA;UNIVERSIDAD EIA-ENVIGADO;INGENIERIA ADMINISTRATIVA;INGENIERÍA ADMINISTRATIVA Y AFINES;ANTIOQUIA;MEDELLÍN;30;183.0;175.0;189.0;174.0;168.0;211.0;26.0;31.0;28.0;26.0;40.0
4633;UNIVERSIDAD EIA;UNIVERSIDAD EIA-ENVIGADO;INGENIERIA AMBIENTAL;INGENIERÍA AMBIENTAL, SANITARIA Y AFINES;ANTIOQUIA;MEDELLÍN;2;176.0;172.0;186.0;159.0;174.0;189.0;13.0;9.0;8.0;49.0;10.0
1973;UNIVERSIDAD EIA;UNIVERSIDAD EIA-ENVIGADO;INGENIERIA BIOMEDICA;INGENIERÍA BIOMÉDICA Y AFINES;ANTIOQUIA;MEDELLÍN;19;193.0;194.0;202.0;181.0;175.0;213.0;17.0;27.0;31.0;35.0;34.0
4634;UNIVERSIDAD EIA;UNIVERSIDAD EIA-ENVIGADO;INGENIERIA CIVIL;INGENIERÍA CIVIL Y AFINES;ANTIOQUIA;MEDELLÍN;27;191.0;186.0;214.0;181.0;171.0;203.0;24.0;28.0;27.0;39.0;36.0
8565;UNIVERSIDAD EIA;UNIVERSIDAD EIA-ENVIGADO;INGENIERIA DE SISTEMAS Y COMPUTACION;INGENIERÍA DE SISTEMAS, TELEMÁTICA Y AFINES;ANTIOQUIA;MEDELLÍN;16;196.0;190.0;210.0;189.0;164.0;227.0;16.0;41.0;22.0;59.0;38.0
3524;UNIVERSIDAD EIA;UNIVERSIDAD EIA-ENVIGADO;INGENIERIA FINANCIERA;INGENIERÍA ADMINISTRATIVA Y AFINES;ANTIOQUIA;MEDELLÍN;17;190.0;193.0;195.0;178.0;172.0;212.0;34.0;25.0;23.0;19.0;41.0
7806;UNIVERSIDAD EIA;UNIVERSIDAD EIA-ENVIGADO;INGENIERIA GEOLOGICA;INGENIERÍA CIVIL Y AFINES;ANTIOQUIA;MEDELLÍN;1;180.0;157.0;183.0;191.0;178.0;189.0;0.0;0.0;0.0;0.0;0.0
6353;UNIVERSIDAD EIA;UNIVERSIDAD EIA-ENVIGADO;INGENIERIA INDUSTRIAL;INGENIERÍA INDUSTRIAL Y AFINES;ANTIOQUIA;MEDELLÍN;4;186.0;179.0;193.0;171.0;164.0;222.0;22.0;24.0;34.0;22.0;52.0
5690;UNIVERSIDAD EIA;UNIVERSIDAD EIA-ENVIGADO;INGENIERIA MECATRONICA;INGENIERÍA MECÁNICA Y AFINES;ANTIOQUIA;MEDELLÍN;45;192.0;185.0;211.0;182.0;161.0;223.0;21.0;29.0;35.0;39.0;45.0
25348;UNIVERSIDAD EIA;UNIVERSIDAD EIA-ENVIGADO;INGENIERÍA BIOTECNOLÓGICA;INGENIERÍA QUÍMICA Y AFINES;ANTIOQUIA;MEDELLÍN;8;194.0;198.0;204.0;191.0;163.0;214.0;8.0;12.0;19.0;22.0;35.0
9072;UNIVERSIDAD EIA;UNIVERSIDAD EIA-ENVIGADO;INGENIERÍA MECÁNICA;INGENIERÍA MECÁNICA Y AFINES;ANTIOQUIA;MEDELLÍN;12;195.0;193.0;214.0;194.0;161.0;214.0;21.0;29.0;22.0;29.0;29.0
25810;UNIVERSIDAD EIA;UNIVERSIDAD EIA-ENVIGADO;MEDICINA;MEDICINA;ANTIOQUIA;MEDELLÍN;96;182.0;185.0;170.0;178.0;169.0;209.0;20.0;23.0;26.0;35.0;34.0
5547;UNIVERSIDAD EL BOSQUE;UNIVERSIDAD EL BOSQUE-BOGOTÁ D.C.;ADMINISTRACION DE EMPRESAS;ADMINISTRACIÓN;BOGOTÁ;BOGOTÁ D.C.;31;158.0;156.0;154.0;148.0;155.0;177.0;21.0;23.0;30.0;39.0;35.0
30700;UNIVERSIDAD EL BOSQUE;UNIVERSIDAD EL BOSQUE-BOGOTÁ D.C.;ADMINISTRACIÓN DE NEGOCIOS SOSTENIBLES;ADMINISTRACIÓN;BOGOTÁ;BOGOTÁ D.C.;3;164.0;163.0;166.0;153.0;164.0;172.0;10.0;25.0;40.0;31.0;29.0
30913;UNIVERSIDAD EL BOSQUE;UNIVERSIDAD EL BOSQUE-BOGOTÁ D.C.;ADMINISTRACIÓN DE PRODUCCIÓN Y LOGÍSTICA INTERNACIONAL;ADMINISTRACIÓN;BOGOTÁ;BOGOTÁ D.C.;2;156.0;162.0;130.0;135.0;175.0;179.0;47.0;54.0;80.0;7.0;60.0
16857;UNIVERSIDAD EL BOSQUE;UNIVERSIDAD EL BOSQUE-BOGOTÁ D.C.;ARQUITECTURA;ARQUITECTURA;BOGOTÁ;BOGOTÁ D.C.;55;155.0;162.0;154.0;145.0;147.0;169.0;26.0;26.0;39.0;32.0;33.0
3922;UNIVERSIDAD EL BOSQUE;UNIVERSIDAD EL BOSQUE-BOGOTÁ D.C.;ARTE DRAMATICO;ARTES REPRESENTATIVAS;BOGOTÁ;BOGOTÁ D.C.;46;162.0;177.0;145.0;155.0;151.0;184.0;22.0;33.0;31.0;33.0;34.0
3792;UNIVERSIDAD EL BOSQUE;UNIVERSIDAD EL BOSQUE-BOGOTÁ D.C.;ARTES PLASTICAS;ARTES PLÁSTICAS, VISUALES Y AFINES;BOGOTÁ;BOGOTÁ D.C.;53;159.0;171.0;145.0;154.0;142.0;182.0;23.0;29.0;31.0;35.0;28.0
1254;UNIVERSIDAD EL BOSQUE;UNIVERSIDAD EL BOSQUE-BOGOTÁ D.C.;BIOINGENIERÍA;INGENIERÍA BIOMÉDICA Y AFINES;BOGOTÁ;BOGOTÁ D.C.;66;172.0;175.0;177.0;166.0;157.0;185.0;22.0;22.0;31.0;25.0;24.0
4783;UNIVERSIDAD EL BOSQUE;UNIVERSIDAD EL BOSQUE-BOGOTÁ D.C.;BIOLOGIA;BIOLOGÍA, MICROBIOLOGÍA Y AFINES;BOGOTÁ;BOGOTÁ D.C.;39;169.0;175.0;162.0;166.0;156.0;186.0;24.0;30.0;26.0;35.0;26.0
8917;UNIVERSIDAD EL BOSQUE;UNIVERSIDAD EL BOSQUE-BOGOTÁ D.C.;CIENCIA POLÍTICA;CIENCIA POLÍTICA, RELACIONES INTERNACIONALES;BOGOTÁ;BOGOTÁ D.C.;5;176.0;179.0;156.0;177.0;164.0;205.0;33.0;36.0;23.0;25.0;56.0
28264;UNIVERSIDAD EL BOSQUE;UNIVERSIDAD EL BOSQUE-BOGOTÁ D.C.;CIENCIA POLÍTICA Y GOBIERNO;CIENCIA POLÍTICA, RELACIONES INTERNACIONALES;BOGOTÁ;BOGOTÁ D.C.;25;173.0;177.0;146.0;178.0;179.0;182.0;23.0;27.0;33.0;44.0;38.0
31836;UNIVERSIDAD EL BOSQUE;UNIVERSIDAD EL BOSQUE-BOGOTÁ D.C.;CIENCIA POLÍTICA Y GOBIERNO;CIENCIA POLÍTICA, RELACIONES INTERNACIONALES;BOGOTÁ;BOGOTÁ D.C.;1;154.0;133.0;142.0;172.0;151.0;173.0;0.0;0.0;0.0;0.0;0.0
9542;UNIVERSIDAD EL BOSQUE;UNIVERSIDAD EL BOSQUE-BOGOTÁ D.C.;CONTADURIA PUBLICA;CONTADURÍA PUBLICA;BOGOTÁ;BOGOTÁ D.C.;74;147.0;147.0;142.0;145.0;152.0;150.0;25.0;23.0;32.0;29.0;27.0
8217;UNIVERSIDAD EL BOSQUE;UNIVERSIDAD EL BOSQUE-BOGOTÁ D.C.;DERECHO;DERECHO Y AFINES;BOGOTÁ;BOGOTÁ D.C.;47;171.0;175.0;144.0;184.0;173.0;176.0;25.0;35.0;23.0;29.0;27.0
8463;UNIVERSIDAD EL BOSQUE;UNIVERSIDAD EL BOSQUE-BOGOTÁ D.C.;DISEÑO DE COMUNICACIÓN;DISEÑO;BOGOTÁ;BOGOTÁ D.C.;30;159.0;157.0;140.0;151.0;152.0;195.0;28.0;32.0;30.0;25.0;35.0
187;UNIVERSIDAD EL BOSQUE;UNIVERSIDAD EL BOSQUE-BOGOTÁ D.C.;DISEÑO INDUSTRIAL;DISEÑO;BOGOTÁ;BOGOTÁ D.C.;101;159.0;163.0;151.0;151.0;148.0;180.0;25.0;28.0;26.0;33.0;24.0
30914;UNIVERSIDAD EL BOSQUE;UNIVERSIDAD EL BOSQUE-BOGOTÁ D.C.;ECONOMÍA;ECONOMÍA;BOGOTÁ;BOGOTÁ D.C.;16;162.0;160.0;158.0;158.0;164.0;171.0;30.0;30.0;34.0;45.0;47.0
2641;UNIVERSIDAD EL BOSQUE;UNIVERSIDAD EL BOSQUE-BOGOTÁ D.C.;ENFERMERIA;ENFERMERÍA;BOGOTÁ;BOGOTÁ D.C.;111;148.0;153.0;139.0;143.0;151.0;156.0;25.0;24.0;28.0;29.0;27.0
7396;UNIVERSIDAD EL BOSQUE;UNIVERSIDAD EL BOSQUE-BOGOTÁ D.C.;ESTADÍSTICA;MATEMÁTICAS, ESTADÍSTICA Y AFINES;BOGOTÁ;BOGOTÁ D.C.;11;167.0;165.0;169.0;171.0;155.0;176.0;30.0;20.0;33.0;23.0;17.0
1231;UNIVERSIDAD EL BOSQUE;UNIVERSIDAD EL BOSQUE-BOGOTÁ D.C.;FILOSOFIA;FILOSOFÍA, TEOLOGÍA Y AFINES;BOGOTÁ;BOGOTÁ D.C.;1;159.0;179.0;109.0;136.0;173.0;196.0;0.0;0.0;0.0;0.0;0.0
26549;UNIVERSIDAD EL BOSQUE;UNIVERSIDAD EL BOSQUE-BOGOTÁ D.C.;FINANZAS;CONTADURÍA PUBLICA;BOGOTÁ;BOGOTÁ D.C.;26;164.0;168.0;162.0;159.0;155.0;176.0;23.0;28.0;31.0;25.0;32.0
3186;UNIVERSIDAD EL BOSQUE;UNIVERSIDAD EL BOSQUE-BOGOTÁ D.C.;FORMACION MUSICAL;MÚSICA;BOGOTÁ;BOGOTÁ D.C.;76;165.0;172.0;155.0;158.0;146.0;192.0;23.0;28.0;27.0;40.0;25.0
5096;UNIVERSIDAD EL BOSQUE;UNIVERSIDAD EL BOSQUE-BOGOTÁ D.C.;INGENIERIA AMBIENTAL;INGENIERÍA AMBIENTAL, SANITARIA Y AFINES;BOGOTÁ;BOGOTÁ D.C.;28;165.0;161.0;169.0;152.0;161.0;182.0;27.0;22.0;34.0;22.0;20.0
4672;UNIVERSIDAD EL BOSQUE;UNIVERSIDAD EL BOSQUE-BOGOTÁ D.C.;INGENIERIA DE SISTEMAS;INGENIERÍA DE SISTEMAS, TELEMÁTICA Y AFINES;BOGOTÁ;BOGOTÁ D.C.;127;169.0;168.0;172.0;160.0;156.0;188.0;24.0;23.0;27.0;28.0;31.0
458;UNIVERSIDAD EL BOSQUE;UNIVERSIDAD EL BOSQUE-BOGOTÁ D.C.;INGENIERIA ELECTRONICA;INGENIERÍA ELECTRÓNICA, TELECOMUNICACIONES Y AFINES;BOGOTÁ;BOGOTÁ D.C.;48;169.0;168.0;176.0;160.0;154.0;189.0;29.0;21.0;38.0;34.0;34.0
51;UNIVERSIDAD EL BOSQUE;UNIVERSIDAD EL BOSQUE-BOGOTÁ D.C.;INGENIERIA INDUSTRIAL;INGENIERÍA INDUSTRIAL Y AFINES;BOGOTÁ;BOGOTÁ D.C.;46;165.0;161.0;166.0;147.0;164.0;185.0;24.0;30.0;32.0;29.0;22.0
364;UNIVERSIDAD EL BOSQUE;UNIVERSIDAD EL BOSQUE-BOGOTÁ D.C.;INSTRUMENTACION QUIRURGICA;INSTRUMENTACIÓN QUIRÚRGICA;BOGOTÁ;BOGOTÁ D.C.;59;151.0;151.0;140.0;146.0;159.0;157.0;23.0;24.0;26.0;24.0;21.0
25630;UNIVERSIDAD EL BOSQUE;UNIVERSIDAD EL BOSQUE-BOGOTÁ D.C.;INTÉRPRETE PROFESIONAL DE LA LENGUA DE SEÑAS COLOMBIANA;LENGUAS MODERNAS, LITERATURA, LINGÜÍSTICA Y AFINES;BOGOTÁ;BOGOTÁ D.C.;6;162.0;170.0;162.0;165.0;155.0;156.0;13.0;27.0;21.0;25.0;29.0
9683;UNIVERSIDAD EL BOSQUE;UNIVERSIDAD EL BOSQUE-BOGOTÁ D.C.;LICENCIATURA EN BILINGÜISMO CON ENFASIS EN LA ENSEÑANZA DEL INGLÉS;EDUCACIÓN;BOGOTÁ;BOGOTÁ D.C.;73;159.0;153.0;135.0;146.0;159.0;202.0;27.0;27.0;29.0;21.0;24.0
9576;UNIVERSIDAD EL BOSQUE;UNIVERSIDAD EL BOSQUE-BOGOTÁ D.C.;LICENCIATURA EN EDUCACIÓN INFANTIL;EDUCACIÓN;BOGOTÁ;BOGOTÁ D.C.;31;153.0;157.0;140.0;147.0;146.0;173.0;29.0;29.0;34.0;45.0;32.0
26624;UNIVERSIDAD EL BOSQUE;UNIVERSIDAD EL BOSQUE-BOGOTÁ D.C.;MARKETING Y TRANSFORMACIÓN DIGITAL;ADMINISTRACIÓN;BOGOTÁ;BOGOTÁ D.C.;56;155.0;158.0;144.0;151.0;150.0;172.0;23.0;25.0;32.0;24.0;25.0
7236;UNIVERSIDAD EL BOSQUE;UNIVERSIDAD EL BOSQUE-BOGOTÁ D.C.;MATEMÁTICAS;MATEMÁTICAS, ESTADÍSTICA Y AFINES;BOGOTÁ;BOGOTÁ D.C.;8;179.0;183.0;198.0;149.0;155.0;209.0;52.0;10.0;49.0;35.0;40.0
6060;UNIVERSIDAD EL BOSQUE;UNIVERSIDAD EL BOSQUE-BOGOTÁ D.C.;MEDICINA;MEDICINA;BOGOTÁ;BOGOTÁ D.C.;178;172.0;175.0;163.0;167.0;158.0;196.0;22.0;22.0;23.0;31.0;24.0
7408;UNIVERSIDAD EL BOSQUE;UNIVERSIDAD EL BOSQUE-BOGOTÁ D.C.;NEGOCIOS INTERNACIONALES;ADMINISTRACIÓN;BOGOTÁ;BOGOTÁ D.C.;59;160.0;160.0;150.0;150.0;154.0;184.0;26.0;27.0;28.0;43.0;28.0
5097;UNIVERSIDAD EL BOSQUE;UNIVERSIDAD EL BOSQUE-BOGOTÁ D.C.;ODONTOLOGIA;ODONTOLOGÍA;BOGOTÁ;BOGOTÁ D.C.;73;154.0;159.0;146.0;146.0;148.0;173.0;26.0;23.0;25.0;30.0;24.0
6705;UNIVERSIDAD EL BOSQUE;UNIVERSIDAD EL BOSQUE-BOGOTÁ D.C.;OPTOMETRIA;OPTOMETRÍA, OTROS PROGRAMAS DE CIENCIAS DE LA SALUD;BOGOTÁ;BOGOTÁ D.C.;64;148.0;154.0;141.0;141.0;138.0;166.0;25.0;23.0;27.0;37.0;25.0
900;UNIVERSIDAD EL BOSQUE;UNIVERSIDAD EL BOSQUE-BOGOTÁ D.C.;PSICOLOGIA;PSICOLOGÍA;BOGOTÁ;BOGOTÁ D.C.;95;162.0;168.0;144.0;157.0;158.0;181.0;24.0;22.0;26.0;29.0;23.0
16788;UNIVERSIDAD EL BOSQUE;UNIVERSIDAD EL BOSQUE-BOGOTÁ D.C.;QUIMICA FARMACÉUTICA;QUÍMICA Y AFINES;BOGOTÁ;BOGOTÁ D.C.;85;169.0;171.0;166.0;165.0;155.0;187.0;26.0;26.0;24.0;30.0;21.0
459;UNIVERSIDAD EXTERNADO DE COLOMBIA;UNIVERSIDAD EXTERNADO DE COLOMBIA-BOGOTÁ D.C.;ADMINISTRACION DE EMPRESAS;ADMINISTRACIÓN;BOGOTÁ;BOGOTÁ D.C.;116;169.0;169.0;160.0;164.0;165.0;184.0;24.0;25.0;29.0;25.0;25.0
1339;UNIVERSIDAD EXTERNADO DE COLOMBIA;UNIVERSIDAD EXTERNADO DE COLOMBIA-BOGOTÁ D.C.;ADMINISTRACION DE EMPRESAS TURISTICAS Y HOTELERAS;ADMINISTRACIÓN;BOGOTÁ;BOGOTÁ D.C.;34;177.0;176.0;164.0;171.0;177.0;198.0;18.0;18.0;28.0;26.0;30.0
2415;UNIVERSIDAD EXTERNADO DE COLOMBIA;UNIVERSIDAD EXTERNADO DE COLOMBIA-BOGOTÁ D.C.;ANTROPOLOGIA;ANTROPOLOGÍA, ARTES LIBERALES;BOGOTÁ;BOGOTÁ D.C.;26;165.0;175.0;140.0;173.0;158.0;180.0;20.0;26.0;32.0;39.0;25.0
2536;UNIVERSIDAD EXTERNADO DE COLOMBIA;UNIVERSIDAD EXTERNADO DE COLOMBIA-BOGOTÁ D.C.;ARQUEOLOGIA;BIBLIOTECOLOGÍA, OTROS DE CIENCIAS SOCIALES Y HUMANAS;BOGOTÁ;BOGOTÁ D.C.;22;167.0;175.0;139.0;168.0;162.0;189.0;23.0;31.0;27.0;24.0;21.0
28419;UNIVERSIDAD EXTERNADO DE COLOMBIA;UNIVERSIDAD EXTERNADO DE COLOMBIA-BOGOTÁ D.C.;CIENCIA DE DATOS;MATEMÁTICAS, ESTADÍSTICA Y AFINES;BOGOTÁ;BOGOTÁ D.C.;40;174.0;180.0;176.0;168.0;156.0;190.0;35.0;25.0;26.0;24.0;16.0
5650;UNIVERSIDAD EXTERNADO DE COLOMBIA;UNIVERSIDAD EXTERNADO DE COLOMBIA-BOGOTÁ D.C.;COMUNICACION SOCIAL- PERIODISMO;COMUNICACIÓN SOCIAL, PERIODISMO Y AFINES;BOGOTÁ;BOGOTÁ D.C.;100;165.0;175.0;148.0;165.0;155.0;181.0;21.0;27.0;28.0;27.0;25.0
1527;UNIVERSIDAD EXTERNADO DE COLOMBIA;UNIVERSIDAD EXTERNADO DE COLOMBIA-BOGOTÁ D.C.;CONSERVACION Y RESTAURACION DE BIENES MUEBLES;ARTES PLÁSTICAS, VISUALES Y AFINES;BOGOTÁ;BOGOTÁ D.C.;14;169.0;179.0;153.0;168.0;156.0;192.0;26.0;22.0;31.0;28.0;39.0
6806;UNIVERSIDAD EXTERNADO DE COLOMBIA;UNIVERSIDAD EXTERNADO DE COLOMBIA-BOGOTÁ D.C.;CONTADURIA PUBLICA;CONTADURÍA PUBLICA;BOGOTÁ;BOGOTÁ D.C.;33;167.0;171.0;168.0;165.0;162.0;171.0;24.0;19.0;28.0;43.0;20.0
52;UNIVERSIDAD EXTERNADO DE COLOMBIA;UNIVERSIDAD EXTERNADO DE COLOMBIA-BOGOTÁ D.C.;DERECHO;DERECHO Y AFINES;BOGOTÁ;BOGOTÁ D.C.;281;177.0;183.0;157.0;191.0;170.0;185.0;23.0;27.0;25.0;30.0;30.0
5098;UNIVERSIDAD EXTERNADO DE COLOMBIA;UNIVERSIDAD EXTERNADO DE COLOMBIA-BOGOTÁ D.C.;ECONOMIA;ECONOMÍA;BOGOTÁ;BOGOTÁ D.C.;42;184.0;186.0;179.0;186.0;174.0;197.0;23.0;19.0;32.0;49.0;22.0
2438;UNIVERSIDAD EXTERNADO DE COLOMBIA;UNIVERSIDAD EXTERNADO DE COLOMBIA-BOGOTÁ D.C.;FILOSOFIA;FILOSOFÍA, TEOLOGÍA Y AFINES;BOGOTÁ;BOGOTÁ D.C.;4;193.0;203.0;153.0;185.0;186.0;240.0;23.0;28.0;21.0;26.0;73.0
647;UNIVERSIDAD EXTERNADO DE COLOMBIA;UNIVERSIDAD EXTERNADO DE COLOMBIA-BOGOTÁ D.C.;FINANZAS Y RELACIONES INTERNACIONALES;ADMINISTRACIÓN;BOGOTÁ;BOGOTÁ D.C.;66;180.0;183.0;177.0;172.0;167.0;200.0;19.0;20.0;27.0;29.0;27.0
6586;UNIVERSIDAD EXTERNADO DE COLOMBIA;UNIVERSIDAD EXTERNADO DE COLOMBIA-BOGOTÁ D.C.;GEOGRAFIA;GEOGRAFÍA, HISTORIA;BOGOTÁ;BOGOTÁ D.C.;2;169.0;192.0;146.0;182.0;128.0;195.0;35.0;1.0;21.0;20.0;8.0
6584;UNIVERSIDAD EXTERNADO DE COLOMBIA;UNIVERSIDAD EXTERNADO DE COLOMBIA-BOGOTÁ D.C.;GOBIERNO Y RELACIONES INTERNACIONALES;CIENCIA POLÍTICA, RELACIONES INTERNACIONALES;BOGOTÁ;BOGOTÁ D.C.;70;184.0;191.0;164.0;190.0;178.0;199.0;24.0;26.0;30.0;37.0;31.0
4860;UNIVERSIDAD EXTERNADO DE COLOMBIA;UNIVERSIDAD EXTERNADO DE COLOMBIA-BOGOTÁ D.C.;HISTORIA;GEOGRAFÍA, HISTORIA;BOGOTÁ;BOGOTÁ D.C.;14;179.0;186.0;156.0;184.0;172.0;194.0;21.0;22.0;26.0;42.0;36.0
901;UNIVERSIDAD EXTERNADO DE COLOMBIA;UNIVERSIDAD EXTERNADO DE COLOMBIA-BOGOTÁ D.C.;PSICOLOGIA ;PSICOLOGÍA;BOGOTÁ;BOGOTÁ D.C.;47;160.0;170.0;137.0;164.0;160.0;169.0;20.0;30.0;32.0;22.0;38.0
5312;UNIVERSIDAD EXTERNADO DE COLOMBIA;UNIVERSIDAD EXTERNADO DE COLOMBIA-BOGOTÁ D.C.;SOCIOLOGIA;SOCIOLOGÍA, TRABAJO SOCIAL Y AFINES;BOGOTÁ;BOGOTÁ D.C.;15;178.0;179.0;159.0;184.0;176.0;193.0;26.0;46.0;20.0;55.0;51.0
1754;UNIVERSIDAD EXTERNADO DE COLOMBIA;UNIVERSIDAD EXTERNADO DE COLOMBIA-BOGOTÁ D.C.;TRABAJO SOCIAL;SOCIOLOGÍA, TRABAJO SOCIAL Y AFINES;BOGOTÁ;BOGOTÁ D.C.;15;167.0;184.0;138.0;183.0;152.0;179.0;39.0;24.0;20.0;72.0;41.0
500;UNIVERSIDAD FRANCISCO DE PAULA SANTANDER;UNIVERSIDAD FRANCISCO DE PAULA SANTANDER-CUCUTA;ADMINISTRACION DE EMPRESAS;ADMINISTRACIÓN;NORTE SANTANDER;CÚCUTA;207;138.0;139.0;136.0;134.0;142.0;140.0;26.0;25.0;30.0;31.0;24.0
1362;UNIVERSIDAD FRANCISCO DE PAULA SANTANDER;UNIVERSIDAD FRANCISCO DE PAULA SANTANDER-OCAÑA;ADMINISTRACION DE EMPRESAS;ADMINISTRACIÓN;NORTE SANTANDER;OCAÑA;127;140.0;144.0;132.0;139.0;148.0;138.0;28.0;27.0;30.0;26.0;24.0
1360;UNIVERSIDAD FRANCISCO DE PAULA SANTANDER;UNIVERSIDAD FRANCISCO DE PAULA SANTANDER-CUCUTA;ARQUITECTURA;ARQUITECTURA;NORTE SANTANDER;CÚCUTA;69;158.0;161.0;154.0;149.0;158.0;167.0;30.0;29.0;33.0;41.0;27.0
739;UNIVERSIDAD FRANCISCO DE PAULA SANTANDER;UNIVERSIDAD FRANCISCO DE PAULA SANTANDER-CUCUTA;COMERCIO INTERNACIONAL;ECONOMÍA;NORTE SANTANDER;CÚCUTA;119;149.0;155.0;141.0;146.0;144.0;162.0;25.0;25.0;29.0;36.0;25.0
2883;UNIVERSIDAD FRANCISCO DE PAULA SANTANDER;UNIVERSIDAD FRANCISCO DE PAULA SANTANDER-CUCUTA;COMUNICACION SOCIAL;COMUNICACIÓN SOCIAL, PERIODISMO Y AFINES;NORTE SANTANDER;CÚCUTA;96;149.0;158.0;133.0;151.0;151.0;153.0;26.0;29.0;30.0;43.0;29.0
4926;UNIVERSIDAD FRANCISCO DE PAULA SANTANDER;UNIVERSIDAD FRANCISCO DE PAULA SANTANDER-OCAÑA;COMUNICACION SOCIAL;COMUNICACIÓN SOCIAL, PERIODISMO Y AFINES;NORTE SANTANDER;OCAÑA;70;143.0;152.0;127.0;148.0;147.0;143.0;27.0;24.0;29.0;26.0;26.0
6426;UNIVERSIDAD FRANCISCO DE PAULA SANTANDER;UNIVERSIDAD FRANCISCO DE PAULA SANTANDER-CUCUTA;CONTADURIA PUBLICA;CONTADURÍA PUBLICA;NORTE SANTANDER;CÚCUTA;1;126.0;114.0;172.0;89.0;118.0;136.0;0.0;0.0;0.0;0.0;0.0
7350;UNIVERSIDAD FRANCISCO DE PAULA SANTANDER;UNIVERSIDAD FRANCISCO DE PAULA SANTANDER-OCAÑA;CONTADURIA PUBLICA;CONTADURÍA PUBLICA;NORTE SANTANDER;OCAÑA;125;140.0;142.0;136.0;136.0;146.0;138.0;22.0;26.0;29.0;30.0;20.0
8102;UNIVERSIDAD FRANCISCO DE PAULA SANTANDER;UNIVERSIDAD FRANCISCO DE PAULA SANTANDER-CUCUTA;CONTADURÍA PÚBLICA;CONTADURÍA PUBLICA;NORTE SANTANDER;CÚCUTA;202;141.0;141.0;145.0;133.0;145.0;141.0;24.0;23.0;30.0;35.0;23.0
1235;UNIVERSIDAD FRANCISCO DE PAULA SANTANDER;UNIVERSIDAD FRANCISCO DE PAULA SANTANDER-CUCUTA;DERECHO;DERECHO Y AFINES;NORTE SANTANDER;CÚCUTA;63;163.0;168.0;148.0;175.0;162.0;160.0;24.0;25.0;29.0;31.0;33.0
6666;UNIVERSIDAD FRANCISCO DE PAULA SANTANDER;UNIVERSIDAD FRANCISCO DE PAULA SANTANDER-OCAÑA;DERECHO;DERECHO Y AFINES;NORTE SANTANDER;OCAÑA;107;148.0;157.0;131.0;164.0;152.0;138.0;28.0;32.0;30.0;28.0;29.0
4712;UNIVERSIDAD FRANCISCO DE PAULA SANTANDER;UNIVERSIDAD FRANCISCO DE PAULA SANTANDER-CUCUTA;ENFERMERIA;ENFERMERÍA;NORTE SANTANDER;CÚCUTA;91;159.0;164.0;156.0;157.0;160.0;160.0;27.0;25.0;33.0;30.0;28.0
6834;UNIVERSIDAD FRANCISCO DE PAULA SANTANDER;UNIVERSIDAD FRANCISCO DE PAULA SANTANDER-CUCUTA;INGENIERIA AGROINDUSTRIAL;INGENIERÍA AGROINDUSTRIAL, ALIMENTOS Y AFINES;NORTE SANTANDER;CÚCUTA;1;123.0;113.0;135.0;129.0;130.0;109.0;0.0;0.0;0.0;0.0;0.0
3775;UNIVERSIDAD FRANCISCO DE PAULA SANTANDER;UNIVERSIDAD FRANCISCO DE PAULA SANTANDER-CUCUTA;INGENIERIA AGRONOMICA;INGENIERÍA AGRONÓMICA, PECUARIA Y AFINES;NORTE SANTANDER;CÚCUTA;73;140.0;148.0;143.0;135.0;138.0;139.0;24.0;22.0;29.0;38.0;23.0
5441;UNIVERSIDAD FRANCISCO DE PAULA SANTANDER;UNIVERSIDAD FRANCISCO DE PAULA SANTANDER-CUCUTA;INGENIERIA AMBIENTAL;INGENIERÍA AMBIENTAL, SANITARIA Y AFINES;NORTE SANTANDER;CÚCUTA;84;154.0;157.0;162.0;147.0;153.0;153.0;28.0;24.0;32.0;33.0;24.0
6836;UNIVERSIDAD FRANCISCO DE PAULA SANTANDER;UNIVERSIDAD FRANCISCO DE PAULA SANTANDER-OCAÑA;INGENIERIA AMBIENTAL;INGENIERÍA AMBIENTAL, SANITARIA Y AFINES;NORTE SANTANDER;OCAÑA;75;144.0;152.0;149.0;144.0;141.0;135.0;24.0;23.0;25.0;27.0;20.0
1026;UNIVERSIDAD FRANCISCO DE PAULA SANTANDER;UNIVERSIDAD FRANCISCO DE PAULA SANTANDER-CUCUTA;INGENIERIA BIOTECNOLOGICA;OTRAS INGENIERÍAS;NORTE SANTANDER;CÚCUTA;65;159.0;162.0;163.0;155.0;148.0;165.0;25.0;25.0;33.0;31.0;23.0
1361;UNIVERSIDAD FRANCISCO DE PAULA SANTANDER;UNIVERSIDAD FRANCISCO DE PAULA SANTANDER-CUCUTA;INGENIERIA CIVIL;INGENIERÍA CIVIL Y AFINES;NORTE SANTANDER;CÚCUTA;166;152.0;149.0;167.0;143.0;146.0;154.0;31.0;29.0;33.0;34.0;27.0
3835;UNIVERSIDAD FRANCISCO DE PAULA SANTANDER;UNIVERSIDAD FRANCISCO DE PAULA SANTANDER-OCAÑA;INGENIERIA CIVIL;INGENIERÍA CIVIL Y AFINES;NORTE SANTANDER;OCAÑA;68;162.0;162.0;181.0;159.0;154.0;153.0;24.0;26.0;25.0;35.0;24.0
4713;UNIVERSIDAD FRANCISCO DE PAULA SANTANDER;UNIVERSIDAD FRANCISCO DE PAULA SANTANDER-CUCUTA;INGENIERIA DE MINAS;INGENIERÍA DE MINAS, METALURGIA Y AFINES;NORTE SANTANDER;CÚCUTA;77;136.0;137.0;146.0;127.0;137.0;135.0;22.0;26.0;27.0;31.0;23.0
2681;UNIVERSIDAD FRANCISCO DE PAULA SANTANDER;UNIVERSIDAD FRANCISCO DE PAULA SANTANDER-CUCUTA;INGENIERIA DE SISTEMAS;INGENIERÍA DE SISTEMAS, TELEMÁTICA Y AFINES;NORTE SANTANDER;CÚCUTA;93;166.0;164.0;176.0;160.0;154.0;174.0;30.0;26.0;34.0;38.0;25.0
5718;UNIVERSIDAD FRANCISCO DE PAULA SANTANDER;UNIVERSIDAD FRANCISCO DE PAULA SANTANDER-OCAÑA;INGENIERIA DE SISTEMAS;INGENIERÍA DE SISTEMAS, TELEMÁTICA Y AFINES;NORTE SANTANDER;OCAÑA;46;153.0;154.0;161.0;147.0;151.0;153.0;22.0;25.0;27.0;26.0;22.0
501;UNIVERSIDAD FRANCISCO DE PAULA SANTANDER;UNIVERSIDAD FRANCISCO DE PAULA SANTANDER-CUCUTA;INGENIERIA ELECTROMECANICA;INGENIERÍA ELÉCTRICA Y AFINES;NORTE SANTANDER;CÚCUTA;76;153.0;151.0;170.0;146.0;146.0;149.0;29.0;26.0;33.0;38.0;26.0
2682;UNIVERSIDAD FRANCISCO DE PAULA SANTANDER;UNIVERSIDAD FRANCISCO DE PAULA SANTANDER-CUCUTA;INGENIERIA ELECTRONICA;INGENIERÍA ELECTRÓNICA, TELECOMUNICACIONES Y AFINES;NORTE SANTANDER;CÚCUTA;64;159.0;155.0;175.0;151.0;148.0;164.0;33.0;30.0;37.0;33.0;48.0
4284;UNIVERSIDAD FRANCISCO DE PAULA SANTANDER;UNIVERSIDAD FRANCISCO DE PAULA SANTANDER-CUCUTA;INGENIERIA INDUSTRIAL;INGENIERÍA INDUSTRIAL Y AFINES;NORTE SANTANDER;CÚCUTA;105;155.0;155.0;162.0;148.0;159.0;152.0;25.0;25.0;30.0;26.0;26.0
942;UNIVERSIDAD FRANCISCO DE PAULA SANTANDER;UNIVERSIDAD FRANCISCO DE PAULA SANTANDER-CUCUTA;INGENIERIA MECANICA;INGENIERÍA MECÁNICA Y AFINES;NORTE SANTANDER;CÚCUTA;22;152.0;151.0;173.0;138.0;147.0;149.0;24.0;29.0;31.0;25.0;19.0
1084;UNIVERSIDAD FRANCISCO DE PAULA SANTANDER;UNIVERSIDAD FRANCISCO DE PAULA SANTANDER-OCAÑA;INGENIERIA MECANICA;INGENIERÍA MECÁNICA Y AFINES;NORTE SANTANDER;OCAÑA;33;156.0;156.0;175.0;145.0;156.0;147.0;33.0;36.0;31.0;22.0;26.0
3242;UNIVERSIDAD FRANCISCO DE PAULA SANTANDER;UNIVERSIDAD FRANCISCO DE PAULA SANTANDER-CUCUTA;INGENIERIA PECUARIA;INGENIERÍA AGRONÓMICA, PECUARIA Y AFINES;NORTE SANTANDER;CÚCUTA;3;121.0;124.0;124.0;116.0;113.0;126.0;25.0;21.0;8.0;11.0;20.0
8404;UNIVERSIDAD FRANCISCO DE PAULA SANTANDER;UNIVERSIDAD FRANCISCO DE PAULA SANTANDER-CUCUTA;INGENIERÍA AGROINDUSTRIAL;INGENIERÍA AGROINDUSTRIAL, ALIMENTOS Y AFINES;NORTE SANTANDER;CÚCUTA;46;138.0;136.0;140.0;128.0;155.0;130.0;22.0;24.0;28.0;25.0;23.0
1995;UNIVERSIDAD FRANCISCO DE PAULA SANTANDER;UNIVERSIDAD FRANCISCO DE PAULA SANTANDER-CUCUTA;LICENCIATURA EN BIOLOGIA Y QUIMICA;EDUCACIÓN;NORTE SANTANDER;CÚCUTA;1;149.0;143.0;161.0;132.0;169.0;142.0;0.0;0.0;0.0;0.0;0.0
20660;UNIVERSIDAD FRANCISCO DE PAULA SANTANDER;UNIVERSIDAD FRANCISCO DE PAULA SANTANDER-CUCUTA;LICENCIATURA EN CIENCIAS NATURALES Y EDUCACION AMBIENTAL;EDUCACIÓN;NORTE SANTANDER;CÚCUTA;35;144.0;152.0;143.0;141.0;139.0;142.0;23.0;26.0;26.0;36.0;22.0
25616;UNIVERSIDAD FRANCISCO DE PAULA SANTANDER;UNIVERSIDAD FRANCISCO DE PAULA SANTANDER-CUCUTA;LICENCIATURA EN EDUCACION COMUNITARIA;EDUCACIÓN;NORTE SANTANDER;CÚCUTA;33;136.0;145.0;125.0;144.0;138.0;130.0;21.0;30.0;30.0;63.0;25.0
25928;UNIVERSIDAD FRANCISCO DE PAULA SANTANDER;UNIVERSIDAD FRANCISCO DE PAULA SANTANDER-CUCUTA;LICENCIATURA EN EDUCACIÓN INFANTIL;EDUCACIÓN;NORTE SANTANDER;CÚCUTA;74;144.0;154.0;132.0;139.0;151.0;141.0;22.0;28.0;33.0;34.0;27.0
3245;UNIVERSIDAD FRANCISCO DE PAULA SANTANDER;UNIVERSIDAD FRANCISCO DE PAULA SANTANDER-CUCUTA;LICENCIATURA EN INFORMATICA;EDUCACIÓN;NORTE SANTANDER;CÚCUTA;1;88.0;76.0;66.0;104.0;94.0;98.0;0.0;0.0;0.0;0.0;0.0
8242;UNIVERSIDAD FRANCISCO DE PAULA SANTANDER;UNIVERSIDAD FRANCISCO DE PAULA SANTANDER-CUCUTA;LICENCIATURA EN MATEMATICAS;EDUCACIÓN;NORTE SANTANDER;CÚCUTA;71;152.0;151.0;171.0;136.0;156.0;146.0;24.0;26.0;27.0;36.0;29.0
9570;UNIVERSIDAD FRANCISCO DE PAULA SANTANDER;UNIVERSIDAD FRANCISCO DE PAULA SANTANDER-CUCUTA;QUÍMICA INDUSTRIAL;QUÍMICA Y AFINES;NORTE SANTANDER;CÚCUTA;23;161.0;159.0;170.0;158.0;164.0;156.0;27.0;23.0;22.0;37.0;27.0
9635;UNIVERSIDAD FRANCISCO DE PAULA SANTANDER;UNIVERSIDAD FRANCISCO DE PAULA SANTANDER-CUCUTA;SEGURIDAD Y SALUD EN EL TRABAJO;SALUD PUBLICA;NORTE SANTANDER;CÚCUTA;63;137.0;146.0;131.0;134.0;140.0;136.0;22.0;28.0;27.0;44.0;23.0
783;UNIVERSIDAD FRANCISCO DE PAULA SANTANDER;UNIVERSIDAD FRANCISCO DE PAULA SANTANDER-CUCUTA;TRABAJO SOCIAL;SOCIOLOGÍA, TRABAJO SOCIAL Y AFINES;NORTE SANTANDER;CÚCUTA;72;147.0;156.0;134.0;149.0;154.0;144.0;30.0;28.0;36.0;40.0;24.0
275;UNIVERSIDAD FRANCISCO DE PAULA SANTANDER;UNIVERSIDAD FRANCISCO DE PAULA SANTANDER-OCAÑA;ZOOTECNIA;ZOOTECNIA;NORTE SANTANDER;OCAÑA;49;133.0;138.0;132.0;127.0;137.0;130.0;23.0;20.0;23.0;32.0;19.0
20605;UNIVERSIDAD FRANCISCO DE PAULA SANTANDER;UNIVERSIDAD FRANCISCO DE PAULA SANTANDER-CUCUTA;ZOOTECNIA;ZOOTECNIA;NORTE SANTANDER;CÚCUTA;43;139.0;143.0;139.0;131.0;144.0;138.0;25.0;27.0;29.0;35.0;27.0
2729;UNIVERSIDAD ICESI;UNIVERSIDAD ICESI-CALI;ADMINISTRACION DE EMPRESAS;ADMINISTRACIÓN;VALLE;CALI;62;175.0;177.0;164.0;168.0;171.0;197.0;34.0;27.0;33.0;30.0;34.0
1151;UNIVERSIDAD ICESI;UNIVERSIDAD ICESI-CALI;ANTROPOLOGIA;ANTROPOLOGÍA, ARTES LIBERALES;VALLE;CALI;11;179.0;189.0;151.0;185.0;170.0;203.0;19.0;31.0;22.0;27.0;38.0
5376;UNIVERSIDAD ICESI;UNIVERSIDAD ICESI-CALI;BIOLOGIA;BIOLOGÍA, MICROBIOLOGÍA Y AFINES;VALLE;CALI;17;189.0;211.0;176.0;180.0;178.0;200.0;37.0;19.0;32.0;17.0;32.0
4397;UNIVERSIDAD ICESI;UNIVERSIDAD ICESI-CALI;CIENCIA POLITICA;CIENCIA POLÍTICA, RELACIONES INTERNACIONALES;VALLE;CALI;41;191.0;198.0;170.0;197.0;177.0;213.0;18.0;18.0;20.0;30.0;36.0
25791;UNIVERSIDAD ICESI;UNIVERSIDAD ICESI-CALI;COMUNICACIÓN;COMUNICACIÓN SOCIAL, PERIODISMO Y AFINES;VALLE;CALI;14;178.0;187.0;163.0;175.0;162.0;204.0;20.0;31.0;31.0;23.0;51.0
4729;UNIVERSIDAD ICESI;UNIVERSIDAD ICESI-CALI;CONTADURIA PUBLICA Y FINANZAS INTERNACIONALES;CONTADURÍA PUBLICA;VALLE;CALI;5;188.0;196.0;171.0;182.0;181.0;208.0;19.0;27.0;25.0;17.0;52.0
5595;UNIVERSIDAD ICESI;UNIVERSIDAD ICESI-CALI;DERECHO;DERECHO Y AFINES;VALLE;CALI;75;182.0;189.0;161.0;194.0;172.0;196.0;28.0;31.0;31.0;39.0;39.0
3191;UNIVERSIDAD ICESI;UNIVERSIDAD ICESI-CALI;DISEÑO DE MEDIOS  INTERACTIVOS;DISEÑO;VALLE;CALI;42;180.0;185.0;169.0;174.0;160.0;211.0;21.0;32.0;27.0;41.0;45.0
207;UNIVERSIDAD ICESI;UNIVERSIDAD ICESI-CALI;DISEÑO INDUSTRIAL;DISEÑO;VALLE;CALI;17;178.0;180.0;168.0;168.0;169.0;207.0;29.0;29.0;24.0;14.0;41.0
279;UNIVERSIDAD ICESI;UNIVERSIDAD ICESI-CALI;ECONOMIA;ECONOMÍA;VALLE;CALI;5;180.0;191.0;177.0;173.0;164.0;192.0;30.0;31.0;56.0;10.0;20.0
2243;UNIVERSIDAD ICESI;UNIVERSIDAD ICESI-CALI;ECONOMIA Y NEGOCIOS INTERNACIONALES;ECONOMÍA;VALLE;CALI;69;182.0;182.0;174.0;185.0;172.0;198.0;32.0;26.0;30.0;33.0;31.0
20825;UNIVERSIDAD ICESI;UNIVERSIDAD ICESI-CALI;FINANZAS;ADMINISTRACIÓN;VALLE;CALI;12;182.0;187.0;186.0;181.0;163.0;192.0;24.0;13.0;21.0;21.0;13.0
3166;UNIVERSIDAD ICESI;UNIVERSIDAD ICESI-CALI;INGENIERIA DE SISTEMAS;INGENIERÍA DE SISTEMAS, TELEMÁTICA Y AFINES;VALLE;CALI;66;189.0;190.0;188.0;188.0;175.0;207.0;26.0;19.0;30.0;30.0;26.0
1378;UNIVERSIDAD ICESI;UNIVERSIDAD ICESI-CALI;INGENIERIA INDUSTRIAL;INGENIERÍA INDUSTRIAL Y AFINES;VALLE;CALI;27;188.0;188.0;193.0;188.0;163.0;209.0;23.0;30.0;23.0;46.0;38.0
1448;UNIVERSIDAD ICESI;UNIVERSIDAD ICESI-CALI;INGENIERIA TELEMATICA;INGENIERÍA DE SISTEMAS, TELEMÁTICA Y AFINES;VALLE;CALI;11;181.0;187.0;183.0;175.0;159.0;202.0;24.0;25.0;32.0;18.0;34.0
8734;UNIVERSIDAD ICESI;UNIVERSIDAD ICESI-CALI;INGENIERÍA BIOQUÍMICA;INGENIERÍA QUÍMICA Y AFINES;VALLE;CALI;36;188.0;192.0;192.0;183.0;175.0;198.0;22.0;20.0;20.0;28.0;13.0
9726;UNIVERSIDAD ICESI;UNIVERSIDAD ICESI-CALI;LICENCIATURA EN  LITERATURA Y LENGUA CASTELLANA;EDUCACIÓN;VALLE;CALI;3;167.0;181.0;126.0;175.0;180.0;172.0;11.0;26.0;27.0;13.0;66.0
9545;UNIVERSIDAD ICESI;UNIVERSIDAD ICESI-CALI;LICENCIATURA EN ARTES;EDUCACIÓN;VALLE;CALI;3;171.0;198.0;147.0;175.0;156.0;179.0;9.0;16.0;40.0;27.0;24.0
8947;UNIVERSIDAD ICESI;UNIVERSIDAD ICESI-CALI;LICENCIATURA EN CIENCIAS NATURALES;EDUCACIÓN;VALLE;CALI;1;176.0;183.0;196.0;182.0;157.0;161.0;0.0;0.0;0.0;0.0;0.0
9564;UNIVERSIDAD ICESI;UNIVERSIDAD ICESI-CALI;LICENCIATURA EN CIENCIAS SOCIALES;EDUCACIÓN;VALLE;CALI;1;179.0;195.0;150.0;175.0;186.0;190.0;0.0;0.0;0.0;0.0;0.0
9647;UNIVERSIDAD ICESI;UNIVERSIDAD ICESI-CALI;LICENCIATURA EN LENGUAS EXTRANJERAS CON ÉNFASIS EN INGLÉS;EDUCACIÓN;VALLE;CALI;25;179.0;186.0;155.0;188.0;162.0;206.0;25.0;31.0;22.0;24.0;22.0
5829;UNIVERSIDAD ICESI;UNIVERSIDAD ICESI-CALI;MEDICINA;MEDICINA;VALLE;CALI;170;190.0;197.0;184.0;194.0;172.0;205.0;18.0;20.0;26.0;32.0;25.0
1956;UNIVERSIDAD ICESI;UNIVERSIDAD ICESI-CALI;MERCADEO INTERNACIONAL Y PUBLICIDAD;ADMINISTRACIÓN;VALLE;CALI;60;173.0;175.0;158.0;168.0;164.0;201.0;24.0;27.0;33.0;38.0;36.0
9583;UNIVERSIDAD ICESI;UNIVERSIDAD ICESI-CALI;MÚSICA;MÚSICA;VALLE;CALI;33;176.0;180.0;167.0;175.0;161.0;199.0;22.0;21.0;27.0;25.0;24.0
1150;UNIVERSIDAD ICESI;UNIVERSIDAD ICESI-CALI;PSICOLOGIA;PSICOLOGÍA;VALLE;CALI;25;177.0;181.0;158.0;179.0;169.0;196.0;24.0;27.0;26.0;26.0;40.0
1191;UNIVERSIDAD ICESI;UNIVERSIDAD ICESI-CALI;QUIMICA;QUÍMICA Y AFINES;VALLE;CALI;14;191.0;194.0;194.0;191.0;172.0;205.0;23.0;25.0;31.0;45.0;45.0
3936;UNIVERSIDAD ICESI;UNIVERSIDAD ICESI-CALI;QUIMICA FARMACEUTICA;OPTOMETRÍA, OTROS PROGRAMAS DE CIENCIAS DE LA SALUD;VALLE;CALI;77;179.0;186.0;180.0;179.0;159.0;193.0;18.0;23.0;24.0;35.0;28.0
1563;UNIVERSIDAD ICESI;UNIVERSIDAD ICESI-CALI;SOCIOLOGIA;SOCIOLOGÍA, TRABAJO SOCIAL Y AFINES;VALLE;CALI;4;191.0;194.0;171.0;196.0;174.0;218.0;14.0;6.0;19.0;24.0;56.0
4673;UNIVERSIDAD INCCA DE COLOMBIA;UNIVERSIDAD INCCA DE COLOMBIA-BOGOTÁ D.C.;ADMINISTRACION DE EMPRESAS;ADMINISTRACIÓN;BOGOTÁ;BOGOTÁ D.C.;309;134.0;137.0;127.0;131.0;144.0;133.0;24.0;23.0;26.0;33.0;25.0
5999;UNIVERSIDAD INCCA DE COLOMBIA;UNIVERSIDAD INCCA DE COLOMBIA-BOGOTÁ D.C.;BIOLOGIA;BIOLOGÍA, MICROBIOLOGÍA Y AFINES;BOGOTÁ;BOGOTÁ D.C.;39;155.0;163.0;155.0;155.0;154.0;150.0;26.0;27.0;31.0;47.0;40.0
4212;UNIVERSIDAD INCCA DE COLOMBIA;UNIVERSIDAD INCCA DE COLOMBIA-BOGOTÁ D.C.;CULTURA FISICA Y DEPORTE;DEPORTES, EDUCACIÓN FÍSICA Y RECREACIÓN;BOGOTÁ;BOGOTÁ D.C.;188;132.0;134.0;131.0;129.0;135.0;131.0;25.0;26.0;28.0;35.0;24.0
3679;UNIVERSIDAD INCCA DE COLOMBIA;UNIVERSIDAD INCCA DE COLOMBIA-BOGOTÁ D.C.;DERECHO;DERECHO Y AFINES;BOGOTÁ;BOGOTÁ D.C.;4;143.0;143.0;136.0;151.0;143.0;143.0;33.0;31.0;14.0;41.0;34.0
5099;UNIVERSIDAD INCCA DE COLOMBIA;UNIVERSIDAD INCCA DE COLOMBIA-BOGOTÁ D.C.;DERECHO;DERECHO Y AFINES;BOGOTÁ;BOGOTÁ D.C.;846;137.0;141.0;127.0;145.0;141.0;129.0;25.0;27.0;28.0;40.0;25.0
16112;UNIVERSIDAD INCCA DE COLOMBIA;UNIVERSIDAD INCCA DE COLOMBIA-BOGOTÁ D.C.;DERECHO;DERECHO Y AFINES;BOGOTÁ;BOGOTÁ D.C.;1;126.0;127.0;96.0;148.0;144.0;113.0;0.0;0.0;0.0;0.0;0.0
902;UNIVERSIDAD INCCA DE COLOMBIA;UNIVERSIDAD INCCA DE COLOMBIA-BOGOTÁ D.C.;INGENIERIA DE ALIMENTOS;INGENIERÍA AGROINDUSTRIAL, ALIMENTOS Y AFINES;BOGOTÁ;BOGOTÁ D.C.;55;138.0;138.0;139.0;134.0;136.0;140.0;34.0;33.0;33.0;46.0;28.0
1755;UNIVERSIDAD INCCA DE COLOMBIA;UNIVERSIDAD INCCA DE COLOMBIA-BOGOTÁ D.C.;INGENIERIA DE SISTEMAS;INGENIERÍA DE SISTEMAS, TELEMÁTICA Y AFINES;BOGOTÁ;BOGOTÁ D.C.;132;142.0;142.0;140.0;136.0;141.0;151.0;26.0;28.0;29.0;26.0;29.0
4715;UNIVERSIDAD INCCA DE COLOMBIA;UNIVERSIDAD INCCA DE COLOMBIA-BOGOTÁ D.C.;INGENIERIA DE SISTEMAS;INGENIERÍA DE SISTEMAS, TELEMÁTICA Y AFINES;BOGOTÁ;BOGOTÁ D.C.;2;139.0;137.0;141.0;107.0;152.0;159.0;35.0;57.0;6.0;43.0;45.0
6807;UNIVERSIDAD INCCA DE COLOMBIA;UNIVERSIDAD INCCA DE COLOMBIA-BOGOTÁ D.C.;INGENIERIA ELECTRONICA;INGENIERÍA ELECTRÓNICA, TELECOMUNICACIONES Y AFINES;BOGOTÁ;BOGOTÁ D.C.;198;137.0;136.0;144.0;126.0;141.0;137.0;23.0;29.0;28.0;36.0;23.0
1756;UNIVERSIDAD INCCA DE COLOMBIA;UNIVERSIDAD INCCA DE COLOMBIA-BOGOTÁ D.C.;INGENIERIA INDUSTRIAL;INGENIERÍA INDUSTRIAL Y AFINES;BOGOTÁ;BOGOTÁ D.C.;280;135.0;136.0;134.0;129.0;141.0;132.0;23.0;27.0;27.0;32.0;25.0
16041;UNIVERSIDAD INCCA DE COLOMBIA;UNIVERSIDAD INCCA DE COLOMBIA-BOGOTÁ D.C.;INGENIERIA INDUSTRIAL;INGENIERÍA INDUSTRIAL Y AFINES;BOGOTÁ;BOGOTÁ D.C.;3;127.0;126.0;119.0;102.0;167.0;121.0;5.0;34.0;30.0;34.0;12.0
16044;UNIVERSIDAD INCCA DE COLOMBIA;UNIVERSIDAD INCCA DE COLOMBIA-BOGOTÁ D.C.;INGENIERIA INDUSTRIAL;INGENIERÍA INDUSTRIAL Y AFINES;BOGOTÁ;BOGOTÁ D.C.;2;138.0;138.0;148.0;126.0;155.0;126.0;8.0;2.0;15.0;38.0;33.0
6808;UNIVERSIDAD INCCA DE COLOMBIA;UNIVERSIDAD INCCA DE COLOMBIA-BOGOTÁ D.C.;INGENIERIA MECANICA;INGENIERÍA MECÁNICA Y AFINES;BOGOTÁ;BOGOTÁ D.C.;355;136.0;136.0;143.0;128.0;134.0;138.0;25.0;29.0;30.0;36.0;23.0
24946;UNIVERSIDAD INCCA DE COLOMBIA;UNIVERSIDAD INCCA DE COLOMBIA-BOGOTÁ D.C.;LICENCIATURA EN EDUCACIÓN INFANTIL;EDUCACIÓN;BOGOTÁ;BOGOTÁ D.C.;662;124.0;129.0;115.0;120.0;135.0;120.0;25.0;26.0;25.0;40.0;23.0
5149;UNIVERSIDAD INCCA DE COLOMBIA;UNIVERSIDAD INCCA DE COLOMBIA-BOGOTÁ D.C.;MUSICA;MÚSICA;BOGOTÁ;BOGOTÁ D.C.;66;153.0;159.0;143.0;152.0;145.0;165.0;29.0;30.0;32.0;41.0;38.0
4674;UNIVERSIDAD INCCA DE COLOMBIA;UNIVERSIDAD INCCA DE COLOMBIA-BOGOTÁ D.C.;PSICOLOGIA;PSICOLOGÍA;BOGOTÁ;BOGOTÁ D.C.;257;129.0;135.0;119.0;129.0;138.0;125.0;24.0;26.0;27.0;40.0;21.0
5105;UNIVERSIDAD INCCA DE COLOMBIA;UNIVERSIDAD INCCA DE COLOMBIA-BOGOTÁ D.C.;PSICOLOGIA;PSICOLOGÍA;BOGOTÁ;BOGOTÁ D.C.;2;150.0;153.0;132.0;162.0;163.0;140.0;24.0;36.0;17.0;75.0;13.0
16020;UNIVERSIDAD INCCA DE COLOMBIA;UNIVERSIDAD INCCA DE COLOMBIA-BOGOTÁ D.C.;PSICOLOGIA;PSICOLOGÍA;BOGOTÁ;BOGOTÁ D.C.;1;137.0;164.0;121.0;138.0;135.0;129.0;0.0;0.0;0.0;0.0;0.0
25309;UNIVERSIDAD INDUSTRIAL DE SANTANDER;UNIVERSIDAD INDUSTRIAL DE SANTANDER-BUCARAMANGA;ADMINISTRACIÓN AGROINDUSTRIAL;INGENIERÍA AGROINDUSTRIAL, ALIMENTOS Y AFINES;SANTANDER;BUCARAMANGA;52;142.0;146.0;142.0;138.0;147.0;136.0;26.0;30.0;32.0;33.0;22.0
8516;UNIVERSIDAD INDUSTRIAL DE SANTANDER;UNIVERSIDAD INDUSTRIAL DE SANTANDER-BUCARAMANGA;ARTES PLASTICAS;ARTES PLÁSTICAS, VISUALES Y AFINES;SANTANDER;BUCARAMANGA;32;151.0;160.0;143.0;143.0;152.0;159.0;24.0;32.0;26.0;47.0;25.0
5604;UNIVERSIDAD INDUSTRIAL DE SANTANDER;UNIVERSIDAD INDUSTRIAL DE SANTANDER-BUCARAMANGA;BIOLOGIA;BIOLOGÍA, MICROBIOLOGÍA Y AFINES;SANTANDER;BUCARAMANGA;36;181.0;186.0;185.0;179.0;157.0;198.0;24.0;16.0;29.0;33.0;27.0
510;UNIVERSIDAD INDUSTRIAL DE SANTANDER;UNIVERSIDAD INDUSTRIAL DE SANTANDER-BUCARAMANGA;DERECHO;DERECHO Y AFINES;SANTANDER;BUCARAMANGA;93;177.0;191.0;164.0;194.0;158.0;180.0;16.0;24.0;23.0;37.0;27.0
4853;UNIVERSIDAD INDUSTRIAL DE SANTANDER;UNIVERSIDAD INDUSTRIAL DE SANTANDER-BUCARAMANGA;DISEÑO INDUSTRIAL;DISEÑO;SANTANDER;BUCARAMANGA;53;178.0;181.0;180.0;175.0;154.0;197.0;27.0;23.0;29.0;32.0;31.0
4720;UNIVERSIDAD INDUSTRIAL DE SANTANDER;UNIVERSIDAD INDUSTRIAL DE SANTANDER-BUCARAMANGA;ECONOMIA;ECONOMÍA;SANTANDER;BUCARAMANGA;60;173.0;172.0;171.0;176.0;158.0;185.0;26.0;24.0;25.0;28.0;29.0
511;UNIVERSIDAD INDUSTRIAL DE SANTANDER;UNIVERSIDAD INDUSTRIAL DE SANTANDER-BUCARAMANGA;ENFERMERIA;ENFERMERÍA;SANTANDER;BUCARAMANGA;31;174.0;186.0;170.0;176.0;157.0;181.0;23.0;22.0;29.0;37.0;21.0
243;UNIVERSIDAD INDUSTRIAL DE SANTANDER;UNIVERSIDAD INDUSTRIAL DE SANTANDER-BUCARAMANGA;FILOSOFIA;FILOSOFÍA, TEOLOGÍA Y AFINES;SANTANDER;BUCARAMANGA;53;160.0;176.0;134.0;163.0;157.0;169.0;27.0;31.0;30.0;38.0;34.0
1384;UNIVERSIDAD INDUSTRIAL DE SANTANDER;UNIVERSIDAD INDUSTRIAL DE SANTANDER-BUCARAMANGA;FISICA;FÍSICA;SANTANDER;BUCARAMANGA;26;190.0;193.0;211.0;176.0;157.0;211.0;25.0;33.0;34.0;40.0;36.0
3072;UNIVERSIDAD INDUSTRIAL DE SANTANDER;UNIVERSIDAD INDUSTRIAL DE SANTANDER-BUCARAMANGA;FISIOTERAPIA;TERAPIAS;SANTANDER;BUCARAMANGA;22;177.0;181.0;177.0;174.0;163.0;187.0;21.0;19.0;29.0;40.0;12.0
2247;UNIVERSIDAD INDUSTRIAL DE SANTANDER;UNIVERSIDAD INDUSTRIAL DE SANTANDER-BUCARAMANGA;GEOLOGIA;GEOLOGÍA, OTROS PROGRAMAS DE CIENCIAS NATURALES;SANTANDER;BUCARAMANGA;69;176.0;183.0;183.0;169.0;157.0;185.0;22.0;29.0;27.0;26.0;20.0
5232;UNIVERSIDAD INDUSTRIAL DE SANTANDER;UNIVERSIDAD INDUSTRIAL DE SANTANDER-BUCARAMANGA;GESTION EMPRESARIAL;ADMINISTRACIÓN;SANTANDER;BUCARAMANGA;97;141.0;144.0;134.0;137.0;154.0;135.0;25.0;29.0;30.0;25.0;30.0
5327;UNIVERSIDAD INDUSTRIAL DE SANTANDER;UNIVERSIDAD INDUSTRIAL DE SANTANDER-BUCARAMANGA;HISTORIA;GEOGRAFÍA, HISTORIA;SANTANDER;BUCARAMANGA;3;161.0;180.0;132.0;178.0;162.0;152.0;11.0;23.0;4.0;12.0;33.0
5897;UNIVERSIDAD INDUSTRIAL DE SANTANDER;UNIVERSIDAD INDUSTRIAL DE SANTANDER-BUCARAMANGA;HISTORIA Y ARCHIVISTICA;GEOGRAFÍA, HISTORIA;SANTANDER;BUCARAMANGA;15;165.0;176.0;137.0;176.0;160.0;175.0;29.0;31.0;32.0;48.0;30.0
83;UNIVERSIDAD INDUSTRIAL DE SANTANDER;UNIVERSIDAD INDUSTRIAL DE SANTANDER-BUCARAMANGA;INGENIERIA CIVIL;INGENIERÍA CIVIL Y AFINES;SANTANDER;BUCARAMANGA;182;169.0;169.0;193.0;163.0;147.0;171.0;29.0;27.0;33.0;35.0;28.0
2710;UNIVERSIDAD INDUSTRIAL DE SANTANDER;UNIVERSIDAD INDUSTRIAL DE SANTANDER-BUCARAMANGA;INGENIERIA DE PETROLEOS;INGENIERÍA DE MINAS, METALURGIA Y AFINES;SANTANDER;BUCARAMANGA;43;165.0;167.0;180.0;159.0;153.0;168.0;25.0;19.0;27.0;48.0;23.0
1802;UNIVERSIDAD INDUSTRIAL DE SANTANDER;UNIVERSIDAD INDUSTRIAL DE SANTANDER-BUCARAMANGA;INGENIERIA DE SISTEMAS;INGENIERÍA DE SISTEMAS, TELEMÁTICA Y AFINES;SANTANDER;BUCARAMANGA;107;177.0;179.0;194.0;172.0;151.0;191.0;29.0;29.0;34.0;34.0;31.0
5585;UNIVERSIDAD INDUSTRIAL DE SANTANDER;UNIVERSIDAD INDUSTRIAL DE SANTANDER-BUCARAMANGA;INGENIERIA ELECTRICA;INGENIERÍA ELÉCTRICA Y AFINES;SANTANDER;BUCARAMANGA;95;168.0;168.0;192.0;159.0;145.0;173.0;27.0;29.0;35.0;36.0;27.0
4198;UNIVERSIDAD INDUSTRIAL DE SANTANDER;UNIVERSIDAD INDUSTRIAL DE SANTANDER-BUCARAMANGA;INGENIERIA ELECTRONICA;INGENIERÍA ELECTRÓNICA, TELECOMUNICACIONES Y AFINES;SANTANDER;BUCARAMANGA;90;173.0;174.0;192.0;167.0;152.0;179.0;27.0;24.0;34.0;31.0;21.0
6450;UNIVERSIDAD INDUSTRIAL DE SANTANDER;UNIVERSIDAD INDUSTRIAL DE SANTANDER-BUCARAMANGA;INGENIERIA FORESTAL;INGENIERÍA AGRÍCOLA, FORESTAL Y AFINES;SANTANDER;BUCARAMANGA;26;147.0;148.0;150.0;146.0;147.0;143.0;22.0;20.0;19.0;21.0;17.0
1803;UNIVERSIDAD INDUSTRIAL DE SANTANDER;UNIVERSIDAD INDUSTRIAL DE SANTANDER-BUCARAMANGA;INGENIERIA INDUSTRIAL;INGENIERÍA INDUSTRIAL Y AFINES;SANTANDER;BUCARAMANGA;185;170.0;172.0;181.0;166.0;151.0;178.0;27.0;27.0;31.0;33.0;31.0
5986;UNIVERSIDAD INDUSTRIAL DE SANTANDER;UNIVERSIDAD INDUSTRIAL DE SANTANDER-BUCARAMANGA;INGENIERIA MECANICA;INGENIERÍA MECÁNICA Y AFINES;SANTANDER;BUCARAMANGA;157;174.0;175.0;197.0;169.0;148.0;183.0;26.0;27.0;32.0;35.0;31.0
6511;UNIVERSIDAD INDUSTRIAL DE SANTANDER;UNIVERSIDAD INDUSTRIAL DE SANTANDER-BUCARAMANGA;INGENIERIA METALURGICA;INGENIERÍA DE MINAS, METALURGIA Y AFINES;SANTANDER;BUCARAMANGA;45;162.0;163.0;183.0;157.0;142.0;165.0;33.0;24.0;38.0;34.0;34.0
6470;UNIVERSIDAD INDUSTRIAL DE SANTANDER;UNIVERSIDAD INDUSTRIAL DE SANTANDER-BUCARAMANGA;INGENIERIA QUIMICA;INGENIERÍA QUÍMICA Y AFINES;SANTANDER;BUCARAMANGA;168;173.0;175.0;187.0;168.0;156.0;179.0;24.0;23.0;31.0;28.0;25.0
20606;UNIVERSIDAD INDUSTRIAL DE SANTANDER;UNIVERSIDAD INDUSTRIAL DE SANTANDER-BUCARAMANGA;LICENCIATURA EN EDUCACIÓN BÁSICA PRIMARIA;EDUCACIÓN;SANTANDER;BUCARAMANGA;21;168.0;173.0;166.0;170.0;165.0;166.0;14.0;19.0;20.0;36.0;18.0
16312;UNIVERSIDAD INDUSTRIAL DE SANTANDER;UNIVERSIDAD INDUSTRIAL DE SANTANDER-BUCARAMANGA;LICENCIATURA EN LENGUAS EXTRANJERAS CON ÉNFASIS EN INGLÉS;EDUCACIÓN;SANTANDER;BUCARAMANGA;50;183.0;188.0;158.0;180.0;169.0;219.0;19.0;26.0;27.0;31.0;22.0
16273;UNIVERSIDAD INDUSTRIAL DE SANTANDER;UNIVERSIDAD INDUSTRIAL DE SANTANDER-BUCARAMANGA;LICENCIATURA EN LITERATURA Y LENGUA CASTELLANA;EDUCACIÓN;SANTANDER;BUCARAMANGA;49;173.0;190.0;148.0;178.0;162.0;185.0;19.0;32.0;26.0;33.0;24.0
253;UNIVERSIDAD INDUSTRIAL DE SANTANDER;UNIVERSIDAD INDUSTRIAL DE SANTANDER-BUCARAMANGA;LICENCIATURA EN MATEMATICAS;EDUCACIÓN;SANTANDER;BUCARAMANGA;38;167.0;169.0;192.0;162.0;148.0;167.0;25.0;14.0;31.0;35.0;17.0
659;UNIVERSIDAD INDUSTRIAL DE SANTANDER;UNIVERSIDAD INDUSTRIAL DE SANTANDER-BUCARAMANGA;LICENCIATURA EN MUSICA;EDUCACIÓN;SANTANDER;BUCARAMANGA;31;156.0;166.0;151.0;149.0;151.0;163.0;20.0;21.0;29.0;40.0;31.0
6220;UNIVERSIDAD INDUSTRIAL DE SANTANDER;UNIVERSIDAD INDUSTRIAL DE SANTANDER-BUCARAMANGA;MATEMATICAS;MATEMÁTICAS, ESTADÍSTICA Y AFINES;SANTANDER;BUCARAMANGA;15;177.0;185.0;200.0;176.0;149.0;174.0;25.0;10.0;20.0;29.0;25.0
6056;UNIVERSIDAD INDUSTRIAL DE SANTANDER;UNIVERSIDAD INDUSTRIAL DE SANTANDER-BUCARAMANGA;MEDICINA;MEDICINA;SANTANDER;BUCARAMANGA;79;197.0;200.0;195.0;200.0;179.0;211.0;22.0;23.0;18.0;42.0;35.0
2944;UNIVERSIDAD INDUSTRIAL DE SANTANDER;UNIVERSIDAD INDUSTRIAL DE SANTANDER-BUCARAMANGA;MICROBIOLOGIA Y BIOANALISIS;BACTERIOLOGÍA;SANTANDER;BUCARAMANGA;39;179.0;187.0;178.0;180.0;158.0;192.0;18.0;33.0;22.0;32.0;41.0
1804;UNIVERSIDAD INDUSTRIAL DE SANTANDER;UNIVERSIDAD INDUSTRIAL DE SANTANDER-BUCARAMANGA;NUTRICION Y DIETETICA;NUTRICIÓN Y DIETÉTICA;SANTANDER;BUCARAMANGA;26;177.0;193.0;177.0;182.0;146.0;187.0;10.0;24.0;15.0;38.0;21.0
3086;UNIVERSIDAD INDUSTRIAL DE SANTANDER;UNIVERSIDAD INDUSTRIAL DE SANTANDER-BUCARAMANGA;QUIMICA;QUÍMICA Y AFINES;SANTANDER;BUCARAMANGA;46;178.0;180.0;193.0;168.0;160.0;192.0;26.0;27.0;33.0;25.0;26.0
3073;UNIVERSIDAD INDUSTRIAL DE SANTANDER;UNIVERSIDAD INDUSTRIAL DE SANTANDER-BUCARAMANGA;TRABAJO SOCIAL;SOCIOLOGÍA, TRABAJO SOCIAL Y AFINES;SANTANDER;BUCARAMANGA;75;166.0;179.0;149.0;179.0;151.0;174.0;21.0;28.0;24.0;36.0;27.0
8820;UNIVERSIDAD INDUSTRIAL DE SANTANDER;UNIVERSIDAD INDUSTRIAL DE SANTANDER-BUCARAMANGA;TURISMO;ADMINISTRACIÓN;SANTANDER;BUCARAMANGA;9;145.0;159.0;126.0;149.0;132.0;159.0;26.0;28.0;20.0;30.0;25.0
2333;UNIVERSIDAD INDUSTRIAL DE SANTANDER;UNIVERSIDAD INDUSTRIAL DE SANTANDER-BUCARAMANGA;ZOOTECNIA;ZOOTECNIA;SANTANDER;BUCARAMANGA;31;139.0;137.0;139.0;127.0;150.0;141.0;23.0;29.0;26.0;26.0;23.0
5987;UNIVERSIDAD INDUSTRIAL DE SANTANDER;UNIVERSIDAD INDUSTRIAL DE SANTANDER-BUCARAMANGA;ZOOTECNIA;ZOOTECNIA;SANTANDER;BUCARAMANGA;1;108.0;111.0;102.0;93.0;125.0;108.0;0.0;0.0;0.0;0.0;0.0
8785;UNIVERSIDAD INTERNACIONAL DEL TROPICO AMERICANO;UNIVERSIDAD INTERNACIONAL DEL TRÓPICO AMERICANO;ADMINISTRACION Y NEGOCIOS INTERNACIONALES;ADMINISTRACIÓN;CASANARE;YOPAL;38;138.0;140.0;128.0;130.0;139.0;151.0;24.0;31.0;28.0;25.0;26.0
7456;UNIVERSIDAD INTERNACIONAL DEL TROPICO AMERICANO;UNIVERSIDAD INTERNACIONAL DEL TRÓPICO AMERICANO;ADMINISTRACIÓN DE EMPRESAS;ADMINISTRACIÓN;CASANARE;YOPAL;37;133.0;138.0;130.0;126.0;137.0;132.0;20.0;21.0;32.0;34.0;22.0
6649;UNIVERSIDAD INTERNACIONAL DEL TROPICO AMERICANO;UNIVERSIDAD INTERNACIONAL DEL TRÓPICO AMERICANO;ARQUITECTURA;ARQUITECTURA;CASANARE;YOPAL;42;145.0;147.0;146.0;136.0;146.0;148.0;26.0;29.0;26.0;23.0;26.0
8011;UNIVERSIDAD INTERNACIONAL DEL TROPICO AMERICANO;UNIVERSIDAD INTERNACIONAL DEL TRÓPICO AMERICANO;BIOLOGÍA AMBIENTAL;GEOLOGÍA, OTROS PROGRAMAS DE CIENCIAS NATURALES;CASANARE;YOPAL;21;141.0;152.0;133.0;127.0;146.0;147.0;27.0;25.0;31.0;20.0;31.0
723;UNIVERSIDAD INTERNACIONAL DEL TROPICO AMERICANO;UNIVERSIDAD INTERNACIONAL DEL TRÓPICO AMERICANO;CONTADURIA PUBLICA;CONTADURÍA PUBLICA;CASANARE;YOPAL;54;143.0;144.0;141.0;136.0;147.0;145.0;23.0;24.0;31.0;25.0;21.0
5799;UNIVERSIDAD INTERNACIONAL DEL TROPICO AMERICANO;UNIVERSIDAD INTERNACIONAL DEL TRÓPICO AMERICANO;DERECHO;DERECHO Y AFINES;CASANARE;YOPAL;74;142.0;148.0;132.0;151.0;146.0;135.0;26.0;29.0;32.0;35.0;25.0
1589;UNIVERSIDAD INTERNACIONAL DEL TROPICO AMERICANO;UNIVERSIDAD INTERNACIONAL DEL TRÓPICO AMERICANO;INGENIERIA AGROFORESTAL;INGENIERÍA AGRÍCOLA, FORESTAL Y AFINES;CASANARE;YOPAL;4;141.0;148.0;134.0;125.0;155.0;143.0;33.0;42.0;25.0;37.0;19.0
9773;UNIVERSIDAD INTERNACIONAL DEL TROPICO AMERICANO;UNIVERSIDAD INTERNACIONAL DEL TRÓPICO AMERICANO;INGENIERIA AGROINDUSTRIAL;INGENIERÍA AGROINDUSTRIAL, ALIMENTOS Y AFINES;CASANARE;YOPAL;29;141.0;146.0;151.0;130.0;137.0;141.0;26.0;28.0;32.0;23.0;24.0
5437;UNIVERSIDAD INTERNACIONAL DEL TROPICO AMERICANO;UNIVERSIDAD INTERNACIONAL DEL TRÓPICO AMERICANO;INGENIERIA CIVIL;INGENIERÍA CIVIL Y AFINES;CASANARE;YOPAL;76;145.0;148.0;162.0;136.0;139.0;139.0;26.0;26.0;28.0;31.0;27.0
2335;UNIVERSIDAD INTERNACIONAL DEL TROPICO AMERICANO;UNIVERSIDAD INTERNACIONAL DEL TRÓPICO AMERICANO;INGENIERIA DE SISTEMAS;INGENIERÍA DE SISTEMAS, TELEMÁTICA Y AFINES;CASANARE;YOPAL;13;154.0;149.0;155.0;150.0;141.0;178.0;31.0;29.0;31.0;24.0;23.0
9801;UNIVERSIDAD INTERNACIONAL DEL TROPICO AMERICANO;UNIVERSIDAD INTERNACIONAL DEL TRÓPICO AMERICANO;INGENIERÍA AGROFORESTAL;INGENIERÍA AGRÍCOLA, FORESTAL Y AFINES;CASANARE;YOPAL;2;128.0;137.0;120.0;117.0;140.0;124.0;13.0;17.0;5.0;25.0;13.0
7424;UNIVERSIDAD INTERNACIONAL DEL TROPICO AMERICANO;UNIVERSIDAD INTERNACIONAL DEL TRÓPICO AMERICANO;INGENIERÍA DE PETRÓLEOS;INGENIERÍA DE MINAS, METALURGIA Y AFINES;CASANARE;YOPAL;3;128.0;123.0;134.0;115.0;135.0;132.0;17.0;28.0;18.0;20.0;45.0
7768;UNIVERSIDAD INTERNACIONAL DEL TROPICO AMERICANO;UNIVERSIDAD INTERNACIONAL DEL TRÓPICO AMERICANO;INGENIERÍA DE SISTEMAS;INGENIERÍA DE SISTEMAS, TELEMÁTICA Y AFINES;CASANARE;YOPAL;15;143.0;139.0;153.0;122.0;137.0;165.0;37.0;30.0;36.0;26.0;20.0
3987;UNIVERSIDAD INTERNACIONAL DEL TROPICO AMERICANO;UNIVERSIDAD INTERNACIONAL DEL TRÓPICO AMERICANO;MEDICINA VETERINARIA;MEDICINA VETERINARIA;CASANARE;YOPAL;2;145.0;158.0;135.0;146.0;150.0;138.0;1.0;19.0;0.0;11.0;8.0
9631;UNIVERSIDAD INTERNACIONAL DEL TROPICO AMERICANO;UNIVERSIDAD INTERNACIONAL DEL TRÓPICO AMERICANO;MEDICINA VETERINARIA Y ZOOTECNIA;MEDICINA VETERINARIA;CASANARE;YOPAL;53;142.0;142.0;145.0;131.0;148.0;143.0;24.0;25.0;30.0;37.0;24.0
552;UNIVERSIDAD LA GRAN COLOMBIA;UNIVERSIDAD LA GRAN COLOMBIA-BOGOTÁ D.C.;ADMINISTRACION DE EMPRESAS;ADMINISTRACIÓN;BOGOTÁ;BOGOTÁ D.C.;36;140.0;145.0;134.0;137.0;139.0;143.0;23.0;27.0;28.0;33.0;25.0
5173;UNIVERSIDAD LA GRAN COLOMBIA;UNIVERSIDAD LA GRAN COLOMBIA-ARMENIA;ADMINISTRACION DE EMPRESAS;ADMINISTRACIÓN;QUINDIO;ARMENIA;20;141.0;141.0;138.0;134.0;135.0;155.0;26.0;28.0;33.0;50.0;22.0
20665;UNIVERSIDAD LA GRAN COLOMBIA;UNIVERSIDAD LA GRAN COLOMBIA-BOGOTÁ D.C.;ADMINISTRACION DE EMPRESAS;ADMINISTRACIÓN;BOGOTÁ;BOGOTÁ D.C.;19;141.0;139.0;137.0;139.0;145.0;143.0;26.0;29.0;25.0;32.0;43.0
2229;UNIVERSIDAD LA GRAN COLOMBIA;UNIVERSIDAD LA GRAN COLOMBIA-ARMENIA;ARQUITECTURA;ARQUITECTURA;QUINDIO;ARMENIA;47;147.0;149.0;153.0;130.0;147.0;156.0;26.0;26.0;39.0;31.0;42.0
5956;UNIVERSIDAD LA GRAN COLOMBIA;UNIVERSIDAD LA GRAN COLOMBIA-BOGOTÁ D.C.;ARQUITECTURA;ARQUITECTURA;BOGOTÁ;BOGOTÁ D.C.;163;146.0;149.0;152.0;138.0;146.0;146.0;26.0;25.0;28.0;32.0;27.0
25478;UNIVERSIDAD LA GRAN COLOMBIA;UNIVERSIDAD LA GRAN COLOMBIA-ARMENIA;COMUNICACIÓN SOCIAL Y PERIODISMO;COMUNICACIÓN SOCIAL, PERIODISMO Y AFINES;QUINDIO;ARMENIA;12;150.0;156.0;134.0;153.0;151.0;157.0;28.0;28.0;25.0;25.0;23.0
25776;UNIVERSIDAD LA GRAN COLOMBIA;UNIVERSIDAD LA GRAN COLOMBIA-BOGOTÁ D.C.;COMUNICACIÓN SOCIAL Y PERIODISMO;COMUNICACIÓN SOCIAL, PERIODISMO Y AFINES;BOGOTÁ;BOGOTÁ D.C.;21;156.0;164.0;136.0;158.0;156.0;165.0;24.0;25.0;30.0;23.0;24.0
592;UNIVERSIDAD LA GRAN COLOMBIA;UNIVERSIDAD LA GRAN COLOMBIA-ARMENIA;CONTADURIA PUBLICA;CONTADURÍA PUBLICA;QUINDIO;ARMENIA;4;130.0;148.0;138.0;80.0;145.0;137.0;21.0;29.0;59.0;23.0;12.0
1757;UNIVERSIDAD LA GRAN COLOMBIA;UNIVERSIDAD LA GRAN COLOMBIA-BOGOTÁ D.C.;CONTADURIA PUBLICA;CONTADURÍA PUBLICA;BOGOTÁ;BOGOTÁ D.C.;20;147.0;149.0;144.0;144.0;139.0;158.0;28.0;21.0;29.0;26.0;22.0
20760;UNIVERSIDAD LA GRAN COLOMBIA;UNIVERSIDAD LA GRAN COLOMBIA-BOGOTÁ D.C.;CONTADURIA PUBLICA;CONTADURÍA PUBLICA;BOGOTÁ;BOGOTÁ D.C.;35;141.0;142.0;140.0;136.0;146.0;138.0;24.0;29.0;27.0;21.0;19.0
7669;UNIVERSIDAD LA GRAN COLOMBIA;UNIVERSIDAD LA GRAN COLOMBIA-BOGOTÁ D.C.;CONTADURÍA PÚBLICA;CONTADURÍA PUBLICA;BOGOTÁ;BOGOTÁ D.C.;35;146.0;153.0;145.0;140.0;146.0;148.0;25.0;23.0;28.0;22.0;20.0
506;UNIVERSIDAD LA GRAN COLOMBIA;UNIVERSIDAD LA GRAN COLOMBIA-ARMENIA;DERECHO;DERECHO Y AFINES;QUINDIO;ARMENIA;165;153.0;157.0;141.0;156.0;156.0;155.0;30.0;26.0;36.0;29.0;32.0
6398;UNIVERSIDAD LA GRAN COLOMBIA;UNIVERSIDAD LA GRAN COLOMBIA-BOGOTÁ D.C.;DERECHO;DERECHO Y AFINES;BOGOTÁ;BOGOTÁ D.C.;277;151.0;158.0;137.0;160.0;150.0;150.0;25.0;25.0;27.0;38.0;28.0
903;UNIVERSIDAD LA GRAN COLOMBIA;UNIVERSIDAD LA GRAN COLOMBIA-BOGOTÁ D.C.;ECONOMIA;ECONOMÍA;BOGOTÁ;BOGOTÁ D.C.;7;172.0;172.0;184.0;171.0;172.0;163.0;27.0;13.0;33.0;68.0;27.0
5132;UNIVERSIDAD LA GRAN COLOMBIA;UNIVERSIDAD LA GRAN COLOMBIA-ARMENIA;ECONOMIA;ECONOMÍA;QUINDIO;ARMENIA;13;156.0;156.0;149.0;155.0;145.0;177.0;33.0;24.0;34.0;51.0;24.0
20820;UNIVERSIDAD LA GRAN COLOMBIA;UNIVERSIDAD LA GRAN COLOMBIA-BOGOTÁ D.C.;ECONOMIA;ECONOMÍA;BOGOTÁ;BOGOTÁ D.C.;21;146.0;149.0;146.0;140.0;142.0;150.0;31.0;24.0;34.0;41.0;31.0
28542;UNIVERSIDAD LA GRAN COLOMBIA;UNIVERSIDAD LA GRAN COLOMBIA-ARMENIA;ECONOMIA Y FINANZAS INTERNACIONALES;ECONOMÍA;QUINDIO;ARMENIA;1;147.0;131.0;152.0;129.0;138.0;185.0;0.0;0.0;0.0;0.0;0.0
7624;UNIVERSIDAD LA GRAN COLOMBIA;UNIVERSIDAD LA GRAN COLOMBIA-BOGOTÁ D.C.;ECONOMÍA;ECONOMÍA;BOGOTÁ;BOGOTÁ D.C.;9;144.0;148.0;140.0;148.0;133.0;150.0;16.0;17.0;17.0;52.0;11.0
20612;UNIVERSIDAD LA GRAN COLOMBIA;UNIVERSIDAD LA GRAN COLOMBIA-BOGOTÁ D.C.;GOBIERNO Y RELACIONES  INTERNACIONALES;CIENCIA POLÍTICA, RELACIONES INTERNACIONALES;BOGOTÁ;BOGOTÁ D.C.;37;166.0;173.0;146.0;180.0;168.0;163.0;24.0;25.0;28.0;42.0;37.0
20662;UNIVERSIDAD LA GRAN COLOMBIA;UNIVERSIDAD LA GRAN COLOMBIA-ARMENIA;GOBIERNO Y RELACIONES INTERNACIONALES;CIENCIA POLÍTICA, RELACIONES INTERNACIONALES;QUINDIO;ARMENIA;25;162.0;167.0;147.0;174.0;143.0;178.0;27.0;23.0;32.0;57.0;25.0
2207;UNIVERSIDAD LA GRAN COLOMBIA;UNIVERSIDAD LA GRAN COLOMBIA-BOGOTÁ D.C.;INGENIERIA CIVIL;INGENIERÍA CIVIL Y AFINES;BOGOTÁ;BOGOTÁ D.C.;3;150.0;145.0;180.0;167.0;118.0;142.0;27.0;17.0;26.0;22.0;16.0
20793;UNIVERSIDAD LA GRAN COLOMBIA;UNIVERSIDAD LA GRAN COLOMBIA-BOGOTÁ D.C.;INGENIERÍA CIVIL;INGENIERÍA CIVIL Y AFINES;BOGOTÁ;BOGOTÁ D.C.;72;149.0;145.0;166.0;136.0;145.0;153.0;26.0;23.0;31.0;32.0;26.0
7452;UNIVERSIDAD LA GRAN COLOMBIA;UNIVERSIDAD LA GRAN COLOMBIA-ARMENIA;INGENIERÍA GEOGRÁFICA Y AMBIENTAL;INGENIERÍA AMBIENTAL, SANITARIA Y AFINES;QUINDIO;ARMENIA;17;152.0;149.0;150.0;143.0;152.0;168.0;27.0;24.0;28.0;29.0;26.0
20611;UNIVERSIDAD LA GRAN COLOMBIA;UNIVERSIDAD LA GRAN COLOMBIA-BOGOTÁ D.C.;LICENCIATURA  EN  CIENCIAS  SOCIALES;EDUCACIÓN;BOGOTÁ;BOGOTÁ D.C.;50;153.0;164.0;133.0;157.0;153.0;158.0;24.0;27.0;22.0;40.0;26.0
5456;UNIVERSIDAD LA GRAN COLOMBIA;UNIVERSIDAD LA GRAN COLOMBIA-BOGOTÁ D.C.;LICENCIATURA EN CIENCIAS SOCIALES;EDUCACIÓN;BOGOTÁ;BOGOTÁ D.C.;1;160.0;152.0;134.0;148.0;207.0;157.0;0.0;0.0;0.0;0.0;0.0
20664;UNIVERSIDAD LA GRAN COLOMBIA;UNIVERSIDAD LA GRAN COLOMBIA-BOGOTÁ D.C.;LICENCIATURA EN EDUCACION INFANTIL;EDUCACIÓN;BOGOTÁ;BOGOTÁ D.C.;13;153.0;158.0;127.0;142.0;179.0;159.0;23.0;24.0;26.0;43.0;24.0
1817;UNIVERSIDAD LA GRAN COLOMBIA;UNIVERSIDAD LA GRAN COLOMBIA-BOGOTÁ D.C.;LICENCIATURA EN FILOSOFIA;EDUCACIÓN;BOGOTÁ;BOGOTÁ D.C.;1;195.0;215.0;170.0;213.0;191.0;187.0;0.0;0.0;0.0;0.0;0.0
20759;UNIVERSIDAD LA GRAN COLOMBIA;UNIVERSIDAD LA GRAN COLOMBIA-BOGOTÁ D.C.;LICENCIATURA EN HUMANIDADES Y LENGUA CASTELLANA;EDUCACIÓN;BOGOTÁ;BOGOTÁ D.C.;20;163.0;173.0;142.0;165.0;170.0;165.0;23.0;23.0;29.0;22.0;27.0
1261;UNIVERSIDAD LA GRAN COLOMBIA;UNIVERSIDAD LA GRAN COLOMBIA-BOGOTÁ D.C.;LICENCIATURA EN INGLES;EDUCACIÓN;BOGOTÁ;BOGOTÁ D.C.;1;178.0;199.0;141.0;178.0;172.0;199.0;0.0;0.0;0.0;0.0;0.0
20712;UNIVERSIDAD LA GRAN COLOMBIA;UNIVERSIDAD LA GRAN COLOMBIA-BOGOTÁ D.C.;LICENCIATURA EN LENGUAS MODERNAS CON ÉNFASIS EN INGLÉS;EDUCACIÓN;BOGOTÁ;BOGOTÁ D.C.;143;157.0;156.0;132.0;146.0;156.0;196.0;23.0;23.0;26.0;30.0;20.0
4014;UNIVERSIDAD LA GRAN COLOMBIA;UNIVERSIDAD LA GRAN COLOMBIA-BOGOTÁ D.C.;LICENCIATURA EN LINGUISTICA Y LITERATURA;EDUCACIÓN;BOGOTÁ;BOGOTÁ D.C.;1;132.0;144.0;103.0;118.0;142.0;152.0;0.0;0.0;0.0;0.0;0.0
20637;UNIVERSIDAD LA GRAN COLOMBIA;UNIVERSIDAD LA GRAN COLOMBIA-BOGOTÁ D.C.;LICENCIATURA EN MATEMÁTICAS;EDUCACIÓN;BOGOTÁ;BOGOTÁ D.C.;5;153.0;144.0;174.0;125.0;168.0;158.0;40.0;24.0;24.0;36.0;6.0
326;UNIVERSIDAD LIBRE;UNIVERSIDAD LIBRE-BOGOTÁ D.C.;ADMINISTRACION DE EMPRESAS;ADMINISTRACIÓN;BOGOTÁ;BOGOTÁ D.C.;29;148.0;159.0;146.0;137.0;137.0;163.0;21.0;24.0;30.0;44.0;25.0
3698;UNIVERSIDAD LIBRE;UNIVERSIDAD LIBRE-SOCORRO;ADMINISTRACION DE EMPRESAS;ADMINISTRACIÓN;SANTANDER;SOCORRO;14;134.0;137.0;139.0;132.0;138.0;126.0;21.0;28.0;28.0;50.0;44.0
4000;UNIVERSIDAD LIBRE;UNIVERSIDAD LIBRE-CALI;ADMINISTRACION DE EMPRESAS;ADMINISTRACIÓN;VALLE;CALI;42;148.0;148.0;142.0;140.0;139.0;170.0;26.0;27.0;31.0;38.0;26.0
5994;UNIVERSIDAD LIBRE;UNIVERSIDAD LIBRE-CALI;ADMINISTRACION DE EMPRESAS;ADMINISTRACIÓN;VALLE;CALI;110;141.0;145.0;136.0;138.0;146.0;142.0;24.0;27.0;32.0;32.0;34.0
7111;UNIVERSIDAD LIBRE;UNIVERSIDAD LIBRE-CALI;ADMINISTRACION DE EMPRESAS;ADMINISTRACIÓN;VALLE;CALI;44;140.0;143.0;128.0;130.0;142.0;155.0;29.0;25.0;27.0;29.0;30.0
7092;UNIVERSIDAD LIBRE;UNIVERSIDAD LIBRE-BARRANQUILLA;ADMINISTRACION DE NEGOCIOS INTERNACIONALES;ADMINISTRACIÓN;ATLANTICO;BARRANQUILLA;144;145.0;147.0;131.0;135.0;144.0;167.0;29.0;24.0;30.0;35.0;29.0
7206;UNIVERSIDAD LIBRE;UNIVERSIDAD LIBRE-CUCUTA;ADMINISTRACIÓN DE EMPRESAS;ADMINISTRACIÓN;NORTE SANTANDER;CÚCUTA;17;140.0;131.0;127.0;123.0;161.0;158.0;29.0;26.0;32.0;25.0;24.0
5259;UNIVERSIDAD LIBRE;UNIVERSIDAD LIBRE-BARRANQUILLA;BACTERIOLOGIA;BACTERIOLOGÍA;ATLANTICO;BARRANQUILLA;46;143.0;148.0;132.0;131.0;151.0;150.0;28.0;23.0;28.0;34.0;26.0
7204;UNIVERSIDAD LIBRE;UNIVERSIDAD LIBRE-CUCUTA;COMUNICACIÓN CORPORATIVA Y RELACIONES PÚBLICAS;COMUNICACIÓN SOCIAL, PERIODISMO Y AFINES;NORTE SANTANDER;CÚCUTA;9;144.0;151.0;138.0;136.0;143.0;151.0;24.0;17.0;29.0;56.0;33.0
460;UNIVERSIDAD LIBRE;UNIVERSIDAD LIBRE-BOGOTÁ D.C.;CONTADURIA PUBLICA;CONTADURÍA PUBLICA;BOGOTÁ;BOGOTÁ D.C.;41;148.0;155.0;151.0;140.0;145.0;151.0;23.0;26.0;30.0;31.0;21.0
563;UNIVERSIDAD LIBRE;UNIVERSIDAD LIBRE-BOGOTÁ D.C.;CONTADURIA PUBLICA;CONTADURÍA PUBLICA;BOGOTÁ;BOGOTÁ D.C.;23;144.0;141.0;142.0;139.0;146.0;152.0;27.0;27.0;34.0;24.0;41.0
944;UNIVERSIDAD LIBRE;UNIVERSIDAD LIBRE-CUCUTA;CONTADURIA PUBLICA;CONTADURÍA PUBLICA;NORTE SANTANDER;CÚCUTA;20;132.0;128.0;133.0;126.0;136.0;136.0;21.0;28.0;27.0;27.0;24.0
2731;UNIVERSIDAD LIBRE;UNIVERSIDAD LIBRE-CALI;CONTADURIA PUBLICA;CONTADURÍA PUBLICA;VALLE;CALI;154;137.0;139.0;136.0;130.0;139.0;141.0;28.0;28.0;30.0;36.0;23.0
4199;UNIVERSIDAD LIBRE;UNIVERSIDAD LIBRE-SOCORRO;CONTADURIA PUBLICA;CONTADURÍA PUBLICA;SANTANDER;SOCORRO;16;143.0;142.0;140.0;134.0;153.0;145.0;20.0;31.0;21.0;25.0;20.0
5581;UNIVERSIDAD LIBRE;UNIVERSIDAD LIBRE-PEREIRA;CONTADURIA PUBLICA;CONTADURÍA PUBLICA;RISARALDA;PEREIRA;37;150.0;151.0;147.0;150.0;153.0;151.0;30.0;28.0;29.0;23.0;27.0
5622;UNIVERSIDAD LIBRE;UNIVERSIDAD LIBRE-BARRANQUILLA;CONTADURIA PUBLICA;CONTADURÍA PUBLICA;ATLANTICO;BARRANQUILLA;108;137.0;139.0;136.0;125.0;139.0;145.0;26.0;26.0;26.0;32.0;30.0
60;UNIVERSIDAD LIBRE;UNIVERSIDAD LIBRE-BOGOTÁ D.C.;DERECHO;DERECHO Y AFINES;BOGOTÁ;BOGOTÁ D.C.;144;152.0;163.0;129.0;160.0;152.0;159.0;27.0;29.0;30.0;27.0;35.0
2236;UNIVERSIDAD LIBRE;UNIVERSIDAD LIBRE-SOCORRO;DERECHO;DERECHO Y AFINES;SANTANDER;SOCORRO;76;148.0;152.0;139.0;152.0;154.0;141.0;28.0;31.0;33.0;38.0;32.0
2686;UNIVERSIDAD LIBRE;UNIVERSIDAD LIBRE-PEREIRA;DERECHO;DERECHO Y AFINES;RISARALDA;PEREIRA;201;157.0;164.0;143.0;167.0;152.0;160.0;29.0;27.0;31.0;37.0;35.0
5548;UNIVERSIDAD LIBRE;UNIVERSIDAD LIBRE-BOGOTÁ D.C.;DERECHO;DERECHO Y AFINES;BOGOTÁ;BOGOTÁ D.C.;426;159.0;166.0;138.0;167.0;157.0;165.0;24.0;28.0;31.0;38.0;32.0
5995;UNIVERSIDAD LIBRE;UNIVERSIDAD LIBRE-CALI;DERECHO;DERECHO Y AFINES;VALLE;CALI;188;150.0;154.0;132.0;158.0;152.0;151.0;32.0;31.0;33.0;29.0;34.0
6374;UNIVERSIDAD LIBRE;UNIVERSIDAD LIBRE-BARRANQUILLA;DERECHO;DERECHO Y AFINES;ATLANTICO;BARRANQUILLA;199;153.0;162.0;128.0;162.0;155.0;157.0;25.0;28.0;33.0;37.0;31.0
6835;UNIVERSIDAD LIBRE;UNIVERSIDAD LIBRE-CUCUTA;DERECHO;DERECHO Y AFINES;NORTE SANTANDER;CÚCUTA;97;167.0;171.0;149.0;173.0;180.0;163.0;23.0;27.0;29.0;40.0;28.0
2687;UNIVERSIDAD LIBRE;UNIVERSIDAD LIBRE-PEREIRA;ECONOMIA;ECONOMÍA;RISARALDA;PEREIRA;27;158.0;162.0;154.0;150.0;150.0;175.0;28.0;32.0;38.0;35.0;39.0
8182;UNIVERSIDAD LIBRE;UNIVERSIDAD LIBRE-CALI;ECONOMIA;ECONOMÍA;VALLE;CALI;28;154.0;154.0;154.0;154.0;150.0;159.0;26.0;24.0;25.0;48.0;27.0
1366;UNIVERSIDAD LIBRE;UNIVERSIDAD LIBRE-PEREIRA;ENFERMERIA;ENFERMERÍA;RISARALDA;PEREIRA;52;144.0;149.0;139.0;136.0;146.0;150.0;23.0;20.0;30.0;31.0;28.0
4206;UNIVERSIDAD LIBRE;UNIVERSIDAD LIBRE-CALI;ENFERMERIA;ENFERMERÍA;VALLE;CALI;55;142.0;152.0;132.0;142.0;136.0;151.0;22.0;24.0;29.0;41.0;26.0
2837;UNIVERSIDAD LIBRE;UNIVERSIDAD LIBRE-BOGOTÁ D.C.;FILOSOFIA;FILOSOFÍA, TEOLOGÍA Y AFINES;BOGOTÁ;BOGOTÁ D.C.;5;172.0;196.0;152.0;189.0;140.0;181.0;7.0;26.0;10.0;19.0;17.0
5939;UNIVERSIDAD LIBRE;UNIVERSIDAD LIBRE-BARRANQUILLA;FISIOTERAPIA;TERAPIAS;ATLANTICO;BARRANQUILLA;62;138.0;146.0;127.0;127.0;137.0;155.0;25.0;22.0;30.0;40.0;30.0
53;UNIVERSIDAD LIBRE;UNIVERSIDAD LIBRE-BOGOTÁ D.C.;INGENIERIA AMBIENTAL;INGENIERÍA AMBIENTAL, SANITARIA Y AFINES;BOGOTÁ;BOGOTÁ D.C.;28;165.0;165.0;166.0;152.0;166.0;175.0;34.0;30.0;39.0;56.0;30.0
5988;UNIVERSIDAD LIBRE;UNIVERSIDAD LIBRE-SOCORRO;INGENIERIA AMBIENTAL;INGENIERÍA AMBIENTAL, SANITARIA Y AFINES;SANTANDER;SOCORRO;8;144.0;138.0;162.0;137.0;140.0;145.0;24.0;27.0;21.0;27.0;23.0
28030;UNIVERSIDAD LIBRE;UNIVERSIDAD LIBRE-CUCUTA;INGENIERIA AMBIENTAL;INGENIERÍA AMBIENTAL, SANITARIA Y AFINES;NORTE SANTANDER;CÚCUTA;2;150.0;150.0;152.0;143.0;161.0;145.0;10.0;22.0;8.0;37.0;16.0
2337;UNIVERSIDAD LIBRE;UNIVERSIDAD LIBRE-PEREIRA;INGENIERIA CIVIL;INGENIERÍA CIVIL Y AFINES;RISARALDA;PEREIRA;71;155.0;147.0;176.0;142.0;148.0;162.0;26.0;29.0;32.0;24.0;25.0
28174;UNIVERSIDAD LIBRE;UNIVERSIDAD LIBRE-CUCUTA;INGENIERIA CIVIL;INGENIERÍA CIVIL Y AFINES;NORTE SANTANDER;CÚCUTA;36;143.0;141.0;159.0;129.0;144.0;142.0;26.0;28.0;30.0;24.0;24.0
2381;UNIVERSIDAD LIBRE;UNIVERSIDAD LIBRE-PEREIRA;INGENIERIA COMERCIAL;INGENIERÍA ADMINISTRATIVA Y AFINES;RISARALDA;PEREIRA;34;150.0;151.0;146.0;141.0;150.0;162.0;35.0;22.0;39.0;24.0;29.0
610;UNIVERSIDAD LIBRE;UNIVERSIDAD LIBRE-PEREIRA;INGENIERIA DE SISTEMAS;INGENIERÍA DE SISTEMAS, TELEMÁTICA Y AFINES;RISARALDA;PEREIRA;26;148.0;148.0;154.0;132.0;142.0;165.0;32.0;29.0;38.0;26.0;34.0
789;UNIVERSIDAD LIBRE;UNIVERSIDAD LIBRE-BARRANQUILLA;INGENIERIA DE SISTEMAS;INGENIERÍA DE SISTEMAS, TELEMÁTICA Y AFINES;ATLANTICO;BARRANQUILLA;77;157.0;159.0;161.0;139.0;148.0;177.0;27.0;24.0;36.0;31.0;34.0
967;UNIVERSIDAD LIBRE;UNIVERSIDAD LIBRE-CALI;INGENIERIA DE SISTEMAS;INGENIERÍA DE SISTEMAS, TELEMÁTICA Y AFINES;VALLE;CALI;35;151.0;150.0;153.0;135.0;143.0;173.0;27.0;26.0;39.0;38.0;29.0
4675;UNIVERSIDAD LIBRE;UNIVERSIDAD LIBRE-BOGOTÁ D.C.;INGENIERIA DE SISTEMAS;INGENIERÍA DE SISTEMAS, TELEMÁTICA Y AFINES;BOGOTÁ;BOGOTÁ D.C.;99;164.0;164.0;172.0;152.0;150.0;179.0;26.0;24.0;33.0;29.0;25.0
611;UNIVERSIDAD LIBRE;UNIVERSIDAD LIBRE-PEREIRA;INGENIERIA FINANCIERA;INGENIERÍA ADMINISTRATIVA Y AFINES;RISARALDA;PEREIRA;23;149.0;149.0;150.0;141.0;146.0;156.0;34.0;25.0;37.0;28.0;30.0
791;UNIVERSIDAD LIBRE;UNIVERSIDAD LIBRE-CALI;INGENIERIA INDUSTRIAL;INGENIERÍA INDUSTRIAL Y AFINES;VALLE;CALI;75;144.0;143.0;151.0;133.0;144.0;150.0;22.0;23.0;31.0;35.0;27.0
1340;UNIVERSIDAD LIBRE;UNIVERSIDAD LIBRE-BOGOTÁ D.C.;INGENIERIA INDUSTRIAL;INGENIERÍA INDUSTRIAL Y AFINES;BOGOTÁ;BOGOTÁ D.C.;46;157.0;162.0;165.0;138.0;153.0;168.0;22.0;24.0;31.0;24.0;20.0
5978;UNIVERSIDAD LIBRE;UNIVERSIDAD LIBRE-CUCUTA;INGENIERIA INDUSTRIAL;INGENIERÍA INDUSTRIAL Y AFINES;NORTE SANTANDER;CÚCUTA;33;157.0;154.0;165.0;148.0;150.0;169.0;36.0;28.0;33.0;34.0;37.0
6375;UNIVERSIDAD LIBRE;UNIVERSIDAD LIBRE-BARRANQUILLA;INGENIERIA INDUSTRIAL;INGENIERÍA INDUSTRIAL Y AFINES;ATLANTICO;BARRANQUILLA;77;152.0;156.0;155.0;139.0;150.0;161.0;25.0;25.0;34.0;40.0;32.0
5549;UNIVERSIDAD LIBRE;UNIVERSIDAD LIBRE-BOGOTÁ D.C.;INGENIERIA MECANICA;INGENIERÍA MECÁNICA Y AFINES;BOGOTÁ;BOGOTÁ D.C.;37;162.0;157.0;179.0;157.0;145.0;173.0;31.0;29.0;31.0;22.0;27.0
7205;UNIVERSIDAD LIBRE;UNIVERSIDAD LIBRE-CUCUTA;INGENIERÍA EN TECNOLOGÍAS DE LA INFORMACIÓN Y LAS COMUNICACIONES;INGENIERÍA DE SISTEMAS, TELEMÁTICA Y AFINES;NORTE SANTANDER;CÚCUTA;24;155.0;157.0;151.0;144.0;153.0;170.0;26.0;25.0;37.0;26.0;23.0
1415;UNIVERSIDAD LIBRE;UNIVERSIDAD LIBRE-BARRANQUILLA;INSTRUMENTACION QUIRURGICA;INSTRUMENTACIÓN QUIRÚRGICA;ATLANTICO;BARRANQUILLA;45;131.0;135.0;117.0;119.0;142.0;143.0;25.0;22.0;25.0;34.0;21.0
20714;UNIVERSIDAD LIBRE;UNIVERSIDAD LIBRE-SOCORRO;LICENCIATURA EN CIENCIAS NATURALES Y EDUCACIÓN AMBIENTAL;EDUCACIÓN;SANTANDER;SOCORRO;6;143.0;137.0;132.0;148.0;159.0;140.0;36.0;35.0;49.0;28.0;20.0
3152;UNIVERSIDAD LIBRE;UNIVERSIDAD LIBRE-BOGOTÁ D.C.;LICENCIATURA EN EDUCACION BASICA CON ENFASIS EN EDUCACION FISICA, RECREACION Y DEPORTES;EDUCACIÓN;BOGOTÁ;BOGOTÁ D.C.;83;145.0;149.0;139.0;138.0;142.0;155.0;27.0;24.0;26.0;39.0;25.0
1006;UNIVERSIDAD LIBRE;UNIVERSIDAD LIBRE-BOGOTÁ D.C.;LICENCIATURA EN EDUCACION BASICA CON ENFASIS EN HUMANIDADES E IDIOMAS;EDUCACIÓN;BOGOTÁ;BOGOTÁ D.C.;55;163.0;170.0;143.0;154.0;158.0;191.0;24.0;23.0;28.0;21.0;21.0
20824;UNIVERSIDAD LIBRE;UNIVERSIDAD LIBRE-SOCORRO;LICENCIATURA EN ESPAÑOL E INGLÉS;EDUCACIÓN;SANTANDER;SOCORRO;31;157.0;160.0;153.0;148.0;150.0;175.0;19.0;26.0;27.0;28.0;19.0
4274;UNIVERSIDAD LIBRE;UNIVERSIDAD LIBRE-BOGOTÁ D.C.;LICENCIATURA EN PEDAGOGIA INFANTIL;EDUCACIÓN;BOGOTÁ;BOGOTÁ D.C.;13;146.0;152.0;134.0;147.0;149.0;147.0;20.0;20.0;25.0;22.0;15.0
2768;UNIVERSIDAD LIBRE;UNIVERSIDAD LIBRE-CALI;MEDICINA;MEDICINA;VALLE;CALI;153;167.0;170.0;162.0;167.0;155.0;180.0;21.0;22.0;26.0;36.0;27.0
6058;UNIVERSIDAD LIBRE;UNIVERSIDAD LIBRE-BARRANQUILLA;MEDICINA;MEDICINA;ATLANTICO;BARRANQUILLA;141;164.0;171.0;155.0;162.0;151.0;180.0;22.0;21.0;28.0;39.0;30.0
1171;UNIVERSIDAD LIBRE;UNIVERSIDAD LIBRE-BOGOTÁ D.C.;MERCADEO;ADMINISTRACIÓN;BOGOTÁ;BOGOTÁ D.C.;4;130.0;133.0;120.0;127.0;138.0;133.0;23.0;29.0;18.0;20.0;48.0
6519;UNIVERSIDAD LIBRE;UNIVERSIDAD LIBRE-CALI;MERCADEO;ADMINISTRACIÓN;VALLE;CALI;85;138.0;140.0;134.0;128.0;140.0;150.0;29.0;22.0;28.0;35.0;27.0
5260;UNIVERSIDAD LIBRE;UNIVERSIDAD LIBRE-BARRANQUILLA;MICROBIOLOGIA;BIOLOGÍA, MICROBIOLOGÍA Y AFINES;ATLANTICO;BARRANQUILLA;23;173.0;176.0;151.0;169.0;178.0;189.0;27.0;37.0;30.0;53.0;45.0
1255;UNIVERSIDAD LIBRE;UNIVERSIDAD LIBRE-PEREIRA;MICROBIOLOGÍA;BIOLOGÍA, MICROBIOLOGÍA Y AFINES;RISARALDA;PEREIRA;39;160.0;166.0;155.0;152.0;150.0;174.0;20.0;25.0;35.0;35.0;32.0
24820;UNIVERSIDAD LIBRE;UNIVERSIDAD LIBRE-BOGOTÁ D.C.;NEGOCIOS INTERNACIONALES;ADMINISTRACIÓN;BOGOTÁ;BOGOTÁ D.C.;46;162.0;164.0;153.0;150.0;159.0;181.0;25.0;24.0;32.0;26.0;21.0
9751;UNIVERSIDAD LIBRE;UNIVERSIDAD LIBRE-PEREIRA;NUTRICION Y DIETETICA;NUTRICIÓN Y DIETÉTICA;RISARALDA;PEREIRA;44;152.0;157.0;147.0;142.0;154.0;160.0;22.0;24.0;33.0;25.0;29.0
6651;UNIVERSIDAD LIBRE;UNIVERSIDAD LIBRE-CALI;PSICOLOGIA;PSICOLOGÍA;VALLE;CALI;43;152.0;161.0;134.0;150.0;153.0;163.0;25.0;24.0;35.0;21.0;35.0
2509;UNIVERSIDAD LIBRE;UNIVERSIDAD LIBRE-PEREIRA;TRABAJO SOCIAL;SOCIOLOGÍA, TRABAJO SOCIAL Y AFINES;RISARALDA;PEREIRA;23;142.0;149.0;123.0;145.0;151.0;143.0;25.0;29.0;33.0;44.0;28.0
4980;UNIVERSIDAD LIBRE;UNIVERSIDAD LIBRE-SOCORRO;ZOOTECNIA;ZOOTECNIA;SANTANDER;SOCORRO;5;133.0;137.0;158.0;133.0;114.0;120.0;21.0;28.0;24.0;37.0;21.0
3581;UNIVERSIDAD MANUELA BELTRAN-UMB-;UNIVERSIDAD MANUELA BELTRAN-UMB--BOGOTÁ D.C.;ADMINISTRACION DE EMPRESAS;ADMINISTRACIÓN;BOGOTÁ;BOGOTÁ D.C.;8;129.0;131.0;119.0;126.0;136.0;132.0;15.0;30.0;24.0;20.0;27.0
5027;UNIVERSIDAD MANUELA BELTRAN-UMB-;UNIVERSIDAD MANUELA BELTRAN-UMB--BOGOTÁ D.C.;ADMINISTRACION LOGISTICA;ADMINISTRACIÓN;BOGOTÁ;BOGOTÁ D.C.;37;139.0;137.0;136.0;136.0;145.0;139.0;19.0;24.0;26.0;23.0;37.0
9728;UNIVERSIDAD MANUELA BELTRAN-UMB-;UNIVERSIDAD MANUELA BELTRAN-UMB--BOGOTÁ D.C.;ADMINISTRACIÓN DEPORTIVA;ADMINISTRACIÓN;BOGOTÁ;BOGOTÁ D.C.;2;155.0;159.0;148.0;141.0;142.0;186.0;8.0;10.0;18.0;22.0;4.0
9771;UNIVERSIDAD MANUELA BELTRAN-UMB-;UNIVERSIDAD MANUELA BELTRAN-UMB--BOGOTÁ D.C.;ADMINISTRACIÓN TURÍSTICA Y HOTELERA;ADMINISTRACIÓN;BOGOTÁ;BOGOTÁ D.C.;2;154.0;160.0;143.0;161.0;142.0;166.0;1.0;8.0;13.0;20.0;6.0
3169;UNIVERSIDAD MANUELA BELTRAN-UMB-;UNIVERSIDAD MANUELA BELTRAN-UMB--BOGOTÁ D.C.;DERECHO;DERECHO Y AFINES;BOGOTÁ;BOGOTÁ D.C.;13;148.0;150.0;136.0;149.0;150.0;154.0;20.0;20.0;28.0;63.0;20.0
8109;UNIVERSIDAD MANUELA BELTRAN-UMB-;UNIVERSIDAD MANUELA BELTRAN-UMB--BUCARAMANGA;DERECHO;DERECHO Y AFINES;SANTANDER;BUCARAMANGA;1;131.0;142.0;127.0;129.0;112.0;143.0;0.0;0.0;0.0;0.0;0.0
4824;UNIVERSIDAD MANUELA BELTRAN-UMB-;UNIVERSIDAD MANUELA BELTRAN-UMB--BOGOTÁ D.C.;DIRECCION Y PRODUCCION DE CINE Y TELEVISION;COMUNICACIÓN SOCIAL, PERIODISMO Y AFINES;BOGOTÁ;BOGOTÁ D.C.;39;155.0;165.0;138.0;151.0;144.0;176.0;28.0;29.0;32.0;40.0;28.0
16808;UNIVERSIDAD MANUELA BELTRAN-UMB-;UNIVERSIDAD MANUELA BELTRAN-UMB--BOGOTÁ D.C.;DIRECCION Y PRODUCCION DE CINE Y TELEVISION;ARTES PLÁSTICAS, VISUALES Y AFINES;BOGOTÁ;BOGOTÁ D.C.;1;184.0;227.0;114.0;210.0;152.0;215.0;0.0;0.0;0.0;0.0;0.0
8008;UNIVERSIDAD MANUELA BELTRAN-UMB-;UNIVERSIDAD MANUELA BELTRAN-UMB--BUCARAMANGA;DISEÑO DE MODA;DISEÑO;SANTANDER;BUCARAMANGA;20;150.0;166.0;146.0;139.0;132.0;169.0;23.0;31.0;31.0;51.0;28.0
5698;UNIVERSIDAD MANUELA BELTRAN-UMB-;UNIVERSIDAD MANUELA BELTRAN-UMB--BOGOTÁ D.C.;ENFERMERIA;ENFERMERÍA;BOGOTÁ;BOGOTÁ D.C.;60;144.0;144.0;142.0;136.0;151.0;147.0;23.0;21.0;28.0;23.0;23.0
9526;UNIVERSIDAD MANUELA BELTRAN-UMB-;UNIVERSIDAD MANUELA BELTRAN-UMB--BUCARAMANGA;ENFERMERIA;ENFERMERÍA;SANTANDER;BUCARAMANGA;21;136.0;141.0;130.0;142.0;135.0;134.0;26.0;25.0;24.0;40.0;24.0
1121;UNIVERSIDAD MANUELA BELTRAN-UMB-;UNIVERSIDAD MANUELA BELTRAN-UMB--BOGOTÁ D.C.;FISIOTERAPIA;TERAPIAS;BOGOTÁ;BOGOTÁ D.C.;143;149.0;153.0;146.0;141.0;147.0;157.0;22.0;22.0;26.0;27.0;25.0
2190;UNIVERSIDAD MANUELA BELTRAN-UMB-;UNIVERSIDAD MANUELA BELTRAN-UMB--BOGOTÁ D.C.;FISIOTERAPIA;TERAPIAS;BOGOTÁ;BOGOTÁ D.C.;1;160.0;170.0;189.0;155.0;129.0;158.0;0.0;0.0;0.0;0.0;0.0
4008;UNIVERSIDAD MANUELA BELTRAN-UMB-;UNIVERSIDAD MANUELA BELTRAN-UMB--BUCARAMANGA;FISIOTERAPIA;TERAPIAS;SANTANDER;BUCARAMANGA;38;151.0;160.0;141.0;150.0;152.0;150.0;24.0;25.0;27.0;23.0;31.0
3650;UNIVERSIDAD MANUELA BELTRAN-UMB-;UNIVERSIDAD MANUELA BELTRAN-UMB--BOGOTÁ D.C.;FONOAUDIOLOGIA;TERAPIAS;BOGOTÁ;BOGOTÁ D.C.;13;150.0;157.0;142.0;143.0;156.0;151.0;18.0;24.0;22.0;21.0;23.0
7895;UNIVERSIDAD MANUELA BELTRAN-UMB-;UNIVERSIDAD MANUELA BELTRAN-UMB--BUCARAMANGA;FONOAUDIOLOGIA;TERAPIAS;SANTANDER;BUCARAMANGA;9;133.0;137.0;125.0;130.0;140.0;134.0;21.0;25.0;24.0;37.0;19.0
43;UNIVERSIDAD MANUELA BELTRAN-UMB-;UNIVERSIDAD MANUELA BELTRAN-UMB--BOGOTÁ D.C.;INGENIERIA AMBIENTAL;INGENIERÍA AMBIENTAL, SANITARIA Y AFINES;BOGOTÁ;BOGOTÁ D.C.;8;139.0;150.0;135.0;129.0;126.0;153.0;23.0;14.0;20.0;56.0;19.0
598;UNIVERSIDAD MANUELA BELTRAN-UMB-;UNIVERSIDAD MANUELA BELTRAN-UMB--BOGOTÁ D.C.;INGENIERIA BIOMEDICA;INGENIERÍA BIOMÉDICA Y AFINES;BOGOTÁ;BOGOTÁ D.C.;57;159.0;163.0;163.0;150.0;147.0;174.0;28.0;31.0;30.0;40.0;28.0
702;UNIVERSIDAD MANUELA BELTRAN-UMB-;UNIVERSIDAD MANUELA BELTRAN-UMB--BUCARAMANGA;INGENIERIA BIOMEDICA;INGENIERÍA BIOMÉDICA Y AFINES;SANTANDER;BUCARAMANGA;3;143.0;136.0;163.0;151.0;131.0;132.0;32.0;26.0;31.0;57.0;28.0
7978;UNIVERSIDAD MANUELA BELTRAN-UMB-;UNIVERSIDAD MANUELA BELTRAN-UMB--BOGOTÁ D.C.;INGENIERIA DE SOFTWARE;INGENIERÍA DE SISTEMAS, TELEMÁTICA Y AFINES;BOGOTÁ;BOGOTÁ D.C.;31;164.0;165.0;170.0;158.0;149.0;175.0;25.0;25.0;31.0;45.0;27.0
8007;UNIVERSIDAD MANUELA BELTRAN-UMB-;UNIVERSIDAD MANUELA BELTRAN-UMB--BOGOTÁ D.C.;INGENIERIA DE SOFTWARE;INGENIERÍA DE SISTEMAS, TELEMÁTICA Y AFINES;BOGOTÁ;BOGOTÁ D.C.;23;154.0;154.0;157.0;141.0;145.0;172.0;25.0;17.0;33.0;24.0;37.0
5240;UNIVERSIDAD MANUELA BELTRAN-UMB-;UNIVERSIDAD MANUELA BELTRAN-UMB--BOGOTÁ D.C.;INGENIERIA ELECTRONICA;INGENIERÍA ELECTRÓNICA, TELECOMUNICACIONES Y AFINES;BOGOTÁ;BOGOTÁ D.C.;1;152.0;143.0;129.0;138.0;195.0;155.0;0.0;0.0;0.0;0.0;0.0
44;UNIVERSIDAD MANUELA BELTRAN-UMB-;UNIVERSIDAD MANUELA BELTRAN-UMB--BOGOTÁ D.C.;INGENIERIA INDUSTRIAL;INGENIERÍA INDUSTRIAL Y AFINES;BOGOTÁ;BOGOTÁ D.C.;3;135.0;141.0;145.0;111.0;150.0;128.0;19.0;17.0;21.0;9.0;3.0
2889;UNIVERSIDAD MANUELA BELTRAN-UMB-;UNIVERSIDAD MANUELA BELTRAN-UMB--BUCARAMANGA;INGENIERIA INDUSTRIAL;INGENIERÍA INDUSTRIAL Y AFINES;SANTANDER;BUCARAMANGA;1;163.0;156.0;211.0;153.0;118.0;176.0;0.0;0.0;0.0;0.0;0.0
9504;UNIVERSIDAD MANUELA BELTRAN-UMB-;UNIVERSIDAD MANUELA BELTRAN-UMB--BOGOTÁ D.C.;INGENIERÍA AMBIENTAL;INGENIERÍA AMBIENTAL, SANITARIA Y AFINES;BOGOTÁ;BOGOTÁ D.C.;5;143.0;156.0;156.0;133.0;142.0;130.0;22.0;28.0;42.0;23.0;17.0
26491;UNIVERSIDAD MANUELA BELTRAN-UMB-;UNIVERSIDAD MANUELA BELTRAN-UMB--BOGOTÁ D.C.;INGENIERÍA MECATRÓNICA;INGENIERÍA MECÁNICA Y AFINES;BOGOTÁ;BOGOTÁ D.C.;3;168.0;174.0;178.0;180.0;141.0;169.0;14.0;12.0;9.0;26.0;16.0
5817;UNIVERSIDAD MANUELA BELTRAN-UMB-;UNIVERSIDAD MANUELA BELTRAN-UMB--BOGOTÁ D.C.;LICENCIATURA EN CIENCIAS DEL DEPORTE;EDUCACIÓN;BOGOTÁ;BOGOTÁ D.C.;3;134.0;142.0;131.0;127.0;137.0;134.0;16.0;32.0;17.0;17.0;21.0
20635;UNIVERSIDAD MANUELA BELTRAN-UMB-;UNIVERSIDAD MANUELA BELTRAN-UMB--BOGOTÁ D.C.;PROFESIONAL EN CIENCIAS DEL DEPORTE;TERAPIAS;BOGOTÁ;BOGOTÁ D.C.;56;153.0;160.0;154.0;151.0;144.0;155.0;24.0;23.0;24.0;29.0;25.0
26351;UNIVERSIDAD MANUELA BELTRAN-UMB-;UNIVERSIDAD MANUELA BELTRAN-UMB--BOGOTÁ D.C.;PROFESIONAL EN INVESTIGACIÓN CRIMINAL;DERECHO Y AFINES;BOGOTÁ;BOGOTÁ D.C.;9;137.0;146.0;135.0;140.0;116.0;146.0;22.0;17.0;24.0;67.0;27.0
4664;UNIVERSIDAD MANUELA BELTRAN-UMB-;UNIVERSIDAD MANUELA BELTRAN-UMB--BOGOTÁ D.C.;PSICOLOGIA;PSICOLOGÍA;BOGOTÁ;BOGOTÁ D.C.;56;153.0;161.0;140.0;157.0;148.0;161.0;23.0;24.0;32.0;28.0;25.0
7710;UNIVERSIDAD MANUELA BELTRAN-UMB-;UNIVERSIDAD MANUELA BELTRAN-UMB--BOGOTÁ D.C.;PSICOLOGIA;PSICOLOGÍA;BOGOTÁ;BOGOTÁ D.C.;2;156.0;171.0;137.0;168.0;142.0;160.0;18.0;26.0;24.0;13.0;19.0
7395;UNIVERSIDAD MANUELA BELTRAN-UMB-;UNIVERSIDAD MANUELA BELTRAN-UMB--BOGOTÁ D.C.;PSICOLOGÍA;PSICOLOGÍA;BOGOTÁ;BOGOTÁ D.C.;12;150.0;161.0;140.0;153.0;138.0;160.0;31.0;33.0;31.0;50.0;55.0
8358;UNIVERSIDAD MANUELA BELTRAN-UMB-;UNIVERSIDAD MANUELA BELTRAN-UMB--BOGOTÁ D.C.;TERAPIA CARDIORRESPIRATORIA;TERAPIAS;BOGOTÁ;BOGOTÁ D.C.;1;137.0;138.0;152.0;116.0;149.0;131.0;0.0;0.0;0.0;0.0;0.0
1478;UNIVERSIDAD MANUELA BELTRAN-UMB-;UNIVERSIDAD MANUELA BELTRAN-UMB--BOGOTÁ D.C.;TERAPIA OCUPACIONAL;TERAPIAS;BOGOTÁ;BOGOTÁ D.C.;10;149.0;157.0;144.0;145.0;149.0;148.0;27.0;27.0;23.0;30.0;34.0
5258;UNIVERSIDAD MARIANA;UNIVERSIDAD MARIANA-PASTO;ADMINISTRACION DE NEGOCIOS INTERNACIONALES;ADMINISTRACIÓN;NARIÑO;PASTO;48;153.0;161.0;145.0;144.0;155.0;162.0;22.0;24.0;24.0;23.0;36.0
8619;UNIVERSIDAD MARIANA;UNIVERSIDAD MARIANA-PASTO;COMUNICACION SOCIAL;COMUNICACIÓN SOCIAL, PERIODISMO Y AFINES;NARIÑO;PASTO;26;147.0;158.0;124.0;144.0;150.0;159.0;28.0;27.0;28.0;39.0;23.0
2225;UNIVERSIDAD MARIANA;UNIVERSIDAD MARIANA-PASTO;CONTADURIA PUBLICA;CONTADURÍA PUBLICA;NARIÑO;PASTO;50;142.0;143.0;145.0;137.0;146.0;139.0;29.0;24.0;30.0;41.0;24.0
2914;UNIVERSIDAD MARIANA;UNIVERSIDAD MARIANA-PASTO;DERECHO;DERECHO Y AFINES;NARIÑO;PASTO;69;151.0;161.0;136.0;162.0;149.0;149.0;25.0;28.0;31.0;39.0;29.0
3686;UNIVERSIDAD MARIANA;UNIVERSIDAD MARIANA-PASTO;ENFERMERIA;ENFERMERÍA;NARIÑO;PASTO;95;143.0;150.0;134.0;138.0;149.0;142.0;22.0;22.0;26.0;39.0;23.0
3974;UNIVERSIDAD MARIANA;UNIVERSIDAD MARIANA-PASTO;FISIOTERAPIA;TERAPIAS;NARIÑO;PASTO;52;144.0;147.0;135.0;134.0;160.0;143.0;25.0;20.0;24.0;30.0;27.0
2677;UNIVERSIDAD MARIANA;UNIVERSIDAD MARIANA-PASTO;INGENIERIA AMBIENTAL;INGENIERÍA AMBIENTAL, SANITARIA Y AFINES;NARIÑO;PASTO;30;145.0;152.0;142.0;137.0;147.0;145.0;22.0;24.0;27.0;35.0;18.0
7820;UNIVERSIDAD MARIANA;UNIVERSIDAD MARIANA-PASTO;INGENIERIA CIVIL;INGENIERÍA CIVIL Y AFINES;NARIÑO;PASTO;89;160.0;157.0;179.0;146.0;162.0;156.0;23.0;23.0;31.0;30.0;31.0
6253;UNIVERSIDAD MARIANA;UNIVERSIDAD MARIANA-PASTO;INGENIERIA DE PROCESOS;INGENIERÍA QUÍMICA Y AFINES;NARIÑO;PASTO;21;154.0;154.0;164.0;141.0;154.0;155.0;29.0;28.0;30.0;25.0;27.0
3060;UNIVERSIDAD MARIANA;UNIVERSIDAD MARIANA-PASTO;INGENIERIA DE SISTEMAS;INGENIERÍA DE SISTEMAS, TELEMÁTICA Y AFINES;NARIÑO;PASTO;53;160.0;157.0;157.0;145.0;177.0;165.0;27.0;26.0;31.0;48.0;26.0
8975;UNIVERSIDAD MARIANA;UNIVERSIDAD MARIANA-PASTO;INGENIERIA MECATRONICA;INGENIERÍA MECÁNICA Y AFINES;NARIÑO;PASTO;59;156.0;154.0;166.0;147.0;146.0;166.0;31.0;30.0;31.0;31.0;29.0
16398;UNIVERSIDAD MARIANA;UNIVERSIDAD MARIANA-PASTO;LICENCIATURA EN EDUCACION INFANTIL;EDUCACIÓN;NARIÑO;PASTO;23;133.0;139.0;120.0;131.0;138.0;135.0;27.0;30.0;27.0;61.0;20.0
13;UNIVERSIDAD MARIANA;UNIVERSIDAD MARIANA-PASTO;LICENCIATURA EN EDUCACIÓN BÁSICA PRIMARIA;EDUCACIÓN;NARIÑO;PASTO;73;135.0;137.0;126.0;128.0;145.0;139.0;28.0;28.0;29.0;35.0;20.0
25621;UNIVERSIDAD MARIANA;UNIVERSIDAD MARIANA-PASTO;MERCADEO;ADMINISTRACIÓN;NARIÑO;PASTO;25;139.0;147.0;130.0;135.0;136.0;150.0;28.0;25.0;27.0;46.0;27.0
8652;UNIVERSIDAD MARIANA;UNIVERSIDAD MARIANA-PASTO;NUTRICION Y DIETETICA;NUTRICIÓN Y DIETÉTICA;NARIÑO;PASTO;79;149.0;153.0;139.0;147.0;151.0;154.0;32.0;27.0;29.0;30.0;29.0
2678;UNIVERSIDAD MARIANA;UNIVERSIDAD MARIANA-PASTO;PSICOLOGIA;PSICOLOGÍA;NARIÑO;PASTO;99;146.0;159.0;131.0;144.0;148.0;149.0;23.0;26.0;28.0;33.0;33.0
6425;UNIVERSIDAD MARIANA;UNIVERSIDAD MARIANA-PASTO;TERAPIA OCUPACIONAL;TERAPIAS;NARIÑO;PASTO;45;132.0;137.0;119.0;126.0;141.0;136.0;22.0;20.0;24.0;24.0;21.0
3689;UNIVERSIDAD MARIANA;UNIVERSIDAD MARIANA-PASTO;TRABAJO SOCIAL;SOCIOLOGÍA, TRABAJO SOCIAL Y AFINES;NARIÑO;PASTO;49;137.0;145.0;111.0;138.0;152.0;141.0;20.0;25.0;29.0;25.0;21.0
4656;UNIVERSIDAD METROPOLITANA;UNIVERSIDAD METROPOLITANA-BARRANQUILLA;BACTERIOLOGIA;BACTERIOLOGÍA;ATLANTICO;BARRANQUILLA;30;146.0;156.0;135.0;139.0;150.0;148.0;19.0;26.0;22.0;27.0;24.0
437;UNIVERSIDAD METROPOLITANA;UNIVERSIDAD METROPOLITANA-BARRANQUILLA;ENFERMERIA;ENFERMERÍA;ATLANTICO;BARRANQUILLA;159;133.0;138.0;124.0;124.0;142.0;137.0;26.0;23.0;28.0;30.0;27.0
438;UNIVERSIDAD METROPOLITANA;UNIVERSIDAD METROPOLITANA-BARRANQUILLA;FISIOTERAPIA;TERAPIAS;ATLANTICO;BARRANQUILLA;53;134.0;141.0;121.0;126.0;138.0;142.0;26.0;23.0;24.0;33.0;26.0
6376;UNIVERSIDAD METROPOLITANA;UNIVERSIDAD METROPOLITANA-BARRANQUILLA;FONOAUDIOLOGIA;TERAPIAS;ATLANTICO;BARRANQUILLA;30;134.0;146.0;120.0;127.0;136.0;140.0;22.0;26.0;24.0;36.0;20.0
4788;UNIVERSIDAD METROPOLITANA;UNIVERSIDAD METROPOLITANA-BARRANQUILLA;MEDICINA;MEDICINA;ATLANTICO;BARRANQUILLA;373;154.0;159.0;145.0;150.0;149.0;165.0;23.0;24.0;27.0;32.0;28.0
882;UNIVERSIDAD METROPOLITANA;UNIVERSIDAD METROPOLITANA-BARRANQUILLA;NUTRICION Y DIETETICA;NUTRICIÓN Y DIETÉTICA;ATLANTICO;BARRANQUILLA;110;149.0;159.0;135.0;148.0;149.0;153.0;22.0;24.0;26.0;36.0;25.0
3638;UNIVERSIDAD METROPOLITANA;UNIVERSIDAD METROPOLITANA-BARRANQUILLA;ODONTOLOGIA;ODONTOLOGÍA;ATLANTICO;BARRANQUILLA;38;131.0;135.0;123.0;124.0;135.0;137.0;29.0;20.0;26.0;29.0;21.0
439;UNIVERSIDAD METROPOLITANA;UNIVERSIDAD METROPOLITANA-BARRANQUILLA;OPTOMETRIA;OPTOMETRÍA, OTROS PROGRAMAS DE CIENCIAS DE LA SALUD;ATLANTICO;BARRANQUILLA;44;145.0;150.0;139.0;143.0;140.0;153.0;25.0;24.0;28.0;27.0;27.0
1329;UNIVERSIDAD METROPOLITANA;UNIVERSIDAD METROPOLITANA-BARRANQUILLA;PSICOLOGIA;PSICOLOGÍA;ATLANTICO;BARRANQUILLA;30;152.0;159.0;130.0;153.0;150.0;167.0;26.0;24.0;29.0;36.0;42.0
3639;UNIVERSIDAD METROPOLITANA;UNIVERSIDAD METROPOLITANA-BARRANQUILLA;TERAPIA OCUPACIONAL;TERAPIAS;ATLANTICO;BARRANQUILLA;55;131.0;137.0;116.0;125.0;140.0;135.0;26.0;22.0;23.0;38.0;21.0
5071;UNIVERSIDAD METROPOLITANA;UNIVERSIDAD METROPOLITANA-BARRANQUILLA;TRABAJO SOCIAL;SOCIOLOGÍA, TRABAJO SOCIAL Y AFINES;ATLANTICO;BARRANQUILLA;27;131.0;140.0;118.0;129.0;141.0;128.0;22.0;19.0;28.0;37.0;24.0
461;UNIVERSIDAD MILITAR-NUEVA GRANADA;"UNIVERSIDAD MILITAR""NUEVA GRANADA""-BOGOTÁ D.C.";ADMINISTRACION DE EMPRESAS;ADMINISTRACIÓN;BOGOTÁ;BOGOTÁ D.C.;103;144.0;146.0;140.0;141.0;143.0;151.0;26.0;25.0;34.0;37.0;30.0
462;UNIVERSIDAD MILITAR-NUEVA GRANADA;"UNIVERSIDAD MILITAR""NUEVA GRANADA""-BOGOTÁ D.C.";ADMINISTRACION DE EMPRESAS;ADMINISTRACIÓN;BOGOTÁ;BOGOTÁ D.C.;135;153.0;151.0;151.0;146.0;157.0;162.0;27.0;24.0;32.0;34.0;26.0
5453;UNIVERSIDAD MILITAR-NUEVA GRANADA;"UNIVERSIDAD MILITAR""NUEVA GRANADA""-BOGOTÁ D.C.";ADMINISTRACION DE LA SEGURIDAD Y SALUD OCUPACIONAL;ADMINISTRACIÓN;BOGOTÁ;BOGOTÁ D.C.;8;134.0;141.0;127.0;124.0;148.0;130.0;25.0;26.0;32.0;17.0;37.0
7317;UNIVERSIDAD MILITAR-NUEVA GRANADA;"UNIVERSIDAD MILITAR""NUEVA GRANADA""-BOGOTÁ D.C.";ADMINISTRACION DE LA SEGURIDAD Y SALUD OCUPACIONAL;ADMINISTRACIÓN;BOGOTÁ;BOGOTÁ D.C.;1;141.0;153.0;131.0;137.0;126.0;159.0;0.0;0.0;0.0;0.0;0.0
25913;UNIVERSIDAD MILITAR-NUEVA GRANADA;"UNIVERSIDAD MILITAR""NUEVA GRANADA""-BOGOTÁ D.C.";ADMINISTRACION DE RIESGOS, SEGURIDAD Y SALUD EN EL TRABAJO;ADMINISTRACIÓN;BOGOTÁ;BOGOTÁ D.C.;35;142.0;141.0;137.0;142.0;153.0;138.0;25.0;23.0;27.0;34.0;25.0
26158;UNIVERSIDAD MILITAR-NUEVA GRANADA;"UNIVERSIDAD MILITAR""NUEVA GRANADA""-BOGOTÁ D.C.";ADMINISTRACIÓN DE RIESGOS, SEGURIDAD Y SALUD EN EL TRABAJO;ADMINISTRACIÓN;BOGOTÁ;BOGOTÁ D.C.;51;145.0;150.0;132.0;142.0;154.0;150.0;24.0;25.0;26.0;24.0;26.0
2245;UNIVERSIDAD MILITAR-NUEVA GRANADA;"UNIVERSIDAD MILITAR""NUEVA GRANADA""-BOGOTÁ D.C.";BIOLOGIA APLICADA;BIOLOGÍA, MICROBIOLOGÍA Y AFINES;BOGOTÁ;BOGOTÁ D.C.;29;164.0;173.0;167.0;153.0;151.0;176.0;27.0;22.0;34.0;38.0;24.0
463;UNIVERSIDAD MILITAR-NUEVA GRANADA;"UNIVERSIDAD MILITAR""NUEVA GRANADA""-BOGOTÁ D.C.";CONTADURIA PUBLICA;CONTADURÍA PUBLICA;BOGOTÁ;BOGOTÁ D.C.;85;152.0;152.0;155.0;146.0;152.0;155.0;24.0;22.0;30.0;31.0;24.0
904;UNIVERSIDAD MILITAR-NUEVA GRANADA;"UNIVERSIDAD MILITAR""NUEVA GRANADA""-BOGOTÁ D.C.";CONTADURIA PUBLICA;CONTADURÍA PUBLICA;BOGOTÁ;BOGOTÁ D.C.;38;143.0;142.0;139.0;138.0;153.0;141.0;22.0;20.0;27.0;33.0;28.0
2968;UNIVERSIDAD MILITAR-NUEVA GRANADA;"UNIVERSIDAD MILITAR""NUEVA GRANADA""-BOGOTÁ D.C.";DERECHO;DERECHO Y AFINES;BOGOTÁ;BOGOTÁ D.C.;189;161.0;169.0;145.0;172.0;159.0;162.0;22.0;25.0;25.0;30.0;28.0
6809;UNIVERSIDAD MILITAR-NUEVA GRANADA;"UNIVERSIDAD MILITAR""NUEVA GRANADA""-BOGOTÁ D.C.";DERECHO;DERECHO Y AFINES;BOGOTÁ;BOGOTÁ D.C.;277;162.0;169.0;144.0;171.0;159.0;165.0;23.0;26.0;26.0;30.0;29.0
464;UNIVERSIDAD MILITAR-NUEVA GRANADA;"UNIVERSIDAD MILITAR""NUEVA GRANADA""-BOGOTÁ D.C.";ECONOMIA;ECONOMÍA;BOGOTÁ;BOGOTÁ D.C.;91;164.0;168.0;159.0;160.0;161.0;172.0;24.0;24.0;28.0;29.0;25.0
8955;UNIVERSIDAD MILITAR-NUEVA GRANADA;"UNIVERSIDAD MILITAR""NUEVA GRANADA""-BOGOTÁ D.C.";INGENIERIA AMBIENTAL;INGENIERÍA AMBIENTAL, SANITARIA Y AFINES;BOGOTÁ;BOGOTÁ D.C.;34;158.0;160.0;162.0;147.0;157.0;165.0;28.0;29.0;30.0;44.0;25.0
9611;UNIVERSIDAD MILITAR-NUEVA GRANADA;"UNIVERSIDAD MILITAR""NUEVA GRANADA""-BOGOTÁ D.C.";INGENIERIA BIOMÉDICA;INGENIERÍA BIOMÉDICA Y AFINES;BOGOTÁ;BOGOTÁ D.C.;78;168.0;169.0;175.0;162.0;155.0;178.0;24.0;25.0;32.0;28.0;21.0
465;UNIVERSIDAD MILITAR-NUEVA GRANADA;"UNIVERSIDAD MILITAR""NUEVA GRANADA""-BOGOTÁ D.C.";INGENIERIA CIVIL;INGENIERÍA CIVIL Y AFINES;BOGOTÁ;BOGOTÁ D.C.;204;147.0;145.0;161.0;138.0;148.0;142.0;25.0;26.0;29.0;29.0;25.0
4676;UNIVERSIDAD MILITAR-NUEVA GRANADA;"UNIVERSIDAD MILITAR""NUEVA GRANADA""-BOGOTÁ D.C.";INGENIERIA CIVIL;INGENIERÍA CIVIL Y AFINES;BOGOTÁ;BOGOTÁ D.C.;86;162.0;162.0;180.0;155.0;145.0;168.0;23.0;26.0;30.0;29.0;23.0
54;UNIVERSIDAD MILITAR-NUEVA GRANADA;"UNIVERSIDAD MILITAR""NUEVA GRANADA""-BOGOTÁ D.C.";INGENIERIA EN MECATRONICA;INGENIERÍA MECÁNICA Y AFINES;BOGOTÁ;BOGOTÁ D.C.;127;171.0;171.0;189.0;162.0;151.0;183.0;22.0;24.0;28.0;43.0;26.0
3201;UNIVERSIDAD MILITAR-NUEVA GRANADA;"UNIVERSIDAD MILITAR""NUEVA GRANADA""-BOGOTÁ D.C.";INGENIERIA EN MULTIMEDIA;INGENIERÍA DE SISTEMAS, TELEMÁTICA Y AFINES;BOGOTÁ;BOGOTÁ D.C.;135;168.0;169.0;172.0;156.0;156.0;188.0;24.0;27.0;31.0;24.0;33.0
3765;UNIVERSIDAD MILITAR-NUEVA GRANADA;"UNIVERSIDAD MILITAR""NUEVA GRANADA""-BOGOTÁ D.C.";INGENIERIA EN TELECOMUNICACIONES;INGENIERÍA ELECTRÓNICA, TELECOMUNICACIONES Y AFINES;BOGOTÁ;BOGOTÁ D.C.;22;166.0;167.0;182.0;150.0;147.0;182.0;24.0;18.0;35.0;41.0;23.0
466;UNIVERSIDAD MILITAR-NUEVA GRANADA;"UNIVERSIDAD MILITAR""NUEVA GRANADA""-BOGOTÁ D.C.";INGENIERIA INDUSTRIAL;INGENIERÍA INDUSTRIAL Y AFINES;BOGOTÁ;BOGOTÁ D.C.;157;163.0;163.0;172.0;154.0;156.0;171.0;23.0;24.0;28.0;30.0;29.0
1244;UNIVERSIDAD MILITAR-NUEVA GRANADA;"UNIVERSIDAD MILITAR""NUEVA GRANADA""-BOGOTÁ D.C.";INGENIERIA INDUSTRIAL;INGENIERÍA INDUSTRIAL Y AFINES;BOGOTÁ;BOGOTÁ D.C.;26;155.0;156.0;159.0;150.0;151.0;160.0;25.0;21.0;34.0;31.0;33.0
7504;UNIVERSIDAD MILITAR-NUEVA GRANADA;"UNIVERSIDAD MILITAR""NUEVA GRANADA""-BOGOTÁ D.C.";INGENIERIA INFORMATICA;OTRAS INGENIERÍAS;BOGOTÁ;BOGOTÁ D.C.;17;175.0;172.0;179.0;180.0;151.0;193.0;28.0;28.0;25.0;45.0;36.0
5873;UNIVERSIDAD MILITAR-NUEVA GRANADA;"UNIVERSIDAD MILITAR""NUEVA GRANADA""-BOGOTÁ D.C.";MEDICINA;MEDICINA;BOGOTÁ;BOGOTÁ D.C.;140;182.0;185.0;181.0;183.0;161.0;198.0;20.0;23.0;23.0;38.0;28.0
1938;UNIVERSIDAD MILITAR-NUEVA GRANADA;"UNIVERSIDAD MILITAR""NUEVA GRANADA""-BOGOTÁ D.C.";RELACIONES INTERNACIONALES Y ESTUDIOS POLITICOS;CIENCIA POLÍTICA, RELACIONES INTERNACIONALES;BOGOTÁ;BOGOTÁ D.C.;37;155.0;160.0;135.0;159.0;155.0;167.0;26.0;31.0;30.0;37.0;36.0
3797;UNIVERSIDAD MILITAR-NUEVA GRANADA;"UNIVERSIDAD MILITAR""NUEVA GRANADA""-BOGOTÁ D.C.";RELACIONES INTERNACIONALES Y ESTUDIOS POLITICOS;CIENCIA POLÍTICA, RELACIONES INTERNACIONALES;BOGOTÁ;BOGOTÁ D.C.;87;167.0;174.0;146.0;169.0;167.0;181.0;25.0;28.0;29.0;36.0;26.0
6797;UNIVERSIDAD NACIONAL ABIERTA Y A DISTANCIA UNAD;UNIVERSIDAD NACIONAL ABIERTA Y A DISTANCIA UNAD-BOGOTÁ D.C.;ADMINISTRACION DE EMPRESAS;ADMINISTRACIÓN;BOGOTÁ;BOGOTÁ D.C.;1702;137.0;141.0;132.0;133.0;146.0;134.0;24.0;25.0;28.0;33.0;28.0
9846;UNIVERSIDAD NACIONAL ABIERTA Y A DISTANCIA UNAD;UNIVERSIDAD NACIONAL ABIERTA Y A DISTANCIA UNAD-BOGOTÁ D.C.;ADMINISTRACION EN SALUD;SALUD PUBLICA;BOGOTÁ;BOGOTÁ D.C.;401;132.0;136.0;124.0;129.0;143.0;129.0;23.0;23.0;27.0;30.0;22.0
2370;UNIVERSIDAD NACIONAL ABIERTA Y A DISTANCIA UNAD;UNIVERSIDAD NACIONAL ABIERTA Y A DISTANCIA UNAD-BOGOTÁ D.C.;AGRONOMIA;AGRONOMÍA;BOGOTÁ;BOGOTÁ D.C.;461;133.0;137.0;133.0;127.0;142.0;126.0;25.0;27.0;28.0;31.0;23.0
9716;UNIVERSIDAD NACIONAL ABIERTA Y A DISTANCIA UNAD;UNIVERSIDAD NACIONAL ABIERTA Y A DISTANCIA UNAD-BOGOTÁ D.C.;ARTES VISUALES;ARTES PLÁSTICAS, VISUALES Y AFINES;BOGOTÁ;BOGOTÁ D.C.;111;152.0;160.0;138.0;147.0;154.0;159.0;26.0;28.0;32.0;31.0;36.0
25959;UNIVERSIDAD NACIONAL ABIERTA Y A DISTANCIA UNAD;UNIVERSIDAD NACIONAL ABIERTA Y A DISTANCIA UNAD-BOGOTÁ D.C.;CIENCIA POLÍTICA;CIENCIA POLÍTICA, RELACIONES INTERNACIONALES;BOGOTÁ;BOGOTÁ D.C.;121;140.0;147.0;125.0;151.0;146.0;133.0;28.0;25.0;32.0;41.0;29.0
6048;UNIVERSIDAD NACIONAL ABIERTA Y A DISTANCIA UNAD;UNIVERSIDAD NACIONAL ABIERTA Y A DISTANCIA UNAD-BOGOTÁ D.C.;COMUNICACION SOCIAL;COMUNICACIÓN SOCIAL, PERIODISMO Y AFINES;BOGOTÁ;BOGOTÁ D.C.;237;145.0;155.0;131.0;145.0;152.0;141.0;24.0;25.0;30.0;33.0;31.0
20795;UNIVERSIDAD NACIONAL ABIERTA Y A DISTANCIA UNAD;UNIVERSIDAD NACIONAL ABIERTA Y A DISTANCIA UNAD-BOGOTÁ D.C.;CONTADURIA PÚBLICA;CONTADURÍA PUBLICA;BOGOTÁ;BOGOTÁ D.C.;981;138.0;142.0;137.0;132.0;148.0;133.0;24.0;25.0;29.0;30.0;24.0
28164;UNIVERSIDAD NACIONAL ABIERTA Y A DISTANCIA UNAD;UNIVERSIDAD NACIONAL ABIERTA Y A DISTANCIA UNAD-BOGOTÁ D.C.;DERECHO;DERECHO Y AFINES;BOGOTÁ;BOGOTÁ D.C.;65;161.0;163.0;154.0;170.0;166.0;152.0;25.0;31.0;28.0;34.0;30.0
20764;UNIVERSIDAD NACIONAL ABIERTA Y A DISTANCIA UNAD;UNIVERSIDAD NACIONAL ABIERTA Y A DISTANCIA UNAD-BOGOTÁ D.C.;DISEÑO INDUSTRIAL;DISEÑO;BOGOTÁ;BOGOTÁ D.C.;72;140.0;140.0;141.0;127.0;148.0;146.0;26.0;25.0;27.0;40.0;26.0
9796;UNIVERSIDAD NACIONAL ABIERTA Y A DISTANCIA UNAD;UNIVERSIDAD NACIONAL ABIERTA Y A DISTANCIA UNAD-BOGOTÁ D.C.;ECONOMÍA;ECONOMÍA;BOGOTÁ;BOGOTÁ D.C.;156;146.0;151.0;141.0;144.0;150.0;142.0;27.0;24.0;29.0;35.0;28.0
6960;UNIVERSIDAD NACIONAL ABIERTA Y A DISTANCIA UNAD;UNIVERSIDAD NACIONAL ABIERTA Y A DISTANCIA UNAD-BOGOTÁ D.C.;FILOSOFIA;FILOSOFÍA, TEOLOGÍA Y AFINES;BOGOTÁ;BOGOTÁ D.C.;41;157.0;166.0;137.0;165.0;162.0;153.0;24.0;32.0;29.0;52.0;42.0
24828;UNIVERSIDAD NACIONAL ABIERTA Y A DISTANCIA UNAD;UNIVERSIDAD NACIONAL ABIERTA Y A DISTANCIA UNAD-BOGOTÁ D.C.;GESTIÓN DEPORTIVA;SOCIOLOGÍA, TRABAJO SOCIAL Y AFINES;BOGOTÁ;BOGOTÁ D.C.;104;135.0;139.0;130.0;130.0;140.0;137.0;27.0;27.0;29.0;34.0;31.0
4818;UNIVERSIDAD NACIONAL ABIERTA Y A DISTANCIA UNAD;UNIVERSIDAD NACIONAL ABIERTA Y A DISTANCIA UNAD-BOGOTÁ D.C.;INGENIERIA  AGROFORESTAL;INGENIERÍA AGRÍCOLA, FORESTAL Y AFINES;BOGOTÁ;BOGOTÁ D.C.;225;140.0;146.0;138.0;137.0;147.0;133.0;24.0;26.0;29.0;31.0;24.0
4162;UNIVERSIDAD NACIONAL ABIERTA Y A DISTANCIA UNAD;UNIVERSIDAD NACIONAL ABIERTA Y A DISTANCIA UNAD-BOGOTÁ D.C.;INGENIERIA DE ALIMENTOS;INGENIERÍA AGROINDUSTRIAL, ALIMENTOS Y AFINES;BOGOTÁ;BOGOTÁ D.C.;289;137.0;139.0;135.0;131.0;143.0;134.0;24.0;24.0;27.0;34.0;24.0
2638;UNIVERSIDAD NACIONAL ABIERTA Y A DISTANCIA UNAD;UNIVERSIDAD NACIONAL ABIERTA Y A DISTANCIA UNAD-BOGOTÁ D.C.;INGENIERIA DE SISTEMAS;INGENIERÍA DE SISTEMAS, TELEMÁTICA Y AFINES;BOGOTÁ;BOGOTÁ D.C.;1233;145.0;148.0;145.0;137.0;147.0;151.0;27.0;28.0;31.0;33.0;28.0
6544;UNIVERSIDAD NACIONAL ABIERTA Y A DISTANCIA UNAD;UNIVERSIDAD NACIONAL ABIERTA Y A DISTANCIA UNAD-BOGOTÁ D.C.;INGENIERIA DE TELECOMUNICACIONES;INGENIERÍA ELECTRÓNICA, TELECOMUNICACIONES Y AFINES;BOGOTÁ;BOGOTÁ D.C.;258;142.0;144.0;146.0;134.0;143.0;143.0;24.0;27.0;29.0;32.0;30.0
2804;UNIVERSIDAD NACIONAL ABIERTA Y A DISTANCIA UNAD;UNIVERSIDAD NACIONAL ABIERTA Y A DISTANCIA UNAD-BOGOTÁ D.C.;INGENIERIA ELECTRONICA;INGENIERÍA ELECTRÓNICA, TELECOMUNICACIONES Y AFINES;BOGOTÁ;BOGOTÁ D.C.;512;143.0;143.0;152.0;133.0;142.0;145.0;26.0;28.0;30.0;33.0;26.0
3799;UNIVERSIDAD NACIONAL ABIERTA Y A DISTANCIA UNAD;UNIVERSIDAD NACIONAL ABIERTA Y A DISTANCIA UNAD-BOGOTÁ D.C.;INGENIERIA INDUSTRIAL;INGENIERÍA INDUSTRIAL Y AFINES;BOGOTÁ;BOGOTÁ D.C.;1499;139.0;142.0;140.0;132.0;145.0;137.0;25.0;28.0;29.0;34.0;26.0
5442;UNIVERSIDAD NACIONAL ABIERTA Y A DISTANCIA UNAD;UNIVERSIDAD NACIONAL ABIERTA Y A DISTANCIA UNAD-BOGOTÁ D.C.;INGENIERÍA AMBIENTAL;INGENIERÍA AMBIENTAL, SANITARIA Y AFINES;BOGOTÁ;BOGOTÁ D.C.;137;138.0;142.0;137.0;136.0;140.0;135.0;24.0;27.0;30.0;37.0;32.0
9722;UNIVERSIDAD NACIONAL ABIERTA Y A DISTANCIA UNAD;UNIVERSIDAD NACIONAL ABIERTA Y A DISTANCIA UNAD-BOGOTÁ D.C.;INGENIERÍA INDUSTRIAL;INGENIERÍA INDUSTRIAL Y AFINES;BOGOTÁ;BOGOTÁ D.C.;3;129.0;140.0;119.0;123.0;110.0;152.0;11.0;26.0;28.0;97.0;26.0
20743;UNIVERSIDAD NACIONAL ABIERTA Y A DISTANCIA UNAD;UNIVERSIDAD NACIONAL ABIERTA Y A DISTANCIA UNAD-BOGOTÁ D.C.;INGENIERÍA MULTIMEDIA;INGENIERÍA DE SISTEMAS, TELEMÁTICA Y AFINES;BOGOTÁ;BOGOTÁ D.C.;126;148.0;153.0;146.0;138.0;143.0;162.0;26.0;27.0;33.0;41.0;28.0
31860;UNIVERSIDAD NACIONAL ABIERTA Y A DISTANCIA UNAD;UNIVERSIDAD NACIONAL ABIERTA Y A DISTANCIA UNAD-BOGOTÁ D.C.;Ingeniería Ambiental;SIN CLASIFICAR;BOGOTÁ;BOGOTÁ D.C.;1;145.0;152.0;136.0;143.0;122.0;173.0;0.0;0.0;0.0;0.0;0.0
32309;UNIVERSIDAD NACIONAL ABIERTA Y A DISTANCIA UNAD;UNIVERSIDAD NACIONAL ABIERTA Y A DISTANCIA UNAD-BOGOTÁ D.C.;LICENCIATURA EN EDUCACION INFANTIL;SIN CLASIFICAR;BOGOTÁ;BOGOTÁ D.C.;6;143.0;146.0;129.0;133.0;162.0;145.0;25.0;35.0;35.0;25.0;22.0
1488;UNIVERSIDAD NACIONAL ABIERTA Y A DISTANCIA UNAD;UNIVERSIDAD NACIONAL ABIERTA Y A DISTANCIA UNAD-BOGOTÁ D.C.;LICENCIATURA EN ETNOEDUCACION;EDUCACIÓN;BOGOTÁ;BOGOTÁ D.C.;313;121.0;126.0;111.0;118.0;133.0;118.0;27.0;25.0;29.0;42.0;21.0
4326;UNIVERSIDAD NACIONAL ABIERTA Y A DISTANCIA UNAD;UNIVERSIDAD NACIONAL ABIERTA Y A DISTANCIA UNAD-BOGOTÁ D.C.;LICENCIATURA EN FILOSOFIA;EDUCACIÓN;BOGOTÁ;BOGOTÁ D.C.;83;138.0;145.0;127.0;139.0;148.0;130.0;24.0;26.0;29.0;35.0;29.0
5006;UNIVERSIDAD NACIONAL ABIERTA Y A DISTANCIA UNAD;UNIVERSIDAD NACIONAL ABIERTA Y A DISTANCIA UNAD-BOGOTÁ D.C.;LICENCIATURA EN INGLÉS COMO LENGUA EXTRANJERA;EDUCACIÓN;BOGOTÁ;BOGOTÁ D.C.;24;156.0;154.0;135.0;137.0;164.0;189.0;25.0;29.0;29.0;34.0;29.0
20640;UNIVERSIDAD NACIONAL ABIERTA Y A DISTANCIA UNAD;UNIVERSIDAD NACIONAL ABIERTA Y A DISTANCIA UNAD-BOGOTÁ D.C.;LICENCIATURA EN LENGUAS EXTRANJERAS CON ÉNFASIS EN INGLÉS;EDUCACIÓN;BOGOTÁ;BOGOTÁ D.C.;507;153.0;154.0;134.0;140.0;156.0;179.0;27.0;26.0;33.0;36.0;28.0
4036;UNIVERSIDAD NACIONAL ABIERTA Y A DISTANCIA UNAD;UNIVERSIDAD NACIONAL ABIERTA Y A DISTANCIA UNAD-BOGOTÁ D.C.;LICENCIATURA EN MATEMÁTICAS;EDUCACIÓN;BOGOTÁ;BOGOTÁ D.C.;168;146.0;146.0;157.0;136.0;151.0;139.0;27.0;29.0;32.0;40.0;23.0
9847;UNIVERSIDAD NACIONAL ABIERTA Y A DISTANCIA UNAD;UNIVERSIDAD NACIONAL ABIERTA Y A DISTANCIA UNAD-BOGOTÁ D.C.;LICENCIATURA EN PEDAGOGIA INFANTIL;EDUCACIÓN;BOGOTÁ;BOGOTÁ D.C.;1458;126.0;131.0;117.0;120.0;141.0;122.0;25.0;24.0;26.0;34.0;22.0
9627;UNIVERSIDAD NACIONAL ABIERTA Y A DISTANCIA UNAD;UNIVERSIDAD NACIONAL ABIERTA Y A DISTANCIA UNAD-BOGOTÁ D.C.;MUSICA;MÚSICA;BOGOTÁ;BOGOTÁ D.C.;97;147.0;155.0;143.0;134.0;145.0;159.0;24.0;25.0;33.0;33.0;36.0
27956;UNIVERSIDAD NACIONAL ABIERTA Y A DISTANCIA UNAD;UNIVERSIDAD NACIONAL ABIERTA Y A DISTANCIA UNAD-BOGOTÁ D.C.;NEGOCIOS INTERNACIONALES;ADMINISTRACIÓN;BOGOTÁ;BOGOTÁ D.C.;92;146.0;149.0;136.0;141.0;152.0;153.0;26.0;23.0;32.0;27.0;28.0
30879;UNIVERSIDAD NACIONAL ABIERTA Y A DISTANCIA UNAD;UNIVERSIDAD NACIONAL ABIERTA Y A DISTANCIA UNAD-BOGOTÁ D.C.;PROFESIONAL EN SEGURIDAD Y SALUD EN EL TRABAJO;INGENIERÍA INDUSTRIAL Y AFINES;BOGOTÁ;BOGOTÁ D.C.;14;128.0;129.0;125.0;128.0;137.0;121.0;20.0;27.0;27.0;22.0;19.0
5091;UNIVERSIDAD NACIONAL ABIERTA Y A DISTANCIA UNAD;UNIVERSIDAD NACIONAL ABIERTA Y A DISTANCIA UNAD-BOGOTÁ D.C.;PSICOLOGIA;PSICOLOGÍA;BOGOTÁ;BOGOTÁ D.C.;3623;134.0;142.0;122.0;133.0;144.0;131.0;25.0;25.0;28.0;32.0;26.0
9490;UNIVERSIDAD NACIONAL ABIERTA Y A DISTANCIA UNAD;UNIVERSIDAD NACIONAL ABIERTA Y A DISTANCIA UNAD-BOGOTÁ D.C.;SOCIOLOGÍA;SOCIOLOGÍA, TRABAJO SOCIAL Y AFINES;BOGOTÁ;BOGOTÁ D.C.;145;139.0;150.0;127.0;143.0;144.0;132.0;27.0;27.0;32.0;32.0;30.0
4669;UNIVERSIDAD NACIONAL ABIERTA Y A DISTANCIA UNAD;UNIVERSIDAD NACIONAL ABIERTA Y A DISTANCIA UNAD-BOGOTÁ D.C.;ZOOTECNIA;ZOOTECNIA;BOGOTÁ;BOGOTÁ D.C.;283;134.0;139.0;131.0;127.0;145.0;128.0;25.0;27.0;28.0;33.0;24.0
968;UNIVERSIDAD NACIONAL DE COLOMBIA;UNIVERSIDAD NACIONAL DE COLOMBIA-PALMIRA;ADMINISTRACION DE EMPRESAS;ADMINISTRACIÓN;VALLE;PALMIRA;49;152.0;161.0;154.0;149.0;145.0;151.0;23.0;20.0;29.0;40.0;24.0
1767;UNIVERSIDAD NACIONAL DE COLOMBIA;UNIVERSIDAD NACIONAL DE COLOMBIA-MANIZALES;ADMINISTRACION DE EMPRESAS;ADMINISTRACIÓN;CALDAS;MANIZALES;128;158.0;162.0;159.0;155.0;150.0;163.0;23.0;24.0;26.0;34.0;23.0
3042;UNIVERSIDAD NACIONAL DE COLOMBIA;UNIVERSIDAD NACIONAL DE COLOMBIA-MANIZALES;ADMINISTRACION DE EMPRESAS;ADMINISTRACIÓN;CALDAS;MANIZALES;2;154.0;166.0;178.0;122.0;136.0;170.0;25.0;4.0;23.0;8.0;4.0
5551;UNIVERSIDAD NACIONAL DE COLOMBIA;UNIVERSIDAD NACIONAL DE COLOMBIA-BOGOTÁ D.C.;ADMINISTRACION DE EMPRESAS;ADMINISTRACIÓN;BOGOTÁ;BOGOTÁ D.C.;124;179.0;185.0;181.0;176.0;164.0;191.0;26.0;24.0;33.0;32.0;32.0
6883;UNIVERSIDAD NACIONAL DE COLOMBIA;UNIVERSIDAD NACIONAL DE COLOMBIA-MANIZALES;ADMINISTRACION DE SISTEMAS INFORMATICOS;INGENIERÍA DE SISTEMAS, TELEMÁTICA Y AFINES;CALDAS;MANIZALES;37;164.0;169.0;167.0;160.0;147.0;176.0;23.0;23.0;28.0;36.0;33.0
3788;UNIVERSIDAD NACIONAL DE COLOMBIA;UNIVERSIDAD NACIONAL DE COLOMBIA-BOGOTÁ D.C.;ANTROPOLOGIA;ANTROPOLOGÍA, ARTES LIBERALES;BOGOTÁ;BOGOTÁ D.C.;60;178.0;192.0;173.0;187.0;154.0;185.0;19.0;25.0;22.0;42.0;37.0
2655;UNIVERSIDAD NACIONAL DE COLOMBIA;UNIVERSIDAD NACIONAL DE COLOMBIA-MANIZALES;ARQUITECTURA;ARQUITECTURA;CALDAS;MANIZALES;104;168.0;171.0;173.0;163.0;156.0;179.0;25.0;20.0;29.0;26.0;35.0
4643;UNIVERSIDAD NACIONAL DE COLOMBIA;UNIVERSIDAD NACIONAL DE COLOMBIA-MEDELLIN;ARQUITECTURA;ARQUITECTURA;ANTIOQUIA;MEDELLÍN;114;175.0;181.0;176.0;170.0;160.0;190.0;20.0;21.0;27.0;45.0;28.0
6810;UNIVERSIDAD NACIONAL DE COLOMBIA;UNIVERSIDAD NACIONAL DE COLOMBIA-BOGOTÁ D.C.;ARQUITECTURA;ARQUITECTURA;BOGOTÁ;BOGOTÁ D.C.;97;179.0;182.0;186.0;173.0;162.0;194.0;27.0;19.0;30.0;36.0;31.0
2794;UNIVERSIDAD NACIONAL DE COLOMBIA;UNIVERSIDAD NACIONAL DE COLOMBIA-BOGOTÁ D.C.;ARTES PLASTICAS;ARTES PLÁSTICAS, VISUALES Y AFINES;BOGOTÁ;BOGOTÁ D.C.;36;188.0;195.0;179.0;189.0;164.0;214.0;29.0;32.0;23.0;45.0;40.0
4303;UNIVERSIDAD NACIONAL DE COLOMBIA;UNIVERSIDAD NACIONAL DE COLOMBIA-MEDELLIN;ARTES PLASTICAS;ARTES PLÁSTICAS, VISUALES Y AFINES;ANTIOQUIA;MEDELLÍN;22;164.0;170.0;147.0;164.0;160.0;180.0;23.0;33.0;27.0;40.0;24.0
1383;UNIVERSIDAD NACIONAL DE COLOMBIA;UNIVERSIDAD NACIONAL DE COLOMBIA-BOGOTÁ D.C.;BIOLOGIA;BIOLOGÍA, MICROBIOLOGÍA Y AFINES;BOGOTÁ;BOGOTÁ D.C.;87;183.0;191.0;184.0;186.0;158.0;193.0;23.0;25.0;30.0;38.0;42.0
25103;UNIVERSIDAD NACIONAL DE COLOMBIA;UNIVERSIDAD NACIONAL DE COLOMBIA -LA PAZ;BIOLOGÍA;BIOLOGÍA, MICROBIOLOGÍA Y AFINES;CESAR;LA PAZ;51;153.0;170.0;147.0;152.0;147.0;152.0;25.0;22.0;27.0;22.0;31.0
185;UNIVERSIDAD NACIONAL DE COLOMBIA;UNIVERSIDAD NACIONAL DE COLOMBIA-BOGOTÁ D.C.;CIENCIA POLITICA;CIENCIA POLÍTICA, RELACIONES INTERNACIONALES;BOGOTÁ;BOGOTÁ D.C.;122;181.0;194.0;166.0;194.0;164.0;185.0;20.0;25.0;24.0;45.0;37.0
3787;UNIVERSIDAD NACIONAL DE COLOMBIA;UNIVERSIDAD NACIONAL DE COLOMBIA-MEDELLIN;CIENCIA POLITICA;CIENCIA POLÍTICA, RELACIONES INTERNACIONALES;ANTIOQUIA;MEDELLÍN;69;174.0;185.0;160.0;188.0;167.0;170.0;17.0;29.0;26.0;46.0;40.0
9511;UNIVERSIDAD NACIONAL DE COLOMBIA;UNIVERSIDAD NACIONAL DE COLOMBIA-BOGOTÁ D.C.;CIENCIAS DE LA COMPUTACION;MATEMÁTICAS, ESTADÍSTICA Y AFINES;BOGOTÁ;BOGOTÁ D.C.;23;199.0;198.0;222.0;194.0;162.0;220.0;16.0;39.0;35.0;50.0;33.0
20697;UNIVERSIDAD NACIONAL DE COLOMBIA;UNIVERSIDAD NACIONAL DE COLOMBIA-MEDELLIN;CIENCIAS DE LA COMPUTACIÓN;MATEMÁTICAS, ESTADÍSTICA Y AFINES;ANTIOQUIA;MEDELLÍN;9;187.0;179.0;203.0;172.0;177.0;204.0;36.0;22.0;33.0;19.0;23.0
28017;UNIVERSIDAD NACIONAL DE COLOMBIA;UNIVERSIDAD NACIONAL DE COLOMBIA-MANIZALES;CIENCIAS DE LA COMPUTACIÓN;MATEMÁTICAS, ESTADÍSTICA Y AFINES;CALDAS;MANIZALES;5;188.0;195.0;215.0;180.0;147.0;204.0;18.0;11.0;21.0;32.0;59.0
186;UNIVERSIDAD NACIONAL DE COLOMBIA;UNIVERSIDAD NACIONAL DE COLOMBIA-BOGOTÁ D.C.;CINE Y TELEVISION;ARTES PLÁSTICAS, VISUALES Y AFINES;BOGOTÁ;BOGOTÁ D.C.;22;187.0;200.0;180.0;184.0;159.0;215.0;28.0;25.0;28.0;39.0;40.0
1916;UNIVERSIDAD NACIONAL DE COLOMBIA;UNIVERSIDAD NACIONAL DE COLOMBIA-MEDELLIN;CONSTRUCCION;ARQUITECTURA;ANTIOQUIA;MEDELLÍN;52;168.0;171.0;180.0;158.0;157.0;174.0;20.0;25.0;28.0;30.0;24.0
467;UNIVERSIDAD NACIONAL DE COLOMBIA;UNIVERSIDAD NACIONAL DE COLOMBIA-BOGOTÁ D.C.;CONTADURIA PUBLICA;CONTADURÍA PUBLICA;BOGOTÁ;BOGOTÁ D.C.;161;178.0;185.0;181.0;179.0;167.0;180.0;22.0;22.0;26.0;33.0;26.0
6811;UNIVERSIDAD NACIONAL DE COLOMBIA;UNIVERSIDAD NACIONAL DE COLOMBIA-BOGOTÁ D.C.;DERECHO;DERECHO Y AFINES;BOGOTÁ;BOGOTÁ D.C.;141;186.0;195.0;172.0;197.0;174.0;191.0;23.0;29.0;29.0;41.0;33.0
6945;UNIVERSIDAD NACIONAL DE COLOMBIA;UNIVERSIDAD NACIONAL DE COLOMBIA-BOGOTÁ D.C.;DISEÑO GRAFICO;DISEÑO;BOGOTÁ;BOGOTÁ D.C.;48;185.0;191.0;184.0;184.0;167.0;198.0;21.0;17.0;34.0;42.0;31.0
3789;UNIVERSIDAD NACIONAL DE COLOMBIA;UNIVERSIDAD NACIONAL DE COLOMBIA-BOGOTÁ D.C.;DISEÑO INDUSTRIAL;DISEÑO;BOGOTÁ;BOGOTÁ D.C.;73;182.0;191.0;181.0;185.0;155.0;200.0;19.0;22.0;21.0;44.0;33.0
6535;UNIVERSIDAD NACIONAL DE COLOMBIA;UNIVERSIDAD NACIONAL DE COLOMBIA-PALMIRA;DISEÑO INDUSTRIAL;DISEÑO;VALLE;PALMIRA;39;155.0;160.0;153.0;146.0;147.0;169.0;24.0;23.0;27.0;41.0;19.0
29;UNIVERSIDAD NACIONAL DE COLOMBIA;UNIVERSIDAD NACIONAL DE COLOMBIA-MEDELLIN;ECONOMIA;ECONOMÍA;ANTIOQUIA;MEDELLÍN;58;181.0;189.0;183.0;183.0;163.0;188.0;33.0;23.0;28.0;43.0;35.0
5552;UNIVERSIDAD NACIONAL DE COLOMBIA;UNIVERSIDAD NACIONAL DE COLOMBIA-BOGOTÁ D.C.;ECONOMIA;ECONOMÍA;BOGOTÁ;BOGOTÁ D.C.;180;191.0;197.0;193.0;194.0;172.0;198.0;24.0;19.0;27.0;40.0;36.0
5100;UNIVERSIDAD NACIONAL DE COLOMBIA;UNIVERSIDAD NACIONAL DE COLOMBIA-BOGOTÁ D.C.;ENFERMERIA;ENFERMERÍA;BOGOTÁ;BOGOTÁ D.C.;163;175.0;183.0;174.0;177.0;161.0;178.0;20.0;18.0;24.0;33.0;27.0
6693;UNIVERSIDAD NACIONAL DE COLOMBIA;UNIVERSIDAD NACIONAL DE COLOMBIA-BOGOTÁ D.C.;ESPAÑOL Y FILOLOGIA CLASICA;LENGUAS MODERNAS, LITERATURA, LINGÜÍSTICA Y AFINES;BOGOTÁ;BOGOTÁ D.C.;25;184.0;200.0;169.0;184.0;162.0;204.0;12.0;27.0;19.0;41.0;26.0
183;UNIVERSIDAD NACIONAL DE COLOMBIA;UNIVERSIDAD NACIONAL DE COLOMBIA-MEDELLIN;ESTADISTICA;MATEMÁTICAS, ESTADÍSTICA Y AFINES;ANTIOQUIA;MEDELLÍN;60;175.0;178.0;187.0;172.0;163.0;174.0;21.0;23.0;25.0;29.0;28.0
4304;UNIVERSIDAD NACIONAL DE COLOMBIA;UNIVERSIDAD NACIONAL DE COLOMBIA-BOGOTÁ D.C.;ESTADISTICA;MATEMÁTICAS, ESTADÍSTICA Y AFINES;BOGOTÁ;BOGOTÁ D.C.;56;186.0;188.0;207.0;178.0;161.0;194.0;29.0;34.0;32.0;35.0;25.0
25286;UNIVERSIDAD NACIONAL DE COLOMBIA;UNIVERSIDAD NACIONAL DE COLOMBIA -LA PAZ;ESTADÍSTICA;MATEMÁTICAS, ESTADÍSTICA Y AFINES;CESAR;LA PAZ;28;155.0;158.0;166.0;151.0;152.0;145.0;28.0;21.0;34.0;55.0;26.0
15723;UNIVERSIDAD NACIONAL DE COLOMBIA;UNIVERSIDAD NACIONAL DE COLOMBIA-BOGOTÁ D.C.;ESTUDIOS LITERARIOS;LENGUAS MODERNAS, LITERATURA, LINGÜÍSTICA Y AFINES;BOGOTÁ;BOGOTÁ D.C.;27;188.0;202.0;166.0;194.0;169.0;211.0;19.0;26.0;24.0;37.0;35.0
1469;UNIVERSIDAD NACIONAL DE COLOMBIA;UNIVERSIDAD NACIONAL DE COLOMBIA-BOGOTÁ D.C.;FARMACIA;QUÍMICA Y AFINES;BOGOTÁ;BOGOTÁ D.C.;105;185.0;189.0;193.0;183.0;166.0;195.0;21.0;25.0;27.0;25.0;24.0
1875;UNIVERSIDAD NACIONAL DE COLOMBIA;UNIVERSIDAD NACIONAL DE COLOMBIA-BOGOTÁ D.C.;FILOLOGIA E IDIOMAS;LENGUAS MODERNAS, LITERATURA, LINGÜÍSTICA Y AFINES;BOGOTÁ;BOGOTÁ D.C.;98;190.0;196.0;173.0;180.0;169.0;230.0;26.0;26.0;27.0;39.0;40.0
1054;UNIVERSIDAD NACIONAL DE COLOMBIA;UNIVERSIDAD NACIONAL DE COLOMBIA-BOGOTÁ D.C.;FILOSOFIA;FILOSOFÍA, TEOLOGÍA Y AFINES;BOGOTÁ;BOGOTÁ D.C.;39;177.0;196.0;162.0;179.0;160.0;189.0;32.0;43.0;39.0;39.0;32.0
519;UNIVERSIDAD NACIONAL DE COLOMBIA;UNIVERSIDAD NACIONAL DE COLOMBIA-BOGOTÁ D.C.;FISICA;FÍSICA;BOGOTÁ;BOGOTÁ D.C.;76;193.0;195.0;217.0;184.0;160.0;209.0;29.0;36.0;36.0;30.0;33.0
3665;UNIVERSIDAD NACIONAL DE COLOMBIA;UNIVERSIDAD NACIONAL DE COLOMBIA-BOGOTÁ D.C.;FISIOTERAPIA;TERAPIAS;BOGOTÁ;BOGOTÁ D.C.;38;177.0;185.0;181.0;172.0;159.0;189.0;17.0;18.0;31.0;28.0;35.0
4166;UNIVERSIDAD NACIONAL DE COLOMBIA;UNIVERSIDAD NACIONAL DE COLOMBIA-BOGOTÁ D.C.;FONOAUDIOLOGIA;TERAPIAS;BOGOTÁ;BOGOTÁ D.C.;26;171.0;176.0;165.0;177.0;160.0;179.0;30.0;29.0;30.0;38.0;24.0
4305;UNIVERSIDAD NACIONAL DE COLOMBIA;UNIVERSIDAD NACIONAL DE COLOMBIA-BOGOTÁ D.C.;GEOGRAFIA;GEOGRAFÍA, HISTORIA;BOGOTÁ;BOGOTÁ D.C.;48;177.0;187.0;168.0;181.0;163.0;187.0;28.0;24.0;27.0;33.0;43.0
25749;UNIVERSIDAD NACIONAL DE COLOMBIA;UNIVERSIDAD NACIONAL DE COLOMBIA -LA PAZ;GEOGRAFÍA;GEOGRAFÍA, HISTORIA;CESAR;LA PAZ;41;133.0;140.0;128.0;124.0;145.0;128.0;25.0;23.0;24.0;24.0;24.0
3084;UNIVERSIDAD NACIONAL DE COLOMBIA;UNIVERSIDAD NACIONAL DE COLOMBIA-BOGOTÁ D.C.;GEOLOGIA;GEOLOGÍA, OTROS PROGRAMAS DE CIENCIAS NATURALES;BOGOTÁ;BOGOTÁ D.C.;63;182.0;184.0;194.0;182.0;156.0;195.0;26.0;29.0;31.0;24.0;34.0
3181;UNIVERSIDAD NACIONAL DE COLOMBIA;UNIVERSIDAD NACIONAL DE COLOMBIA-MANIZALES;GESTION CULTURAL Y COMUNICATIVA;ADMINISTRACIÓN;CALDAS;MANIZALES;24;155.0;165.0;141.0;157.0;152.0;158.0;24.0;24.0;30.0;26.0;40.0
25287;UNIVERSIDAD NACIONAL DE COLOMBIA;UNIVERSIDAD NACIONAL DE COLOMBIA -LA PAZ;GESTIÓN CULTURAL Y COMUNICATIVA;ARTES PLÁSTICAS, VISUALES Y AFINES;CESAR;LA PAZ;30;152.0;166.0;132.0;158.0;152.0;155.0;27.0;30.0;24.0;21.0;22.0
1917;UNIVERSIDAD NACIONAL DE COLOMBIA;UNIVERSIDAD NACIONAL DE COLOMBIA-MEDELLIN;HISTORIA;GEOGRAFÍA, HISTORIA;ANTIOQUIA;MEDELLÍN;47;173.0;187.0;155.0;186.0;158.0;179.0;18.0;25.0;29.0;31.0;33.0
4306;UNIVERSIDAD NACIONAL DE COLOMBIA;UNIVERSIDAD NACIONAL DE COLOMBIA-BOGOTÁ D.C.;HISTORIA;GEOGRAFÍA, HISTORIA;BOGOTÁ;BOGOTÁ D.C.;36;180.0;184.0;171.0;190.0;169.0;185.0;25.0;24.0;33.0;48.0;31.0
3179;UNIVERSIDAD NACIONAL DE COLOMBIA;UNIVERSIDAD NACIONAL DE COLOMBIA-MEDELLIN;INGENIERIA ADMINISTRATIVA;INGENIERÍA ADMINISTRATIVA Y AFINES;ANTIOQUIA;MEDELLÍN;83;179.0;181.0;188.0;175.0;165.0;186.0;28.0;20.0;30.0;31.0;34.0
3728;UNIVERSIDAD NACIONAL DE COLOMBIA;UNIVERSIDAD NACIONAL DE COLOMBIA-PALMIRA;INGENIERIA AGRICOLA;INGENIERÍA AGRÍCOLA, FORESTAL Y AFINES;VALLE;PALMIRA;17;144.0;143.0;157.0;131.0;151.0;138.0;23.0;28.0;36.0;28.0;21.0
3761;UNIVERSIDAD NACIONAL DE COLOMBIA;UNIVERSIDAD NACIONAL DE COLOMBIA-BOGOTÁ D.C.;INGENIERIA AGRICOLA;INGENIERÍA AGRÍCOLA, FORESTAL Y AFINES;BOGOTÁ;BOGOTÁ D.C.;55;175.0;179.0;190.0;171.0;152.0;182.0;30.0;33.0;35.0;30.0;36.0
5177;UNIVERSIDAD NACIONAL DE COLOMBIA;UNIVERSIDAD NACIONAL DE COLOMBIA-MEDELLIN;INGENIERIA AGRICOLA;INGENIERÍA AGRÍCOLA, FORESTAL Y AFINES;ANTIOQUIA;MEDELLÍN;16;165.0;162.0;188.0;153.0;157.0;166.0;25.0;37.0;35.0;32.0;25.0
969;UNIVERSIDAD NACIONAL DE COLOMBIA;UNIVERSIDAD NACIONAL DE COLOMBIA-PALMIRA;INGENIERIA AGROINDUSTRIAL;INGENIERÍA AGROINDUSTRIAL, ALIMENTOS Y AFINES;VALLE;PALMIRA;53;158.0;162.0;167.0;157.0;148.0;154.0;25.0;27.0;25.0;33.0;26.0
3139;UNIVERSIDAD NACIONAL DE COLOMBIA;UNIVERSIDAD NACIONAL DE COLOMBIA-BOGOTÁ D.C.;INGENIERIA AGRONOMICA;INGENIERÍA AGRONÓMICA, PECUARIA Y AFINES;BOGOTÁ;BOGOTÁ D.C.;89;176.0;180.0;187.0;172.0;160.0;179.0;23.0;22.0;31.0;36.0;24.0
4789;UNIVERSIDAD NACIONAL DE COLOMBIA;UNIVERSIDAD NACIONAL DE COLOMBIA-PALMIRA;INGENIERIA AGRONOMICA;INGENIERÍA AGRONÓMICA, PECUARIA Y AFINES;VALLE;PALMIRA;102;151.0;156.0;149.0;146.0;155.0;150.0;24.0;24.0;28.0;28.0;25.0
6510;UNIVERSIDAD NACIONAL DE COLOMBIA;UNIVERSIDAD NACIONAL DE COLOMBIA-MEDELLIN;INGENIERIA AGRONOMICA;INGENIERÍA AGRONÓMICA, PECUARIA Y AFINES;ANTIOQUIA;MEDELLÍN;48;168.0;171.0;182.0;156.0;162.0;170.0;24.0;31.0;30.0;34.0;30.0
1812;UNIVERSIDAD NACIONAL DE COLOMBIA;UNIVERSIDAD NACIONAL DE COLOMBIA-PALMIRA;INGENIERIA AMBIENTAL;INGENIERÍA AMBIENTAL, SANITARIA Y AFINES;VALLE;PALMIRA;68;160.0;168.0;165.0;156.0;150.0;160.0;20.0;27.0;30.0;31.0;28.0
2555;UNIVERSIDAD NACIONAL DE COLOMBIA;UNIVERSIDAD NACIONAL DE COLOMBIA-MEDELLIN;INGENIERIA AMBIENTAL ;INGENIERÍA AMBIENTAL, SANITARIA Y AFINES;ANTIOQUIA;MEDELLÍN;51;180.0;187.0;192.0;178.0;158.0;186.0;14.0;23.0;28.0;44.0;30.0
4808;UNIVERSIDAD NACIONAL DE COLOMBIA;UNIVERSIDAD NACIONAL DE COLOMBIA-MEDELLIN;INGENIERIA BIOLOGICA;BIOLOGÍA, MICROBIOLOGÍA Y AFINES;ANTIOQUIA;MEDELLÍN;78;185.0;187.0;196.0;178.0;169.0;196.0;24.0;24.0;31.0;44.0;30.0
905;UNIVERSIDAD NACIONAL DE COLOMBIA;UNIVERSIDAD NACIONAL DE COLOMBIA-BOGOTÁ D.C.;INGENIERIA CIVIL;INGENIERÍA CIVIL Y AFINES;BOGOTÁ;BOGOTÁ D.C.;167;183.0;183.0;205.0;178.0;160.0;190.0;24.0;27.0;30.0;31.0;24.0
1348;UNIVERSIDAD NACIONAL DE COLOMBIA;UNIVERSIDAD NACIONAL DE COLOMBIA-MANIZALES;INGENIERIA CIVIL;INGENIERÍA CIVIL Y AFINES;CALDAS;MANIZALES;71;181.0;179.0;204.0;175.0;158.0;188.0;27.0;33.0;33.0;32.0;26.0
5516;UNIVERSIDAD NACIONAL DE COLOMBIA;UNIVERSIDAD NACIONAL DE COLOMBIA-MEDELLIN;INGENIERIA CIVIL;INGENIERÍA CIVIL Y AFINES;ANTIOQUIA;MEDELLÍN;135;180.0;179.0;206.0;170.0;159.0;185.0;25.0;24.0;33.0;31.0;31.0
1053;UNIVERSIDAD NACIONAL DE COLOMBIA;UNIVERSIDAD NACIONAL DE COLOMBIA-MEDELLIN;INGENIERIA DE CONTROL;INGENIERÍA ELECTRÓNICA, TELECOMUNICACIONES Y AFINES;ANTIOQUIA;MEDELLÍN;34;174.0;171.0;196.0;161.0;156.0;188.0;31.0;19.0;35.0;31.0;38.0
868;UNIVERSIDAD NACIONAL DE COLOMBIA;UNIVERSIDAD NACIONAL DE COLOMBIA-MEDELLIN;INGENIERIA DE MINAS Y METALURGIA;INGENIERÍA DE MINAS, METALURGIA Y AFINES;ANTIOQUIA;MEDELLÍN;40;175.0;177.0;195.0;171.0;162.0;170.0;25.0;29.0;31.0;35.0;22.0
5602;UNIVERSIDAD NACIONAL DE COLOMBIA;UNIVERSIDAD NACIONAL DE COLOMBIA-MEDELLIN;INGENIERIA DE PETROLEOS;INGENIERÍA DE MINAS, METALURGIA Y AFINES;ANTIOQUIA;MEDELLÍN;24;176.0;179.0;190.0;171.0;162.0;175.0;22.0;17.0;28.0;25.0;22.0
5517;UNIVERSIDAD NACIONAL DE COLOMBIA;UNIVERSIDAD NACIONAL DE COLOMBIA-MEDELLIN;INGENIERIA DE SISTEMAS E INFORMATICA;INGENIERÍA DE SISTEMAS, TELEMÁTICA Y AFINES;ANTIOQUIA;MEDELLÍN;117;183.0;180.0;192.0;174.0;166.0;203.0;28.0;29.0;34.0;37.0;36.0
4644;UNIVERSIDAD NACIONAL DE COLOMBIA;UNIVERSIDAD NACIONAL DE COLOMBIA-MEDELLIN;INGENIERIA ELECTRICA;INGENIERÍA ELÉCTRICA Y AFINES;ANTIOQUIA;MEDELLÍN;57;180.0;179.0;204.0;171.0;165.0;179.0;24.0;19.0;30.0;38.0;31.0
4686;UNIVERSIDAD NACIONAL DE COLOMBIA;UNIVERSIDAD NACIONAL DE COLOMBIA-MANIZALES;INGENIERIA ELECTRICA;INGENIERÍA ELÉCTRICA Y AFINES;CALDAS;MANIZALES;80;167.0;171.0;180.0;162.0;153.0;168.0;24.0;21.0;31.0;24.0;34.0
5101;UNIVERSIDAD NACIONAL DE COLOMBIA;UNIVERSIDAD NACIONAL DE COLOMBIA-BOGOTÁ D.C.;INGENIERIA ELECTRICA;INGENIERÍA ELÉCTRICA Y AFINES;BOGOTÁ;BOGOTÁ D.C.;81;183.0;183.0;203.0;174.0;164.0;193.0;26.0;27.0;39.0;28.0;33.0
468;UNIVERSIDAD NACIONAL DE COLOMBIA;UNIVERSIDAD NACIONAL DE COLOMBIA-BOGOTÁ D.C.;INGENIERIA ELECTRONICA;INGENIERÍA ELECTRÓNICA, TELECOMUNICACIONES Y AFINES;BOGOTÁ;BOGOTÁ D.C.;85;191.0;191.0;211.0;184.0;167.0;202.0;28.0;26.0;28.0;34.0;34.0
1768;UNIVERSIDAD NACIONAL DE COLOMBIA;UNIVERSIDAD NACIONAL DE COLOMBIA-MANIZALES;INGENIERIA ELECTRONICA;INGENIERÍA ELECTRÓNICA, TELECOMUNICACIONES Y AFINES;CALDAS;MANIZALES;65;169.0;173.0;182.0;165.0;152.0;176.0;24.0;21.0;31.0;31.0;31.0
3786;UNIVERSIDAD NACIONAL DE COLOMBIA;UNIVERSIDAD NACIONAL DE COLOMBIA-MEDELLIN;INGENIERIA FISICA;OTRAS INGENIERÍAS;ANTIOQUIA;MEDELLÍN;34;187.0;184.0;209.0;178.0;167.0;196.0;23.0;21.0;32.0;40.0;19.0
5245;UNIVERSIDAD NACIONAL DE COLOMBIA;UNIVERSIDAD NACIONAL DE COLOMBIA-MANIZALES;INGENIERIA FISICA;OTRAS INGENIERÍAS;CALDAS;MANIZALES;49;169.0;170.0;186.0;158.0;158.0;175.0;27.0;24.0;35.0;30.0;25.0
2766;UNIVERSIDAD NACIONAL DE COLOMBIA;UNIVERSIDAD NACIONAL DE COLOMBIA-MEDELLIN;INGENIERIA FORESTAL;INGENIERÍA AGRÍCOLA, FORESTAL Y AFINES;ANTIOQUIA;MEDELLÍN;74;172.0;176.0;178.0;168.0;160.0;179.0;21.0;22.0;30.0;42.0;29.0
5063;UNIVERSIDAD NACIONAL DE COLOMBIA;UNIVERSIDAD NACIONAL DE COLOMBIA-MEDELLIN;INGENIERIA GEOLOGICA;INGENIERÍA CIVIL Y AFINES;ANTIOQUIA;MEDELLÍN;74;175.0;177.0;190.0;167.0;156.0;184.0;24.0;23.0;32.0;39.0;31.0
2214;UNIVERSIDAD NACIONAL DE COLOMBIA;UNIVERSIDAD NACIONAL DE COLOMBIA-MANIZALES;INGENIERIA INDUSTRIAL;INGENIERÍA INDUSTRIAL Y AFINES;CALDAS;MANIZALES;83;171.0;173.0;183.0;169.0;157.0;174.0;23.0;19.0;26.0;35.0;23.0
3666;UNIVERSIDAD NACIONAL DE COLOMBIA;UNIVERSIDAD NACIONAL DE COLOMBIA-BOGOTÁ D.C.;INGENIERIA INDUSTRIAL;INGENIERÍA INDUSTRIAL Y AFINES;BOGOTÁ;BOGOTÁ D.C.;51;185.0;187.0;193.0;186.0;167.0;194.0;26.0;21.0;36.0;24.0;33.0
5064;UNIVERSIDAD NACIONAL DE COLOMBIA;UNIVERSIDAD NACIONAL DE COLOMBIA-MEDELLIN;INGENIERIA INDUSTRIAL;INGENIERÍA INDUSTRIAL Y AFINES;ANTIOQUIA;MEDELLÍN;79;177.0;179.0;191.0;172.0;163.0;183.0;26.0;16.0;25.0;40.0;28.0
428;UNIVERSIDAD NACIONAL DE COLOMBIA;UNIVERSIDAD NACIONAL DE COLOMBIA-MEDELLIN;INGENIERIA MECANICA;INGENIERÍA MECÁNICA Y AFINES;ANTIOQUIA;MEDELLÍN;58;185.0;180.0;208.0;178.0;163.0;197.0;22.0;29.0;30.0;42.0;47.0
3667;UNIVERSIDAD NACIONAL DE COLOMBIA;UNIVERSIDAD NACIONAL DE COLOMBIA-BOGOTÁ D.C.;INGENIERIA MECANICA;INGENIERÍA MECÁNICA Y AFINES;BOGOTÁ;BOGOTÁ D.C.;85;194.0;194.0;210.0;191.0;167.0;207.0;23.0;16.0;29.0;39.0;29.0
1919;UNIVERSIDAD NACIONAL DE COLOMBIA;UNIVERSIDAD NACIONAL DE COLOMBIA-BOGOTÁ D.C.;INGENIERIA MECATRONICA;INGENIERÍA MECÁNICA Y AFINES;BOGOTÁ;BOGOTÁ D.C.;45;197.0;201.0;217.0;191.0;156.0;218.0;31.0;30.0;32.0;30.0;34.0
118;UNIVERSIDAD NACIONAL DE COLOMBIA;UNIVERSIDAD NACIONAL DE COLOMBIA-MEDELLIN;INGENIERIA QUIMICA;INGENIERÍA QUÍMICA Y AFINES;ANTIOQUIA;MEDELLÍN;82;180.0;182.0;193.0;174.0;164.0;185.0;24.0;22.0;28.0;33.0;27.0
4280;UNIVERSIDAD NACIONAL DE COLOMBIA;UNIVERSIDAD NACIONAL DE COLOMBIA-BOGOTÁ D.C.;INGENIERIA QUIMICA;INGENIERÍA QUÍMICA Y AFINES;BOGOTÁ;BOGOTÁ D.C.;125;190.0;187.0;207.0;183.0;171.0;202.0;20.0;25.0;24.0;37.0;34.0
5627;UNIVERSIDAD NACIONAL DE COLOMBIA;UNIVERSIDAD NACIONAL DE COLOMBIA-MANIZALES;INGENIERIA QUIMICA;INGENIERÍA QUÍMICA Y AFINES;CALDAS;MANIZALES;66;175.0;174.0;185.0;173.0;164.0;177.0;23.0;23.0;32.0;27.0;36.0
26058;UNIVERSIDAD NACIONAL DE COLOMBIA;UNIVERSIDAD NACIONAL DE COLOMBIA -LA PAZ;INGENIERÍA BIOLÓGICA;BIOLOGÍA, MICROBIOLOGÍA Y AFINES;CESAR;LA PAZ;47;162.0;171.0;166.0;162.0;147.0;165.0;21.0;22.0;29.0;39.0;26.0
20784;UNIVERSIDAD NACIONAL DE COLOMBIA;UNIVERSIDAD NACIONAL DE COLOMBIA-BOGOTÁ D.C.;INGENIERÍA DE SISTEMAS Y COMPUTACIÓN;INGENIERÍA DE SISTEMAS, TELEMÁTICA Y AFINES;BOGOTÁ;BOGOTÁ D.C.;150;191.0;193.0;204.0;185.0;158.0;216.0;25.0;28.0;36.0;34.0;38.0
24938;UNIVERSIDAD NACIONAL DE COLOMBIA;UNIVERSIDAD NACIONAL DE COLOMBIA -LA PAZ;INGENIERÍA MECATRÓNICA;INGENIERÍA MECÁNICA Y AFINES;CESAR;LA PAZ;45;169.0;166.0;183.0;166.0;156.0;171.0;24.0;26.0;34.0;32.0;34.0
6095;UNIVERSIDAD NACIONAL DE COLOMBIA;UNIVERSIDAD NACIONAL DE COLOMBIA-BOGOTÁ D.C.;LINGUISTICA;LENGUAS MODERNAS, LITERATURA, LINGÜÍSTICA Y AFINES;BOGOTÁ;BOGOTÁ D.C.;42;174.0;189.0;157.0;170.0;165.0;187.0;31.0;39.0;34.0;31.0;35.0
95;UNIVERSIDAD NACIONAL DE COLOMBIA;UNIVERSIDAD NACIONAL DE COLOMBIA-MANIZALES;MATEMATICAS;MATEMÁTICAS, ESTADÍSTICA Y AFINES;CALDAS;MANIZALES;13;171.0;173.0;184.0;173.0;145.0;180.0;38.0;40.0;35.0;29.0;20.0
521;UNIVERSIDAD NACIONAL DE COLOMBIA;UNIVERSIDAD NACIONAL DE COLOMBIA-MEDELLIN;MATEMATICAS;MATEMÁTICAS, ESTADÍSTICA Y AFINES;ANTIOQUIA;MEDELLÍN;18;187.0;182.0;204.0;171.0;179.0;197.0;38.0;40.0;53.0;42.0;44.0
6444;UNIVERSIDAD NACIONAL DE COLOMBIA;UNIVERSIDAD NACIONAL DE COLOMBIA-BOGOTÁ D.C.;MATEMATICAS;MATEMÁTICAS, ESTADÍSTICA Y AFINES;BOGOTÁ;BOGOTÁ D.C.;25;196.0;206.0;226.0;193.0;152.0;205.0;34.0;39.0;37.0;42.0;25.0
5658;UNIVERSIDAD NACIONAL DE COLOMBIA;UNIVERSIDAD NACIONAL DE COLOMBIA-BOGOTÁ D.C.;MEDICINA;MEDICINA;BOGOTÁ;BOGOTÁ D.C.;271;188.0;194.0;193.0;190.0;160.0;204.0;23.0;25.0;28.0;33.0;35.0
3033;UNIVERSIDAD NACIONAL DE COLOMBIA;UNIVERSIDAD NACIONAL DE COLOMBIA-BOGOTÁ D.C.;MEDICINA VETERINARIA;MEDICINA VETERINARIA;BOGOTÁ;BOGOTÁ D.C.;57;182.0;188.0;184.0;181.0;166.0;194.0;17.0;18.0;25.0;33.0;27.0
2795;UNIVERSIDAD NACIONAL DE COLOMBIA;UNIVERSIDAD NACIONAL DE COLOMBIA-BOGOTÁ D.C.;MUSICA;MÚSICA;BOGOTÁ;BOGOTÁ D.C.;6;155.0;166.0;135.0;147.0;160.0;168.0;24.0;34.0;36.0;20.0;41.0
1920;UNIVERSIDAD NACIONAL DE COLOMBIA;UNIVERSIDAD NACIONAL DE COLOMBIA-BOGOTÁ D.C.;MUSICA INSTRUMENTAL;MÚSICA;BOGOTÁ;BOGOTÁ D.C.;31;156.0;162.0;149.0;141.0;155.0;172.0;31.0;35.0;37.0;40.0;26.0
2645;UNIVERSIDAD NACIONAL DE COLOMBIA;UNIVERSIDAD NACIONAL DE COLOMBIA-BOGOTÁ D.C.;NUTRICION Y DIETETICA;NUTRICIÓN Y DIETÉTICA;BOGOTÁ;BOGOTÁ D.C.;96;176.0;182.0;176.0;175.0;168.0;177.0;25.0;21.0;29.0;34.0;25.0
2208;UNIVERSIDAD NACIONAL DE COLOMBIA;UNIVERSIDAD NACIONAL DE COLOMBIA-BOGOTÁ D.C.;ODONTOLOGIA;ODONTOLOGÍA;BOGOTÁ;BOGOTÁ D.C.;135;174.0;179.0;172.0;174.0;162.0;185.0;22.0;22.0;32.0;34.0;25.0
55;UNIVERSIDAD NACIONAL DE COLOMBIA;UNIVERSIDAD NACIONAL DE COLOMBIA-BOGOTÁ D.C.;PSICOLOGIA;PSICOLOGÍA;BOGOTÁ;BOGOTÁ D.C.;115;185.0;193.0;177.0;187.0;165.0;205.0;30.0;25.0;27.0;29.0;43.0
93;UNIVERSIDAD NACIONAL DE COLOMBIA;UNIVERSIDAD NACIONAL DE COLOMBIA-BOGOTÁ D.C.;QUIMICA;QUÍMICA Y AFINES;BOGOTÁ;BOGOTÁ D.C.;56;188.0;195.0;207.0;187.0;151.0;199.0;17.0;23.0;28.0;42.0;28.0
6948;UNIVERSIDAD NACIONAL DE COLOMBIA;UNIVERSIDAD NACIONAL DE COLOMBIA-BOGOTÁ D.C.;SOCIOLOGIA;SOCIOLOGÍA, TRABAJO SOCIAL Y AFINES;BOGOTÁ;BOGOTÁ D.C.;79;178.0;190.0;167.0;184.0;163.0;187.0;19.0;26.0;27.0;48.0;30.0
4167;UNIVERSIDAD NACIONAL DE COLOMBIA;UNIVERSIDAD NACIONAL DE COLOMBIA-BOGOTÁ D.C.;TERAPIA OCUPACIONAL;TERAPIAS;BOGOTÁ;BOGOTÁ D.C.;31;169.0;178.0;159.0;176.0;155.0;175.0;21.0;22.0;21.0;25.0;25.0
3668;UNIVERSIDAD NACIONAL DE COLOMBIA;UNIVERSIDAD NACIONAL DE COLOMBIA-BOGOTÁ D.C.;TRABAJO SOCIAL;SOCIOLOGÍA, TRABAJO SOCIAL Y AFINES;BOGOTÁ;BOGOTÁ D.C.;80;175.0;185.0;161.0;181.0;169.0;178.0;25.0;27.0;29.0;31.0;24.0
91;UNIVERSIDAD NACIONAL DE COLOMBIA;UNIVERSIDAD NACIONAL DE COLOMBIA-PALMIRA;ZOOTECNIA;ZOOTECNIA;VALLE;PALMIRA;64;144.0;147.0;141.0;138.0;149.0;145.0;23.0;21.0;26.0;30.0;25.0
4168;UNIVERSIDAD NACIONAL DE COLOMBIA;UNIVERSIDAD NACIONAL DE COLOMBIA-BOGOTÁ D.C.;ZOOTECNIA;ZOOTECNIA;BOGOTÁ;BOGOTÁ D.C.;44;170.0;176.0;178.0;166.0;157.0;175.0;22.0;17.0;31.0;21.0;40.0
6355;UNIVERSIDAD NACIONAL DE COLOMBIA;UNIVERSIDAD NACIONAL DE COLOMBIA-MEDELLIN;ZOOTECNIA;ZOOTECNIA;ANTIOQUIA;MEDELLÍN;23;166.0;174.0;171.0;159.0;155.0;170.0;23.0;20.0;31.0;24.0;20.0
3087;UNIVERSIDAD PEDAGOGICA NACIONAL;UNIVERSIDAD PEDAGOGICA NACIONAL-BOGOTÁ D.C.;LICENCIATURA EN ARTES ESCENICAS;EDUCACIÓN;BOGOTÁ;BOGOTÁ D.C.;44;153.0;162.0;138.0;148.0;155.0;161.0;21.0;23.0;27.0;35.0;20.0
4904;UNIVERSIDAD PEDAGOGICA NACIONAL;UNIVERSIDAD PEDAGOGICA NACIONAL-BOGOTÁ D.C.;LICENCIATURA EN ARTES VISUALES;EDUCACIÓN;BOGOTÁ;BOGOTÁ D.C.;57;157.0;171.0;139.0;160.0;147.0;166.0;21.0;27.0;29.0;31.0;30.0
3247;UNIVERSIDAD PEDAGOGICA NACIONAL;UNIVERSIDAD PEDAGOGICA NACIONAL-BOGOTÁ D.C.;LICENCIATURA EN BIOLOGIA;EDUCACIÓN;BOGOTÁ;BOGOTÁ D.C.;57;154.0;165.0;148.0;152.0;154.0;151.0;18.0;21.0;28.0;36.0;24.0
25602;UNIVERSIDAD PEDAGOGICA NACIONAL;UNIVERSIDAD PEDAGOGICA NACIONAL-BOGOTÁ D.C.;LICENCIATURA EN CIENCIAS NATURALES Y EDUCACIÓN AMBIENTAL;EDUCACIÓN;BOGOTÁ;BOGOTÁ D.C.;21;149.0;166.0;144.0;148.0;142.0;146.0;24.0;28.0;29.0;24.0;40.0
9474;UNIVERSIDAD PEDAGOGICA NACIONAL;UNIVERSIDAD PEDAGOGICA NACIONAL-BOGOTÁ D.C.;LICENCIATURA EN CIENCIAS SOCIALES;EDUCACIÓN;BOGOTÁ;BOGOTÁ D.C.;136;163.0;178.0;143.0;173.0;162.0;158.0;21.0;24.0;28.0;42.0;25.0
3897;UNIVERSIDAD PEDAGOGICA NACIONAL;UNIVERSIDAD PEDAGOGICA NACIONAL-BOGOTÁ D.C.;LICENCIATURA EN DEPORTE;EDUCACIÓN;BOGOTÁ;BOGOTÁ D.C.;75;157.0;160.0;156.0;153.0;153.0;160.0;26.0;24.0;30.0;36.0;23.0
4872;UNIVERSIDAD PEDAGOGICA NACIONAL;UNIVERSIDAD PEDAGOGICA NACIONAL-BOGOTÁ D.C.;LICENCIATURA EN DISEÑO TECNOLOGICO CON ENFASIS EN SISTEMAS MECANICOS;EDUCACIÓN;BOGOTÁ;BOGOTÁ D.C.;26;154.0;160.0;151.0;146.0;150.0;161.0;28.0;25.0;28.0;39.0;28.0
9816;UNIVERSIDAD PEDAGOGICA NACIONAL;UNIVERSIDAD PEDAGOGICA NACIONAL-BOGOTÁ D.C.;LICENCIATURA EN EDUCACION COMUNITARIA;EDUCACIÓN;BOGOTÁ;BOGOTÁ D.C.;57;153.0;167.0;129.0;162.0;155.0;154.0;28.0;23.0;29.0;34.0;30.0
1229;UNIVERSIDAD PEDAGOGICA NACIONAL;UNIVERSIDAD PEDAGOGICA NACIONAL-BOGOTÁ D.C.;LICENCIATURA EN EDUCACION COMUNITARIA CON ENFASIS EN DERECHOS HUMANOS;EDUCACIÓN;BOGOTÁ;BOGOTÁ D.C.;1;143.0;141.0;146.0;144.0;174.0;109.0;0.0;0.0;0.0;0.0;0.0
9568;UNIVERSIDAD PEDAGOGICA NACIONAL;UNIVERSIDAD PEDAGOGICA NACIONAL-BOGOTÁ D.C.;LICENCIATURA EN EDUCACION ESPECIAL;EDUCACIÓN;BOGOTÁ;BOGOTÁ D.C.;67;153.0;165.0;139.0;157.0;153.0;151.0;24.0;23.0;25.0;34.0;21.0
3762;UNIVERSIDAD PEDAGOGICA NACIONAL;UNIVERSIDAD PEDAGOGICA NACIONAL-BOGOTÁ D.C.;LICENCIATURA EN EDUCACION FISICA;EDUCACIÓN;BOGOTÁ;BOGOTÁ D.C.;126;149.0;157.0;147.0;149.0;147.0;147.0;22.0;21.0;23.0;32.0;23.0
6493;UNIVERSIDAD PEDAGOGICA NACIONAL;UNIVERSIDAD PEDAGOGICA NACIONAL-BOGOTÁ D.C.;LICENCIATURA EN EDUCACION INFANTIL;EDUCACIÓN;BOGOTÁ;BOGOTÁ D.C.;126;152.0;161.0;139.0;150.0;157.0;152.0;23.0;24.0;26.0;27.0;28.0
15730;UNIVERSIDAD PEDAGOGICA NACIONAL;UNIVERSIDAD PEDAGOGICA NACIONAL-BOGOTÁ D.C.;LICENCIATURA EN EDUCACIÓN BÁSICA PRIMARIA;EDUCACIÓN;BOGOTÁ;BOGOTÁ D.C.;18;141.0;150.0;134.0;127.0;152.0;143.0;21.0;27.0;36.0;24.0;15.0
4370;UNIVERSIDAD PEDAGOGICA NACIONAL;UNIVERSIDAD PEDAGOGICA NACIONAL-BOGOTÁ D.C.;LICENCIATURA EN ELECTRONICA;EDUCACIÓN;BOGOTÁ;BOGOTÁ D.C.;20;148.0;155.0;162.0;141.0;135.0;145.0;24.0;25.0;24.0;39.0;24.0
9619;UNIVERSIDAD PEDAGOGICA NACIONAL;UNIVERSIDAD PEDAGOGICA NACIONAL-BOGOTÁ D.C.;LICENCIATURA EN ESPAÑOL E INGLES;EDUCACIÓN;BOGOTÁ;BOGOTÁ D.C.;63;173.0;182.0;142.0;163.0;171.0;204.0;16.0;23.0;25.0;43.0;28.0
9481;UNIVERSIDAD PEDAGOGICA NACIONAL;UNIVERSIDAD PEDAGOGICA NACIONAL-BOGOTÁ D.C.;LICENCIATURA EN ESPAÑOL Y LENGUAS EXTRANJERAS;EDUCACIÓN;BOGOTÁ;BOGOTÁ D.C.;46;179.0;191.0;152.0;171.0;172.0;210.0;25.0;27.0;28.0;34.0;26.0
2938;UNIVERSIDAD PEDAGOGICA NACIONAL;UNIVERSIDAD PEDAGOGICA NACIONAL-BOGOTÁ D.C.;LICENCIATURA EN FILOSOFIA;EDUCACIÓN;BOGOTÁ;BOGOTÁ D.C.;33;168.0;184.0;142.0;163.0;181.0;173.0;20.0;25.0;29.0;51.0;24.0
3865;UNIVERSIDAD PEDAGOGICA NACIONAL;UNIVERSIDAD PEDAGOGICA NACIONAL-BOGOTÁ D.C.;LICENCIATURA EN FISICA;EDUCACIÓN;BOGOTÁ;BOGOTÁ D.C.;31;163.0;169.0;172.0;157.0;152.0;164.0;21.0;26.0;29.0;24.0;28.0
2431;UNIVERSIDAD PEDAGOGICA NACIONAL;UNIVERSIDAD PEDAGOGICA NACIONAL-BOGOTÁ D.C.;LICENCIATURA EN MATEMATICAS;EDUCACIÓN;BOGOTÁ;BOGOTÁ D.C.;31;167.0;170.0;191.0;155.0;155.0;164.0;39.0;16.0;36.0;27.0;20.0
2853;UNIVERSIDAD PEDAGOGICA NACIONAL;UNIVERSIDAD PEDAGOGICA NACIONAL-BOGOTÁ D.C.;LICENCIATURA EN MUSICA;EDUCACIÓN;BOGOTÁ;BOGOTÁ D.C.;67;159.0;167.0;147.0;153.0;155.0;171.0;30.0;30.0;33.0;42.0;33.0
254;UNIVERSIDAD PEDAGOGICA NACIONAL;UNIVERSIDAD PEDAGOGICA NACIONAL-BOGOTÁ D.C.;LICENCIATURA EN QUIMICA;EDUCACIÓN;BOGOTÁ;BOGOTÁ D.C.;41;162.0;161.0;166.0;157.0;160.0;163.0;26.0;17.0;29.0;34.0;22.0
9768;UNIVERSIDAD PEDAGOGICA NACIONAL;UNIVERSIDAD PEDAGOGICA NACIONAL-BOGOTÁ D.C.;LICENCIATURA EN RECREACIÓN;EDUCACIÓN;BOGOTÁ;BOGOTÁ D.C.;29;144.0;150.0;137.0;140.0;151.0;144.0;29.0;24.0;26.0;25.0;29.0
25603;UNIVERSIDAD PEDAGOGICA NACIONAL;UNIVERSIDAD PEDAGOGICA NACIONAL-BOGOTÁ D.C.;LICENCIATURA EN TECNOLOGÍA;EDUCACIÓN;BOGOTÁ;BOGOTÁ D.C.;10;132.0;142.0;150.0;110.0;132.0;128.0;34.0;25.0;48.0;52.0;48.0
19833;UNIVERSIDAD PEDAGOGICA NACIONAL;UNIVERSIDAD PEDAGOGICA NACIONAL-BOGOTÁ D.C.;PEDAGOGÍA;EDUCACIÓN;BOGOTÁ;BOGOTÁ D.C.;42;153.0;164.0;135.0;152.0;160.0;155.0;24.0;25.0;27.0;52.0;24.0
1835;UNIVERSIDAD PEDAGOGICA Y TECNOLOGICA DE COLOMBIA;UNIVERSIDAD PEDAGOGICA Y TECNOLOGICA DE COLOMBIA-TUNJA;ADMINISTRACION DE EMPRESAS;ADMINISTRACIÓN;BOYACA;TUNJA;122;159.0;163.0;160.0;158.0;152.0;164.0;20.0;21.0;25.0;27.0;22.0
4234;UNIVERSIDAD PEDAGOGICA Y TECNOLOGICA DE COLOMBIA;UNIVERSIDAD PEDAGOGICA Y TECNOLOGICA DE COLOMBIA-CHIQUINQUIRA;ADMINISTRACION DE EMPRESAS;ADMINISTRACIÓN;BOYACA;CHIQUINQUIRÁ;42;153.0;155.0;153.0;150.0;163.0;141.0;22.0;25.0;26.0;38.0;26.0
6875;UNIVERSIDAD PEDAGOGICA Y TECNOLOGICA DE COLOMBIA;UNIVERSIDAD PEDAGOGICA Y TECNOLOGICA DE COLOMBIA-SOGAMOSO;ADMINISTRACION DE EMPRESAS;ADMINISTRACIÓN;BOYACA;SOGAMOSO;52;155.0;158.0;151.0;152.0;154.0;158.0;24.0;22.0;29.0;38.0;20.0
5616;UNIVERSIDAD PEDAGOGICA Y TECNOLOGICA DE COLOMBIA;UNIVERSIDAD PEDAGOGICA Y TECNOLOGICA DE COLOMBIA-DUITAMA;ADMINISTRACION DE EMPRESAS AGROPECUARIAS;ADMINISTRACIÓN;BOYACA;DUITAMA;45;146.0;152.0;138.0;141.0;148.0;149.0;20.0;18.0;26.0;37.0;20.0
15751;UNIVERSIDAD PEDAGOGICA Y TECNOLOGICA DE COLOMBIA;UNIVERSIDAD PEDAGOGICA Y TECNOLOGICA DE COLOMBIA-DUITAMA;ADMINISTRACION DE EMPRESAS AGROPECUARIAS;ADMINISTRACIÓN;BOYACA;DUITAMA;1;127.0;105.0;154.0;113.0;122.0;141.0;0.0;0.0;0.0;0.0;0.0
1994;UNIVERSIDAD PEDAGOGICA Y TECNOLOGICA DE COLOMBIA;UNIVERSIDAD PEDAGOGICA Y TECNOLOGICA DE COLOMBIA-DUITAMA;ADMINISTRACION INDUSTRIAL;ADMINISTRACIÓN;BOYACA;DUITAMA;60;153.0;154.0;157.0;146.0;153.0;155.0;25.0;19.0;22.0;23.0;18.0
3101;UNIVERSIDAD PEDAGOGICA Y TECNOLOGICA DE COLOMBIA;UNIVERSIDAD PEDAGOGICA Y TECNOLOGICA DE COLOMBIA-DUITAMA;ADMINISTRACION TURISTICA Y HOTELERA;ADMINISTRACIÓN;BOYACA;DUITAMA;71;152.0;158.0;144.0;146.0;148.0;164.0;22.0;23.0;25.0;29.0;20.0
8791;UNIVERSIDAD PEDAGOGICA Y TECNOLOGICA DE COLOMBIA;UNIVERSIDAD PEDAGOGICA Y TECNOLOGICA DE COLOMBIA-TUNJA;ADMINISTRACIÓN AGROINDUSTRIAL;AGRONOMÍA;BOYACA;TUNJA;8;141.0;144.0;140.0;132.0;154.0;136.0;24.0;23.0;28.0;24.0;19.0
8904;UNIVERSIDAD PEDAGOGICA Y TECNOLOGICA DE COLOMBIA;UNIVERSIDAD PEDAGOGICA Y TECNOLOGICA DE COLOMBIA-TUNJA;ADMINISTRACIÓN COMERCIAL Y FINANCIERA;ADMINISTRACIÓN;BOYACA;TUNJA;191;139.0;141.0;133.0;136.0;143.0;141.0;23.0;26.0;28.0;32.0;22.0
7339;UNIVERSIDAD PEDAGOGICA Y TECNOLOGICA DE COLOMBIA;UNIVERSIDAD PEDAGOGICA Y TECNOLOGICA DE COLOMBIA-TUNJA;ADMINISTRACIÓN DE SERVICIOS DE SALUD;ADMINISTRACIÓN;BOYACA;TUNJA;124;137.0;140.0;129.0;134.0;148.0;134.0;22.0;24.0;27.0;32.0;22.0
20656;UNIVERSIDAD PEDAGOGICA Y TECNOLOGICA DE COLOMBIA;UNIVERSIDAD PEDAGOGICA Y TECNOLOGICA DE COLOMBIA-TUNJA;ARQUITECTURA;ARQUITECTURA;BOYACA;TUNJA;43;163.0;168.0;169.0;153.0;147.0;177.0;35.0;24.0;40.0;41.0;29.0
25289;UNIVERSIDAD PEDAGOGICA Y TECNOLOGICA DE COLOMBIA;UNIVERSIDAD PEDAGOGICA Y TECNOLOGICA DE COLOMBIA-TUNJA;ARTES PLÁSTICAS Y VISUALES;ARTES PLÁSTICAS, VISUALES Y AFINES;BOYACA;TUNJA;28;165.0;174.0;158.0;164.0;150.0;177.0;26.0;29.0;26.0;24.0;18.0
94;UNIVERSIDAD PEDAGOGICA Y TECNOLOGICA DE COLOMBIA;UNIVERSIDAD PEDAGOGICA Y TECNOLOGICA DE COLOMBIA-TUNJA;BIOLOGIA;BIOLOGÍA, MICROBIOLOGÍA Y AFINES;BOYACA;TUNJA;67;169.0;178.0;164.0;165.0;165.0;175.0;22.0;22.0;27.0;28.0;17.0
1763;UNIVERSIDAD PEDAGOGICA Y TECNOLOGICA DE COLOMBIA;UNIVERSIDAD PEDAGOGICA Y TECNOLOGICA DE COLOMBIA-CHIQUINQUIRA;CONTADURIA PUBLICA;CONTADURÍA PUBLICA;BOYACA;CHIQUINQUIRÁ;55;153.0;147.0;151.0;147.0;168.0;151.0;24.0;24.0;30.0;38.0;21.0
6109;UNIVERSIDAD PEDAGOGICA Y TECNOLOGICA DE COLOMBIA;UNIVERSIDAD PEDAGOGICA Y TECNOLOGICA DE COLOMBIA-TUNJA;CONTADURIA PUBLICA;CONTADURÍA PUBLICA;BOYACA;TUNJA;86;155.0;157.0;162.0;155.0;149.0;152.0;20.0;26.0;26.0;30.0;20.0
7039;UNIVERSIDAD PEDAGOGICA Y TECNOLOGICA DE COLOMBIA;UNIVERSIDAD PEDAGOGICA Y TECNOLOGICA DE COLOMBIA-SOGAMOSO;CONTADURIA PUBLICA;CONTADURÍA PUBLICA;BOYACA;SOGAMOSO;65;160.0;165.0;164.0;163.0;149.0;157.0;21.0;16.0;23.0;30.0;19.0
7521;UNIVERSIDAD PEDAGOGICA Y TECNOLOGICA DE COLOMBIA;UNIVERSIDAD PEDAGOGICA Y TECNOLOGICA DE COLOMBIA-TUNJA;DERECHO;DERECHO Y AFINES;BOYACA;TUNJA;42;157.0;171.0;144.0;176.0;141.0;153.0;21.0;23.0;23.0;40.0;23.0
8636;UNIVERSIDAD PEDAGOGICA Y TECNOLOGICA DE COLOMBIA;UNIVERSIDAD PEDAGOGICA Y TECNOLOGICA DE COLOMBIA-TUNJA;DERECHO;DERECHO Y AFINES;BOYACA;TUNJA;130;170.0;179.0;151.0;184.0;164.0;171.0;24.0;27.0;25.0;36.0;22.0
2395;UNIVERSIDAD PEDAGOGICA Y TECNOLOGICA DE COLOMBIA;UNIVERSIDAD PEDAGOGICA Y TECNOLOGICA DE COLOMBIA-DUITAMA;DISEÑO INDUSTRIAL;DISEÑO;BOYACA;DUITAMA;67;163.0;167.0;160.0;161.0;154.0;170.0;21.0;25.0;20.0;35.0;21.0
6402;UNIVERSIDAD PEDAGOGICA Y TECNOLOGICA DE COLOMBIA;UNIVERSIDAD PEDAGOGICA Y TECNOLOGICA DE COLOMBIA-TUNJA;ECONOMIA;ECONOMÍA;BOYACA;TUNJA;86;165.0;168.0;164.0;171.0;158.0;165.0;23.0;27.0;28.0;29.0;24.0
2652;UNIVERSIDAD PEDAGOGICA Y TECNOLOGICA DE COLOMBIA;UNIVERSIDAD PEDAGOGICA Y TECNOLOGICA DE COLOMBIA-TUNJA;ENFERMERIA;ENFERMERÍA;BOYACA;TUNJA;41;170.0;178.0;167.0;179.0;160.0;168.0;19.0;18.0;24.0;23.0;22.0
8473;UNIVERSIDAD PEDAGOGICA Y TECNOLOGICA DE COLOMBIA;UNIVERSIDAD PEDAGOGICA Y TECNOLOGICA DE COLOMBIA-SOGAMOSO;FINANZAS Y COMERCIO INTERNACIONAL;ECONOMÍA;BOYACA;SOGAMOSO;62;167.0;171.0;163.0;166.0;154.0;180.0;19.0;19.0;28.0;30.0;19.0
5603;UNIVERSIDAD PEDAGOGICA Y TECNOLOGICA DE COLOMBIA;UNIVERSIDAD PEDAGOGICA Y TECNOLOGICA DE COLOMBIA-TUNJA;FISICA;FÍSICA;BOYACA;TUNJA;22;178.0;184.0;196.0;169.0;156.0;185.0;16.0;18.0;21.0;21.0;17.0
4786;UNIVERSIDAD PEDAGOGICA Y TECNOLOGICA DE COLOMBIA;UNIVERSIDAD PEDAGOGICA Y TECNOLOGICA DE COLOMBIA-TUNJA;INGENIERIA AGRONÓMICA;INGENIERÍA AGRONÓMICA, PECUARIA Y AFINES;BOYACA;TUNJA;78;161.0;167.0;165.0;156.0;153.0;164.0;22.0;21.0;27.0;29.0;21.0
6712;UNIVERSIDAD PEDAGOGICA Y TECNOLOGICA DE COLOMBIA;UNIVERSIDAD PEDAGOGICA Y TECNOLOGICA DE COLOMBIA-TUNJA;INGENIERIA AMBIENTAL;INGENIERÍA AMBIENTAL, SANITARIA Y AFINES;BOYACA;TUNJA;84;167.0;168.0;174.0;162.0;157.0;172.0;23.0;23.0;25.0;34.0;19.0
910;UNIVERSIDAD PEDAGOGICA Y TECNOLOGICA DE COLOMBIA;UNIVERSIDAD PEDAGOGICA Y TECNOLOGICA DE COLOMBIA-TUNJA;INGENIERIA CIVIL;INGENIERÍA CIVIL Y AFINES;BOYACA;TUNJA;80;173.0;171.0;194.0;169.0;156.0;174.0;22.0;20.0;27.0;27.0;21.0
5965;UNIVERSIDAD PEDAGOGICA Y TECNOLOGICA DE COLOMBIA;UNIVERSIDAD PEDAGOGICA Y TECNOLOGICA DE COLOMBIA-SOGAMOSO;INGENIERIA DE MINAS;INGENIERÍA DE MINAS, METALURGIA Y AFINES;BOYACA;SOGAMOSO;28;155.0;157.0;170.0;157.0;134.0;159.0;27.0;23.0;24.0;39.0;21.0
1766;UNIVERSIDAD PEDAGOGICA Y TECNOLOGICA DE COLOMBIA;UNIVERSIDAD PEDAGOGICA Y TECNOLOGICA DE COLOMBIA-TUNJA;INGENIERIA DE SISTEMAS Y COMPUTACION;INGENIERÍA DE SISTEMAS, TELEMÁTICA Y AFINES;BOYACA;TUNJA;73;172.0;171.0;184.0;161.0;155.0;188.0;27.0;25.0;29.0;35.0;17.0
8554;UNIVERSIDAD PEDAGOGICA Y TECNOLOGICA DE COLOMBIA;UNIVERSIDAD PEDAGOGICA Y TECNOLOGICA DE COLOMBIA-TUNJA;INGENIERIA DE SISTEMAS Y COMPUTACION;INGENIERÍA DE SISTEMAS, TELEMÁTICA Y AFINES;BOYACA;TUNJA;41;166.0;168.0;179.0;155.0;153.0;174.0;23.0;17.0;26.0;23.0;18.0
158;UNIVERSIDAD PEDAGOGICA Y TECNOLOGICA DE COLOMBIA;UNIVERSIDAD PEDAGOGICA Y TECNOLOGICA DE COLOMBIA-TUNJA;INGENIERIA DE TRANSPORTE Y VIAS;INGENIERÍA CIVIL Y AFINES;BOYACA;TUNJA;63;164.0;165.0;182.0;159.0;154.0;162.0;24.0;22.0;23.0;25.0;21.0
4683;UNIVERSIDAD PEDAGOGICA Y TECNOLOGICA DE COLOMBIA;UNIVERSIDAD PEDAGOGICA Y TECNOLOGICA DE COLOMBIA-DUITAMA;INGENIERIA ELECTROMECANICA;OTRAS INGENIERÍAS;BOYACA;DUITAMA;54;169.0;166.0;191.0;160.0;155.0;171.0;26.0;22.0;32.0;30.0;23.0
3038;UNIVERSIDAD PEDAGOGICA Y TECNOLOGICA DE COLOMBIA;UNIVERSIDAD PEDAGOGICA Y TECNOLOGICA DE COLOMBIA-SOGAMOSO;INGENIERIA ELECTRONICA;INGENIERÍA ELECTRÓNICA, TELECOMUNICACIONES Y AFINES;BOYACA;SOGAMOSO;67;169.0;168.0;189.0;161.0;150.0;176.0;24.0;18.0;28.0;27.0;17.0
8412;UNIVERSIDAD PEDAGOGICA Y TECNOLOGICA DE COLOMBIA;UNIVERSIDAD PEDAGOGICA Y TECNOLOGICA DE COLOMBIA-SOGAMOSO;INGENIERIA ELECTRONICA;INGENIERÍA ELECTRÓNICA, TELECOMUNICACIONES Y AFINES;BOYACA;SOGAMOSO;14;170.0;166.0;193.0;146.0;163.0;180.0;27.0;33.0;36.0;45.0;22.0
1345;UNIVERSIDAD PEDAGOGICA Y TECNOLOGICA DE COLOMBIA;UNIVERSIDAD PEDAGOGICA Y TECNOLOGICA DE COLOMBIA-SOGAMOSO;INGENIERIA GEOLOGICA;INGENIERÍA CIVIL Y AFINES;BOYACA;SOGAMOSO;34;170.0;170.0;179.0;169.0;157.0;175.0;23.0;21.0;27.0;23.0;33.0
4684;UNIVERSIDAD PEDAGOGICA Y TECNOLOGICA DE COLOMBIA;UNIVERSIDAD PEDAGOGICA Y TECNOLOGICA DE COLOMBIA-SOGAMOSO;INGENIERIA INDUSTRIAL;INGENIERÍA INDUSTRIAL Y AFINES;BOYACA;SOGAMOSO;46;164.0;167.0;177.0;155.0;152.0;169.0;22.0;24.0;27.0;38.0;20.0
159;UNIVERSIDAD PEDAGOGICA Y TECNOLOGICA DE COLOMBIA;UNIVERSIDAD PEDAGOGICA Y TECNOLOGICA DE COLOMBIA-TUNJA;INGENIERIA METALURGICA;OTRAS INGENIERÍAS;BOYACA;TUNJA;38;159.0;152.0;168.0;152.0;156.0;167.0;24.0;21.0;22.0;33.0;18.0
145;UNIVERSIDAD PEDAGOGICA Y TECNOLOGICA DE COLOMBIA;UNIVERSIDAD PEDAGOGICA Y TECNOLOGICA DE COLOMBIA-TUNJA;LICENCIATURA EN CIENCIAS NATURALES Y EDUCACION AMBIENTAL;EDUCACIÓN;BOYACA;TUNJA;50;157.0;161.0;153.0;154.0;160.0;158.0;24.0;25.0;23.0;38.0;18.0
5206;UNIVERSIDAD PEDAGOGICA Y TECNOLOGICA DE COLOMBIA;UNIVERSIDAD PEDAGOGICA Y TECNOLOGICA DE COLOMBIA-TUNJA;LICENCIATURA EN CIENCIAS SOCIALES;EDUCACIÓN;BOYACA;TUNJA;58;162.0;174.0;141.0;171.0;157.0;166.0;25.0;29.0;32.0;27.0;23.0
561;UNIVERSIDAD PEDAGOGICA Y TECNOLOGICA DE COLOMBIA;UNIVERSIDAD PEDAGOGICA Y TECNOLOGICA DE COLOMBIA-TUNJA;LICENCIATURA EN EDUCACION BASICA CON ENFASIS EN MATEMATICA HUMANIDADES Y LENGUA CASTELLANA;EDUCACIÓN;BOYACA;TUNJA;3;157.0;169.0;158.0;158.0;145.0;157.0;3.0;29.0;20.0;29.0;19.0
15736;UNIVERSIDAD PEDAGOGICA Y TECNOLOGICA DE COLOMBIA;UNIVERSIDAD PEDAGOGICA Y TECNOLOGICA DE COLOMBIA-TUNJA;LICENCIATURA EN EDUCACION BASICA PRIMARIA;EDUCACIÓN;BOYACA;TUNJA;305;142.0;145.0;138.0;136.0;150.0;142.0;24.0;24.0;27.0;28.0;20.0
4796;UNIVERSIDAD PEDAGOGICA Y TECNOLOGICA DE COLOMBIA;UNIVERSIDAD PEDAGOGICA Y TECNOLOGICA DE COLOMBIA-TUNJA;LICENCIATURA EN EDUCACION FISICA,RECREACION Y DEPORTE;EDUCACIÓN;BOYACA;TUNJA;102;151.0;156.0;150.0;145.0;150.0;154.0;23.0;21.0;22.0;24.0;21.0
477;UNIVERSIDAD PEDAGOGICA Y TECNOLOGICA DE COLOMBIA;UNIVERSIDAD PEDAGOGICA Y TECNOLOGICA DE COLOMBIA-TUNJA;LICENCIATURA EN EDUCACION PREESCOLAR;EDUCACIÓN;BOYACA;TUNJA;72;149.0;154.0;142.0;145.0;155.0;149.0;22.0;24.0;25.0;29.0;18.0
775;UNIVERSIDAD PEDAGOGICA Y TECNOLOGICA DE COLOMBIA;UNIVERSIDAD PEDAGOGICA Y TECNOLOGICA DE COLOMBIA-TUNJA;LICENCIATURA EN EDUCACIÓN FÍSICA, RECREACIÓN Y DEPORTE;EDUCACIÓN;BOYACA;TUNJA;49;143.0;144.0;138.0;134.0;152.0;145.0;21.0;24.0;25.0;39.0;18.0
6966;UNIVERSIDAD PEDAGOGICA Y TECNOLOGICA DE COLOMBIA;UNIVERSIDAD PEDAGOGICA Y TECNOLOGICA DE COLOMBIA-TUNJA;LICENCIATURA EN FILOSOFIA;EDUCACIÓN;BOYACA;TUNJA;42;159.0;172.0;140.0;160.0;158.0;165.0;26.0;25.0;32.0;33.0;20.0
5646;UNIVERSIDAD PEDAGOGICA Y TECNOLOGICA DE COLOMBIA;UNIVERSIDAD PEDAGOGICA Y TECNOLOGICA DE COLOMBIA-TUNJA;LICENCIATURA EN IDIOMAS MODERNOS ESPAÑOL- INGLES;EDUCACIÓN;BOYACA;TUNJA;3;168.0;170.0;147.0;175.0;154.0;195.0;1.0;28.0;25.0;23.0;16.0
1104;UNIVERSIDAD PEDAGOGICA Y TECNOLOGICA DE COLOMBIA;UNIVERSIDAD PEDAGOGICA Y TECNOLOGICA DE COLOMBIA-TUNJA;LICENCIATURA EN INFORMATICA EDUCATIVA;EDUCACIÓN;BOYACA;TUNJA;1;111.0;122.0;85.0;89.0;147.0;112.0;0.0;0.0;0.0;0.0;0.0
24786;UNIVERSIDAD PEDAGOGICA Y TECNOLOGICA DE COLOMBIA;UNIVERSIDAD PEDAGOGICA Y TECNOLOGICA DE COLOMBIA-TUNJA;LICENCIATURA EN INFORMÁTICA;EDUCACIÓN;BOYACA;TUNJA;32;149.0;156.0;148.0;143.0;140.0;156.0;21.0;24.0;30.0;44.0;22.0
7243;UNIVERSIDAD PEDAGOGICA Y TECNOLOGICA DE COLOMBIA;UNIVERSIDAD PEDAGOGICA Y TECNOLOGICA DE COLOMBIA-TUNJA;LICENCIATURA EN INFORMÁTICA Y TECNOLOGÍA;EDUCACIÓN;BOYACA;TUNJA;1;140.0;138.0;126.0;162.0;158.0;116.0;0.0;0.0;0.0;0.0;0.0
5203;UNIVERSIDAD PEDAGOGICA Y TECNOLOGICA DE COLOMBIA;UNIVERSIDAD PEDAGOGICA Y TECNOLOGICA DE COLOMBIA-TUNJA;LICENCIATURA EN LENGUAS EXTRANJERAS;EDUCACIÓN;BOYACA;TUNJA;69;179.0;182.0;160.0;173.0;164.0;215.0;23.0;25.0;24.0;22.0;30.0
24940;UNIVERSIDAD PEDAGOGICA Y TECNOLOGICA DE COLOMBIA;UNIVERSIDAD PEDAGOGICA Y TECNOLOGICA DE COLOMBIA-TUNJA;LICENCIATURA EN LENGUAS MODERNAS, CON ÉNFASIS EN  INGLÉS;EDUCACIÓN;BOYACA;TUNJA;33;175.0;178.0;143.0;171.0;168.0;213.0;17.0;27.0;19.0;22.0;30.0
25450;UNIVERSIDAD PEDAGOGICA Y TECNOLOGICA DE COLOMBIA;UNIVERSIDAD PEDAGOGICA Y TECNOLOGICA DE COLOMBIA-TUNJA;LICENCIATURA EN LITERATURA Y LENGUA CASTELLANA;EDUCACIÓN;BOYACA;TUNJA;47;163.0;178.0;142.0;166.0;160.0;168.0;18.0;25.0;22.0;39.0;23.0
3129;UNIVERSIDAD PEDAGOGICA Y TECNOLOGICA DE COLOMBIA;UNIVERSIDAD PEDAGOGICA Y TECNOLOGICA DE COLOMBIA-TUNJA;LICENCIATURA EN MATEMATICAS;EDUCACIÓN;BOYACA;TUNJA;53;152.0;154.0;176.0;137.0;151.0;144.0;22.0;23.0;28.0;26.0;23.0
20657;UNIVERSIDAD PEDAGOGICA Y TECNOLOGICA DE COLOMBIA;UNIVERSIDAD PEDAGOGICA Y TECNOLOGICA DE COLOMBIA-DUITAMA;LICENCIATURA EN MATEMATICAS;EDUCACIÓN;BOYACA;DUITAMA;28;155.0;153.0;182.0;136.0;146.0;157.0;24.0;17.0;31.0;35.0;23.0
634;UNIVERSIDAD PEDAGOGICA Y TECNOLOGICA DE COLOMBIA;UNIVERSIDAD PEDAGOGICA Y TECNOLOGICA DE COLOMBIA-TUNJA;LICENCIATURA EN MUSICA;EDUCACIÓN;BOYACA;TUNJA;28;163.0;170.0;158.0;153.0;161.0;172.0;24.0;23.0;32.0;38.0;18.0
1516;UNIVERSIDAD PEDAGOGICA Y TECNOLOGICA DE COLOMBIA;UNIVERSIDAD PEDAGOGICA Y TECNOLOGICA DE COLOMBIA-TUNJA;LICENCIATURA EN PSICOPEDAGOGIA CON ENFASIS EN ASESORIA EDUCATIVA;EDUCACIÓN;BOYACA;TUNJA;64;153.0;166.0;135.0;154.0;156.0;157.0;21.0;27.0;23.0;28.0;28.0
7327;UNIVERSIDAD PEDAGOGICA Y TECNOLOGICA DE COLOMBIA;UNIVERSIDAD PEDAGOGICA Y TECNOLOGICA DE COLOMBIA-DUITAMA;LICENCIATURA EN TECNOLOGIA;EDUCACIÓN;BOYACA;DUITAMA;31;149.0;152.0;153.0;141.0;153.0;143.0;24.0;23.0;26.0;35.0;21.0
6648;UNIVERSIDAD PEDAGOGICA Y TECNOLOGICA DE COLOMBIA;UNIVERSIDAD PEDAGOGICA Y TECNOLOGICA DE COLOMBIA-TUNJA;MATEMATICAS;MATEMÁTICAS, ESTADÍSTICA Y AFINES;BOYACA;TUNJA;9;172.0;170.0;206.0;157.0;154.0;171.0;30.0;37.0;46.0;13.0;27.0
6921;UNIVERSIDAD PEDAGOGICA Y TECNOLOGICA DE COLOMBIA;UNIVERSIDAD PEDAGOGICA Y TECNOLOGICA DE COLOMBIA-TUNJA;MEDICINA;MEDICINA;BOYACA;TUNJA;64;176.0;181.0;174.0;181.0;157.0;188.0;23.0;26.0;33.0;24.0;31.0
3674;UNIVERSIDAD PEDAGOGICA Y TECNOLOGICA DE COLOMBIA;UNIVERSIDAD PEDAGOGICA Y TECNOLOGICA DE COLOMBIA-TUNJA;MEDICINA VETERINARIA Y ZOOTECNIA;MEDICINA VETERINARIA;BOYACA;TUNJA;60;166.0;176.0;160.0;160.0;157.0;174.0;17.0;21.0;31.0;28.0;26.0
5108;UNIVERSIDAD PEDAGOGICA Y TECNOLOGICA DE COLOMBIA;UNIVERSIDAD PEDAGOGICA Y TECNOLOGICA DE COLOMBIA-TUNJA;PSICOLOGIA;PSICOLOGÍA;BOYACA;TUNJA;73;172.0;183.0;157.0;173.0;169.0;179.0;25.0;23.0;33.0;43.0;24.0
1194;UNIVERSIDAD PEDAGOGICA Y TECNOLOGICA DE COLOMBIA;UNIVERSIDAD PEDAGOGICA Y TECNOLOGICA DE COLOMBIA-TUNJA;QUIMICA;QUÍMICA Y AFINES;BOYACA;TUNJA;23;166.0;167.0;168.0;161.0;165.0;168.0;28.0;16.0;26.0;26.0;18.0
768;UNIVERSIDAD PONTIFICIA BOLIVARIANA;UNIVERSIDAD PONTIFICIA BOLIVARIANA-MEDELLIN;ADMINISTRACION DE EMPRESAS;ADMINISTRACIÓN;ANTIOQUIA;MEDELLÍN;18;154.0;162.0;144.0;155.0;143.0;166.0;25.0;23.0;29.0;31.0;27.0
2263;UNIVERSIDAD PONTIFICIA BOLIVARIANA;UNIVERSIDAD PONTIFICIA BOLIVARIANA-MEDELLIN;ADMINISTRACION DE EMPRESAS;ADMINISTRACIÓN;ANTIOQUIA;MEDELLÍN;32;156.0;159.0;159.0;147.0;146.0;166.0;25.0;24.0;27.0;45.0;25.0
4250;UNIVERSIDAD PONTIFICIA BOLIVARIANA;UNIVERSIDAD PONTIFICIA BOLIVARIANA-MONTERIA;ADMINISTRACION DE EMPRESAS;ADMINISTRACIÓN;CORDOBA;MONTERÍA;52;155.0;159.0;150.0;151.0;148.0;164.0;27.0;29.0;36.0;46.0;28.0
5983;UNIVERSIDAD PONTIFICIA BOLIVARIANA;UNIVERSIDAD PONTIFICIA BOLIVARIANA-BUCARAMANGA;ADMINISTRACION DE EMPRESAS;ADMINISTRACIÓN;SANTANDER;BUCARAMANGA;39;154.0;161.0;155.0;154.0;141.0;162.0;26.0;29.0;33.0;48.0;29.0
750;UNIVERSIDAD PONTIFICIA BOLIVARIANA;UNIVERSIDAD PONTIFICIA BOLIVARIANA-BUCARAMANGA;ADMINISTRACION DE NEGOCIOS INTERNACIONALES;ADMINISTRACIÓN;SANTANDER;BUCARAMANGA;61;164.0;167.0;158.0;160.0;148.0;186.0;26.0;27.0;35.0;33.0;26.0
67;UNIVERSIDAD PONTIFICIA BOLIVARIANA;UNIVERSIDAD PONTIFICIA BOLIVARIANA-MONTERIA;ARQUITECTURA;ARQUITECTURA;CORDOBA;MONTERÍA;44;154.0;156.0;144.0;149.0;160.0;164.0;29.0;31.0;29.0;40.0;24.0
6360;UNIVERSIDAD PONTIFICIA BOLIVARIANA;UNIVERSIDAD PONTIFICIA BOLIVARIANA-MEDELLIN;ARQUITECTURA;ARQUITECTURA;ANTIOQUIA;MEDELLÍN;152;175.0;173.0;170.0;166.0;170.0;197.0;24.0;25.0;31.0;46.0;39.0
1484;UNIVERSIDAD PONTIFICIA BOLIVARIANA;UNIVERSIDAD PONTIFICIA BOLIVARIANA-MEDELLIN;CIENCIAS POLITICAS;CIENCIA POLÍTICA, RELACIONES INTERNACIONALES;ANTIOQUIA;MEDELLÍN;14;177.0;190.0;144.0;200.0;149.0;204.0;17.0;42.0;18.0;29.0;59.0
20609;UNIVERSIDAD PONTIFICIA BOLIVARIANA;UNIVERSIDAD PONTIFICIA BOLIVARIANA-BUCARAMANGA;CIENCIAS POLÍTICAS Y GOBIERNO;PSICOLOGÍA;SANTANDER;BUCARAMANGA;16;173.0;183.0;151.0;192.0;145.0;192.0;20.0;32.0;18.0;48.0;34.0
5645;UNIVERSIDAD PONTIFICIA BOLIVARIANA;UNIVERSIDAD PONTIFICIA BOLIVARIANA-MEDELLIN;COMUNICACION SOCIAL - PERIODISMO;COMUNICACIÓN SOCIAL, PERIODISMO Y AFINES;ANTIOQUIA;MEDELLÍN;83;171.0;181.0;147.0;176.0;161.0;189.0;20.0;33.0;22.0;42.0;30.0
4938;UNIVERSIDAD PONTIFICIA BOLIVARIANA;UNIVERSIDAD PONTIFICIA BOLIVARIANA-BUCARAMANGA;COMUNICACION SOCIAL Y PERIODISMO;COMUNICACIÓN SOCIAL, PERIODISMO Y AFINES;SANTANDER;BUCARAMANGA;77;161.0;171.0;142.0;168.0;155.0;171.0;27.0;33.0;31.0;27.0;25.0
6043;UNIVERSIDAD PONTIFICIA BOLIVARIANA;UNIVERSIDAD PONTIFICIA BOLIVARIANA-MONTERIA;COMUNICACION SOCIAL- PERIODISMO;COMUNICACIÓN SOCIAL, PERIODISMO Y AFINES;CORDOBA;MONTERÍA;24;147.0;152.0;124.0;143.0;157.0;157.0;19.0;27.0;26.0;50.0;24.0
1665;UNIVERSIDAD PONTIFICIA BOLIVARIANA;UNIVERSIDAD PONTIFICIA BOLIVARIANA-MEDELLIN;DERECHO;DERECHO Y AFINES;ANTIOQUIA;MEDELLÍN;31;157.0;160.0;138.0;171.0;153.0;163.0;24.0;27.0;26.0;27.0;23.0
2618;UNIVERSIDAD PONTIFICIA BOLIVARIANA;UNIVERSIDAD PONTIFICIA BOLIVARIANA-MEDELLIN;DERECHO;DERECHO Y AFINES;ANTIOQUIA;MEDELLÍN;70;175.0;183.0;155.0;186.0;171.0;179.0;27.0;28.0;27.0;27.0;32.0
2670;UNIVERSIDAD PONTIFICIA BOLIVARIANA;UNIVERSIDAD PONTIFICIA BOLIVARIANA-MONTERIA;DERECHO;DERECHO Y AFINES;CORDOBA;MONTERÍA;70;159.0;166.0;137.0;171.0;163.0;160.0;25.0;32.0;29.0;28.0;36.0
6430;UNIVERSIDAD PONTIFICIA BOLIVARIANA;UNIVERSIDAD PONTIFICIA BOLIVARIANA-BUCARAMANGA;DERECHO;DERECHO Y AFINES;SANTANDER;BUCARAMANGA;60;160.0;169.0;139.0;177.0;153.0;159.0;25.0;27.0;24.0;30.0;24.0
2405;UNIVERSIDAD PONTIFICIA BOLIVARIANA;UNIVERSIDAD PONTIFICIA BOLIVARIANA-MEDELLIN;DISEÑO DE VESTUARIO;DISEÑO;ANTIOQUIA;MEDELLÍN;31;162.0;170.0;146.0;163.0;148.0;184.0;27.0;31.0;25.0;36.0;34.0
1112;UNIVERSIDAD PONTIFICIA BOLIVARIANA;UNIVERSIDAD PONTIFICIA BOLIVARIANA-MEDELLIN;DISEÑO GRAFICO;DISEÑO;ANTIOQUIA;MEDELLÍN;74;172.0;175.0;157.0;167.0;163.0;197.0;26.0;36.0;28.0;29.0;37.0
9515;UNIVERSIDAD PONTIFICIA BOLIVARIANA;UNIVERSIDAD PONTIFICIA BOLIVARIANA-BUCARAMANGA;DISEÑO GRÁFICO;DISEÑO;SANTANDER;BUCARAMANGA;59;164.0;171.0;153.0;156.0;154.0;184.0;28.0;30.0;26.0;33.0;31.0
4862;UNIVERSIDAD PONTIFICIA BOLIVARIANA;UNIVERSIDAD PONTIFICIA BOLIVARIANA-MEDELLIN;DISEÑO INDUSTRIAL;DISEÑO;ANTIOQUIA;MEDELLÍN;35;168.0;172.0;158.0;159.0;161.0;193.0;22.0;28.0;28.0;27.0;29.0
1019;UNIVERSIDAD PONTIFICIA BOLIVARIANA;UNIVERSIDAD PONTIFICIA BOLIVARIANA-MONTERIA;ECONOMIA;ECONOMÍA;CORDOBA;MONTERÍA;10;155.0;171.0;145.0;162.0;132.0;166.0;16.0;37.0;25.0;53.0;25.0
4141;UNIVERSIDAD PONTIFICIA BOLIVARIANA;UNIVERSIDAD PONTIFICIA BOLIVARIANA-MEDELLIN;ECONOMIA;ECONOMÍA;ANTIOQUIA;MEDELLÍN;7;183.0;193.0;181.0;182.0;169.0;192.0;16.0;10.0;25.0;23.0;10.0
873;UNIVERSIDAD PONTIFICIA BOLIVARIANA;UNIVERSIDAD PONTIFICIA BOLIVARIANA-MEDELLIN;ENFERMERIA;ENFERMERÍA;ANTIOQUIA;MEDELLÍN;90;153.0;158.0;141.0;159.0;158.0;151.0;23.0;29.0;28.0;33.0;23.0
1666;UNIVERSIDAD PONTIFICIA BOLIVARIANA;UNIVERSIDAD PONTIFICIA BOLIVARIANA-MEDELLIN;ESTUDIOS LITERARIOS;LENGUAS MODERNAS, LITERATURA, LINGÜÍSTICA Y AFINES;ANTIOQUIA;MEDELLÍN;33;176.0;189.0;153.0;177.0;163.0;198.0;21.0;28.0;26.0;40.0;24.0
1497;UNIVERSIDAD PONTIFICIA BOLIVARIANA;UNIVERSIDAD PONTIFICIA BOLIVARIANA-MEDELLIN;FILOSOFIA;FILOSOFÍA, TEOLOGÍA Y AFINES;ANTIOQUIA;MEDELLÍN;18;166.0;181.0;148.0;169.0;158.0;172.0;22.0;37.0;33.0;31.0;37.0
20634;UNIVERSIDAD PONTIFICIA BOLIVARIANA;UNIVERSIDAD PONTIFICIA BOLIVARIANA-MEDELLIN;GESTIÓN DEL EMPRENDIMIENTO Y LA INNOVACIÓN;ECONOMÍA;ANTIOQUIA;MEDELLÍN;5;162.0;167.0;161.0;161.0;144.0;178.0;23.0;20.0;27.0;32.0;13.0
5455;UNIVERSIDAD PONTIFICIA BOLIVARIANA;UNIVERSIDAD PONTIFICIA BOLIVARIANA-MEDELLIN;HISTORIA;GEOGRAFÍA, HISTORIA;ANTIOQUIA;MEDELLÍN;15;176.0;191.0;154.0;176.0;159.0;202.0;26.0;37.0;22.0;25.0;57.0
1369;UNIVERSIDAD PONTIFICIA BOLIVARIANA;UNIVERSIDAD PONTIFICIA BOLIVARIANA-BUCARAMANGA;INGENIERIA  AMBIENTAL;INGENIERÍA AMBIENTAL, SANITARIA Y AFINES;SANTANDER;BUCARAMANGA;8;172.0;177.0;178.0;166.0;166.0;173.0;17.0;15.0;32.0;17.0;28.0
7471;UNIVERSIDAD PONTIFICIA BOLIVARIANA;UNIVERSIDAD PONTIFICIA BOLIVARIANA-MEDELLIN;INGENIERIA ADMINISTRATIVA;INGENIERÍA ADMINISTRATIVA Y AFINES;ANTIOQUIA;MEDELLÍN;35;174.0;177.0;176.0;169.0;157.0;189.0;29.0;29.0;29.0;28.0;35.0
1078;UNIVERSIDAD PONTIFICIA BOLIVARIANA;UNIVERSIDAD PONTIFICIA BOLIVARIANA-MEDELLIN;INGENIERIA AERONAUTICA;INGENIERÍA MECÁNICA Y AFINES;ANTIOQUIA;MEDELLÍN;41;185.0;183.0;195.0;179.0;167.0;203.0;26.0;22.0;29.0;34.0;34.0
1352;UNIVERSIDAD PONTIFICIA BOLIVARIANA;UNIVERSIDAD PONTIFICIA BOLIVARIANA-MONTERIA;INGENIERIA AGROINDUSTRIAL;INGENIERÍA AGROINDUSTRIAL, ALIMENTOS Y AFINES;CORDOBA;MONTERÍA;12;150.0;157.0;146.0;145.0;143.0;162.0;24.0;31.0;26.0;21.0;31.0
1353;UNIVERSIDAD PONTIFICIA BOLIVARIANA;UNIVERSIDAD PONTIFICIA BOLIVARIANA-MONTERIA;INGENIERIA CIVIL;INGENIERÍA CIVIL Y AFINES;CORDOBA;MONTERÍA;160;156.0;156.0;166.0;152.0;152.0;154.0;26.0;26.0;30.0;28.0;28.0
5137;UNIVERSIDAD PONTIFICIA BOLIVARIANA;UNIVERSIDAD PONTIFICIA BOLIVARIANA-BUCARAMANGA;INGENIERIA CIVIL;INGENIERÍA CIVIL Y AFINES;SANTANDER;BUCARAMANGA;53;167.0;166.0;180.0;163.0;148.0;177.0;23.0;24.0;30.0;33.0;28.0
2976;UNIVERSIDAD PONTIFICIA BOLIVARIANA;UNIVERSIDAD PONTIFICIA BOLIVARIANA-MEDELLIN;INGENIERIA DE SISTEMAS E INFORMATICA;INGENIERÍA DE SISTEMAS, TELEMÁTICA Y AFINES;ANTIOQUIA;MEDELLÍN;44;181.0;184.0;187.0;176.0;159.0;199.0;24.0;23.0;32.0;24.0;29.0
8912;UNIVERSIDAD PONTIFICIA BOLIVARIANA;UNIVERSIDAD PONTIFICIA BOLIVARIANA-BUCARAMANGA;INGENIERIA DE SISTEMAS E INFORMATICA;INGENIERÍA DE SISTEMAS, TELEMÁTICA Y AFINES;SANTANDER;BUCARAMANGA;53;173.0;175.0;173.0;167.0;154.0;196.0;22.0;34.0;31.0;25.0;44.0
4758;UNIVERSIDAD PONTIFICIA BOLIVARIANA;UNIVERSIDAD PONTIFICIA BOLIVARIANA-MEDELLIN;INGENIERIA DE TELECOMUNICACIONES;INGENIERÍA ELECTRÓNICA, TELECOMUNICACIONES Y AFINES;ANTIOQUIA;MEDELLÍN;1;168.0;186.0;190.0;138.0;157.0;171.0;0.0;0.0;0.0;0.0;0.0
4142;UNIVERSIDAD PONTIFICIA BOLIVARIANA;UNIVERSIDAD PONTIFICIA BOLIVARIANA-MEDELLIN;INGENIERIA ELECTRICA;INGENIERÍA ELÉCTRICA Y AFINES;ANTIOQUIA;MEDELLÍN;18;174.0;174.0;185.0;175.0;159.0;175.0;26.0;27.0;22.0;22.0;29.0
956;UNIVERSIDAD PONTIFICIA BOLIVARIANA;UNIVERSIDAD PONTIFICIA BOLIVARIANA-BUCARAMANGA;INGENIERIA ELECTRONICA;INGENIERÍA ELECTRÓNICA, TELECOMUNICACIONES Y AFINES;SANTANDER;BUCARAMANGA;14;183.0;188.0;186.0;187.0;152.0;200.0;17.0;24.0;18.0;26.0;21.0
2671;UNIVERSIDAD PONTIFICIA BOLIVARIANA;UNIVERSIDAD PONTIFICIA BOLIVARIANA-MONTERIA;INGENIERIA ELECTRONICA;INGENIERÍA ELECTRÓNICA, TELECOMUNICACIONES Y AFINES;CORDOBA;MONTERÍA;12;170.0;170.0;180.0;160.0;159.0;183.0;24.0;28.0;40.0;28.0;34.0
4143;UNIVERSIDAD PONTIFICIA BOLIVARIANA;UNIVERSIDAD PONTIFICIA BOLIVARIANA-MEDELLIN;INGENIERIA ELECTRONICA;INGENIERÍA ELECTRÓNICA, TELECOMUNICACIONES Y AFINES;ANTIOQUIA;MEDELLÍN;11;184.0;191.0;205.0;170.0;156.0;197.0;19.0;35.0;46.0;31.0;41.0
9731;UNIVERSIDAD PONTIFICIA BOLIVARIANA;UNIVERSIDAD PONTIFICIA BOLIVARIANA-BUCARAMANGA;INGENIERIA ELÉCTRICA;INGENIERÍA ELÉCTRICA Y AFINES;SANTANDER;BUCARAMANGA;8;160.0;166.0;167.0;161.0;146.0;160.0;32.0;35.0;38.0;31.0;33.0
7815;UNIVERSIDAD PONTIFICIA BOLIVARIANA;UNIVERSIDAD PONTIFICIA BOLIVARIANA-MEDELLIN;INGENIERIA EN NANOTECNOLOGIA;OTRAS INGENIERÍAS;ANTIOQUIA;MEDELLÍN;18;191.0;192.0;203.0;185.0;177.0;197.0;16.0;38.0;23.0;38.0;34.0
4010;UNIVERSIDAD PONTIFICIA BOLIVARIANA;UNIVERSIDAD PONTIFICIA BOLIVARIANA-MEDELLIN;INGENIERIA INDUSTRIAL;INGENIERÍA INDUSTRIAL Y AFINES;ANTIOQUIA;MEDELLÍN;16;158.0;151.0;167.0;150.0;165.0;156.0;15.0;26.0;28.0;44.0;19.0
5984;UNIVERSIDAD PONTIFICIA BOLIVARIANA;UNIVERSIDAD PONTIFICIA BOLIVARIANA-BUCARAMANGA;INGENIERIA INDUSTRIAL;INGENIERÍA INDUSTRIAL Y AFINES;SANTANDER;BUCARAMANGA;62;163.0;159.0;167.0;161.0;155.0;173.0;33.0;30.0;29.0;25.0;24.0
6361;UNIVERSIDAD PONTIFICIA BOLIVARIANA;UNIVERSIDAD PONTIFICIA BOLIVARIANA-MEDELLIN;INGENIERIA INDUSTRIAL;INGENIERÍA INDUSTRIAL Y AFINES;ANTIOQUIA;MEDELLÍN;23;177.0;176.0;180.0;176.0;163.0;189.0;20.0;30.0;18.0;23.0;33.0
7911;UNIVERSIDAD PONTIFICIA BOLIVARIANA;UNIVERSIDAD PONTIFICIA BOLIVARIANA-MONTERIA;INGENIERIA INDUSTRIAL;INGENIERÍA INDUSTRIAL Y AFINES;CORDOBA;MONTERÍA;52;159.0;165.0;161.0;157.0;155.0;155.0;26.0;25.0;29.0;39.0;29.0
489;UNIVERSIDAD PONTIFICIA BOLIVARIANA;UNIVERSIDAD PONTIFICIA BOLIVARIANA-MONTERIA;INGENIERIA MECANICA;INGENIERÍA MECÁNICA Y AFINES;CORDOBA;MONTERÍA;28;158.0;157.0;164.0;151.0;161.0;159.0;30.0;30.0;30.0;36.0;28.0
874;UNIVERSIDAD PONTIFICIA BOLIVARIANA;UNIVERSIDAD PONTIFICIA BOLIVARIANA-MEDELLIN;INGENIERIA MECANICA;INGENIERÍA MECÁNICA Y AFINES;ANTIOQUIA;MEDELLÍN;21;185.0;181.0;203.0;173.0;169.0;200.0;18.0;40.0;29.0;38.0;31.0
4197;UNIVERSIDAD PONTIFICIA BOLIVARIANA;UNIVERSIDAD PONTIFICIA BOLIVARIANA-BUCARAMANGA;INGENIERIA MECANICA;INGENIERÍA MECÁNICA Y AFINES;SANTANDER;BUCARAMANGA;25;167.0;165.0;179.0;160.0;149.0;181.0;39.0;28.0;34.0;21.0;46.0
989;UNIVERSIDAD PONTIFICIA BOLIVARIANA;UNIVERSIDAD PONTIFICIA BOLIVARIANA-MEDELLIN;INGENIERIA QUIMICA;INGENIERÍA QUÍMICA Y AFINES;ANTIOQUIA;MEDELLÍN;23;181.0;181.0;188.0;185.0;165.0;188.0;23.0;30.0;19.0;21.0;26.0
2672;UNIVERSIDAD PONTIFICIA BOLIVARIANA;UNIVERSIDAD PONTIFICIA BOLIVARIANA-MONTERIA;INGENIERIA SANITARIA Y AMBIENTAL;INGENIERÍA AMBIENTAL, SANITARIA Y AFINES;CORDOBA;MONTERÍA;38;153.0;155.0;152.0;147.0;156.0;152.0;28.0;26.0;33.0;36.0;25.0
25321;UNIVERSIDAD PONTIFICIA BOLIVARIANA;UNIVERSIDAD PONTIFICIA BOLIVARIANA-MEDELLIN;INGENIERÍA AMBIENTAL;INGENIERÍA AMBIENTAL, SANITARIA Y AFINES;ANTIOQUIA;MEDELLÍN;5;171.0;174.0;175.0;181.0;153.0;171.0;23.0;21.0;22.0;25.0;23.0
25943;UNIVERSIDAD PONTIFICIA BOLIVARIANA;UNIVERSIDAD PONTIFICIA BOLIVARIANA-MEDELLIN;INGENIERÍA EN CIENCIA DE DATOS;INGENIERÍA DE SISTEMAS, TELEMÁTICA Y AFINES;ANTIOQUIA;MEDELLÍN;11;191.0;193.0;192.0;187.0;173.0;213.0;17.0;44.0;21.0;46.0;32.0
8280;UNIVERSIDAD PONTIFICIA BOLIVARIANA;UNIVERSIDAD PONTIFICIA BOLIVARIANA-MEDELLIN;INGENIERÍA EN DISEÑO DE ENTRETENIMIENTO DIGITAL;INGENIERÍA DE SISTEMAS, TELEMÁTICA Y AFINES;ANTIOQUIA;MEDELLÍN;56;182.0;186.0;179.0;178.0;158.0;212.0;24.0;24.0;24.0;37.0;34.0
20708;UNIVERSIDAD PONTIFICIA BOLIVARIANA;UNIVERSIDAD PONTIFICIA BOLIVARIANA-MEDELLIN;LICENCIATURA EN ESPAÑOL E INGLÉS;EDUCACIÓN;ANTIOQUIA;MEDELLÍN;32;164.0;169.0;144.0;156.0;167.0;186.0;29.0;27.0;28.0;25.0;28.0
6178;UNIVERSIDAD PONTIFICIA BOLIVARIANA;UNIVERSIDAD PONTIFICIA BOLIVARIANA-MEDELLIN;LICENCIATURA EN ETNOEDUCACION;EDUCACIÓN;ANTIOQUIA;MEDELLÍN;53;113.0;116.0;107.0;112.0;123.0;109.0;24.0;29.0;26.0;56.0;19.0
1498;UNIVERSIDAD PONTIFICIA BOLIVARIANA;UNIVERSIDAD PONTIFICIA BOLIVARIANA-MEDELLIN;LICENCIATURA EN FILOSOFIA Y LETRAS;EDUCACIÓN;ANTIOQUIA;MEDELLÍN;16;159.0;175.0;135.0;163.0;150.0;171.0;28.0;36.0;33.0;31.0;21.0
6661;UNIVERSIDAD PONTIFICIA BOLIVARIANA;UNIVERSIDAD PONTIFICIA BOLIVARIANA-MEDELLIN;LICENCIATURA EN INGLÉS-ESPAÑOL;EDUCACIÓN;ANTIOQUIA;MEDELLÍN;41;176.0;187.0;140.0;177.0;174.0;202.0;27.0;29.0;24.0;33.0;36.0
2481;UNIVERSIDAD PONTIFICIA BOLIVARIANA;UNIVERSIDAD PONTIFICIA BOLIVARIANA-MEDELLIN;MEDICINA;MEDICINA;ANTIOQUIA;MEDELLÍN;151;177.0;182.0;169.0;173.0;163.0;198.0;20.0;23.0;25.0;30.0;23.0
7737;UNIVERSIDAD PONTIFICIA BOLIVARIANA;UNIVERSIDAD PONTIFICIA BOLIVARIANA-MEDELLIN;NEGOCIOS INTERNACIONALES;ADMINISTRACIÓN;ANTIOQUIA;MEDELLÍN;69;169.0;172.0;156.0;164.0;162.0;189.0;23.0;26.0;31.0;40.0;33.0
2219;UNIVERSIDAD PONTIFICIA BOLIVARIANA;UNIVERSIDAD PONTIFICIA BOLIVARIANA-MONTERIA;PSICOLOGIA;PSICOLOGÍA;CORDOBA;MONTERÍA;93;146.0;151.0;125.0;147.0;160.0;149.0;26.0;28.0;26.0;35.0;25.0
5148;UNIVERSIDAD PONTIFICIA BOLIVARIANA;UNIVERSIDAD PONTIFICIA BOLIVARIANA-PALMIRA;PSICOLOGIA;PSICOLOGÍA;VALLE;PALMIRA;30;153.0;166.0;140.0;149.0;151.0;159.0;20.0;22.0;28.0;29.0;21.0
5985;UNIVERSIDAD PONTIFICIA BOLIVARIANA;UNIVERSIDAD PONTIFICIA BOLIVARIANA-BUCARAMANGA;PSICOLOGIA;PSICOLOGÍA;SANTANDER;BUCARAMANGA;102;157.0;165.0;143.0;157.0;152.0;170.0;25.0;24.0;30.0;34.0;33.0
6774;UNIVERSIDAD PONTIFICIA BOLIVARIANA;UNIVERSIDAD PONTIFICIA BOLIVARIANA-MEDELLIN;PSICOLOGIA;PSICOLOGÍA;ANTIOQUIA;MEDELLÍN;69;170.0;181.0;149.0;175.0;163.0;181.0;27.0;32.0;28.0;41.0;29.0
1964;UNIVERSIDAD PONTIFICIA BOLIVARIANA;UNIVERSIDAD PONTIFICIA BOLIVARIANA-MEDELLIN;PUBLICIDAD;PUBLICIDAD Y AFINES;ANTIOQUIA;MEDELLÍN;14;170.0;176.0;156.0;179.0;151.0;189.0;27.0;21.0;26.0;50.0;18.0
6560;UNIVERSIDAD PONTIFICIA BOLIVARIANA;UNIVERSIDAD PONTIFICIA BOLIVARIANA-PALMIRA;PUBLICIDAD;PUBLICIDAD Y AFINES;VALLE;PALMIRA;11;158.0;168.0;139.0;158.0;151.0;174.0;17.0;24.0;32.0;34.0;23.0
32083;UNIVERSIDAD PONTIFICIA BOLIVARIANA;UNIVERSIDAD PONTIFICIA BOLIVARIANA-MEDELLIN;PUBLICIDAD Y MARKETING DIGITAL;COMUNICACIÓN SOCIAL, PERIODISMO Y AFINES;ANTIOQUIA;MEDELLÍN;27;172.0;178.0;150.0;173.0;157.0;200.0;28.0;22.0;24.0;38.0;16.0
206;UNIVERSIDAD PONTIFICIA BOLIVARIANA;UNIVERSIDAD PONTIFICIA BOLIVARIANA-MEDELLIN;TEOLOGIA;FILOSOFÍA, TEOLOGÍA Y AFINES;ANTIOQUIA;MEDELLÍN;14;150.0;148.0;137.0;159.0;149.0;160.0;22.0;20.0;29.0;32.0;30.0
8465;UNIVERSIDAD PONTIFICIA BOLIVARIANA;UNIVERSIDAD PONTIFICIA BOLIVARIANA-MEDELLIN;TEOLOGÍA;FILOSOFÍA, TEOLOGÍA Y AFINES;ANTIOQUIA;MEDELLÍN;1;137.0;152.0;160.0;118.0;127.0;128.0;0.0;0.0;0.0;0.0;0.0
2176;UNIVERSIDAD PONTIFICIA BOLIVARIANA;UNIVERSIDAD PONTIFICIA BOLIVARIANA-MEDELLIN;TRABAJO SOCIAL;SOCIOLOGÍA, TRABAJO SOCIAL Y AFINES;ANTIOQUIA;MEDELLÍN;37;162.0;173.0;139.0;173.0;154.0;172.0;21.0;29.0;30.0;23.0;34.0
6015;UNIVERSIDAD POPULAR DEL CESAR;UNIVERSIDAD POPULAR DEL CESAR-VALLEDUPAR;ADMINISTRACION DE EMPRESAS;ADMINISTRACIÓN;CESAR;VALLEDUPAR;124;144.0;154.0;138.0;144.0;151.0;134.0;23.0;23.0;28.0;27.0;26.0
9110;UNIVERSIDAD POPULAR DEL CESAR;UNIVERSIDAD POPULAR DEL CESAR-AGUACHICA;ADMINISTRACION DE EMPRESAS;ADMINISTRACIÓN;CESAR;AGUACHICA;71;134.0;142.0;127.0;131.0;142.0;129.0;21.0;23.0;24.0;31.0;19.0
26535;UNIVERSIDAD POPULAR DEL CESAR;UNIVERSIDAD POPULAR DEL CESAR-VALLEDUPAR;ADMINISTRACIÓN DE EMPRESAS TURISTICAS Y HOTELERAS;ADMINISTRACIÓN;CESAR;VALLEDUPAR;11;144.0;147.0;117.0;146.0;155.0;154.0;25.0;20.0;22.0;26.0;25.0
2266;UNIVERSIDAD POPULAR DEL CESAR;UNIVERSIDAD POPULAR DEL CESAR-VALLEDUPAR;COMERCIO INTERNACIONAL;ADMINISTRACIÓN;CESAR;VALLEDUPAR;45;145.0;151.0;134.0;140.0;141.0;160.0;23.0;21.0;31.0;39.0;25.0
3721;UNIVERSIDAD POPULAR DEL CESAR;UNIVERSIDAD POPULAR DEL CESAR-VALLEDUPAR;CONTADURIA PUBLICA;CONTADURÍA PUBLICA;CESAR;VALLEDUPAR;156;144.0;145.0;145.0;143.0;150.0;139.0;26.0;27.0;32.0;26.0;23.0
7734;UNIVERSIDAD POPULAR DEL CESAR;UNIVERSIDAD POPULAR DEL CESAR-AGUACHICA;CONTADURÍA PÚBLICA;CONTADURÍA PUBLICA;CESAR;AGUACHICA;50;143.0;152.0;139.0;142.0;149.0;135.0;23.0;23.0;34.0;22.0;24.0
4689;UNIVERSIDAD POPULAR DEL CESAR;UNIVERSIDAD POPULAR DEL CESAR-VALLEDUPAR;DERECHO;DERECHO Y AFINES;CESAR;VALLEDUPAR;146;149.0;156.0;131.0;162.0;154.0;142.0;30.0;30.0;34.0;27.0;29.0
6409;UNIVERSIDAD POPULAR DEL CESAR;UNIVERSIDAD POPULAR DEL CESAR-VALLEDUPAR;ECONOMIA;ECONOMÍA;CESAR;VALLEDUPAR;43;147.0;149.0;140.0;152.0;159.0;134.0;20.0;26.0;30.0;24.0;19.0
9469;UNIVERSIDAD POPULAR DEL CESAR;UNIVERSIDAD POPULAR DEL CESAR-AGUACHICA;ECONOMÍA;ECONOMÍA;CESAR;AGUACHICA;29;142.0;149.0;146.0;139.0;151.0;126.0;23.0;24.0;29.0;26.0;24.0
487;UNIVERSIDAD POPULAR DEL CESAR;UNIVERSIDAD POPULAR DEL CESAR-VALLEDUPAR;ENFERMERIA;ENFERMERÍA;CESAR;VALLEDUPAR;67;149.0;153.0;141.0;146.0;161.0;141.0;23.0;21.0;28.0;21.0;25.0
5562;UNIVERSIDAD POPULAR DEL CESAR;UNIVERSIDAD POPULAR DEL CESAR-VALLEDUPAR;INGENIERIA AGROINDUSTRIAL;INGENIERÍA AGROINDUSTRIAL, ALIMENTOS Y AFINES;CESAR;VALLEDUPAR;42;155.0;161.0;158.0;153.0;158.0;144.0;28.0;24.0;26.0;31.0;23.0
917;UNIVERSIDAD POPULAR DEL CESAR;UNIVERSIDAD POPULAR DEL CESAR-VALLEDUPAR;INGENIERIA AMBIENTAL Y SANITARIA;INGENIERÍA AMBIENTAL, SANITARIA Y AFINES;CESAR;VALLEDUPAR;93;148.0;156.0;153.0;144.0;144.0;141.0;27.0;28.0;28.0;29.0;23.0
918;UNIVERSIDAD POPULAR DEL CESAR;UNIVERSIDAD POPULAR DEL CESAR-VALLEDUPAR;INGENIERIA DE SISTEMAS;INGENIERÍA DE SISTEMAS, TELEMÁTICA Y AFINES;CESAR;VALLEDUPAR;91;155.0;160.0;155.0;149.0;155.0;158.0;21.0;23.0;28.0;32.0;20.0
2665;UNIVERSIDAD POPULAR DEL CESAR;UNIVERSIDAD POPULAR DEL CESAR-AGUACHICA;INGENIERIA DE SISTEMAS;INGENIERÍA DE SISTEMAS, TELEMÁTICA Y AFINES;CESAR;AGUACHICA;33;149.0;150.0;150.0;144.0;150.0;148.0;26.0;25.0;28.0;33.0;22.0
5563;UNIVERSIDAD POPULAR DEL CESAR;UNIVERSIDAD POPULAR DEL CESAR-VALLEDUPAR;INGENIERIA ELECTRONICA;INGENIERÍA ELECTRÓNICA, TELECOMUNICACIONES Y AFINES;CESAR;VALLEDUPAR;22;154.0;158.0;158.0;147.0;158.0;149.0;23.0;30.0;36.0;24.0;19.0
9069;UNIVERSIDAD POPULAR DEL CESAR;UNIVERSIDAD POPULAR DEL CESAR-AGUACHICA;INGENIERÍA AGROINDUSTRIAL;INGENIERÍA AGROINDUSTRIAL, ALIMENTOS Y AFINES;CESAR;AGUACHICA;25;139.0;141.0;145.0;130.0;149.0;130.0;25.0;30.0;26.0;27.0;21.0
9603;UNIVERSIDAD POPULAR DEL CESAR;UNIVERSIDAD POPULAR DEL CESAR-AGUACHICA;INGENIERÍA AMBIENTAL Y SANITARIA;INGENIERÍA AMBIENTAL, SANITARIA Y AFINES;CESAR;AGUACHICA;34;142.0;146.0;146.0;128.0;148.0;142.0;19.0;25.0;30.0;26.0;22.0
6485;UNIVERSIDAD POPULAR DEL CESAR;UNIVERSIDAD POPULAR DEL CESAR-VALLEDUPAR;INSTRUMENTACION QUIRURGICA;INSTRUMENTACIÓN QUIRÚRGICA;CESAR;VALLEDUPAR;56;146.0;154.0;131.0;146.0;154.0;143.0;23.0;22.0;29.0;24.0;22.0
8061;UNIVERSIDAD POPULAR DEL CESAR;UNIVERSIDAD POPULAR DEL CESAR-VALLEDUPAR;LICENCIATURA EN ARTE Y FOLKLORE Y CULTURA;EDUCACIÓN;CESAR;VALLEDUPAR;8;128.0;137.0;110.0;130.0;132.0;128.0;27.0;14.0;14.0;19.0;21.0
15935;UNIVERSIDAD POPULAR DEL CESAR;UNIVERSIDAD POPULAR DEL CESAR-VALLEDUPAR;LICENCIATURA EN ARTES;EDUCACIÓN;CESAR;VALLEDUPAR;27;143.0;150.0;119.0;141.0;157.0;147.0;21.0;26.0;22.0;37.0;24.0
4809;UNIVERSIDAD POPULAR DEL CESAR;UNIVERSIDAD POPULAR DEL CESAR-VALLEDUPAR;LICENCIATURA EN CIENCIAS NATURALES Y EDUCACION AMBIENTAL;EDUCACIÓN;CESAR;VALLEDUPAR;60;143.0;153.0;135.0;137.0;151.0;137.0;18.0;20.0;22.0;28.0;22.0
15933;UNIVERSIDAD POPULAR DEL CESAR;UNIVERSIDAD POPULAR DEL CESAR-VALLEDUPAR;LICENCIATURA EN EDUCACIÓN FÍSICA, RECREACIÓN Y DEPORTES;EDUCACIÓN;CESAR;VALLEDUPAR;33;140.0;143.0;133.0;136.0;148.0;141.0;24.0;21.0;28.0;25.0;22.0
20810;UNIVERSIDAD POPULAR DEL CESAR;UNIVERSIDAD POPULAR DEL CESAR-VALLEDUPAR;LICENCIATURA EN ESPAÑOL E INGLÉS;EDUCACIÓN;CESAR;VALLEDUPAR;36;164.0;171.0;140.0;158.0;162.0;190.0;23.0;29.0;33.0;23.0;12.0
5644;UNIVERSIDAD POPULAR DEL CESAR;UNIVERSIDAD POPULAR DEL CESAR-VALLEDUPAR;LICENCIATURA EN LENGUA CASTELLANA E INGLES;EDUCACIÓN;CESAR;VALLEDUPAR;6;163.0;167.0;136.0;163.0;148.0;202.0;21.0;15.0;34.0;36.0;51.0
20728;UNIVERSIDAD POPULAR DEL CESAR;UNIVERSIDAD POPULAR DEL CESAR-VALLEDUPAR;LICENCIATURA EN LITERATURA Y LENGUA CASTELLANA;EDUCACIÓN;CESAR;VALLEDUPAR;37;155.0;166.0;130.0;154.0;170.0;153.0;25.0;27.0;23.0;29.0;20.0
20727;UNIVERSIDAD POPULAR DEL CESAR;UNIVERSIDAD POPULAR DEL CESAR-VALLEDUPAR;LICENCIATURA EN MATEMATICAS;EDUCACIÓN;CESAR;VALLEDUPAR;27;157.0;159.0;176.0;150.0;156.0;142.0;28.0;25.0;28.0;24.0;21.0
6946;UNIVERSIDAD POPULAR DEL CESAR;UNIVERSIDAD POPULAR DEL CESAR-VALLEDUPAR;LICENCIATURA EN MATEMATICAS Y FISICA;EDUCACIÓN;CESAR;VALLEDUPAR;7;130.0;125.0;158.0;111.0;147.0;111.0;24.0;28.0;17.0;38.0;23.0
5686;UNIVERSIDAD POPULAR DEL CESAR;UNIVERSIDAD POPULAR DEL CESAR-VALLEDUPAR;MICROBIOLOGIA;BIOLOGÍA, MICROBIOLOGÍA Y AFINES;CESAR;VALLEDUPAR;44;153.0;165.0;138.0;154.0;153.0;154.0;22.0;26.0;29.0;23.0;22.0
20630;UNIVERSIDAD POPULAR DEL CESAR;UNIVERSIDAD POPULAR DEL CESAR-VALLEDUPAR;MÚSICA;ARTES REPRESENTATIVAS;CESAR;VALLEDUPAR;12;143.0;154.0;135.0;136.0;147.0;144.0;12.0;19.0;25.0;51.0;30.0
8248;UNIVERSIDAD POPULAR DEL CESAR;UNIVERSIDAD POPULAR DEL CESAR-VALLEDUPAR;PSICOLOGÍA;PSICOLOGÍA;CESAR;VALLEDUPAR;82;144.0;154.0;125.0;148.0;153.0;141.0;29.0;25.0;28.0;25.0;26.0
188;UNIVERSIDAD POPULAR DEL CESAR;UNIVERSIDAD POPULAR DEL CESAR-VALLEDUPAR;SOCIOLOGIA;SOCIOLOGÍA, TRABAJO SOCIAL Y AFINES;CESAR;VALLEDUPAR;83;141.0;152.0;126.0;143.0;149.0;135.0;24.0;23.0;35.0;29.0;29.0
114;UNIVERSIDAD SANTIAGO DE CALI;UNIVERSIDAD SANTIAGO DE CALI-CALI;ADMINISTRACION DE EMPRESAS;ADMINISTRACIÓN;VALLE;CALI;67;138.0;140.0;132.0;130.0;144.0;146.0;22.0;25.0;28.0;38.0;22.0
2451;UNIVERSIDAD SANTIAGO DE CALI;UNIVERSIDAD SANTIAGO DE CALI-PALMIRA;ADMINISTRACION DE EMPRESAS;ADMINISTRACIÓN;VALLE;PALMIRA;1;128.0;148.0;115.0;119.0;126.0;132.0;0.0;0.0;0.0;0.0;0.0
6873;UNIVERSIDAD SANTIAGO DE CALI;UNIVERSIDAD SANTIAGO DE CALI-CALI;ADMINISTRACION DE EMPRESAS;ADMINISTRACIÓN;VALLE;CALI;65;136.0;139.0;135.0;126.0;136.0;143.0;27.0;24.0;31.0;28.0;28.0
4366;UNIVERSIDAD SANTIAGO DE CALI;UNIVERSIDAD SANTIAGO DE CALI-CALI;BIOINGENIERIA;INGENIERÍA BIOMÉDICA Y AFINES;VALLE;CALI;37;144.0;148.0;145.0;134.0;144.0;151.0;31.0;32.0;35.0;25.0;28.0
25137;UNIVERSIDAD SANTIAGO DE CALI;UNIVERSIDAD SANTIAGO DE CALI-CALI;CIENCIA POLÍTICA;CIENCIA POLÍTICA, RELACIONES INTERNACIONALES;VALLE;CALI;9;143.0;146.0;119.0;165.0;151.0;134.0;20.0;23.0;25.0;25.0;18.0
6044;UNIVERSIDAD SANTIAGO DE CALI;UNIVERSIDAD SANTIAGO DE CALI-CALI;COMUNICACION SOCIAL;COMUNICACIÓN SOCIAL, PERIODISMO Y AFINES;VALLE;CALI;26;141.0;159.0;128.0;136.0;131.0;154.0;25.0;28.0;26.0;36.0;30.0
5163;UNIVERSIDAD SANTIAGO DE CALI;UNIVERSIDAD SANTIAGO DE CALI-CALI;CONTADURIA PUBLICA;CONTADURÍA PUBLICA;VALLE;CALI;80;139.0;144.0;138.0;128.0;141.0;145.0;22.0;22.0;27.0;31.0;23.0
30844;UNIVERSIDAD SANTIAGO DE CALI;UNIVERSIDAD SANTIAGO DE CALI-CALI;CONTADURÍA PÚBLICA;CONTADURÍA PUBLICA;VALLE;CALI;1;118.0;101.0;119.0;107.0;122.0;141.0;0.0;0.0;0.0;0.0;0.0
4731;UNIVERSIDAD SANTIAGO DE CALI;UNIVERSIDAD SANTIAGO DE CALI-CALI;DERECHO;DERECHO Y AFINES;VALLE;CALI;430;143.0;150.0;125.0;150.0;145.0;143.0;29.0;28.0;32.0;36.0;30.0
20670;UNIVERSIDAD SANTIAGO DE CALI;UNIVERSIDAD SANTIAGO DE CALI-PALMIRA;DERECHO;DERECHO Y AFINES;VALLE;PALMIRA;101;139.0;146.0;122.0;149.0;137.0;141.0;29.0;31.0;32.0;41.0;25.0
3706;UNIVERSIDAD SANTIAGO DE CALI;UNIVERSIDAD SANTIAGO DE CALI-CALI;ECONOMIA;ECONOMÍA;VALLE;CALI;25;156.0;158.0;157.0;150.0;153.0;160.0;27.0;28.0;36.0;25.0;29.0
4207;UNIVERSIDAD SANTIAGO DE CALI;UNIVERSIDAD SANTIAGO DE CALI-CALI;ENFERMERIA;ENFERMERÍA;VALLE;CALI;206;138.0;145.0;130.0;133.0;143.0;139.0;24.0;22.0;26.0;28.0;27.0
5334;UNIVERSIDAD SANTIAGO DE CALI;UNIVERSIDAD SANTIAGO DE CALI-PALMIRA;ENFERMERIA;ENFERMERÍA;VALLE;PALMIRA;84;134.0;138.0;128.0;124.0;139.0;143.0;27.0;22.0;26.0;39.0;21.0
6592;UNIVERSIDAD SANTIAGO DE CALI;UNIVERSIDAD SANTIAGO DE CALI-CALI;FINANZAS Y NEGOCIOS INTERNACIONALES;ADMINISTRACIÓN;VALLE;CALI;125;149.0;155.0;142.0;139.0;145.0;165.0;24.0;23.0;29.0;29.0;23.0
89;UNIVERSIDAD SANTIAGO DE CALI;UNIVERSIDAD SANTIAGO DE CALI-CALI;FISIOTERAPIA;TERAPIAS;VALLE;CALI;117;136.0;140.0;130.0;125.0;140.0;143.0;25.0;24.0;27.0;30.0;22.0
2003;UNIVERSIDAD SANTIAGO DE CALI;UNIVERSIDAD SANTIAGO DE CALI-PALMIRA;FISIOTERAPIA;TERAPIAS;VALLE;PALMIRA;51;133.0;134.0;129.0;124.0;136.0;144.0;21.0;23.0;23.0;27.0;21.0
6440;UNIVERSIDAD SANTIAGO DE CALI;UNIVERSIDAD SANTIAGO DE CALI-CALI;FONOAUDIOLOGIA;TERAPIAS;VALLE;CALI;43;139.0;143.0;129.0;136.0;142.0;144.0;26.0;19.0;24.0;31.0;20.0
6855;UNIVERSIDAD SANTIAGO DE CALI;UNIVERSIDAD SANTIAGO DE CALI-CALI;INGENIERIA DE SISTEMAS;INGENIERÍA DE SISTEMAS, TELEMÁTICA Y AFINES;VALLE;CALI;51;146.0;145.0;146.0;131.0;143.0;164.0;29.0;24.0;32.0;37.0;26.0
9145;UNIVERSIDAD SANTIAGO DE CALI;UNIVERSIDAD SANTIAGO DE CALI-CALI;INGENIERIA DE SISTEMAS;INGENIERÍA DE SISTEMAS, TELEMÁTICA Y AFINES;VALLE;CALI;3;169.0;166.0;154.0;160.0;159.0;206.0;24.0;33.0;28.0;32.0;82.0
5599;UNIVERSIDAD SANTIAGO DE CALI;UNIVERSIDAD SANTIAGO DE CALI-CALI;INGENIERIA ELECTRONICA;INGENIERÍA ELECTRÓNICA, TELECOMUNICACIONES Y AFINES;VALLE;CALI;23;147.0;145.0;167.0;121.0;146.0;158.0;23.0;23.0;33.0;29.0;29.0
9144;UNIVERSIDAD SANTIAGO DE CALI;UNIVERSIDAD SANTIAGO DE CALI-CALI;INGENIERIA ELECTRONICA;INGENIERÍA ELECTRÓNICA, TELECOMUNICACIONES Y AFINES;VALLE;CALI;1;141.0;146.0;129.0;137.0;127.0;166.0;0.0;0.0;0.0;0.0;0.0
516;UNIVERSIDAD SANTIAGO DE CALI;UNIVERSIDAD SANTIAGO DE CALI-CALI;INGENIERIA INDUSTRIAL;INGENIERÍA INDUSTRIAL Y AFINES;VALLE;CALI;54;144.0;142.0;152.0;133.0;144.0;147.0;24.0;21.0;28.0;31.0;21.0
16822;UNIVERSIDAD SANTIAGO DE CALI;UNIVERSIDAD SANTIAGO DE CALI-CALI;INGENIERIA INDUSTRIAL;INGENIERÍA INDUSTRIAL Y AFINES;VALLE;CALI;1;156.0;158.0;183.0;164.0;133.0;141.0;0.0;0.0;0.0;0.0;0.0
16823;UNIVERSIDAD SANTIAGO DE CALI;UNIVERSIDAD SANTIAGO DE CALI-CALI;INGENIERÍA EN ENERG¿AS;INGENIERÍA ELÉCTRICA Y AFINES;VALLE;CALI;5;148.0;144.0;150.0;138.0;164.0;145.0;29.0;15.0;18.0;84.0;22.0
3118;UNIVERSIDAD SANTIAGO DE CALI;UNIVERSIDAD SANTIAGO DE CALI-CALI;INSTRUMENTACION QUIRURGICA;INSTRUMENTACIÓN QUIRÚRGICA;VALLE;CALI;121;137.0;141.0;127.0;129.0;143.0;148.0;27.0;26.0;26.0;35.0;19.0
4564;UNIVERSIDAD SANTIAGO DE CALI;UNIVERSIDAD SANTIAGO DE CALI-CALI;LICENCIATURA EN  CIENCIAS NATURALES Y EDUCACION AMBIENTAL;EDUCACIÓN;VALLE;CALI;1;127.0;113.0;108.0;130.0;147.0;137.0;0.0;0.0;0.0;0.0;0.0
16821;UNIVERSIDAD SANTIAGO DE CALI;UNIVERSIDAD SANTIAGO DE CALI-CALI;LICENCIATURA EN CIENCIAS NATURALES;EDUCACIÓN;VALLE;CALI;6;137.0;137.0;125.0;143.0;130.0;147.0;30.0;26.0;25.0;19.0;37.0
16887;UNIVERSIDAD SANTIAGO DE CALI;UNIVERSIDAD SANTIAGO DE CALI-CALI;LICENCIATURA EN CIENCIAS SOCIALES.;EDUCACIÓN;VALLE;CALI;10;136.0;142.0;118.0;150.0;130.0;142.0;22.0;24.0;23.0;22.0;27.0
9523;UNIVERSIDAD SANTIAGO DE CALI;UNIVERSIDAD SANTIAGO DE CALI-CALI;LICENCIATURA EN EDUCACION INFANTIL;EDUCACIÓN;VALLE;CALI;87;132.0;138.0;123.0;123.0;138.0;139.0;29.0;24.0;24.0;31.0;21.0
1811;UNIVERSIDAD SANTIAGO DE CALI;UNIVERSIDAD SANTIAGO DE CALI-CALI;LICENCIATURA EN EDUCACION PREESCOLAR;EDUCACIÓN;VALLE;CALI;5;141.0;153.0;138.0;138.0;131.0;143.0;15.0;15.0;11.0;21.0;14.0
20638;UNIVERSIDAD SANTIAGO DE CALI;UNIVERSIDAD SANTIAGO DE CALI-CALI;LICENCIATURA EN EDUCACIÓN FÍSICA Y DEPORTE;EDUCACIÓN;VALLE;CALI;62;131.0;138.0;126.0;121.0;136.0;136.0;24.0;27.0;31.0;27.0;22.0
3858;UNIVERSIDAD SANTIAGO DE CALI;UNIVERSIDAD SANTIAGO DE CALI-CALI;LICENCIATURA EN LENGUAS EXTRANJERAS INGLES - FRANCES;EDUCACIÓN;VALLE;CALI;200;152.0;154.0;127.0;137.0;150.0;191.0;26.0;26.0;31.0;34.0;22.0
16832;UNIVERSIDAD SANTIAGO DE CALI;UNIVERSIDAD SANTIAGO DE CALI-CALI;LICENCIATURA EN MATEMATICAS;EDUCACIÓN;VALLE;CALI;9;137.0;132.0;158.0;123.0;138.0;133.0;29.0;13.0;20.0;23.0;10.0
2773;UNIVERSIDAD SANTIAGO DE CALI;UNIVERSIDAD SANTIAGO DE CALI-CALI;MEDICINA;MEDICINA;VALLE;CALI;1;162.0;170.0;139.0;177.0;156.0;166.0;0.0;0.0;0.0;0.0;0.0
6063;UNIVERSIDAD SANTIAGO DE CALI;UNIVERSIDAD SANTIAGO DE CALI-CALI;MEDICINA;MEDICINA;VALLE;CALI;109;158.0;162.0;151.0;155.0;150.0;170.0;27.0;31.0;31.0;31.0;36.0
7020;UNIVERSIDAD SANTIAGO DE CALI;UNIVERSIDAD SANTIAGO DE CALI-PALMIRA;MEDICINA;MEDICINA;VALLE;PALMIRA;109;152.0;157.0;148.0;144.0;150.0;163.0;23.0;24.0;28.0;35.0;23.0
25631;UNIVERSIDAD SANTIAGO DE CALI;UNIVERSIDAD SANTIAGO DE CALI-CALI;MEDICINA VETERINARIA;MEDICINA VETERINARIA;VALLE;CALI;111;148.0;156.0;137.0;142.0;145.0;160.0;26.0;25.0;29.0;27.0;26.0
6166;UNIVERSIDAD SANTIAGO DE CALI;UNIVERSIDAD SANTIAGO DE CALI-CALI;MERCADEO;ADMINISTRACIÓN;VALLE;CALI;77;137.0;140.0;129.0;121.0;142.0;150.0;28.0;27.0;29.0;31.0;28.0
16865;UNIVERSIDAD SANTIAGO DE CALI;UNIVERSIDAD SANTIAGO DE CALI-CALI;MERCADEO;ADMINISTRACIÓN;VALLE;CALI;2;139.0;130.0;135.0;148.0;142.0;138.0;13.0;11.0;4.0;22.0;27.0
7494;UNIVERSIDAD SANTIAGO DE CALI;UNIVERSIDAD SANTIAGO DE CALI-CALI;MICROBIOLOGIA;BIOLOGÍA, MICROBIOLOGÍA Y AFINES;VALLE;CALI;92;145.0;148.0;140.0;139.0;144.0;154.0;28.0;28.0;30.0;30.0;28.0
517;UNIVERSIDAD SANTIAGO DE CALI;UNIVERSIDAD SANTIAGO DE CALI-CALI;ODONTOLOGIA;ODONTOLOGÍA;VALLE;CALI;74;139.0;141.0;132.0;127.0;142.0;150.0;31.0;28.0;30.0;30.0;31.0
2708;UNIVERSIDAD SANTIAGO DE CALI;UNIVERSIDAD SANTIAGO DE CALI-CALI;PSICOLOGIA;PSICOLOGÍA;VALLE;CALI;56;146.0;158.0;128.0;145.0;144.0;155.0;27.0;22.0;31.0;33.0;32.0
3869;UNIVERSIDAD SANTIAGO DE CALI;UNIVERSIDAD SANTIAGO DE CALI-CALI;PUBLICIDAD;PUBLICIDAD Y AFINES;VALLE;CALI;48;142.0;146.0;130.0;133.0;141.0;159.0;27.0;31.0;32.0;28.0;27.0
4735;UNIVERSIDAD SANTIAGO DE CALI;UNIVERSIDAD SANTIAGO DE CALI-CALI;QUIMICA;QUÍMICA Y AFINES;VALLE;CALI;47;152.0;153.0;166.0;144.0;140.0;158.0;25.0;27.0;32.0;33.0;22.0
16854;UNIVERSIDAD SANTIAGO DE CALI;UNIVERSIDAD SANTIAGO DE CALI-CALI;QUIMICA FARMACÉUTICA;QUÍMICA Y AFINES;VALLE;CALI;116;151.0;153.0;150.0;140.0;150.0;160.0;23.0;24.0;32.0;26.0;28.0
992;UNIVERSIDAD SANTIAGO DE CALI;UNIVERSIDAD SANTIAGO DE CALI-CALI;TERAPIA RESPIRATORIA;TERAPIAS;VALLE;CALI;48;130.0;133.0;117.0;125.0;137.0;136.0;30.0;28.0;28.0;25.0;20.0
7533;UNIVERSIDAD SANTIAGO DE CALI;UNIVERSIDAD SANTIAGO DE CALI-CALI;TRABAJO SOCIAL;SOCIOLOGÍA, TRABAJO SOCIAL Y AFINES;VALLE;CALI;73;131.0;137.0;117.0;128.0;140.0;136.0;32.0;24.0;25.0;29.0;29.0
6913;UNIVERSIDAD SANTO TOMAS;UNIVERSIDAD SANTO TOMAS-BOGOTÁ D.C.;ADMINISTRACION AMBIENTAL Y DE LOS RECURSOS NATURALES;ADMINISTRACIÓN;BOGOTÁ;BOGOTÁ D.C.;75;139.0;144.0;134.0;139.0;145.0;134.0;25.0;23.0;29.0;34.0;25.0
1759;UNIVERSIDAD SANTO TOMAS;UNIVERSIDAD SANTO TOMAS-BOGOTÁ D.C.;ADMINISTRACION DE EMPRESAS;ADMINISTRACIÓN;BOGOTÁ;BOGOTÁ D.C.;103;145.0;147.0;139.0;141.0;146.0;150.0;26.0;27.0;28.0;30.0;25.0
2475;UNIVERSIDAD SANTO TOMAS;UNIVERSIDAD SANTO TOMAS-BOGOTÁ D.C.;ADMINISTRACION DE EMPRESAS;ADMINISTRACIÓN;BOGOTÁ;BOGOTÁ D.C.;117;151.0;153.0;146.0;146.0;147.0;162.0;27.0;24.0;29.0;30.0;25.0
5710;UNIVERSIDAD SANTO TOMAS;UNIVERSIDAD SANTO TOMAS-TUNJA;ADMINISTRACION DE EMPRESAS;ADMINISTRACIÓN;BOYACA;TUNJA;42;146.0;148.0;144.0;142.0;137.0;158.0;37.0;32.0;40.0;32.0;31.0
959;UNIVERSIDAD SANTO TOMAS;UNIVERSIDAD SANTO TOMAS-BUCARAMANGA;ADMINISTRACION DE EMPRESAS AGROPECUARIAS;ADMINISTRACIÓN;SANTANDER;BUCARAMANGA;16;135.0;141.0;131.0;122.0;144.0;135.0;30.0;28.0;34.0;24.0;23.0
2030;UNIVERSIDAD SANTO TOMAS;UNIVERSIDAD SANTO TOMAS-BUCARAMANGA;ADMINISTRACION DE EMPRESAS AGROPECUARIAS;ADMINISTRACIÓN;SANTANDER;BUCARAMANGA;22;136.0;134.0;129.0;121.0;149.0;147.0;28.0;36.0;30.0;23.0;28.0
5553;UNIVERSIDAD SANTO TOMAS;UNIVERSIDAD SANTO TOMAS-BOGOTÁ D.C.;ADMINISTRACION DE EMPRESAS AGROPECUARIAS;ADMINISTRACIÓN;BOGOTÁ;BOGOTÁ D.C.;8;139.0;133.0;150.0;136.0;143.0;131.0;33.0;18.0;20.0;25.0;24.0
8283;UNIVERSIDAD SANTO TOMAS;UNIVERSIDAD SANTO TOMAS-BUCARAMANGA;ADMINISTRACIÓN DE EMPRESAS;ADMINISTRACIÓN;SANTANDER;BUCARAMANGA;30;150.0;148.0;150.0;142.0;149.0;163.0;40.0;31.0;29.0;28.0;23.0
1372;UNIVERSIDAD SANTO TOMAS;UNIVERSIDAD SANTO TOMAS-BUCARAMANGA;ARQUITECTURA;ARQUITECTURA;SANTANDER;BUCARAMANGA;111;158.0;157.0;164.0;145.0;151.0;172.0;26.0;27.0;31.0;25.0;34.0
1562;UNIVERSIDAD SANTO TOMAS;UNIVERSIDAD SANTO TOMAS-BOGOTÁ D.C.;ARQUITECTURA;ARQUITECTURA;BOGOTÁ;BOGOTÁ D.C.;65;147.0;152.0;148.0;136.0;145.0;154.0;25.0;28.0;26.0;32.0;28.0
2654;UNIVERSIDAD SANTO TOMAS;UNIVERSIDAD SANTO TOMAS-TUNJA;ARQUITECTURA;ARQUITECTURA;BOYACA;TUNJA;95;151.0;156.0;153.0;139.0;149.0;159.0;28.0;30.0;32.0;36.0;31.0
20633;UNIVERSIDAD SANTO TOMAS;UNIVERSIDAD SANTO TOMAS-BOGOTÁ D.C.;ARQUITECTURA;ARQUITECTURA;BOGOTÁ;BOGOTÁ D.C.;70;154.0;159.0;157.0;140.0;149.0;164.0;26.0;23.0;32.0;32.0;25.0
4785;UNIVERSIDAD SANTO TOMAS;UNIVERSIDAD SANTO TOMAS-BOGOTÁ D.C.;COMUNICACION SOCIAL;COMUNICACIÓN SOCIAL, PERIODISMO Y AFINES;BOGOTÁ;BOGOTÁ D.C.;66;152.0;156.0;138.0;149.0;149.0;167.0;24.0;27.0;27.0;30.0;25.0
4677;UNIVERSIDAD SANTO TOMAS;UNIVERSIDAD SANTO TOMAS-BOGOTÁ D.C.;CONSTRUCCION EN ARQUITECTURA E INGENIERIA;ARQUITECTURA;BOGOTÁ;BOGOTÁ D.C.;52;142.0;139.0;153.0;134.0;149.0;138.0;25.0;31.0;34.0;25.0;24.0
543;UNIVERSIDAD SANTO TOMAS;UNIVERSIDAD SANTO TOMAS-BOGOTÁ D.C.;CONTADURIA PUBLICA;CONTADURÍA PUBLICA;BOGOTÁ;BOGOTÁ D.C.;31;150.0;154.0;153.0;142.0;146.0;157.0;29.0;28.0;35.0;36.0;39.0
1228;UNIVERSIDAD SANTO TOMAS;UNIVERSIDAD SANTO TOMAS-BOGOTÁ D.C.;CONTADURIA PUBLICA;CONTADURÍA PUBLICA;BOGOTÁ;BOGOTÁ D.C.;25;141.0;137.0;150.0;131.0;140.0;144.0;30.0;26.0;35.0;22.0;19.0
6219;UNIVERSIDAD SANTO TOMAS;UNIVERSIDAD SANTO TOMAS-BUCARAMANGA;CONTADURIA PUBLICA;CONTADURÍA PUBLICA;SANTANDER;BUCARAMANGA;1;153.0;180.0;131.0;137.0;138.0;177.0;0.0;0.0;0.0;0.0;0.0
6844;UNIVERSIDAD SANTO TOMAS;UNIVERSIDAD SANTO TOMAS-BUCARAMANGA;CONTADURIA PUBLICA;CONTADURÍA PUBLICA;SANTANDER;BUCARAMANGA;19;155.0;153.0;159.0;150.0;152.0;160.0;31.0;30.0;28.0;25.0;42.0
7224;UNIVERSIDAD SANTO TOMAS;UNIVERSIDAD SANTO TOMAS-TUNJA;CONTADURIA PUBLICA;CONTADURÍA PUBLICA;BOYACA;TUNJA;34;149.0;154.0;154.0;143.0;143.0;154.0;23.0;19.0;26.0;23.0;19.0
4277;UNIVERSIDAD SANTO TOMAS;UNIVERSIDAD SANTO TOMAS-BUCARAMANGA;CULTURA FISICA, DEPORTE Y RECREACION;DEPORTES, EDUCACIÓN FÍSICA Y RECREACIÓN;SANTANDER;BUCARAMANGA;54;135.0;135.0;133.0;123.0;140.0;145.0;32.0;28.0;31.0;37.0;30.0
5219;UNIVERSIDAD SANTO TOMAS;UNIVERSIDAD SANTO TOMAS-BOGOTÁ D.C.;CULTURA FISICA, DEPORTE Y RECREACION;DEPORTES, EDUCACIÓN FÍSICA Y RECREACIÓN;BOGOTÁ;BOGOTÁ D.C.;150;144.0;146.0;142.0;135.0;144.0;155.0;27.0;25.0;29.0;32.0;24.0
20756;UNIVERSIDAD SANTO TOMAS;UNIVERSIDAD SANTO TOMAS-TUNJA;CULTURA FÍSICA DEPORTE Y RECREACIÓN;SOCIOLOGÍA, TRABAJO SOCIAL Y AFINES;BOYACA;TUNJA;20;139.0;141.0;137.0;125.0;137.0;155.0;24.0;26.0;33.0;38.0;22.0
56;UNIVERSIDAD SANTO TOMAS;UNIVERSIDAD SANTO TOMAS-BOGOTÁ D.C.;DERECHO;DERECHO Y AFINES;BOGOTÁ;BOGOTÁ D.C.;68;162.0;173.0;144.0;173.0;154.0;167.0;24.0;26.0;30.0;23.0;29.0
687;UNIVERSIDAD SANTO TOMAS;UNIVERSIDAD SANTO TOMAS-BOGOTÁ D.C.;DERECHO;DERECHO Y AFINES;BOGOTÁ;BOGOTÁ D.C.;16;147.0;163.0;134.0;162.0;132.0;142.0;23.0;25.0;18.0;44.0;29.0
911;UNIVERSIDAD SANTO TOMAS;UNIVERSIDAD SANTO TOMAS-TUNJA;DERECHO;DERECHO Y AFINES;BOYACA;TUNJA;153;157.0;163.0;143.0;166.0;154.0;158.0;26.0;27.0;30.0;30.0;28.0
2486;UNIVERSIDAD SANTO TOMAS;UNIVERSIDAD SANTO TOMAS-BOGOTÁ D.C.;DERECHO;DERECHO Y AFINES;BOGOTÁ;BOGOTÁ D.C.;136;154.0;159.0;141.0;162.0;149.0;160.0;28.0;28.0;30.0;30.0;25.0
5586;UNIVERSIDAD SANTO TOMAS;UNIVERSIDAD SANTO TOMAS-BUCARAMANGA;DERECHO;DERECHO Y AFINES;SANTANDER;BUCARAMANGA;167;159.0;165.0;143.0;169.0;158.0;162.0;28.0;28.0;31.0;41.0;31.0
26550;UNIVERSIDAD SANTO TOMAS;UNIVERSIDAD SANTO TOMAS-TUNJA;DISEÑO DE INTERACCIÓN;DISEÑO;BOYACA;TUNJA;33;156.0;162.0;143.0;146.0;154.0;173.0;25.0;28.0;23.0;38.0;21.0
7154;UNIVERSIDAD SANTO TOMAS;UNIVERSIDAD SANTO TOMAS-BOGOTÁ D.C.;DISEÑO GRÁFICO;DISEÑO;BOGOTÁ;BOGOTÁ D.C.;72;160.0;166.0;148.0;150.0;154.0;181.0;28.0;26.0;31.0;26.0;25.0
4678;UNIVERSIDAD SANTO TOMAS;UNIVERSIDAD SANTO TOMAS-BOGOTÁ D.C.;ECONOMIA;ECONOMÍA;BOGOTÁ;BOGOTÁ D.C.;25;166.0;172.0;162.0;165.0;152.0;178.0;27.0;26.0;28.0;38.0;18.0
6845;UNIVERSIDAD SANTO TOMAS;UNIVERSIDAD SANTO TOMAS-BUCARAMANGA;ECONOMIA;ECONOMÍA;SANTANDER;BUCARAMANGA;19;163.0;161.0;170.0;164.0;149.0;173.0;24.0;21.0;41.0;27.0;28.0
2459;UNIVERSIDAD SANTO TOMAS;UNIVERSIDAD SANTO TOMAS-BOGOTÁ D.C.;ESTADISTICA;MATEMÁTICAS, ESTADÍSTICA Y AFINES;BOGOTÁ;BOGOTÁ D.C.;65;160.0;162.0;169.0;153.0;147.0;168.0;26.0;23.0;33.0;37.0;29.0
2133;UNIVERSIDAD SANTO TOMAS;UNIVERSIDAD SANTO TOMAS-BOGOTÁ D.C.;GOBIERNO Y RELACIONES INTERNACIONALES;CIENCIA POLÍTICA, RELACIONES INTERNACIONALES;BOGOTÁ;BOGOTÁ D.C.;41;172.0;172.0;152.0;175.0;172.0;189.0;31.0;29.0;36.0;39.0;34.0
6679;UNIVERSIDAD SANTO TOMAS;UNIVERSIDAD SANTO TOMAS-BOGOTÁ D.C.;INGENIERIA AMBIENTAL;INGENIERÍA AMBIENTAL, SANITARIA Y AFINES;BOGOTÁ;BOGOTÁ D.C.;63;153.0;154.0;157.0;146.0;147.0;161.0;30.0;25.0;31.0;24.0;25.0
912;UNIVERSIDAD SANTO TOMAS;UNIVERSIDAD SANTO TOMAS-TUNJA;INGENIERIA CIVIL;INGENIERÍA CIVIL Y AFINES;BOYACA;TUNJA;75;158.0;159.0;172.0;152.0;148.0;160.0;20.0;26.0;29.0;30.0;24.0
1760;UNIVERSIDAD SANTO TOMAS;UNIVERSIDAD SANTO TOMAS-BOGOTÁ D.C.;INGENIERIA CIVIL;INGENIERÍA CIVIL Y AFINES;BOGOTÁ;BOGOTÁ D.C.;47;149.0;150.0;167.0;136.0;138.0;154.0;25.0;27.0;29.0;44.0;29.0
8940;UNIVERSIDAD SANTO TOMAS;UNIVERSIDAD SANTO TOMAS-BOGOTÁ D.C.;INGENIERIA CIVIL;INGENIERÍA CIVIL Y AFINES;BOGOTÁ;BOGOTÁ D.C.;61;161.0;156.0;181.0;153.0;149.0;165.0;21.0;18.0;32.0;27.0;27.0
2338;UNIVERSIDAD SANTO TOMAS;UNIVERSIDAD SANTO TOMAS-TUNJA;INGENIERIA DE SISTEMAS;INGENIERÍA DE SISTEMAS, TELEMÁTICA Y AFINES;BOYACA;TUNJA;46;161.0;163.0;168.0;153.0;145.0;178.0;30.0;34.0;34.0;35.0;24.0
1027;UNIVERSIDAD SANTO TOMAS;UNIVERSIDAD SANTO TOMAS-BOGOTÁ D.C.;INGENIERIA DE TELECOMUNICACIONES;INGENIERÍA ELECTRÓNICA, TELECOMUNICACIONES Y AFINES;BOGOTÁ;BOGOTÁ D.C.;43;155.0;162.0;158.0;143.0;140.0;170.0;24.0;27.0;34.0;39.0;24.0
2274;UNIVERSIDAD SANTO TOMAS;UNIVERSIDAD SANTO TOMAS-BUCARAMANGA;INGENIERIA DE TELECOMUNICACIONES;INGENIERÍA ELECTRÓNICA, TELECOMUNICACIONES Y AFINES;SANTANDER;BUCARAMANGA;7;169.0;157.0;176.0;162.0;156.0;192.0;42.0;36.0;26.0;16.0;12.0
3675;UNIVERSIDAD SANTO TOMAS;UNIVERSIDAD SANTO TOMAS-TUNJA;INGENIERIA ELECTRONICA;INGENIERÍA ELECTRÓNICA, TELECOMUNICACIONES Y AFINES;BOYACA;TUNJA;21;159.0;158.0;169.0;146.0;150.0;171.0;20.0;27.0;33.0;26.0;25.0
4169;UNIVERSIDAD SANTO TOMAS;UNIVERSIDAD SANTO TOMAS-BOGOTÁ D.C.;INGENIERIA ELECTRONICA;INGENIERÍA ELECTRÓNICA, TELECOMUNICACIONES Y AFINES;BOGOTÁ;BOGOTÁ D.C.;14;174.0;171.0;184.0;165.0;156.0;192.0;41.0;29.0;34.0;26.0;35.0
6644;UNIVERSIDAD SANTO TOMAS;UNIVERSIDAD SANTO TOMAS-BOGOTÁ D.C.;INGENIERIA EN INFORMATICA;INGENIERÍA DE SISTEMAS, TELEMÁTICA Y AFINES;BOGOTÁ;BOGOTÁ D.C.;19;156.0;156.0;155.0;150.0;149.0;168.0;19.0;24.0;21.0;21.0;25.0
3297;UNIVERSIDAD SANTO TOMAS;UNIVERSIDAD SANTO TOMAS-BUCARAMANGA;INGENIERIA INDUSTRIAL;INGENIERÍA INDUSTRIAL Y AFINES;SANTANDER;BUCARAMANGA;34;152.0;148.0;157.0;140.0;150.0;166.0;26.0;28.0;32.0;37.0;26.0
7398;UNIVERSIDAD SANTO TOMAS;UNIVERSIDAD SANTO TOMAS-BOGOTÁ D.C.;INGENIERIA INDUSTRIAL;INGENIERÍA INDUSTRIAL Y AFINES;BOGOTÁ;BOGOTÁ D.C.;67;158.0;156.0;161.0;146.0;157.0;169.0;26.0;24.0;30.0;27.0;29.0
57;UNIVERSIDAD SANTO TOMAS;UNIVERSIDAD SANTO TOMAS-BOGOTÁ D.C.;INGENIERIA MECANICA;INGENIERÍA MECÁNICA Y AFINES;BOGOTÁ;BOGOTÁ D.C.;52;163.0;162.0;173.0;149.0;155.0;178.0;24.0;26.0;28.0;22.0;30.0
7888;UNIVERSIDAD SANTO TOMAS;UNIVERSIDAD SANTO TOMAS-BOGOTÁ D.C.;INGENIERIA MECANICA;INGENIERÍA MECÁNICA Y AFINES;BOGOTÁ;BOGOTÁ D.C.;22;166.0;173.0;181.0;146.0;149.0;181.0;26.0;36.0;38.0;20.0;19.0
960;UNIVERSIDAD SANTO TOMAS;UNIVERSIDAD SANTO TOMAS-BUCARAMANGA;INGENIERIA MECATRONICA;INGENIERÍA MECÁNICA Y AFINES;SANTANDER;BUCARAMANGA;36;171.0;172.0;183.0;169.0;152.0;176.0;22.0;20.0;35.0;29.0;23.0
8508;UNIVERSIDAD SANTO TOMAS;UNIVERSIDAD SANTO TOMAS-BOGOTÁ D.C.;INGENIERÍA AMBIENTAL;INGENIERÍA AMBIENTAL, SANITARIA Y AFINES;BOGOTÁ;BOGOTÁ D.C.;2;184.0;179.0;189.0;184.0;157.0;212.0;23.0;6.0;30.0;4.0;13.0
16130;UNIVERSIDAD SANTO TOMAS;UNIVERSIDAD SANTO TOMAS-BOGOTÁ D.C.;INGENIERÍA AMBIENTAL;INGENIERÍA AMBIENTAL, SANITARIA Y AFINES;BOGOTÁ;BOGOTÁ D.C.;1;160.0;157.0;178.0;154.0;130.0;179.0;0.0;0.0;0.0;0.0;0.0
26177;UNIVERSIDAD SANTO TOMAS;UNIVERSIDAD SANTO TOMAS-TUNJA;INGENIERÍA AMBIENTAL;INGENIERÍA AMBIENTAL, SANITARIA Y AFINES;BOYACA;TUNJA;25;150.0;146.0;151.0;143.0;154.0;154.0;29.0;23.0;24.0;22.0;29.0
7302;UNIVERSIDAD SANTO TOMAS;UNIVERSIDAD SANTO TOMAS-BOGOTÁ D.C.;INGENIERÍA CIVIL;INGENIERÍA CIVIL Y AFINES;BOGOTÁ;BOGOTÁ D.C.;30;153.0;147.0;171.0;139.0;147.0;163.0;30.0;43.0;39.0;49.0;33.0
9707;UNIVERSIDAD SANTO TOMAS;UNIVERSIDAD SANTO TOMAS-BOGOTÁ D.C.;INGENIERÍA EN LOGISTICA Y OPERACIONES;INGENIERÍA INDUSTRIAL Y AFINES;BOGOTÁ;BOGOTÁ D.C.;20;141.0;139.0;150.0;135.0;148.0;135.0;21.0;24.0;32.0;27.0;37.0
16570;UNIVERSIDAD SANTO TOMAS;UNIVERSIDAD SANTO TOMAS-BOGOTÁ D.C.;INGENIERÍA INDUSTRIAL;INGENIERÍA INDUSTRIAL Y AFINES;BOGOTÁ;BOGOTÁ D.C.;64;152.0;154.0;156.0;143.0;146.0;158.0;30.0;28.0;35.0;31.0;25.0
20710;UNIVERSIDAD SANTO TOMAS;UNIVERSIDAD SANTO TOMAS-TUNJA;INGENIERÍA INDUSTRIAL;INGENIERÍA QUÍMICA Y AFINES;BOYACA;TUNJA;81;153.0;155.0;155.0;147.0;148.0;160.0;24.0;28.0;29.0;32.0;23.0
20735;UNIVERSIDAD SANTO TOMAS;UNIVERSIDAD SANTO TOMAS-TUNJA;INGENIERÍA MECÁNICA;INGENIERÍA MECÁNICA Y AFINES;BOYACA;TUNJA;58;158.0;159.0;176.0;145.0;137.0;172.0;24.0;21.0;30.0;39.0;29.0
9724;UNIVERSIDAD SANTO TOMAS;UNIVERSIDAD SANTO TOMAS-BOGOTÁ D.C.;LICENCIATURA EN ARTES PLASTICAS;EDUCACIÓN;BOGOTÁ;BOGOTÁ D.C.;18;160.0;166.0;142.0;157.0;168.0;169.0;24.0;29.0;27.0;56.0;27.0
9818;UNIVERSIDAD SANTO TOMAS;UNIVERSIDAD SANTO TOMAS-BOGOTÁ D.C.;LICENCIATURA EN BIOLOGÍA;EDUCACIÓN;BOGOTÁ;BOGOTÁ D.C.;40;144.0;152.0;135.0;138.0;156.0;139.0;24.0;25.0;26.0;23.0;24.0
9524;UNIVERSIDAD SANTO TOMAS;UNIVERSIDAD SANTO TOMAS-BOGOTÁ D.C.;LICENCIATURA EN EDUCACION INFANTIL;EDUCACIÓN;BOGOTÁ;BOGOTÁ D.C.;175;124.0;131.0;112.0;121.0;139.0;117.0;26.0;25.0;29.0;43.0;27.0
5102;UNIVERSIDAD SANTO TOMAS;UNIVERSIDAD SANTO TOMAS-BOGOTÁ D.C.;LICENCIATURA EN EDUCACION PREESCOLAR;EDUCACIÓN;BOGOTÁ;BOGOTÁ D.C.;1;135.0;147.0;134.0;113.0;148.0;132.0;0.0;0.0;0.0;0.0;0.0
9492;UNIVERSIDAD SANTO TOMAS;UNIVERSIDAD SANTO TOMAS-BOGOTÁ D.C.;LICENCIATURA EN EDUCACION RELIGIOSA;EDUCACIÓN;BOGOTÁ;BOGOTÁ D.C.;19;131.0;142.0;120.0;137.0;134.0;120.0;31.0;32.0;33.0;42.0;25.0
26178;UNIVERSIDAD SANTO TOMAS;UNIVERSIDAD SANTO TOMAS-TUNJA;LICENCIATURA EN ESPAÑOL Y LENGUAS EXTRANJERAS INGLÉS Y FRANCÉS;EDUCACIÓN;BOYACA;TUNJA;15;166.0;172.0;152.0;150.0;162.0;196.0;17.0;17.0;28.0;23.0;11.0
4307;UNIVERSIDAD SANTO TOMAS;UNIVERSIDAD SANTO TOMAS-BOGOTÁ D.C.;LICENCIATURA EN FILOSOFIA Y EDUCACION RELIGIOSA;EDUCACIÓN;BOGOTÁ;BOGOTÁ D.C.;1;139.0;143.0;149.0;140.0;131.0;132.0;0.0;0.0;0.0;0.0;0.0
3157;UNIVERSIDAD SANTO TOMAS;UNIVERSIDAD SANTO TOMAS-BOGOTÁ D.C.;LICENCIATURA EN FILOSOFIA Y LENGUA CASTELLANA;EDUCACIÓN;BOGOTÁ;BOGOTÁ D.C.;5;165.0;175.0;143.0;164.0;177.0;165.0;21.0;36.0;24.0;8.0;16.0
1486;UNIVERSIDAD SANTO TOMAS;UNIVERSIDAD SANTO TOMAS-BOGOTÁ D.C.;LICENCIATURA EN LENGUA EXTRANJERA INGLES;EDUCACIÓN;BOGOTÁ;BOGOTÁ D.C.;54;149.0;147.0;130.0;132.0;154.0;182.0;27.0;25.0;31.0;33.0;17.0
597;UNIVERSIDAD SANTO TOMAS;UNIVERSIDAD SANTO TOMAS-BOGOTÁ D.C.;LICENCIATURA EN LITERATURA Y LENGUA CASTELLANA;EDUCACIÓN;BOGOTÁ;BOGOTÁ D.C.;1;123.0;95.0;99.0;98.0;177.0;144.0;0.0;0.0;0.0;0.0;0.0
16546;UNIVERSIDAD SANTO TOMAS;UNIVERSIDAD SANTO TOMAS-BOGOTÁ D.C.;LICENCIATURA EN LITERATURA Y LENGUA CASTELLANA;EDUCACIÓN;BOGOTÁ;BOGOTÁ D.C.;1;126.0;136.0;134.0;96.0;152.0;110.0;0.0;0.0;0.0;0.0;0.0
9653;UNIVERSIDAD SANTO TOMAS;UNIVERSIDAD SANTO TOMAS-BOGOTÁ D.C.;LICENCIATURA EN TECNOLOGÍA E INFORMÁTICA;EDUCACIÓN;BOGOTÁ;BOGOTÁ D.C.;4;133.0;125.0;126.0;108.0;157.0;150.0;27.0;26.0;19.0;30.0;19.0
3276;UNIVERSIDAD SANTO TOMAS;UNIVERSIDAD SANTO TOMAS-BOGOTÁ D.C.;LICENCIATURA EN TEOLOGIA;EDUCACIÓN;BOGOTÁ;BOGOTÁ D.C.;32;140.0;148.0;125.0;135.0;157.0;134.0;34.0;33.0;32.0;52.0;30.0
6692;UNIVERSIDAD SANTO TOMAS;UNIVERSIDAD SANTO TOMAS-BOGOTÁ D.C.;MERCADEO;ADMINISTRACIÓN;BOGOTÁ;BOGOTÁ D.C.;53;157.0;157.0;147.0;148.0;154.0;177.0;27.0;26.0;32.0;22.0;25.0
2477;UNIVERSIDAD SANTO TOMAS;UNIVERSIDAD SANTO TOMAS-BUCARAMANGA;NEGOCIOS INTERNACIONALES;ECONOMÍA;SANTANDER;BUCARAMANGA;127;153.0;155.0;140.0;147.0;150.0;170.0;25.0;29.0;33.0;26.0;27.0
3957;UNIVERSIDAD SANTO TOMAS;UNIVERSIDAD SANTO TOMAS-BUCARAMANGA;NEGOCIOS INTERNACIONALES;ADMINISTRACIÓN;SANTANDER;BUCARAMANGA;76;151.0;152.0;139.0;145.0;150.0;171.0;25.0;27.0;31.0;30.0;24.0
5366;UNIVERSIDAD SANTO TOMAS;UNIVERSIDAD SANTO TOMAS-BOGOTÁ D.C.;NEGOCIOS INTERNACIONALES;ECONOMÍA;BOGOTÁ;BOGOTÁ D.C.;152;155.0;156.0;148.0;147.0;150.0;174.0;30.0;26.0;33.0;33.0;28.0
7225;UNIVERSIDAD SANTO TOMAS;UNIVERSIDAD SANTO TOMAS-TUNJA;NEGOCIOS INTERNACIONALES;ADMINISTRACIÓN;BOYACA;TUNJA;63;157.0;164.0;148.0;150.0;154.0;171.0;26.0;24.0;31.0;27.0;29.0
7228;UNIVERSIDAD SANTO TOMAS;UNIVERSIDAD SANTO TOMAS-BOGOTÁ D.C.;NEGOCIOS INTERNACIONALES;ADMINISTRACIÓN;BOGOTÁ;BOGOTÁ D.C.;22;151.0;153.0;133.0;141.0;154.0;172.0;31.0;25.0;35.0;25.0;35.0
3696;UNIVERSIDAD SANTO TOMAS;UNIVERSIDAD SANTO TOMAS-BUCARAMANGA;ODONTOLOGIA;ODONTOLOGÍA;SANTANDER;BUCARAMANGA;118;147.0;152.0;135.0;141.0;143.0;161.0;27.0;25.0;29.0;32.0;33.0
2695;UNIVERSIDAD SANTO TOMAS;UNIVERSIDAD SANTO TOMAS-BUCARAMANGA;OPTOMETRIA;OPTOMETRÍA, OTROS PROGRAMAS DE CIENCIAS DE LA SALUD;SANTANDER;BUCARAMANGA;53;145.0;148.0;139.0;136.0;146.0;156.0;26.0;29.0;35.0;43.0;32.0
2210;UNIVERSIDAD SANTO TOMAS;UNIVERSIDAD SANTO TOMAS-BOGOTÁ D.C.;PSICOLOGIA;PSICOLOGÍA;BOGOTÁ;BOGOTÁ D.C.;113;153.0;162.0;138.0;148.0;151.0;165.0;27.0;27.0;32.0;35.0;32.0
1156;UNIVERSIDAD SANTO TOMAS;UNIVERSIDAD SANTO TOMAS-BUCARAMANGA;QUIMICA AMBIENTAL;QUÍMICA Y AFINES;SANTANDER;BUCARAMANGA;8;165.0;171.0;161.0;170.0;152.0;169.0;33.0;17.0;16.0;26.0;22.0
6094;UNIVERSIDAD SANTO TOMAS;UNIVERSIDAD SANTO TOMAS-BOGOTÁ D.C.;SOCIOLOGIA;SOCIOLOGÍA, TRABAJO SOCIAL Y AFINES;BOGOTÁ;BOGOTÁ D.C.;21;168.0;177.0;146.0;171.0;169.0;176.0;24.0;28.0;27.0;39.0;25.0
6703;UNIVERSIDAD SANTO TOMAS;UNIVERSIDAD SANTO TOMAS-BOGOTÁ D.C.;TEOLOGÍA;FILOSOFÍA, TEOLOGÍA Y AFINES;BOGOTÁ;BOGOTÁ D.C.;11;153.0;155.0;136.0;158.0;167.0;149.0;23.0;26.0;21.0;23.0;24.0
6224;UNIVERSIDAD SANTO TOMAS;UNIVERSIDAD SANTO TOMAS-BOGOTÁ D.C.;ZOOTECNIA;ZOOTECNIA;BOGOTÁ;BOGOTÁ D.C.;8;138.0;140.0;127.0;134.0;146.0;144.0;29.0;29.0;31.0;23.0;25.0
8959;UNIVERSIDAD SERGIO ARBOLEDA;UNIVERSIDAD SERGIO ARBOLEDA-BOGOTÁ D.C.;ADMINISTRACION AMBIENTAL;ADMINISTRACIÓN;BOGOTÁ;BOGOTÁ D.C.;8;155.0;163.0;160.0;155.0;143.0;156.0;19.0;25.0;29.0;30.0;42.0
110;UNIVERSIDAD SERGIO ARBOLEDA;UNIVERSIDAD SERGIO ARBOLEDA-SANTA MARTA;ADMINISTRACION DE EMPRESAS;ADMINISTRACIÓN;MAGDALENA;SANTA MARTA;27;141.0;143.0;136.0;135.0;142.0;148.0;26.0;26.0;27.0;29.0;30.0
3337;UNIVERSIDAD SERGIO ARBOLEDA;UNIVERSIDAD SERGIO ARBOLEDA-BOGOTÁ D.C.;ADMINISTRACION DE EMPRESAS;ADMINISTRACIÓN;BOGOTÁ;BOGOTÁ D.C.;27;165.0;167.0;159.0;159.0;159.0;182.0;27.0;26.0;31.0;37.0;24.0
30804;UNIVERSIDAD SERGIO ARBOLEDA;UNIVERSIDAD SERGIO ARBOLEDA-BOGOTÁ D.C.;ADMINISTRACION DE EMPRESAS Y TRANSFORMACION DIGITAL;ADMINISTRACIÓN;BOGOTÁ;BOGOTÁ D.C.;16;147.0;147.0;144.0;138.0;138.0;170.0;33.0;29.0;34.0;25.0;22.0
7879;UNIVERSIDAD SERGIO ARBOLEDA;UNIVERSIDAD SERGIO ARBOLEDA-BOGOTÁ D.C.;ADMINISTRACION DE NEGOCIOS;ADMINISTRACIÓN;BOGOTÁ;BOGOTÁ D.C.;8;169.0;164.0;157.0;151.0;182.0;188.0;19.0;19.0;33.0;54.0;15.0
30843;UNIVERSIDAD SERGIO ARBOLEDA;UNIVERSIDAD SERGIO ARBOLEDA-BOGOTÁ D.C.;ADMINISTRACIÓN DE EMPRESAS Y TRANSFORMACION DIGITAL;ADMINISTRACIÓN;BOGOTÁ;BOGOTÁ D.C.;7;155.0;159.0;151.0;147.0;145.0;174.0;14.0;19.0;25.0;31.0;27.0
2211;UNIVERSIDAD SERGIO ARBOLEDA;UNIVERSIDAD SERGIO ARBOLEDA-BOGOTÁ D.C.;CIENCIAS DE LA COMPUTACIÓN E INTELIGENCIA ARTIFICIAL;INGENIERÍA DE SISTEMAS, TELEMÁTICA Y AFINES;BOGOTÁ;BOGOTÁ D.C.;60;169.0;169.0;172.0;154.0;156.0;195.0;26.0;27.0;33.0;26.0;31.0
4580;UNIVERSIDAD SERGIO ARBOLEDA;UNIVERSIDAD SERGIO ARBOLEDA-BOGOTÁ D.C.;COMERCIO INTERNACIONAL;ADMINISTRACIÓN;BOGOTÁ;BOGOTÁ D.C.;14;162.0;166.0;157.0;160.0;151.0;173.0;26.0;25.0;31.0;26.0;23.0
6908;UNIVERSIDAD SERGIO ARBOLEDA;UNIVERSIDAD SERGIO ARBOLEDA-BOGOTÁ D.C.;COMUNICACION SOCIAL Y PERIODISMO;COMUNICACIÓN SOCIAL, PERIODISMO Y AFINES;BOGOTÁ;BOGOTÁ D.C.;81;159.0;164.0;143.0;160.0;151.0;179.0;24.0;26.0;30.0;31.0;28.0
4290;UNIVERSIDAD SERGIO ARBOLEDA;UNIVERSIDAD SERGIO ARBOLEDA-SANTA MARTA;COMUNICACION SOCIAL- PERIODISMO;COMUNICACIÓN SOCIAL, PERIODISMO Y AFINES;MAGDALENA;SANTA MARTA;25;137.0;144.0;116.0;131.0;148.0;149.0;26.0;22.0;33.0;43.0;31.0
30880;UNIVERSIDAD SERGIO ARBOLEDA;UNIVERSIDAD SERGIO ARBOLEDA-BOGOTÁ D.C.;COMUNICACIÓN SOCIAL Y PERIODISMO DIGITAL;COMUNICACIÓN SOCIAL, PERIODISMO Y AFINES;BOGOTÁ;BOGOTÁ D.C.;25;157.0;165.0;140.0;149.0;160.0;170.0;23.0;35.0;33.0;26.0;33.0
6635;UNIVERSIDAD SERGIO ARBOLEDA;UNIVERSIDAD SERGIO ARBOLEDA-BOGOTÁ D.C.;CONTADURIA PUBLICA;CONTADURÍA PUBLICA;BOGOTÁ;BOGOTÁ D.C.;16;157.0;161.0;154.0;153.0;146.0;172.0;24.0;22.0;23.0;26.0;22.0
8049;UNIVERSIDAD SERGIO ARBOLEDA;UNIVERSIDAD SERGIO ARBOLEDA-SANTA MARTA;CONTADURÍA PÚBLICA;CONTADURÍA PUBLICA;MAGDALENA;SANTA MARTA;13;142.0;142.0;139.0;138.0;144.0;145.0;27.0;31.0;28.0;21.0;20.0
906;UNIVERSIDAD SERGIO ARBOLEDA;UNIVERSIDAD SERGIO ARBOLEDA-BOGOTÁ D.C.;DERECHO;DERECHO Y AFINES;BOGOTÁ;BOGOTÁ D.C.;68;166.0;174.0;148.0;179.0;155.0;172.0;25.0;22.0;28.0;30.0;31.0
6420;UNIVERSIDAD SERGIO ARBOLEDA;UNIVERSIDAD SERGIO ARBOLEDA-SANTA MARTA;DERECHO;DERECHO Y AFINES;MAGDALENA;SANTA MARTA;141;155.0;159.0;129.0;163.0;170.0;155.0;29.0;25.0;31.0;30.0;30.0
7400;UNIVERSIDAD SERGIO ARBOLEDA;UNIVERSIDAD SERGIO ARBOLEDA-BOGOTÁ D.C.;DERECHO;DERECHO Y AFINES;BOGOTÁ;BOGOTÁ D.C.;34;164.0;167.0;137.0;177.0;162.0;176.0;26.0;32.0;35.0;44.0;26.0
9650;UNIVERSIDAD SERGIO ARBOLEDA;UNIVERSIDAD SERGIO ARBOLEDA-BOGOTÁ D.C.;DISEÑO DIGITAL;INGENIERÍA DE SISTEMAS, TELEMÁTICA Y AFINES;BOGOTÁ;BOGOTÁ D.C.;130;164.0;167.0;152.0;158.0;156.0;188.0;24.0;27.0;29.0;39.0;24.0
28292;UNIVERSIDAD SERGIO ARBOLEDA;UNIVERSIDAD SERGIO ARBOLEDA-BOGOTÁ D.C.;DISEÑO DIGITAL;DISEÑO;BOGOTÁ;BOGOTÁ D.C.;8;152.0;165.0;135.0;138.0;160.0;164.0;28.0;29.0;38.0;24.0;38.0
28316;UNIVERSIDAD SERGIO ARBOLEDA;UNIVERSIDAD SERGIO ARBOLEDA-BOGOTÁ D.C.;DISEÑO DIGITAL;DISEÑO;BOGOTÁ;BOGOTÁ D.C.;8;160.0;166.0;149.0;152.0;130.0;202.0;24.0;35.0;28.0;60.0;15.0
3669;UNIVERSIDAD SERGIO ARBOLEDA;UNIVERSIDAD SERGIO ARBOLEDA-BOGOTÁ D.C.;ECONOMIA;ECONOMÍA;BOGOTÁ;BOGOTÁ D.C.;41;172.0;174.0;168.0;173.0;159.0;183.0;29.0;19.0;30.0;33.0;19.0
1427;UNIVERSIDAD SERGIO ARBOLEDA;UNIVERSIDAD SERGIO ARBOLEDA-BOGOTÁ D.C.;FILOSOFIA Y HUMANIDADES;FILOSOFÍA, TEOLOGÍA Y AFINES;BOGOTÁ;BOGOTÁ D.C.;9;161.0;178.0;138.0;156.0;153.0;177.0;26.0;32.0;32.0;29.0;28.0
1039;UNIVERSIDAD SERGIO ARBOLEDA;UNIVERSIDAD SERGIO ARBOLEDA-SANTA MARTA;FINANZAS Y COMERCIO EXTERIOR;ECONOMÍA;MAGDALENA;SANTA MARTA;9;150.0;152.0;154.0;154.0;138.0;153.0;24.0;24.0;29.0;26.0;24.0
1118;UNIVERSIDAD SERGIO ARBOLEDA;UNIVERSIDAD SERGIO ARBOLEDA-BOGOTÁ D.C.;FINANZAS Y COMERCIO EXTERIOR;ECONOMÍA;BOGOTÁ;BOGOTÁ D.C.;28;170.0;169.0;171.0;162.0;159.0;192.0;28.0;20.0;31.0;25.0;26.0
27932;UNIVERSIDAD SERGIO ARBOLEDA;UNIVERSIDAD SERGIO ARBOLEDA-BOGOTÁ D.C.;FINANZAS, FINTECH  Y COMERCIO EXTERIOR;CONTADURÍA PUBLICA;BOGOTÁ;BOGOTÁ D.C.;14;168.0;158.0;161.0;155.0;181.0;185.0;22.0;22.0;30.0;42.0;23.0
16938;UNIVERSIDAD SERGIO ARBOLEDA;UNIVERSIDAD SERGIO ARBOLEDA-BOGOTÁ D.C.;GESTIÓN DEPORTIVA;ADMINISTRACIÓN;BOGOTÁ;BOGOTÁ D.C.;51;156.0;156.0;156.0;153.0;140.0;176.0;28.0;29.0;34.0;45.0;31.0
26349;UNIVERSIDAD SERGIO ARBOLEDA;UNIVERSIDAD SERGIO ARBOLEDA-BOGOTÁ D.C.;HISTORIA;GEOGRAFÍA, HISTORIA;BOGOTÁ;BOGOTÁ D.C.;4;172.0;208.0;113.0;183.0;174.0;182.0;23.0;42.0;31.0;9.0;16.0
8406;UNIVERSIDAD SERGIO ARBOLEDA;UNIVERSIDAD SERGIO ARBOLEDA-BOGOTÁ D.C.;INGENIERIA AMBIENTAL;INGENIERÍA AMBIENTAL, SANITARIA Y AFINES;BOGOTÁ;BOGOTÁ D.C.;39;163.0;167.0;163.0;152.0;153.0;179.0;26.0;23.0;30.0;23.0;23.0
6281;UNIVERSIDAD SERGIO ARBOLEDA;UNIVERSIDAD SERGIO ARBOLEDA-BOGOTÁ D.C.;INGENIERIA ELECTRONICA;INGENIERÍA ELECTRÓNICA, TELECOMUNICACIONES Y AFINES;BOGOTÁ;BOGOTÁ D.C.;16;171.0;167.0;182.0;165.0;156.0;183.0;27.0;22.0;22.0;26.0;17.0
5957;UNIVERSIDAD SERGIO ARBOLEDA;UNIVERSIDAD SERGIO ARBOLEDA-BOGOTÁ D.C.;INGENIERIA INDUSTRIAL;INGENIERÍA INDUSTRIAL Y AFINES;BOGOTÁ;BOGOTÁ D.C.;43;165.0;163.0;171.0;156.0;156.0;179.0;28.0;26.0;31.0;36.0;20.0
27940;UNIVERSIDAD SERGIO ARBOLEDA;UNIVERSIDAD SERGIO ARBOLEDA-SANTA MARTA;INGENIERIA INDUSTRIAL;INGENIERÍA INDUSTRIAL Y AFINES;MAGDALENA;SANTA MARTA;34;145.0;150.0;141.0;132.0;147.0;153.0;20.0;23.0;24.0;27.0;29.0
25938;UNIVERSIDAD SERGIO ARBOLEDA;UNIVERSIDAD SERGIO ARBOLEDA-BOGOTÁ D.C.;INGENIERÍA INDUSTRIAL;INGENIERÍA QUÍMICA Y AFINES;BOGOTÁ;BOGOTÁ D.C.;14;163.0;162.0;164.0;156.0;162.0;173.0;36.0;24.0;39.0;10.0;27.0
31841;UNIVERSIDAD SERGIO ARBOLEDA;UNIVERSIDAD SERGIO ARBOLEDA-BOGOTÁ D.C.;INNOVACIÓN Y ECONOMÍA DE DATOS;SIN CLASIFICAR;BOGOTÁ;BOGOTÁ D.C.;1;148.0;184.0;173.0;118.0;114.0;149.0;0.0;0.0;0.0;0.0;0.0
26490;UNIVERSIDAD SERGIO ARBOLEDA;UNIVERSIDAD SERGIO ARBOLEDA-BOGOTÁ D.C.;INVESTIGACIÓN CRIMINAL;DERECHO Y AFINES;BOGOTÁ;BOGOTÁ D.C.;63;155.0;159.0;141.0;149.0;161.0;164.0;24.0;26.0;32.0;29.0;26.0
9609;UNIVERSIDAD SERGIO ARBOLEDA;UNIVERSIDAD SERGIO ARBOLEDA-BOGOTÁ D.C.;LICENCIATURA EN FILOSOFIA Y LETRAS;EDUCACIÓN;BOGOTÁ;BOGOTÁ D.C.;8;170.0;180.0;161.0;162.0;170.0;176.0;25.0;16.0;28.0;28.0;20.0
26425;UNIVERSIDAD SERGIO ARBOLEDA;UNIVERSIDAD SERGIO ARBOLEDA-BOGOTÁ D.C.;LICENCIATURA EN PEDAGOGÍA DIGITAL PARA LA PRIMERA INFANCIA;EDUCACIÓN;BOGOTÁ;BOGOTÁ D.C.;18;131.0;141.0;117.0;129.0;136.0;133.0;23.0;26.0;23.0;44.0;26.0
28002;UNIVERSIDAD SERGIO ARBOLEDA;UNIVERSIDAD SERGIO ARBOLEDA-BOGOTÁ D.C.;MARKETING INTEGRAL Y NEGOCIOS GLOBALES;ADMINISTRACIÓN;BOGOTÁ;BOGOTÁ D.C.;10;160.0;159.0;148.0;142.0;167.0;181.0;26.0;30.0;38.0;10.0;20.0
3328;UNIVERSIDAD SERGIO ARBOLEDA;UNIVERSIDAD SERGIO ARBOLEDA-SANTA MARTA;MARKETING Y NEGOCIOS INTERNACIONALES;ECONOMÍA;MAGDALENA;SANTA MARTA;62;150.0;153.0;137.0;140.0;152.0;171.0;23.0;26.0;31.0;32.0;30.0
4884;UNIVERSIDAD SERGIO ARBOLEDA;UNIVERSIDAD SERGIO ARBOLEDA-BOGOTÁ D.C.;MARKETING Y NEGOCIOS INTERNACIONALES;ADMINISTRACIÓN;BOGOTÁ;BOGOTÁ D.C.;61;159.0;154.0;149.0;146.0;159.0;189.0;30.0;30.0;34.0;23.0;31.0
8284;UNIVERSIDAD SERGIO ARBOLEDA;UNIVERSIDAD SERGIO ARBOLEDA-BOGOTÁ D.C.;MARKETING Y NEGOCIOS INTERNACIONALES;ADMINISTRACIÓN;BOGOTÁ;BOGOTÁ D.C.;94;160.0;161.0;146.0;152.0;156.0;187.0;30.0;26.0;32.0;28.0;29.0
1410;UNIVERSIDAD SERGIO ARBOLEDA;UNIVERSIDAD SERGIO ARBOLEDA-BOGOTÁ D.C.;MATEMATICAS;MATEMÁTICAS, ESTADÍSTICA Y AFINES;BOGOTÁ;BOGOTÁ D.C.;18;184.0;188.0;202.0;167.0;169.0;193.0;19.0;29.0;28.0;23.0;35.0
5340;UNIVERSIDAD SERGIO ARBOLEDA;UNIVERSIDAD SERGIO ARBOLEDA-BOGOTÁ D.C.;MUSICA;MÚSICA;BOGOTÁ;BOGOTÁ D.C.;71;159.0;167.0;148.0;153.0;141.0;185.0;27.0;28.0;32.0;37.0;30.0
26350;UNIVERSIDAD SERGIO ARBOLEDA;UNIVERSIDAD SERGIO ARBOLEDA-BOGOTÁ D.C.;NEGOCIOS DIGITALES;ADMINISTRACIÓN;BOGOTÁ;BOGOTÁ D.C.;22;155.0;157.0;150.0;143.0;145.0;180.0;24.0;29.0;31.0;42.0;36.0
26176;UNIVERSIDAD SERGIO ARBOLEDA;UNIVERSIDAD SERGIO ARBOLEDA-BOGOTÁ D.C.;NEGOCIOS ESTRATÉGICOS DE MODA;DISEÑO;BOGOTÁ;BOGOTÁ D.C.;32;158.0;161.0;142.0;146.0;151.0;190.0;27.0;30.0;29.0;27.0;18.0
32286;UNIVERSIDAD SERGIO ARBOLEDA;UNIVERSIDAD SERGIO ARBOLEDA-BOGOTÁ D.C.;NEGOCIOS, EMPRENDIMIENTO E INNOVACI¿N;SIN CLASIFICAR;BOGOTÁ;BOGOTÁ D.C.;1;229.0;221.0;208.0;227.0;190.0;300.0;0.0;0.0;0.0;0.0;0.0
30846;UNIVERSIDAD SERGIO ARBOLEDA;UNIVERSIDAD SERGIO ARBOLEDA-BOGOTÁ D.C.;NEGOCIOS, EMPRENDIMIENTO E INNOVACIÓN;ADMINISTRACIÓN;BOGOTÁ;BOGOTÁ D.C.;5;179.0;183.0;162.0;169.0;162.0;218.0;11.0;25.0;22.0;13.0;48.0
697;UNIVERSIDAD SERGIO ARBOLEDA;UNIVERSIDAD SERGIO ARBOLEDA-BOGOTÁ D.C.;POLITICA Y RELACIONES INTERNACIONALES;CIENCIA POLÍTICA, RELACIONES INTERNACIONALES;BOGOTÁ;BOGOTÁ D.C.;34;170.0;180.0;151.0;179.0;154.0;184.0;19.0;30.0;20.0;35.0;21.0
7716;UNIVERSIDAD SERGIO ARBOLEDA;UNIVERSIDAD SERGIO ARBOLEDA-BOGOTÁ D.C.;PSICOLOGIA;PSICOLOGÍA;BOGOTÁ;BOGOTÁ D.C.;26;159.0;166.0;139.0;155.0;157.0;176.0;28.0;27.0;35.0;26.0;23.0
26234;UNIVERSIDAD SERGIO ARBOLEDA;UNIVERSIDAD SERGIO ARBOLEDA-BOGOTÁ D.C.;PSICOLOGIA;PSICOLOGÍA;BOGOTÁ;BOGOTÁ D.C.;7;160.0;160.0;148.0;151.0;148.0;192.0;20.0;19.0;38.0;18.0;21.0
9605;UNIVERSIDAD SERGIO ARBOLEDA;UNIVERSIDAD SERGIO ARBOLEDA-SANTA MARTA;PSICOLOGÍA;PSICOLOGÍA;MAGDALENA;SANTA MARTA;46;145.0;152.0;119.0;137.0;164.0;152.0;30.0;27.0;29.0;47.0;30.0
274;UNIVERSIDAD SERGIO ARBOLEDA;UNIVERSIDAD SERGIO ARBOLEDA-BOGOTÁ D.C.;PUBLICIDAD INTERNACIONAL;ARTES PLÁSTICAS, VISUALES Y AFINES;BOGOTÁ;BOGOTÁ D.C.;55;159.0;163.0;140.0;153.0;158.0;183.0;26.0;27.0;31.0;36.0;22.0
20818;UNIVERSIDAD SERGIO ARBOLEDA;UNIVERSIDAD SERGIO ARBOLEDA-BOGOTÁ D.C.;TEATRO MUSICAL;ARTES REPRESENTATIVAS;BOGOTÁ;BOGOTÁ D.C.;19;159.0;177.0;147.0;145.0;148.0;180.0;17.0;30.0;45.0;25.0;38.0
2732;UNIVERSIDAD SIMON BOLIVAR;UNIVERSIDAD SIMON BOLIVAR-BARRANQUILLA;ADMINISTRACION DE EMPRESAS;ADMINISTRACIÓN;ATLANTICO;BARRANQUILLA;107;141.0;147.0;132.0;132.0;146.0;151.0;27.0;24.0;31.0;34.0;30.0
6464;UNIVERSIDAD SIMON BOLIVAR;UNIVERSIDAD SIMON BOLIVAR-BARRANQUILLA;ADMINISTRACION DE EMPRESAS;ADMINISTRACIÓN;ATLANTICO;BARRANQUILLA;25;137.0;137.0;131.0;126.0;143.0;146.0;27.0;25.0;38.0;25.0;39.0
5387;UNIVERSIDAD SIMON BOLIVAR;UNIVERSIDAD SIMON BOLIVAR-BARRANQUILLA;COMERCIO Y NEGOCIOS INTERNACIONALES;ECONOMÍA;ATLANTICO;BARRANQUILLA;102;147.0;150.0;136.0;141.0;145.0;164.0;27.0;27.0;34.0;33.0;27.0
7692;UNIVERSIDAD SIMON BOLIVAR;UNIVERSIDAD SIMON BOLIVAR-BARRANQUILLA;COMERCIO Y NEGOCIOS INTERNACIONALES;ECONOMÍA;ATLANTICO;BARRANQUILLA;23;137.0;136.0;130.0;131.0;139.0;151.0;30.0;28.0;29.0;39.0;26.0
5524;UNIVERSIDAD SIMON BOLIVAR;UNIVERSIDAD SIMON BOLIVAR-BARRANQUILLA;CONTADURIA PUBLICA;CONTADURÍA PUBLICA;ATLANTICO;BARRANQUILLA;103;138.0;143.0;138.0;133.0;142.0;136.0;23.0;23.0;27.0;27.0;27.0
20767;UNIVERSIDAD SIMON BOLIVAR;UNIVERSIDAD SIMON BOLIVAR-BARRANQUILLA;CONTADURIA PUBLICA;CONTADURÍA PUBLICA;ATLANTICO;BARRANQUILLA;56;138.0;145.0;142.0;131.0;133.0;138.0;23.0;27.0;31.0;39.0;24.0
3634;UNIVERSIDAD SIMON BOLIVAR;UNIVERSIDAD SIMON BOLIVAR-BARRANQUILLA;DERECHO;DERECHO Y AFINES;ATLANTICO;BARRANQUILLA;252;138.0;145.0;121.0;143.0;143.0;139.0;28.0;27.0;31.0;36.0;27.0
4710;UNIVERSIDAD SIMON BOLIVAR;UNIVERSIDAD SIMON BOLIVAR-BARRANQUILLA;DERECHO;DERECHO Y AFINES;ATLANTICO;BARRANQUILLA;116;140.0;145.0;130.0;146.0;144.0;134.0;26.0;28.0;32.0;40.0;29.0
17781;UNIVERSIDAD SIMON BOLIVAR;UNIVERSIDAD SIMON BOLIVAR-BARRANQUILLA;DERECHO;DERECHO Y AFINES;ATLANTICO;BARRANQUILLA;1;122.0;88.0;103.0;109.0;174.0;135.0;0.0;0.0;0.0;0.0;0.0
25811;UNIVERSIDAD SIMON BOLIVAR;UNIVERSIDAD SIMON BOLIVAR-BARRANQUILLA;DISEÑO INDUSTRIAL;DISEÑO;ATLANTICO;BARRANQUILLA;10;157.0;154.0;142.0;152.0;163.0;174.0;33.0;39.0;31.0;24.0;22.0
436;UNIVERSIDAD SIMON BOLIVAR;UNIVERSIDAD SIMON BOLIVAR-BARRANQUILLA;ENFERMERIA;ENFERMERÍA;ATLANTICO;BARRANQUILLA;200;133.0;140.0;123.0;124.0;144.0;135.0;25.0;23.0;25.0;30.0;22.0
6364;UNIVERSIDAD SIMON BOLIVAR;UNIVERSIDAD SIMON BOLIVAR-BARRANQUILLA;FISIOTERAPIA;TERAPIAS;ATLANTICO;BARRANQUILLA;184;135.0;143.0;125.0;128.0;139.0;140.0;24.0;24.0;26.0;38.0;24.0
20833;UNIVERSIDAD SIMON BOLIVAR;UNIVERSIDAD SIMON BOLIVAR-BARRANQUILLA;INGENIERIA BIOMEDICA;INGENIERÍA ELECTRÓNICA, TELECOMUNICACIONES Y AFINES;ATLANTICO;BARRANQUILLA;54;153.0;155.0;154.0;146.0;142.0;167.0;31.0;28.0;34.0;33.0;25.0
24840;UNIVERSIDAD SIMON BOLIVAR;UNIVERSIDAD SIMON BOLIVAR-BARRANQUILLA;INGENIERIA CIVIL;INGENIERÍA CIVIL Y AFINES;ATLANTICO;BARRANQUILLA;44;143.0;139.0;154.0;138.0;139.0;147.0;25.0;31.0;27.0;25.0;29.0
32;UNIVERSIDAD SIMON BOLIVAR;UNIVERSIDAD SIMON BOLIVAR-BARRANQUILLA;INGENIERIA DE SISTEMAS;INGENIERÍA DE SISTEMAS, TELEMÁTICA Y AFINES;ATLANTICO;BARRANQUILLA;86;151.0;150.0;151.0;139.0;148.0;165.0;26.0;24.0;31.0;37.0;26.0
3062;UNIVERSIDAD SIMON BOLIVAR;UNIVERSIDAD SIMON BOLIVAR-BARRANQUILLA;INGENIERIA DE SISTEMAS;INGENIERÍA DE SISTEMAS, TELEMÁTICA Y AFINES;ATLANTICO;BARRANQUILLA;21;143.0;144.0;155.0;129.0;131.0;155.0;29.0;43.0;37.0;70.0;32.0
5938;UNIVERSIDAD SIMON BOLIVAR;UNIVERSIDAD SIMON BOLIVAR-BARRANQUILLA;INGENIERIA INDUSTRIAL;INGENIERÍA INDUSTRIAL Y AFINES;ATLANTICO;BARRANQUILLA;106;140.0;140.0;143.0;131.0;140.0;149.0;26.0;28.0;29.0;37.0;23.0
20831;UNIVERSIDAD SIMON BOLIVAR;UNIVERSIDAD SIMON BOLIVAR-BARRANQUILLA;INGENIERIA INDUSTRIAL;INGENIERÍA QUÍMICA Y AFINES;ATLANTICO;BARRANQUILLA;18;137.0;141.0;150.0;132.0;132.0;130.0;26.0;31.0;36.0;41.0;28.0
20830;UNIVERSIDAD SIMON BOLIVAR;UNIVERSIDAD SIMON BOLIVAR-BARRANQUILLA;INGENIERIA MECANICA;INGENIERÍA MECÁNICA Y AFINES;ATLANTICO;BARRANQUILLA;19;145.0;140.0;157.0;129.0;151.0;150.0;30.0;24.0;33.0;42.0;27.0
25660;UNIVERSIDAD SIMON BOLIVAR;UNIVERSIDAD SIMON BOLIVAR-BARRANQUILLA;INGENIERIA MECANICA;INGENIERÍA MECÁNICA Y AFINES;ATLANTICO;BARRANQUILLA;11;126.0;127.0;125.0;108.0;145.0;124.0;18.0;25.0;22.0;21.0;21.0
20832;UNIVERSIDAD SIMON BOLIVAR;UNIVERSIDAD SIMON BOLIVAR-BARRANQUILLA;INGENIERIA MECATRONICA;INGENIERÍA ELECTRÓNICA, TELECOMUNICACIONES Y AFINES;ATLANTICO;BARRANQUILLA;38;157.0;156.0;166.0;146.0;150.0;169.0;28.0;31.0;32.0;29.0;27.0
17738;UNIVERSIDAD SIMON BOLIVAR;UNIVERSIDAD SIMON BOLIVAR-BARRANQUILLA;INGENIERIA MULTIMEDIA;INGENIERÍA DE SISTEMAS, TELEMÁTICA Y AFINES;ATLANTICO;BARRANQUILLA;57;160.0;163.0;151.0;151.0;150.0;186.0;28.0;28.0;30.0;35.0;31.0
20834;UNIVERSIDAD SIMON BOLIVAR;UNIVERSIDAD SIMON BOLIVAR-BARRANQUILLA;INGENIERIA MULTIMEDIA;INGENIERÍA DE SISTEMAS, TELEMÁTICA Y AFINES;ATLANTICO;BARRANQUILLA;31;157.0;161.0;153.0;147.0;145.0;176.0;32.0;33.0;33.0;32.0;33.0
7496;UNIVERSIDAD SIMON BOLIVAR;UNIVERSIDAD SIMON BOLIVAR-BARRANQUILLA;INTRUMENTACION QUIRURGICA;INSTRUMENTACIÓN QUIRÚRGICA;ATLANTICO;BARRANQUILLA;145;132.0;139.0;120.0;124.0;140.0;139.0;25.0;21.0;25.0;30.0;25.0
4973;UNIVERSIDAD SIMON BOLIVAR;UNIVERSIDAD SIMON BOLIVAR-BARRANQUILLA;MEDICINA;MEDICINA;ATLANTICO;BARRANQUILLA;225;164.0;171.0;154.0;163.0;156.0;176.0;24.0;24.0;28.0;37.0;29.0
6663;UNIVERSIDAD SIMON BOLIVAR;UNIVERSIDAD SIMON BOLIVAR-BARRANQUILLA;MICROBIOLOGIA;BIOLOGÍA, MICROBIOLOGÍA Y AFINES;ATLANTICO;BARRANQUILLA;39;147.0;153.0;137.0;142.0;150.0;155.0;26.0;22.0;32.0;27.0;29.0
4952;UNIVERSIDAD SIMON BOLIVAR;UNIVERSIDAD SIMON BOLIVAR-BARRANQUILLA;PSICOLOGIA;PSICOLOGÍA;ATLANTICO;BARRANQUILLA;125;137.0;147.0;126.0;131.0;140.0;140.0;24.0;24.0;31.0;34.0;24.0
6365;UNIVERSIDAD SIMON BOLIVAR;UNIVERSIDAD SIMON BOLIVAR-BARRANQUILLA;PSICOLOGIA;PSICOLOGÍA;ATLANTICO;BARRANQUILLA;289;143.0;153.0;122.0;137.0;150.0;151.0;27.0;25.0;29.0;33.0;35.0
25168;UNIVERSIDAD SIMON BOLIVAR;UNIVERSIDAD SIMON BOLIVAR-BARRANQUILLA;QUIMICA Y FARMACIA;QUÍMICA Y AFINES;ATLANTICO;BARRANQUILLA;59;149.0;156.0;145.0;145.0;147.0;155.0;27.0;30.0;32.0;31.0;31.0
4189;UNIVERSIDAD SIMON BOLIVAR;UNIVERSIDAD SIMON BOLIVAR-BARRANQUILLA;TRABAJO SOCIAL;SOCIOLOGÍA, TRABAJO SOCIAL Y AFINES;ATLANTICO;BARRANQUILLA;75;129.0;133.0;122.0;127.0;137.0;127.0;27.0;27.0;30.0;45.0;22.0
6778;UNIVERSIDAD SIMON BOLIVAR;UNIVERSIDAD SIMON BOLIVAR-BARRANQUILLA;TRABAJO SOCIAL;SOCIOLOGÍA, TRABAJO SOCIAL Y AFINES;ATLANTICO;BARRANQUILLA;94;129.0;134.0;111.0;128.0;135.0;138.0;28.0;27.0;30.0;45.0;25.0
5046;UNIVERSIDAD SURCOLOMBIANA;UNIVERSIDAD SURCOLOMBIANA-NEIVA;ADMINISTRACION DE EMPRESAS;ADMINISTRACIÓN;HUILA;NEIVA;1;144.0;138.0;158.0;122.0;170.0;134.0;0.0;0.0;0.0;0.0;0.0
6018;UNIVERSIDAD SURCOLOMBIANA;UNIVERSIDAD SURCOLOMBIANA-NEIVA;ADMINISTRACION DE EMPRESAS;ADMINISTRACIÓN;HUILA;NEIVA;237;144.0;149.0;141.0;140.0;147.0;144.0;25.0;25.0;32.0;32.0;26.0
25605;UNIVERSIDAD SURCOLOMBIANA;UNIVERSIDAD SURCOLOMBIANA-NEIVA;ADMINISTRACION FINANCIERA;ADMINISTRACIÓN;HUILA;NEIVA;62;143.0;148.0;140.0;137.0;147.0;145.0;24.0;30.0;27.0;33.0;23.0
15828;UNIVERSIDAD SURCOLOMBIANA;UNIVERSIDAD SURCOLOMBIANA-NEIVA;ADMINISTRACION TURISTICA Y HOTELERA;ADMINISTRACIÓN;HUILA;NEIVA;22;140.0;137.0;129.0;138.0;138.0;160.0;32.0;24.0;29.0;23.0;39.0
20809;UNIVERSIDAD SURCOLOMBIANA;UNIVERSIDAD SURCOLOMBIANA-NEIVA;ANTROPOLOGÍA;ANTROPOLOGÍA, ARTES LIBERALES;HUILA;NEIVA;20;146.0;155.0;128.0;152.0;147.0;147.0;26.0;19.0;29.0;22.0;29.0
15831;UNIVERSIDAD SURCOLOMBIANA;UNIVERSIDAD SURCOLOMBIANA-NEIVA;BIOLOGIA APLICADA;BIOLOGÍA, MICROBIOLOGÍA Y AFINES;HUILA;NEIVA;44;160.0;167.0;158.0;154.0;153.0;167.0;21.0;25.0;31.0;24.0;22.0
8259;UNIVERSIDAD SURCOLOMBIANA;UNIVERSIDAD SURCOLOMBIANA-NEIVA;CIENCIA POLITICA;CIENCIA POLÍTICA, RELACIONES INTERNACIONALES;HUILA;NEIVA;35;150.0;167.0;135.0;163.0;144.0;142.0;26.0;26.0;26.0;45.0;23.0
2297;UNIVERSIDAD SURCOLOMBIANA;UNIVERSIDAD SURCOLOMBIANA-NEIVA;COMUNICACION SOCIAL Y PERIODISMO;COMUNICACIÓN SOCIAL, PERIODISMO Y AFINES;HUILA;NEIVA;42;152.0;165.0;140.0;157.0;154.0;145.0;21.0;24.0;28.0;25.0;30.0
5571;UNIVERSIDAD SURCOLOMBIANA;UNIVERSIDAD SURCOLOMBIANA-NEIVA;CONTADURIA PUBLICA;CONTADURÍA PUBLICA;HUILA;NEIVA;252;144.0;147.0;148.0;139.0;147.0;140.0;25.0;27.0;30.0;29.0;21.0
1354;UNIVERSIDAD SURCOLOMBIANA;UNIVERSIDAD SURCOLOMBIANA-NEIVA;DERECHO;DERECHO Y AFINES;HUILA;NEIVA;109;163.0;173.0;148.0;176.0;161.0;158.0;22.0;29.0;25.0;33.0;28.0
7643;UNIVERSIDAD SURCOLOMBIANA;UNIVERSIDAD SURCOLOMBIANA-NEIVA;DERECHO;DERECHO Y AFINES;HUILA;NEIVA;21;151.0;157.0;141.0;162.0;150.0;144.0;26.0;28.0;26.0;25.0;27.0
7926;UNIVERSIDAD SURCOLOMBIANA;UNIVERSIDAD SURCOLOMBIANA-NEIVA;DERECHO;DERECHO Y AFINES;HUILA;NEIVA;33;155.0;164.0;145.0;168.0;151.0;145.0;22.0;26.0;24.0;42.0;25.0
5683;UNIVERSIDAD SURCOLOMBIANA;UNIVERSIDAD SURCOLOMBIANA-NEIVA;ECONOMIA;ECONOMÍA;HUILA;NEIVA;25;166.0;179.0;170.0;164.0;158.0;158.0;24.0;37.0;25.0;26.0;25.0
930;UNIVERSIDAD SURCOLOMBIANA;UNIVERSIDAD SURCOLOMBIANA-NEIVA;ENFERMERIA;ENFERMERÍA;HUILA;NEIVA;40;170.0;176.0;170.0;175.0;151.0;176.0;21.0;23.0;26.0;32.0;33.0
9096;UNIVERSIDAD SURCOLOMBIANA;UNIVERSIDAD SURCOLOMBIANA-NEIVA;FISICA;FÍSICA;HUILA;NEIVA;24;158.0;162.0;172.0;144.0;145.0;166.0;30.0;27.0;31.0;21.0;28.0
848;UNIVERSIDAD SURCOLOMBIANA;UNIVERSIDAD SURCOLOMBIANA-NEIVA;INGENIERIA AGRICOLA;INGENIERÍA AGRÍCOLA, FORESTAL Y AFINES;HUILA;NEIVA;18;149.0;152.0;159.0;142.0;149.0;140.0;22.0;20.0;26.0;21.0;20.0
6489;UNIVERSIDAD SURCOLOMBIANA;UNIVERSIDAD SURCOLOMBIANA-NEIVA;INGENIERIA AGRICOLA;INGENIERÍA AGRÍCOLA, FORESTAL Y AFINES;HUILA;NEIVA;14;150.0;153.0;157.0;147.0;153.0;142.0;18.0;24.0;14.0;47.0;26.0
8010;UNIVERSIDAD SURCOLOMBIANA;UNIVERSIDAD SURCOLOMBIANA-NEIVA;INGENIERIA AGRICOLA;INGENIERÍA AGRÍCOLA, FORESTAL Y AFINES;HUILA;NEIVA;14;136.0;137.0;151.0;129.0;135.0;127.0;26.0;32.0;31.0;43.0;19.0
8739;UNIVERSIDAD SURCOLOMBIANA;UNIVERSIDAD SURCOLOMBIANA-NEIVA;INGENIERIA AGRICOLA;INGENIERÍA AGRÍCOLA, FORESTAL Y AFINES;HUILA;NEIVA;25;147.0;149.0;156.0;137.0;153.0;138.0;28.0;28.0;35.0;23.0;23.0
8306;UNIVERSIDAD SURCOLOMBIANA;UNIVERSIDAD SURCOLOMBIANA-NEIVA;INGENIERIA CIVIL;INGENIERÍA CIVIL Y AFINES;HUILA;NEIVA;57;167.0;167.0;188.0;163.0;149.0;166.0;28.0;22.0;32.0;24.0;19.0
6001;UNIVERSIDAD SURCOLOMBIANA;UNIVERSIDAD SURCOLOMBIANA-NEIVA;INGENIERIA DE PETROLEOS;INGENIERÍA DE MINAS, METALURGIA Y AFINES;HUILA;NEIVA;28;152.0;145.0;164.0;146.0;141.0;161.0;23.0;22.0;31.0;20.0;22.0
7805;UNIVERSIDAD SURCOLOMBIANA;UNIVERSIDAD SURCOLOMBIANA-NEIVA;INGENIERIA DE SOFTWARE;INGENIERÍA DE SISTEMAS, TELEMÁTICA Y AFINES;HUILA;NEIVA;87;167.0;167.0;176.0;160.0;149.0;185.0;25.0;24.0;34.0;27.0;27.0
6829;UNIVERSIDAD SURCOLOMBIANA;UNIVERSIDAD SURCOLOMBIANA-NEIVA;INGENIERIA ELECTRONICA;INGENIERÍA ELECTRÓNICA, TELECOMUNICACIONES Y AFINES;HUILA;NEIVA;40;165.0;161.0;185.0;160.0;148.0;171.0;30.0;21.0;34.0;49.0;28.0
9676;UNIVERSIDAD SURCOLOMBIANA;UNIVERSIDAD SURCOLOMBIANA-NEIVA;INGENIERÍA AGROINDUSTRIAL;INGENIERÍA AGROINDUSTRIAL, ALIMENTOS Y AFINES;HUILA;NEIVA;41;152.0;156.0;164.0;149.0;142.0;149.0;24.0;23.0;31.0;24.0;23.0
9824;UNIVERSIDAD SURCOLOMBIANA;UNIVERSIDAD SURCOLOMBIANA-NEIVA;LICENCIATURA EN CIENCIAS NATURALES Y EDUCACION AMBIENTAL;EDUCACIÓN;HUILA;NEIVA;42;148.0;154.0;145.0;144.0;149.0;146.0;24.0;22.0;24.0;28.0;21.0
20658;UNIVERSIDAD SURCOLOMBIANA;UNIVERSIDAD SURCOLOMBIANA-NEIVA;LICENCIATURA EN CIENCIAS SOCIALES;EDUCACIÓN;HUILA;NEIVA;38;151.0;158.0;141.0;158.0;153.0;144.0;19.0;27.0;31.0;47.0;24.0
20699;UNIVERSIDAD SURCOLOMBIANA;UNIVERSIDAD SURCOLOMBIANA-NEIVA;LICENCIATURA EN EDUCACION ARTISTICA;EDUCACIÓN;HUILA;NEIVA;116;126.0;129.0;120.0;120.0;135.0;127.0;24.0;26.0;28.0;39.0;26.0
5005;UNIVERSIDAD SURCOLOMBIANA;UNIVERSIDAD SURCOLOMBIANA-NEIVA;LICENCIATURA EN EDUCACION ARTISTICA Y CULTURAL;EDUCACIÓN;HUILA;NEIVA;1;142.0;142.0;153.0;131.0;157.0;129.0;0.0;0.0;0.0;0.0;0.0
9557;UNIVERSIDAD SURCOLOMBIANA;UNIVERSIDAD SURCOLOMBIANA-NEIVA;LICENCIATURA EN EDUCACION INFANTIL;EDUCACIÓN;HUILA;NEIVA;83;144.0;148.0;134.0;141.0;150.0;148.0;23.0;20.0;24.0;28.0;16.0
9669;UNIVERSIDAD SURCOLOMBIANA;UNIVERSIDAD SURCOLOMBIANA-NEIVA;LICENCIATURA EN EDUCACIÓN  FÍSICA, RECREACIÓN Y DEPORTES;EDUCACIÓN;HUILA;NEIVA;151;138.0;140.0;140.0;130.0;141.0;140.0;24.0;24.0;25.0;36.0;19.0
25909;UNIVERSIDAD SURCOLOMBIANA;UNIVERSIDAD SURCOLOMBIANA-NEIVA;LICENCIATURA EN LENGUAS EXTRANJERAS CON ENFASIS EN INGLES;EDUCACIÓN;HUILA;NEIVA;67;175.0;178.0;155.0;162.0;164.0;216.0;24.0;23.0;28.0;33.0;30.0
15866;UNIVERSIDAD SURCOLOMBIANA;UNIVERSIDAD SURCOLOMBIANA-NEIVA;LICENCIATURA EN LITERATURA Y LENGUA CASTELLANA;EDUCACIÓN;HUILA;NEIVA;52;151.0;165.0;136.0;148.0;152.0;153.0;23.0;31.0;29.0;34.0;29.0
3097;UNIVERSIDAD SURCOLOMBIANA;UNIVERSIDAD SURCOLOMBIANA-NEIVA;LICENCIATURA EN MATEMATICAS;EDUCACIÓN;HUILA;NEIVA;29;155.0;157.0;169.0;146.0;151.0;152.0;28.0;29.0;31.0;29.0;20.0
4456;UNIVERSIDAD SURCOLOMBIANA;UNIVERSIDAD SURCOLOMBIANA-NEIVA;MATEMÁTICA APLICADA;MATEMÁTICAS, ESTADÍSTICA Y AFINES;HUILA;NEIVA;23;149.0;148.0;173.0;145.0;131.0;148.0;31.0;29.0;29.0;37.0;25.0
1887;UNIVERSIDAD SURCOLOMBIANA;UNIVERSIDAD SURCOLOMBIANA-NEIVA;MEDICINA;MEDICINA;HUILA;NEIVA;67;168.0;175.0;172.0;173.0;151.0;170.0;28.0;25.0;36.0;24.0;33.0
6418;UNIVERSIDAD SURCOLOMBIANA;UNIVERSIDAD SURCOLOMBIANA-NEIVA;PSICOLOGIA;PSICOLOGÍA;HUILA;NEIVA;76;157.0;168.0;145.0;160.0;153.0;159.0;27.0;29.0;32.0;35.0;34.0
7012;UNIVERSIDAD TECNOLOGICA DE BOLIVAR;UNIVERSIDAD TECNOLOGICA DE BOLIVAR-CARTAGENA;ADMINISTRACION DE EMPRESAS;ADMINISTRACIÓN;BOLIVAR;CARTAGENA DE INDIAS;46;159.0;163.0;154.0;150.0;155.0;175.0;22.0;26.0;32.0;25.0;30.0
26619;UNIVERSIDAD TECNOLOGICA DE BOLIVAR;UNIVERSIDAD TECNOLOGICA DE BOLIVAR-CARTAGENA;ARQUITECTURA;ARQUITECTURA;BOLIVAR;CARTAGENA DE INDIAS;27;159.0;167.0;154.0;159.0;149.0;169.0;30.0;28.0;36.0;37.0;32.0
7010;UNIVERSIDAD TECNOLOGICA DE BOLIVAR;UNIVERSIDAD TECNOLOGICA DE BOLIVAR-CARTAGENA;CIENCIA POLITICA Y RELACIONES INTERNACIONALES;CIENCIA POLÍTICA, RELACIONES INTERNACIONALES;BOLIVAR;CARTAGENA DE INDIAS;24;174.0;186.0;151.0;185.0;162.0;187.0;19.0;26.0;25.0;38.0;35.0
1908;UNIVERSIDAD TECNOLOGICA DE BOLIVAR;UNIVERSIDAD TECNOLOGICA DE BOLIVAR-CARTAGENA;COMUNICACION SOCIAL;COMUNICACIÓN SOCIAL, PERIODISMO Y AFINES;BOLIVAR;CARTAGENA DE INDIAS;49;148.0;156.0;123.0;151.0;152.0;157.0;27.0;28.0;26.0;39.0;27.0
2422;UNIVERSIDAD TECNOLOGICA DE BOLIVAR;UNIVERSIDAD TECNOLOGICA DE BOLIVAR-CARTAGENA;CONTADURIA PUBLICA;CONTADURÍA PUBLICA;BOLIVAR;CARTAGENA DE INDIAS;52;153.0;155.0;147.0;150.0;154.0;157.0;26.0;30.0;31.0;25.0;25.0
7872;UNIVERSIDAD TECNOLOGICA DE BOLIVAR;UNIVERSIDAD TECNOLOGICA DE BOLIVAR-CARTAGENA;DERECHO;DERECHO Y AFINES;BOLIVAR;CARTAGENA DE INDIAS;36;157.0;163.0;140.0;172.0;151.0;158.0;27.0;26.0;25.0;28.0;28.0
5745;UNIVERSIDAD TECNOLOGICA DE BOLIVAR;UNIVERSIDAD TECNOLOGICA DE BOLIVAR-CARTAGENA;ECONOMIA;ECONOMÍA;BOLIVAR;CARTAGENA DE INDIAS;6;176.0;180.0;165.0;171.0;180.0;184.0;23.0;25.0;45.0;14.0;16.0
6154;UNIVERSIDAD TECNOLOGICA DE BOLIVAR;UNIVERSIDAD TECNOLOGICA DE BOLIVAR-CARTAGENA;FINANZAS Y NEGOCIOS INTERNACIONALES;ADMINISTRACIÓN;BOLIVAR;CARTAGENA DE INDIAS;70;167.0;169.0;151.0;167.0;160.0;186.0;24.0;30.0;30.0;23.0;33.0
4368;UNIVERSIDAD TECNOLOGICA DE BOLIVAR;UNIVERSIDAD TECNOLOGICA DE BOLIVAR-CARTAGENA;INGENIERIA AMBIENTAL;INGENIERÍA AMBIENTAL, SANITARIA Y AFINES;BOLIVAR;CARTAGENA DE INDIAS;8;172.0;176.0;164.0;186.0;152.0;180.0;37.0;34.0;23.0;17.0;24.0
6079;UNIVERSIDAD TECNOLOGICA DE BOLIVAR;UNIVERSIDAD TECNOLOGICA DE BOLIVAR-CARTAGENA;INGENIERIA CIVIL;INGENIERÍA CIVIL Y AFINES;BOLIVAR;CARTAGENA DE INDIAS;65;162.0;163.0;176.0;157.0;151.0;164.0;24.0;26.0;30.0;22.0;27.0
20669;UNIVERSIDAD TECNOLOGICA DE BOLIVAR;UNIVERSIDAD TECNOLOGICA DE BOLIVAR-CARTAGENA;INGENIERIA DE SISTEMAS Y COMPUTACIÓN;INGENIERÍA DE SISTEMAS, TELEMÁTICA Y AFINES;BOLIVAR;CARTAGENA DE INDIAS;43;173.0;176.0;174.0;167.0;156.0;190.0;20.0;25.0;30.0;28.0;23.0
3277;UNIVERSIDAD TECNOLOGICA DE BOLIVAR;UNIVERSIDAD TECNOLOGICA DE BOLIVAR-CARTAGENA;INGENIERIA ELECTRICA;INGENIERÍA ELÉCTRICA Y AFINES;BOLIVAR;CARTAGENA DE INDIAS;17;164.0;164.0;177.0;161.0;145.0;173.0;39.0;31.0;36.0;22.0;44.0
174;UNIVERSIDAD TECNOLOGICA DE BOLIVAR;UNIVERSIDAD TECNOLOGICA DE BOLIVAR-CARTAGENA;INGENIERIA ELECTRONICA;INGENIERÍA ELECTRÓNICA, TELECOMUNICACIONES Y AFINES;BOLIVAR;CARTAGENA DE INDIAS;13;178.0;181.0;187.0;173.0;166.0;181.0;24.0;26.0;33.0;43.0;27.0
2787;UNIVERSIDAD TECNOLOGICA DE BOLIVAR;UNIVERSIDAD TECNOLOGICA DE BOLIVAR-CARTAGENA;INGENIERIA INDUSTRIAL;INGENIERÍA INDUSTRIAL Y AFINES;BOLIVAR;CARTAGENA DE INDIAS;71;167.0;170.0;171.0;160.0;161.0;176.0;24.0;26.0;29.0;28.0;28.0
3108;UNIVERSIDAD TECNOLOGICA DE BOLIVAR;UNIVERSIDAD TECNOLOGICA DE BOLIVAR-CARTAGENA;INGENIERIA INDUSTRIAL;INGENIERÍA INDUSTRIAL Y AFINES;BOLIVAR;CARTAGENA DE INDIAS;1;160.0;180.0;156.0;161.0;123.0;180.0;0.0;0.0;0.0;0.0;0.0
1458;UNIVERSIDAD TECNOLOGICA DE BOLIVAR;UNIVERSIDAD TECNOLOGICA DE BOLIVAR-CARTAGENA;INGENIERIA MECANICA;INGENIERÍA MECÁNICA Y AFINES;BOLIVAR;CARTAGENA DE INDIAS;30;166.0;162.0;179.0;157.0;161.0;170.0;25.0;25.0;27.0;25.0;35.0
1997;UNIVERSIDAD TECNOLOGICA DE BOLIVAR;UNIVERSIDAD TECNOLOGICA DE BOLIVAR-CARTAGENA;INGENIERIA MECATRONICA;INGENIERÍA MECÁNICA Y AFINES;BOLIVAR;CARTAGENA DE INDIAS;43;179.0;181.0;194.0;168.0;158.0;193.0;30.0;20.0;32.0;30.0;33.0
20715;UNIVERSIDAD TECNOLOGICA DE BOLIVAR;UNIVERSIDAD TECNOLOGICA DE BOLIVAR-CARTAGENA;INGENIERÍA BIOMÉDICA;INGENIERÍA QUÍMICA Y AFINES;BOLIVAR;CARTAGENA DE INDIAS;26;170.0;174.0;174.0;164.0;161.0;178.0;24.0;30.0;31.0;42.0;27.0
9509;UNIVERSIDAD TECNOLOGICA DE BOLIVAR;UNIVERSIDAD TECNOLOGICA DE BOLIVAR-CARTAGENA;INGENIERÍA NAVAL;INGENIERÍA MECÁNICA Y AFINES;BOLIVAR;CARTAGENA DE INDIAS;22;163.0;172.0;179.0;153.0;142.0;171.0;22.0;33.0;37.0;39.0;27.0
9565;UNIVERSIDAD TECNOLOGICA DE BOLIVAR;UNIVERSIDAD TECNOLOGICA DE BOLIVAR-CARTAGENA;INGENIERÍA QUÍMICA;INGENIERÍA QUÍMICA Y AFINES;BOLIVAR;CARTAGENA DE INDIAS;23;171.0;169.0;176.0;164.0;164.0;181.0;27.0;28.0;28.0;36.0;27.0
6078;UNIVERSIDAD TECNOLOGICA DE BOLIVAR;UNIVERSIDAD TECNOLOGICA DE BOLIVAR-CARTAGENA;PSICOLOGIA;PSICOLOGÍA;BOLIVAR;CARTAGENA DE INDIAS;49;159.0;170.0;139.0;157.0;156.0;172.0;19.0;24.0;28.0;24.0;38.0
528;UNIVERSIDAD TECNOLOGICA DE PEREIRA;UNIVERSIDAD TECNOLOGICA DE PEREIRA - ITP-PEREIRA;ADMINISTRACION DEL MEDIO AMBIENTE;ADMINISTRACIÓN;RISARALDA;PEREIRA;110;151.0;157.0;145.0;148.0;150.0;155.0;25.0;22.0;29.0;29.0;30.0
6234;UNIVERSIDAD TECNOLOGICA DE PEREIRA;UNIVERSIDAD TECNOLOGICA DE PEREIRA - ITP-PEREIRA;ADMINISTRACION DEL TURISMO SOSTENIBLE;ADMINISTRACIÓN;RISARALDA;PEREIRA;26;135.0;140.0;124.0;128.0;139.0;144.0;25.0;23.0;29.0;25.0;28.0
5582;UNIVERSIDAD TECNOLOGICA DE PEREIRA;UNIVERSIDAD TECNOLOGICA DE PEREIRA - ITP-PEREIRA;ADMINISTRACION INDUSTRIAL;ADMINISTRACIÓN;RISARALDA;PEREIRA;47;148.0;147.0;144.0;142.0;150.0;155.0;28.0;22.0;32.0;38.0;21.0
20787;UNIVERSIDAD TECNOLOGICA DE PEREIRA;UNIVERSIDAD TECNOLOGICA DE PEREIRA - ITP-PEREIRA;ADMINISTRACIÓN DE EMPRESAS;ADMINISTRACIÓN;RISARALDA;PEREIRA;22;155.0;159.0;143.0;154.0;160.0;161.0;27.0;21.0;29.0;24.0;18.0
153;UNIVERSIDAD TECNOLOGICA DE PEREIRA;UNIVERSIDAD TECNOLOGICA DE PEREIRA - ITP-PEREIRA;CIENCIAS DEL DEPORTE Y  LA RECREACION;DEPORTES, EDUCACIÓN FÍSICA Y RECREACIÓN;RISARALDA;PEREIRA;90;155.0;160.0;151.0;153.0;146.0;165.0;25.0;21.0;29.0;28.0;26.0
80;UNIVERSIDAD TECNOLOGICA DE PEREIRA;UNIVERSIDAD TECNOLOGICA DE PEREIRA - ITP-PEREIRA;INGENIERIA DE SISTEMAS Y COMPUTACION;INGENIERÍA DE SISTEMAS, TELEMÁTICA Y AFINES;RISARALDA;PEREIRA;155;166.0;167.0;173.0;158.0;152.0;181.0;29.0;25.0;34.0;35.0;31.0
81;UNIVERSIDAD TECNOLOGICA DE PEREIRA;UNIVERSIDAD TECNOLOGICA DE PEREIRA - ITP-PEREIRA;INGENIERIA ELECTRICA;INGENIERÍA ELÉCTRICA Y AFINES;RISARALDA;PEREIRA;112;159.0;159.0;175.0;150.0;146.0;166.0;29.0;29.0;32.0;27.0;30.0
2688;UNIVERSIDAD TECNOLOGICA DE PEREIRA;UNIVERSIDAD TECNOLOGICA DE PEREIRA - ITP-PEREIRA;INGENIERIA ELECTRONICA;INGENIERÍA ELECTRÓNICA, TELECOMUNICACIONES Y AFINES;RISARALDA;PEREIRA;39;161.0;160.0;179.0;150.0;149.0;169.0;27.0;23.0;32.0;33.0;26.0
3845;UNIVERSIDAD TECNOLOGICA DE PEREIRA;UNIVERSIDAD TECNOLOGICA DE PEREIRA - ITP-PEREIRA;INGENIERIA EN MECATRONICA;INGENIERÍA MECÁNICA Y AFINES;RISARALDA;PEREIRA;66;146.0;137.0;160.0;133.0;141.0;159.0;28.0;26.0;31.0;34.0;28.0
3225;UNIVERSIDAD TECNOLOGICA DE PEREIRA;UNIVERSIDAD TECNOLOGICA DE PEREIRA - ITP-PEREIRA;INGENIERIA FISICA;OTRAS INGENIERÍAS;RISARALDA;PEREIRA;40;172.0;178.0;185.0;164.0;151.0;181.0;27.0;26.0;36.0;48.0;27.0
952;UNIVERSIDAD TECNOLOGICA DE PEREIRA;UNIVERSIDAD TECNOLOGICA DE PEREIRA - ITP-PEREIRA;INGENIERIA INDUSTRIAL;INGENIERÍA INDUSTRIAL Y AFINES;RISARALDA;PEREIRA;73;145.0;142.0;152.0;134.0;149.0;149.0;34.0;26.0;30.0;32.0;30.0
1798;UNIVERSIDAD TECNOLOGICA DE PEREIRA;UNIVERSIDAD TECNOLOGICA DE PEREIRA - ITP-PEREIRA;INGENIERIA INDUSTRIAL;INGENIERÍA INDUSTRIAL Y AFINES;RISARALDA;PEREIRA;145;160.0;159.0;168.0;153.0;154.0;167.0;26.0;24.0;34.0;31.0;34.0
5981;UNIVERSIDAD TECNOLOGICA DE PEREIRA;UNIVERSIDAD TECNOLOGICA DE PEREIRA - ITP-PEREIRA;INGENIERIA MECANICA;INGENIERÍA MECÁNICA Y AFINES;RISARALDA;PEREIRA;87;165.0;164.0;186.0;154.0;150.0;171.0;26.0;28.0;34.0;30.0;24.0
9662;UNIVERSIDAD TECNOLOGICA DE PEREIRA;UNIVERSIDAD TECNOLOGICA DE PEREIRA - ITP-PEREIRA;INGENIERÍA DE MANUFACTURA;INGENIERÍA INDUSTRIAL Y AFINES;RISARALDA;PEREIRA;22;141.0;138.0;155.0;123.0;138.0;152.0;24.0;23.0;33.0;19.0;29.0
9782;UNIVERSIDAD TECNOLOGICA DE PEREIRA;UNIVERSIDAD TECNOLOGICA DE PEREIRA - ITP-PEREIRA;INGENIERÍA EN PROCESOS AGROINDUSTRIALES;INGENIERÍA AGROINDUSTRIAL, ALIMENTOS Y AFINES;RISARALDA;PEREIRA;54;151.0;154.0;154.0;140.0;148.0;157.0;26.0;24.0;29.0;27.0;24.0
9686;UNIVERSIDAD TECNOLOGICA DE PEREIRA;UNIVERSIDAD TECNOLOGICA DE PEREIRA - ITP-PEREIRA;INGENIERÍA EN PROCESOS SOSTENIBLES DE LAS MADERAS;INGENIERÍA AGRÍCOLA, FORESTAL Y AFINES;RISARALDA;PEREIRA;11;153.0;155.0;162.0;148.0;141.0;157.0;17.0;20.0;37.0;24.0;32.0
2420;UNIVERSIDAD TECNOLOGICA DE PEREIRA;UNIVERSIDAD TECNOLOGICA DE PEREIRA - ITP-PEREIRA;LICENCIATURA EN ARTES VISUALES;EDUCACIÓN;RISARALDA;PEREIRA;37;161.0;173.0;150.0;156.0;149.0;177.0;24.0;23.0;32.0;24.0;28.0
6129;UNIVERSIDAD TECNOLOGICA DE PEREIRA;UNIVERSIDAD TECNOLOGICA DE PEREIRA - ITP-PEREIRA;LICENCIATURA EN BILINGÜISMO CON ÉNFASIS EN INGLÉS;EDUCACIÓN;RISARALDA;PEREIRA;146;171.0;175.0;146.0;161.0;167.0;207.0;22.0;23.0;27.0;33.0;23.0
25451;UNIVERSIDAD TECNOLOGICA DE PEREIRA;UNIVERSIDAD TECNOLOGICA DE PEREIRA - ITP-PEREIRA;LICENCIATURA EN CIENCIAS SOCIALES;EDUCACIÓN;RISARALDA;PEREIRA;36;149.0;161.0;133.0;150.0;150.0;150.0;28.0;28.0;32.0;36.0;34.0
2797;UNIVERSIDAD TECNOLOGICA DE PEREIRA;UNIVERSIDAD TECNOLOGICA DE PEREIRA - ITP-PEREIRA;LICENCIATURA EN COMUNICACION E INFORMATICA EDUCATIVA;EDUCACIÓN;RISARALDA;PEREIRA;2;159.0;181.0;131.0;142.0;158.0;182.0;1.0;12.0;44.0;16.0;18.0
19309;UNIVERSIDAD TECNOLOGICA DE PEREIRA;UNIVERSIDAD TECNOLOGICA DE PEREIRA - ITP-PEREIRA;LICENCIATURA EN EDUCACION BASICA PRIMARIA;EDUCACIÓN;RISARALDA;PEREIRA;122;146.0;152.0;136.0;139.0;151.0;150.0;26.0;22.0;28.0;35.0;26.0
4784;UNIVERSIDAD TECNOLOGICA DE PEREIRA;UNIVERSIDAD TECNOLOGICA DE PEREIRA - ITP-PEREIRA;LICENCIATURA EN ESPAÑOL Y LITERATURA;EDUCACIÓN;RISARALDA;PEREIRA;2;139.0;129.0;121.0;138.0;166.0;144.0;65.0;52.0;44.0;22.0;50.0
9700;UNIVERSIDAD TECNOLOGICA DE PEREIRA;UNIVERSIDAD TECNOLOGICA DE PEREIRA - ITP-PEREIRA;LICENCIATURA EN ETNOEDUCACION;EDUCACIÓN;RISARALDA;PEREIRA;1;161.0;180.0;157.0;163.0;152.0;153.0;0.0;0.0;0.0;0.0;0.0
1534;UNIVERSIDAD TECNOLOGICA DE PEREIRA;UNIVERSIDAD TECNOLOGICA DE PEREIRA - ITP-PEREIRA;LICENCIATURA EN ETNOEDUCACION Y DESARROLLO COMUNITARIO;EDUCACIÓN;RISARALDA;PEREIRA;27;145.0;155.0;124.0;155.0;143.0;146.0;24.0;33.0;24.0;37.0;24.0
6149;UNIVERSIDAD TECNOLOGICA DE PEREIRA;UNIVERSIDAD TECNOLOGICA DE PEREIRA - ITP-PEREIRA;LICENCIATURA EN FILOSOFIA;FILOSOFÍA, TEOLOGÍA Y AFINES;RISARALDA;PEREIRA;32;166.0;186.0;148.0;169.0;160.0;169.0;15.0;27.0;25.0;35.0;36.0
15782;UNIVERSIDAD TECNOLOGICA DE PEREIRA;UNIVERSIDAD TECNOLOGICA DE PEREIRA - ITP-PEREIRA;LICENCIATURA EN LITERATURA Y LENGUA CASTELLANA;EDUCACIÓN;RISARALDA;PEREIRA;54;156.0;178.0;137.0;155.0;153.0;157.0;22.0;26.0;27.0;41.0;28.0
5296;UNIVERSIDAD TECNOLOGICA DE PEREIRA;UNIVERSIDAD TECNOLOGICA DE PEREIRA - ITP-PEREIRA;LICENCIATURA EN MATEMATICAS Y FISICA;EDUCACIÓN;RISARALDA;PEREIRA;7;155.0;147.0;195.0;147.0;125.0;160.0;53.0;66.0;50.0;62.0;41.0
237;UNIVERSIDAD TECNOLOGICA DE PEREIRA;UNIVERSIDAD TECNOLOGICA DE PEREIRA - ITP-PEREIRA;LICENCIATURA EN MUSICA;EDUCACIÓN;RISARALDA;PEREIRA;48;150.0;160.0;144.0;143.0;138.0;167.0;27.0;30.0;25.0;23.0;28.0
15783;UNIVERSIDAD TECNOLOGICA DE PEREIRA;UNIVERSIDAD TECNOLOGICA DE PEREIRA - ITP-PEREIRA;LICENCIATURA EN TECNOLOGÍA;EDUCACIÓN;RISARALDA;PEREIRA;73;150.0;161.0;136.0;149.0;143.0;159.0;27.0;28.0;31.0;34.0;24.0
1021;UNIVERSIDAD TECNOLOGICA DE PEREIRA;UNIVERSIDAD TECNOLOGICA DE PEREIRA - ITP-PEREIRA;MEDICINA;MEDICINA;RISARALDA;PEREIRA;116;173.0;182.0;173.0;173.0;155.0;184.0;24.0;26.0;31.0;27.0;32.0
7087;UNIVERSIDAD TECNOLOGICA DE PEREIRA;UNIVERSIDAD TECNOLOGICA DE PEREIRA - ITP-PEREIRA;MEDICINA VETERINARIA Y ZOOTECNIA;MEDICINA VETERINARIA;RISARALDA;PEREIRA;63;156.0;163.0;149.0;150.0;144.0;170.0;26.0;29.0;30.0;40.0;33.0
232;UNIVERSIDAD TECNOLOGICA DE PEREIRA;UNIVERSIDAD TECNOLOGICA DE PEREIRA - ITP-PEREIRA;QUIMICA INDUSTRIAL;QUÍMICA Y AFINES;RISARALDA;PEREIRA;64;161.0;165.0;168.0;151.0;150.0;173.0;23.0;27.0;30.0;32.0;24.0
1012;UNIVERSIDAD TECNOLOGICA DEL CHOCO-DIEGO LUIS CORDOBA;"UNIVERSIDAD TECNOLOGICA DEL CHOCO""DIEGO LUIS CORDOBA""-QUIBDO";ADMINISTRACION DE EMPRESAS;ADMINISTRACIÓN;CHOCO;QUIBDÓ;113;118.0;126.0;111.0;113.0;132.0;110.0;27.0;22.0;28.0;37.0;24.0
3283;UNIVERSIDAD TECNOLOGICA DEL CHOCO-DIEGO LUIS CORDOBA;"UNIVERSIDAD TECNOLOGICA DEL CHOCO""DIEGO LUIS CORDOBA""-QUIBDO";ADMINISTRACION DE EMPRESAS;ADMINISTRACIÓN;CHOCO;QUIBDÓ;1;106.0;112.0;111.0;105.0;91.0;110.0;0.0;0.0;0.0;0.0;0.0
26476;UNIVERSIDAD TECNOLOGICA DEL CHOCO-DIEGO LUIS CORDOBA;"UNIVERSIDAD TECNOLOGICA DEL CHOCO""DIEGO LUIS CORDOBA""-QUIBDO";ADMINISTRACIÓN TURÍSTICA;ADMINISTRACIÓN;CHOCO;QUIBDÓ;12;112.0;114.0;92.0;114.0;126.0;112.0;17.0;15.0;18.0;42.0;19.0
5564;UNIVERSIDAD TECNOLOGICA DEL CHOCO-DIEGO LUIS CORDOBA;"UNIVERSIDAD TECNOLOGICA DEL CHOCO""DIEGO LUIS CORDOBA""-QUIBDO";ARQUITECTURA;ARQUITECTURA;CHOCO;QUIBDÓ;45;124.0;122.0;130.0;111.0;130.0;126.0;24.0;25.0;25.0;36.0;21.0
7595;UNIVERSIDAD TECNOLOGICA DEL CHOCO-DIEGO LUIS CORDOBA;"UNIVERSIDAD TECNOLOGICA DEL CHOCO""DIEGO LUIS CORDOBA""-QUIBDO";BIOLOGÍA;BIOLOGÍA, MICROBIOLOGÍA Y AFINES;CHOCO;QUIBDÓ;47;126.0;138.0;118.0;110.0;143.0;120.0;28.0;25.0;20.0;38.0;21.0
26159;UNIVERSIDAD TECNOLOGICA DEL CHOCO-DIEGO LUIS CORDOBA;"UNIVERSIDAD TECNOLOGICA DEL CHOCO""DIEGO LUIS CORDOBA""-QUIBDO";COMUNICACIÓN SOCIAL Y PERIODISMO;COMUNICACIÓN SOCIAL, PERIODISMO Y AFINES;CHOCO;QUIBDÓ;12;125.0;137.0;100.0;124.0;140.0;125.0;17.0;16.0;26.0;23.0;29.0
5565;UNIVERSIDAD TECNOLOGICA DEL CHOCO-DIEGO LUIS CORDOBA;"UNIVERSIDAD TECNOLOGICA DEL CHOCO""DIEGO LUIS CORDOBA""-QUIBDO";CONTADURIA PUBLICA;CONTADURÍA PUBLICA;CHOCO;QUIBDÓ;162;129.0;138.0;128.0;122.0;138.0;120.0;24.0;25.0;27.0;30.0;22.0
3045;UNIVERSIDAD TECNOLOGICA DEL CHOCO-DIEGO LUIS CORDOBA;"UNIVERSIDAD TECNOLOGICA DEL CHOCO""DIEGO LUIS CORDOBA""-QUIBDO";DERECHO;DERECHO Y AFINES;CHOCO;QUIBDÓ;129;126.0;137.0;112.0;131.0;138.0;112.0;25.0;26.0;32.0;42.0;25.0
5566;UNIVERSIDAD TECNOLOGICA DEL CHOCO-DIEGO LUIS CORDOBA;"UNIVERSIDAD TECNOLOGICA DEL CHOCO""DIEGO LUIS CORDOBA""-QUIBDO";ENFERMERIA;ENFERMERÍA;CHOCO;QUIBDÓ;97;130.0;139.0;124.0;122.0;143.0;124.0;25.0;24.0;26.0;34.0;23.0
1028;UNIVERSIDAD TECNOLOGICA DEL CHOCO-DIEGO LUIS CORDOBA;"UNIVERSIDAD TECNOLOGICA DEL CHOCO""DIEGO LUIS CORDOBA""-QUIBDO";INGENIERIA AGROFORESTAL;INGENIERÍA AGRONÓMICA, PECUARIA Y AFINES;CHOCO;QUIBDÓ;19;114.0;121.0;111.0;110.0;115.0;111.0;27.0;19.0;25.0;36.0;20.0
4181;UNIVERSIDAD TECNOLOGICA DEL CHOCO-DIEGO LUIS CORDOBA;"UNIVERSIDAD TECNOLOGICA DEL CHOCO""DIEGO LUIS CORDOBA""-QUIBDO";INGENIERIA AMBIENTAL;INGENIERÍA AMBIENTAL, SANITARIA Y AFINES;CHOCO;QUIBDÓ;98;121.0;125.0;122.0;111.0;135.0;111.0;24.0;25.0;22.0;41.0;22.0
3046;UNIVERSIDAD TECNOLOGICA DEL CHOCO-DIEGO LUIS CORDOBA;"UNIVERSIDAD TECNOLOGICA DEL CHOCO""DIEGO LUIS CORDOBA""-QUIBDO";INGENIERIA CIVIL;INGENIERÍA CIVIL Y AFINES;CHOCO;QUIBDÓ;69;129.0;141.0;142.0;109.0;129.0;125.0;24.0;29.0;29.0;43.0;19.0
7886;UNIVERSIDAD TECNOLOGICA DEL CHOCO-DIEGO LUIS CORDOBA;"UNIVERSIDAD TECNOLOGICA DEL CHOCO""DIEGO LUIS CORDOBA""-QUIBDO";INGENIERIA DE TELECOMUNICACIONES E INFORMATICA;INGENIERÍA DE SISTEMAS, TELEMÁTICA Y AFINES;CHOCO;QUIBDÓ;26;133.0;141.0;132.0;123.0;139.0;131.0;32.0;29.0;39.0;24.0;29.0
7027;UNIVERSIDAD TECNOLOGICA DEL CHOCO-DIEGO LUIS CORDOBA;"UNIVERSIDAD TECNOLOGICA DEL CHOCO""DIEGO LUIS CORDOBA""-QUIBDO";LICENCIATURA EN BIOLOGIA Y QUIMICA;EDUCACIÓN;CHOCO;QUIBDÓ;1;98.0;86.0;70.0;93.0;125.0;115.0;0.0;0.0;0.0;0.0;0.0
15896;UNIVERSIDAD TECNOLOGICA DEL CHOCO-DIEGO LUIS CORDOBA;"UNIVERSIDAD TECNOLOGICA DEL CHOCO""DIEGO LUIS CORDOBA""-QUIBDO";LICENCIATURA EN CIENCIAS NATURALES;EDUCACIÓN;CHOCO;QUIBDÓ;37;110.0;116.0;102.0;102.0;122.0;105.0;18.0;20.0;23.0;41.0;26.0
20700;UNIVERSIDAD TECNOLOGICA DEL CHOCO-DIEGO LUIS CORDOBA;"UNIVERSIDAD TECNOLOGICA DEL CHOCO""DIEGO LUIS CORDOBA""-QUIBDO";LICENCIATURA EN CIENCIAS NATURALES;EDUCACIÓN;CHOCO;QUIBDÓ;1;102.0;102.0;124.0;89.0;93.0;102.0;0.0;0.0;0.0;0.0;0.0
3110;UNIVERSIDAD TECNOLOGICA DEL CHOCO-DIEGO LUIS CORDOBA;"UNIVERSIDAD TECNOLOGICA DEL CHOCO""DIEGO LUIS CORDOBA""-QUIBDO";LICENCIATURA EN CIENCIAS SOCIALES;EDUCACIÓN;CHOCO;QUIBDÓ;1;118.0;101.0;91.0;123.0;156.0;118.0;0.0;0.0;0.0;0.0;0.0
5183;UNIVERSIDAD TECNOLOGICA DEL CHOCO-DIEGO LUIS CORDOBA;"UNIVERSIDAD TECNOLOGICA DEL CHOCO""DIEGO LUIS CORDOBA""-QUIBDO";LICENCIATURA EN CIENCIAS SOCIALES;EDUCACIÓN;CHOCO;QUIBDÓ;33;118.0;124.0;101.0;114.0;142.0;109.0;22.0;21.0;24.0;33.0;17.0
8152;UNIVERSIDAD TECNOLOGICA DEL CHOCO-DIEGO LUIS CORDOBA;"UNIVERSIDAD TECNOLOGICA DEL CHOCO""DIEGO LUIS CORDOBA""-QUIBDO";LICENCIATURA EN EDUCACION FISICA RECREACION Y DEPORTE;EDUCACIÓN;CHOCO;QUIBDÓ;29;111.0;111.0;104.0;100.0;125.0;116.0;21.0;21.0;17.0;43.0;22.0
9550;UNIVERSIDAD TECNOLOGICA DEL CHOCO-DIEGO LUIS CORDOBA;"UNIVERSIDAD TECNOLOGICA DEL CHOCO""DIEGO LUIS CORDOBA""-QUIBDO";LICENCIATURA EN EDUCACION INFANTIL;EDUCACIÓN;CHOCO;QUIBDÓ;78;110.0;114.0;96.0;105.0;128.0;105.0;23.0;21.0;25.0;36.0;24.0
25755;UNIVERSIDAD TECNOLOGICA DEL CHOCO-DIEGO LUIS CORDOBA;"UNIVERSIDAD TECNOLOGICA DEL CHOCO""DIEGO LUIS CORDOBA""-QUIBDO";LICENCIATURA EN EDUCACIÓN ARTÍSTICA;EDUCACIÓN;CHOCO;QUIBDÓ;5;104.0;114.0;110.0;96.0;90.0;108.0;13.0;29.0;10.0;51.0;11.0
9730;UNIVERSIDAD TECNOLOGICA DEL CHOCO-DIEGO LUIS CORDOBA;"UNIVERSIDAD TECNOLOGICA DEL CHOCO""DIEGO LUIS CORDOBA""-QUIBDO";LICENCIATURA EN LENGUAS MODERNAS CON ENFASIS EN INGLES;EDUCACIÓN;CHOCO;QUIBDÓ;34;125.0;124.0;98.0;96.0;149.0;156.0;27.0;31.0;28.0;37.0;33.0
9710;UNIVERSIDAD TECNOLOGICA DEL CHOCO-DIEGO LUIS CORDOBA;"UNIVERSIDAD TECNOLOGICA DEL CHOCO""DIEGO LUIS CORDOBA""-QUIBDO";LICENCIATURA EN LITERATURA Y LENGUA CASTELLANA;EDUCACIÓN;CHOCO;QUIBDÓ;21;114.0;127.0;100.0;100.0;129.0;112.0;26.0;20.0;31.0;38.0;12.0
412;UNIVERSIDAD TECNOLOGICA DEL CHOCO-DIEGO LUIS CORDOBA;"UNIVERSIDAD TECNOLOGICA DEL CHOCO""DIEGO LUIS CORDOBA""-QUIBDO";LICENCIATURA EN MATEMATICAS;MATEMÁTICAS, ESTADÍSTICA Y AFINES;CHOCO;QUIBDÓ;30;118.0;118.0;126.0;109.0;118.0;118.0;26.0;24.0;25.0;55.0;20.0
1816;UNIVERSIDAD TECNOLOGICA DEL CHOCO-DIEGO LUIS CORDOBA;"UNIVERSIDAD TECNOLOGICA DEL CHOCO""DIEGO LUIS CORDOBA""-QUIBDO";LICENCIATURA EN MATEMATICAS Y FISICA;EDUCACIÓN;CHOCO;QUIBDÓ;1;95.0;141.0;109.0;110.0;0.0;113.0;0.0;0.0;0.0;0.0;0.0
1565;UNIVERSIDAD TECNOLOGICA DEL CHOCO-DIEGO LUIS CORDOBA;"UNIVERSIDAD TECNOLOGICA DEL CHOCO""DIEGO LUIS CORDOBA""-QUIBDO";LICENCIATURA EN MUSICA Y DANZA;EDUCACIÓN;CHOCO;QUIBDÓ;2;97.0;120.0;86.0;118.0;55.0;103.0;40.0;10.0;15.0;77.0;6.0
20629;UNIVERSIDAD TECNOLOGICA DEL CHOCO-DIEGO LUIS CORDOBA;"UNIVERSIDAD TECNOLOGICA DEL CHOCO""DIEGO LUIS CORDOBA""-QUIBDO";PSICOLOGIA;TERAPIAS;CHOCO;QUIBDÓ;42;126.0;143.0;114.0;128.0;122.0;122.0;24.0;24.0;27.0;60.0;21.0
2666;UNIVERSIDAD TECNOLOGICA DEL CHOCO-DIEGO LUIS CORDOBA;"UNIVERSIDAD TECNOLOGICA DEL CHOCO""DIEGO LUIS CORDOBA""-QUIBDO";TRABAJO SOCIAL;SOCIOLOGÍA, TRABAJO SOCIAL Y AFINES;CHOCO;QUIBDÓ;265;112.0;117.0;102.0;106.0;124.0;110.0;22.0;21.0;23.0;48.0;20.0
2197;UNIVERSIDAD-COLEGIO MAYOR DE CUNDINAMARCA;UNIVERSIDAD-COLEGIO MAYOR DE CUNDINAMARCA-BOGOTÁ D.C.;ADMINISTRACION DE EMPRESAS COMERCIALES;ADMINISTRACIÓN;BOGOTÁ;BOGOTÁ D.C.;320;145.0;149.0;143.0;141.0;147.0;146.0;26.0;23.0;26.0;30.0;26.0
6389;UNIVERSIDAD-COLEGIO MAYOR DE CUNDINAMARCA;UNIVERSIDAD-COLEGIO MAYOR DE CUNDINAMARCA-BOGOTÁ D.C.;BACTERIOLOGIA Y LABORATORIO CLINICO;BACTERIOLOGÍA;BOGOTÁ;BOGOTÁ D.C.;128;163.0;171.0;154.0;164.0;153.0;173.0;21.0;22.0;25.0;32.0;20.0
5542;UNIVERSIDAD-COLEGIO MAYOR DE CUNDINAMARCA;UNIVERSIDAD-COLEGIO MAYOR DE CUNDINAMARCA-BOGOTÁ D.C.;CONSTRUCCION Y GESTION EN ARQUITECTURA;ARQUITECTURA;BOGOTÁ;BOGOTÁ D.C.;57;138.0;143.0;146.0;130.0;134.0;139.0;25.0;31.0;31.0;31.0;24.0
6390;UNIVERSIDAD-COLEGIO MAYOR DE CUNDINAMARCA;UNIVERSIDAD-COLEGIO MAYOR DE CUNDINAMARCA-BOGOTÁ D.C.;DERECHO;DERECHO Y AFINES;BOGOTÁ;BOGOTÁ D.C.;203;160.0;167.0;147.0;172.0;158.0;155.0;27.0;24.0;27.0;32.0;31.0
5414;UNIVERSIDAD-COLEGIO MAYOR DE CUNDINAMARCA;UNIVERSIDAD-COLEGIO MAYOR DE CUNDINAMARCA-BOGOTÁ D.C.;DISEÑO DIGITAL Y MULTIMEDIA;DISEÑO;BOGOTÁ;BOGOTÁ D.C.;75;165.0;170.0;158.0;160.0;159.0;176.0;22.0;25.0;28.0;44.0;25.0
3893;UNIVERSIDAD-COLEGIO MAYOR DE CUNDINAMARCA;UNIVERSIDAD-COLEGIO MAYOR DE CUNDINAMARCA-BOGOTÁ D.C.;ECONOMIA;ECONOMÍA;BOGOTÁ;BOGOTÁ D.C.;92;167.0;171.0;163.0;169.0;162.0;169.0;24.0;21.0;26.0;35.0;23.0
5090;UNIVERSIDAD-COLEGIO MAYOR DE CUNDINAMARCA;UNIVERSIDAD-COLEGIO MAYOR DE CUNDINAMARCA-BOGOTÁ D.C.;TRABAJO SOCIAL;SOCIOLOGÍA, TRABAJO SOCIAL Y AFINES;BOGOTÁ;BOGOTÁ D.C.;114;158.0;170.0;143.0;163.0;158.0;157.0;22.0;21.0;26.0;27.0;34.0
5417;UNIVERSIDAD-COLEGIO MAYOR DE CUNDINAMARCA;UNIVERSIDAD-COLEGIO MAYOR DE CUNDINAMARCA-BOGOTÁ D.C.;TURISMO;ADMINISTRACIÓN;BOGOTÁ;BOGOTÁ D.C.;37;154.0;155.0;134.0;150.0;168.0;163.0;25.0;23.0;25.0;40.0;20.0
5209;UNIVERSITARIA AGUSTINIANA- UNIAGUSTINIANA;UNIVERSITARIA AGUSTINIANA- UNIAGUSTINIANA-BOGOTÁ D.C.;ADMINISTRACION DE EMPRESAS;ADMINISTRACIÓN;BOGOTÁ;BOGOTÁ D.C.;113;144.0;145.0;142.0;139.0;145.0;147.0;25.0;24.0;28.0;26.0;26.0
17542;UNIVERSITARIA AGUSTINIANA- UNIAGUSTINIANA;UNIVERSITARIA AGUSTINIANA- UNIAGUSTINIANA-BOGOTÁ D.C.;ADMINISTRACIÓN DE EMPRESAS;ADMINISTRACIÓN;BOGOTÁ;BOGOTÁ D.C.;44;142.0;146.0;140.0;136.0;145.0;143.0;33.0;26.0;35.0;40.0;33.0
1226;UNIVERSITARIA AGUSTINIANA- UNIAGUSTINIANA;UNIVERSITARIA AGUSTINIANA- UNIAGUSTINIANA-BOGOTÁ D.C.;ARQUITECTURA;ARQUITECTURA;BOGOTÁ;BOGOTÁ D.C.;68;148.0;153.0;150.0;142.0;141.0;156.0;27.0;24.0;30.0;23.0;28.0
4440;UNIVERSITARIA AGUSTINIANA- UNIAGUSTINIANA;UNIVERSITARIA AGUSTINIANA- UNIAGUSTINIANA-BOGOTÁ D.C.;CINE Y TELEVISION;ARTES PLÁSTICAS, VISUALES Y AFINES;BOGOTÁ;BOGOTÁ D.C.;88;153.0;162.0;138.0;146.0;148.0;171.0;26.0;28.0;32.0;35.0;29.0
9600;UNIVERSITARIA AGUSTINIANA- UNIAGUSTINIANA;UNIVERSITARIA AGUSTINIANA- UNIAGUSTINIANA-BOGOTÁ D.C.;COMUNICACIÓN SOCIAL;COMUNICACIÓN SOCIAL, PERIODISMO Y AFINES;BOGOTÁ;BOGOTÁ D.C.;45;151.0;159.0;133.0;150.0;151.0;160.0;20.0;24.0;27.0;25.0;27.0
3643;UNIVERSITARIA AGUSTINIANA- UNIAGUSTINIANA;UNIVERSITARIA AGUSTINIANA- UNIAGUSTINIANA-BOGOTÁ D.C.;CONTADURIA PUBLICA;CONTADURÍA PUBLICA;BOGOTÁ;BOGOTÁ D.C.;86;143.0;146.0;144.0;137.0;142.0;147.0;25.0;27.0;30.0;36.0;23.0
4441;UNIVERSITARIA AGUSTINIANA- UNIAGUSTINIANA;UNIVERSITARIA AGUSTINIANA- UNIAGUSTINIANA-BOGOTÁ D.C.;HOTELERIA Y TURISMO;ADMINISTRACIÓN;BOGOTÁ;BOGOTÁ D.C.;79;147.0;149.0;137.0;134.0;154.0;161.0;24.0;22.0;27.0;27.0;23.0
7107;UNIVERSITARIA AGUSTINIANA- UNIAGUSTINIANA;UNIVERSITARIA AGUSTINIANA- UNIAGUSTINIANA-BOGOTÁ D.C.;INGENIERIA EN TELECOMUNICACIONES;INGENIERÍA ELECTRÓNICA, TELECOMUNICACIONES Y AFINES;BOGOTÁ;BOGOTÁ D.C.;31;151.0;151.0;153.0;140.0;147.0;161.0;23.0;25.0;31.0;35.0;24.0
4966;UNIVERSITARIA AGUSTINIANA- UNIAGUSTINIANA;UNIVERSITARIA AGUSTINIANA- UNIAGUSTINIANA-BOGOTÁ D.C.;INGENIERIA INDUSTRIAL;INGENIERÍA INDUSTRIAL Y AFINES;BOGOTÁ;BOGOTÁ D.C.;63;146.0;149.0;148.0;138.0;143.0;152.0;26.0;24.0;30.0;33.0;26.0
9701;UNIVERSITARIA AGUSTINIANA- UNIAGUSTINIANA;UNIVERSITARIA AGUSTINIANA- UNIAGUSTINIANA-BOGOTÁ D.C.;INGENIERIA MECATRÓNICA;INGENIERÍA MECÁNICA Y AFINES;BOGOTÁ;BOGOTÁ D.C.;48;157.0;154.0;168.0;144.0;145.0;172.0;26.0;25.0;33.0;33.0;25.0
4472;UNIVERSITARIA AGUSTINIANA- UNIAGUSTINIANA;UNIVERSITARIA AGUSTINIANA- UNIAGUSTINIANA-BOGOTÁ D.C.;LICENCIATURA EN FILOSOFIA;EDUCACIÓN;BOGOTÁ;BOGOTÁ D.C.;12;158.0;170.0;133.0;159.0;185.0;145.0;24.0;37.0;28.0;57.0;22.0
26359;UNIVERSITARIA AGUSTINIANA- UNIAGUSTINIANA;UNIVERSITARIA AGUSTINIANA- UNIAGUSTINIANA-BOGOTÁ D.C.;LICENCIATURA EN LENGUAS EXTRANJERAS CON ÉNFASIS EN INGLÉS;EDUCACIÓN;BOGOTÁ;BOGOTÁ D.C.;25;156.0;161.0;134.0;141.0;146.0;199.0;21.0;27.0;30.0;38.0;15.0
5801;UNIVERSITARIA AGUSTINIANA- UNIAGUSTINIANA;UNIVERSITARIA AGUSTINIANA- UNIAGUSTINIANA-BOGOTÁ D.C.;MERCADEO;ADMINISTRACIÓN;BOGOTÁ;BOGOTÁ D.C.;50;148.0;152.0;138.0;140.0;151.0;159.0;27.0;24.0;30.0;34.0;27.0
758;UNIVERSITARIA AGUSTINIANA- UNIAGUSTINIANA;UNIVERSITARIA AGUSTINIANA- UNIAGUSTINIANA-BOGOTÁ D.C.;NEGOCIOS INTERNACIONALES;ADMINISTRACIÓN;BOGOTÁ;BOGOTÁ D.C.;198;149.0;150.0;140.0;141.0;149.0;166.0;27.0;23.0;29.0;38.0;23.0
24994;UNIVERSITARIA AGUSTINIANA- UNIAGUSTINIANA;UNIVERSITARIA AGUSTINIANA- UNIAGUSTINIANA-BOGOTÁ D.C.;NEGOCIOS INTERNACIONALES;ADMINISTRACIÓN;BOGOTÁ;BOGOTÁ D.C.;30;152.0;154.0;142.0;147.0;155.0;165.0;16.0;22.0;25.0;30.0;25.0
20720;UNIVERSITARIA AGUSTINIANA- UNIAGUSTINIANA;UNIVERSITARIA AGUSTINIANA- UNIAGUSTINIANA-BOGOTÁ D.C.;TEOLOGIA;FILOSOFÍA, TEOLOGÍA Y AFINES;BOGOTÁ;BOGOTÁ D.C.;1;149.0;165.0;162.0;135.0;128.0;156.0;0.0;0.0;0.0;0.0;0.0
8024;UNIVERSITARIA VIRTUAL INTERNACIONAL;UNIVERSITARIA VIRTUAL INTERNACIONAL-BOGOTÁ D.C.;ADMINISTRACIÓN DE EMPRESAS;ADMINISTRACIÓN;BOGOTÁ;BOGOTÁ D.C.;125;137.0;139.0;129.0;133.0;145.0;139.0;25.0;26.0;29.0;27.0;27.0
7836;UNIVERSITARIA VIRTUAL INTERNACIONAL;UNIVERSITARIA VIRTUAL INTERNACIONAL-BOGOTÁ D.C.;CONTADURÍA PÚBLICA;CONTADURÍA PUBLICA;BOGOTÁ;BOGOTÁ D.C.;62;141.0;142.0;137.0;132.0;151.0;145.0;21.0;26.0;28.0;24.0;24.0
26582;UNIVERSITARIA VIRTUAL INTERNACIONAL;UNIVERSITARIA VIRTUAL INTERNACIONAL-BOGOTÁ D.C.;PROFESIONAL EN ADMINISTRACIÓN EN SEGURIDAD Y SALUD EN EL TRABAJO;ADMINISTRACIÓN;BOGOTÁ;BOGOTÁ D.C.;302;127.0;131.0;118.0;122.0;138.0;127.0;26.0;27.0;26.0;37.0;24.0
26583;UNIVERSITARIA VIRTUAL INTERNACIONAL;UNIVERSITARIA VIRTUAL INTERNACIONAL-BOGOTÁ D.C.;PROFESIONAL EN NEGOCIOS INTERNACIONALES;ADMINISTRACIÓN;BOGOTÁ;BOGOTÁ D.C.;26;136.0;138.0;129.0;135.0;137.0;143.0;27.0;33.0;35.0;38.0;29.0
8099;UNIVERSITARIA VIRTUAL INTERNACIONAL;UNIVERSITARIA VIRTUAL INTERNACIONAL-BOGOTÁ D.C.;PROFESIONAL UNIVERSITARIO DISEÑO GRÁFICO DIGITAL;DISEÑO;BOGOTÁ;BOGOTÁ D.C.;49;151.0;158.0;139.0;145.0;140.0;169.0;28.0;28.0;28.0;25.0;31.0
